[0.000000] (-) TimerEvent: {}
[0.000492] (astra_camera_msgs) JobQueued: {'identifier': 'astra_camera_msgs', 'dependencies': OrderedDict()}
[0.000631] (backward_ros) JobQueued: {'identifier': 'backward_ros', 'dependencies': OrderedDict()}
[0.000652] (lslidar_msgs) JobQueued: {'identifier': 'lslidar_msgs', 'dependencies': OrderedDict()}
[0.000666] (rtabmap) JobQueued: {'identifier': 'rtabmap', 'dependencies': OrderedDict()}
[0.000679] (rtabmap_msgs) JobQueued: {'identifier': 'rtabmap_msgs', 'dependencies': OrderedDict()}
[0.000692] (rtabmap_python) JobQueued: {'identifier': 'rtabmap_python', 'dependencies': OrderedDict()}
[0.000705] (astra_camera) JobQueued: {'identifier': 'astra_camera', 'dependencies': OrderedDict([('astra_camera_msgs', '/home/deepak/electronic_ws/install/astra_camera_msgs')])}
[0.000721] (lslidar_driver) JobQueued: {'identifier': 'lslidar_driver', 'dependencies': OrderedDict([('lslidar_msgs', '/home/deepak/electronic_ws/install/lslidar_msgs')])}
[0.000736] (rtabmap_conversions) JobQueued: {'identifier': 'rtabmap_conversions', 'dependencies': OrderedDict([('rtabmap', '/home/deepak/electronic_ws/install/rtabmap'), ('rtabmap_msgs', '/home/deepak/electronic_ws/install/rtabmap_msgs')])}
[0.000751] (rtabmap_rviz_plugins) JobQueued: {'identifier': 'rtabmap_rviz_plugins', 'dependencies': OrderedDict([('rtabmap', '/home/deepak/electronic_ws/install/rtabmap'), ('rtabmap_msgs', '/home/deepak/electronic_ws/install/rtabmap_msgs'), ('rtabmap_conversions', '/home/deepak/electronic_ws/install/rtabmap_conversions')])}
[0.000768] (rtabmap_sync) JobQueued: {'identifier': 'rtabmap_sync', 'dependencies': OrderedDict([('rtabmap', '/home/deepak/electronic_ws/install/rtabmap'), ('rtabmap_msgs', '/home/deepak/electronic_ws/install/rtabmap_msgs'), ('rtabmap_conversions', '/home/deepak/electronic_ws/install/rtabmap_conversions')])}
[0.000782] (rtabmap_util) JobQueued: {'identifier': 'rtabmap_util', 'dependencies': OrderedDict([('rtabmap', '/home/deepak/electronic_ws/install/rtabmap'), ('rtabmap_msgs', '/home/deepak/electronic_ws/install/rtabmap_msgs'), ('rtabmap_conversions', '/home/deepak/electronic_ws/install/rtabmap_conversions')])}
[0.000797] (rtabmap_odom) JobQueued: {'identifier': 'rtabmap_odom', 'dependencies': OrderedDict([('rtabmap', '/home/deepak/electronic_ws/install/rtabmap'), ('rtabmap_msgs', '/home/deepak/electronic_ws/install/rtabmap_msgs'), ('rtabmap_conversions', '/home/deepak/electronic_ws/install/rtabmap_conversions'), ('rtabmap_util', '/home/deepak/electronic_ws/install/rtabmap_util')])}
[0.000814] (rtabmap_slam) JobQueued: {'identifier': 'rtabmap_slam', 'dependencies': OrderedDict([('rtabmap', '/home/deepak/electronic_ws/install/rtabmap'), ('rtabmap_msgs', '/home/deepak/electronic_ws/install/rtabmap_msgs'), ('rtabmap_conversions', '/home/deepak/electronic_ws/install/rtabmap_conversions'), ('rtabmap_sync', '/home/deepak/electronic_ws/install/rtabmap_sync'), ('rtabmap_util', '/home/deepak/electronic_ws/install/rtabmap_util')])}
[0.000834] (rtabmap_viz) JobQueued: {'identifier': 'rtabmap_viz', 'dependencies': OrderedDict([('rtabmap', '/home/deepak/electronic_ws/install/rtabmap'), ('rtabmap_msgs', '/home/deepak/electronic_ws/install/rtabmap_msgs'), ('rtabmap_conversions', '/home/deepak/electronic_ws/install/rtabmap_conversions'), ('rtabmap_sync', '/home/deepak/electronic_ws/install/rtabmap_sync')])}
[0.000850] (rtabmap_demos) JobQueued: {'identifier': 'rtabmap_demos', 'dependencies': OrderedDict([('rtabmap', '/home/deepak/electronic_ws/install/rtabmap'), ('rtabmap_msgs', '/home/deepak/electronic_ws/install/rtabmap_msgs'), ('rtabmap_conversions', '/home/deepak/electronic_ws/install/rtabmap_conversions'), ('rtabmap_rviz_plugins', '/home/deepak/electronic_ws/install/rtabmap_rviz_plugins'), ('rtabmap_sync', '/home/deepak/electronic_ws/install/rtabmap_sync'), ('rtabmap_util', '/home/deepak/electronic_ws/install/rtabmap_util'), ('rtabmap_odom', '/home/deepak/electronic_ws/install/rtabmap_odom'), ('rtabmap_slam', '/home/deepak/electronic_ws/install/rtabmap_slam'), ('rtabmap_viz', '/home/deepak/electronic_ws/install/rtabmap_viz')])}
[0.001452] (rtabmap_examples) JobQueued: {'identifier': 'rtabmap_examples', 'dependencies': OrderedDict([('rtabmap', '/home/deepak/electronic_ws/install/rtabmap'), ('rtabmap_msgs', '/home/deepak/electronic_ws/install/rtabmap_msgs'), ('rtabmap_conversions', '/home/deepak/electronic_ws/install/rtabmap_conversions'), ('rtabmap_rviz_plugins', '/home/deepak/electronic_ws/install/rtabmap_rviz_plugins'), ('rtabmap_sync', '/home/deepak/electronic_ws/install/rtabmap_sync'), ('rtabmap_util', '/home/deepak/electronic_ws/install/rtabmap_util'), ('rtabmap_odom', '/home/deepak/electronic_ws/install/rtabmap_odom'), ('rtabmap_slam', '/home/deepak/electronic_ws/install/rtabmap_slam'), ('rtabmap_viz', '/home/deepak/electronic_ws/install/rtabmap_viz')])}
[0.001597] (rtabmap_launch) JobQueued: {'identifier': 'rtabmap_launch', 'dependencies': OrderedDict([('rtabmap', '/home/deepak/electronic_ws/install/rtabmap'), ('rtabmap_msgs', '/home/deepak/electronic_ws/install/rtabmap_msgs'), ('rtabmap_conversions', '/home/deepak/electronic_ws/install/rtabmap_conversions'), ('rtabmap_rviz_plugins', '/home/deepak/electronic_ws/install/rtabmap_rviz_plugins'), ('rtabmap_sync', '/home/deepak/electronic_ws/install/rtabmap_sync'), ('rtabmap_util', '/home/deepak/electronic_ws/install/rtabmap_util'), ('rtabmap_odom', '/home/deepak/electronic_ws/install/rtabmap_odom'), ('rtabmap_slam', '/home/deepak/electronic_ws/install/rtabmap_slam'), ('rtabmap_viz', '/home/deepak/electronic_ws/install/rtabmap_viz')])}
[0.001696] (rtabmap_ros) JobQueued: {'identifier': 'rtabmap_ros', 'dependencies': OrderedDict([('rtabmap', '/home/deepak/electronic_ws/install/rtabmap'), ('rtabmap_msgs', '/home/deepak/electronic_ws/install/rtabmap_msgs'), ('rtabmap_python', '/home/deepak/electronic_ws/install/rtabmap_python'), ('rtabmap_conversions', '/home/deepak/electronic_ws/install/rtabmap_conversions'), ('rtabmap_rviz_plugins', '/home/deepak/electronic_ws/install/rtabmap_rviz_plugins'), ('rtabmap_sync', '/home/deepak/electronic_ws/install/rtabmap_sync'), ('rtabmap_util', '/home/deepak/electronic_ws/install/rtabmap_util'), ('rtabmap_odom', '/home/deepak/electronic_ws/install/rtabmap_odom'), ('rtabmap_slam', '/home/deepak/electronic_ws/install/rtabmap_slam'), ('rtabmap_viz', '/home/deepak/electronic_ws/install/rtabmap_viz'), ('rtabmap_demos', '/home/deepak/electronic_ws/install/rtabmap_demos'), ('rtabmap_examples', '/home/deepak/electronic_ws/install/rtabmap_examples'), ('rtabmap_launch', '/home/deepak/electronic_ws/install/rtabmap_launch')])}
[0.001729] (rtabmap) JobStarted: {'identifier': 'rtabmap'}
[0.012063] (rtabmap_msgs) JobStarted: {'identifier': 'rtabmap_msgs'}
[0.016908] (astra_camera_msgs) JobStarted: {'identifier': 'astra_camera_msgs'}
[0.023368] (rtabmap) JobProgress: {'identifier': 'rtabmap', 'progress': 'cmake'}
[0.023908] (rtabmap) Command: {'cmd': ['/usr/bin/cmake', '/home/deepak/electronic_ws/src/rtabmap', '-DCMAKE_INSTALL_PREFIX=/home/deepak/electronic_ws/install/rtabmap'], 'cwd': '/home/deepak/electronic_ws/build/rtabmap', 'env': OrderedDict([('LESSOPEN', '| /usr/bin/lesspipe %s'), ('LANGUAGE', 'en_GB:en'), ('USER', 'deepak'), ('SSH_AGENT_PID', '2164'), ('XDG_SESSION_TYPE', 'x11'), ('SHLVL', '1'), ('LD_LIBRARY_PATH', '/usr/lib/x86_64-linux-gnu/gazebo-11/plugins:/opt/ros/foxy/opt/yaml_cpp_vendor/lib:/opt/ros/foxy/opt/rviz_ogre_vendor/lib:/opt/ros/foxy/lib/x86_64-linux-gnu:/opt/ros/foxy/lib'), ('HOME', '/home/deepak'), ('OLDPWD', '/home/deepak/electronic_ws/src'), ('DESKTOP_SESSION', 'ubuntu'), ('NVM_BIN', '/home/deepak/.nvm/versions/node/v18.20.8/bin'), ('NVM_INC', '/home/deepak/.nvm/versions/node/v18.20.8/include/node'), ('ROS_PYTHON_VERSION', '3'), ('GNOME_SHELL_SESSION_MODE', 'ubuntu'), ('GTK_MODULES', 'gail:atk-bridge'), ('MANAGERPID', '2067'), ('DBUS_SESSION_BUS_ADDRESS', 'unix:path=/run/user/1000/bus'), ('COLORTERM', 'truecolor'), ('TERMINATOR_DBUS_NAME', 'net.tenshu.Terminator21a9d5db22c73a993ff0b42f64b396873'), ('GIO_LAUNCHED_DESKTOP_FILE_PID', '4123'), ('NVM_DIR', '/home/deepak/.nvm'), ('IM_CONFIG_PHASE', '1'), ('ROS_DISTRO', 'foxy'), ('LOGNAME', 'deepak'), ('JOURNAL_STREAM', '8:55426'), ('_', '/usr/bin/colcon'), ('ROS_VERSION', '2'), ('XDG_SESSION_CLASS', 'user'), ('USERNAME', 'deepak'), ('TERM', 'xterm-256color'), ('GNOME_DESKTOP_SESSION_ID', 'this-is-deprecated'), ('ROS_LOCALHOST_ONLY', '0'), ('WINDOWPATH', '2'), ('PATH', '/opt/ros/foxy/bin:/home/deepak/.nvm/versions/node/v18.20.8/bin:/home/deepak/.local/bin:/usr/local/sbin:/usr/local/bin:/usr/sbin:/usr/bin:/sbin:/bin:/usr/games:/usr/local/games:/snap/bin'), ('SESSION_MANAGER', 'local/deepak-Inspiron-3501:@/tmp/.ICE-unix/2204,unix/deepak-Inspiron-3501:/tmp/.ICE-unix/2204'), ('INVOCATION_ID', 'da85f2b1d8074d13affb1bf44f8be6dd'), ('XDG_MENU_PREFIX', 'gnome-'), ('XDG_RUNTIME_DIR', '/run/user/1000'), ('DISPLAY', ':0'), ('TERMINATOR_DBUS_PATH', '/net/tenshu/Terminator2'), ('LANG', 'en_US.UTF-8'), ('XDG_CURRENT_DESKTOP', 'ubuntu:GNOME'), ('XMODIFIERS', '@im=ibus'), ('XDG_SESSION_DESKTOP', 'ubuntu'), ('XAUTHORITY', '/run/user/1000/gdm/Xauthority'), ('LS_COLORS', 'rs=0:di=01;34:ln=01;36:mh=00:pi=40;33:so=01;35:do=01;35:bd=40;33;01:cd=40;33;01:or=40;31;01:mi=00:su=37;41:sg=30;43:ca=30;41:tw=30;42:ow=34;42:st=37;44:ex=01;32:*.tar=01;31:*.tgz=01;31:*.arc=01;31:*.arj=01;31:*.taz=01;31:*.lha=01;31:*.lz4=01;31:*.lzh=01;31:*.lzma=01;31:*.tlz=01;31:*.txz=01;31:*.tzo=01;31:*.t7z=01;31:*.zip=01;31:*.z=01;31:*.dz=01;31:*.gz=01;31:*.lrz=01;31:*.lz=01;31:*.lzo=01;31:*.xz=01;31:*.zst=01;31:*.tzst=01;31:*.bz2=01;31:*.bz=01;31:*.tbz=01;31:*.tbz2=01;31:*.tz=01;31:*.deb=01;31:*.rpm=01;31:*.jar=01;31:*.war=01;31:*.ear=01;31:*.sar=01;31:*.rar=01;31:*.alz=01;31:*.ace=01;31:*.zoo=01;31:*.cpio=01;31:*.7z=01;31:*.rz=01;31:*.cab=01;31:*.wim=01;31:*.swm=01;31:*.dwm=01;31:*.esd=01;31:*.jpg=01;35:*.jpeg=01;35:*.mjpg=01;35:*.mjpeg=01;35:*.gif=01;35:*.bmp=01;35:*.pbm=01;35:*.pgm=01;35:*.ppm=01;35:*.tga=01;35:*.xbm=01;35:*.xpm=01;35:*.tif=01;35:*.tiff=01;35:*.png=01;35:*.svg=01;35:*.svgz=01;35:*.mng=01;35:*.pcx=01;35:*.mov=01;35:*.mpg=01;35:*.mpeg=01;35:*.m2v=01;35:*.mkv=01;35:*.webm=01;35:*.ogm=01;35:*.mp4=01;35:*.m4v=01;35:*.mp4v=01;35:*.vob=01;35:*.qt=01;35:*.nuv=01;35:*.wmv=01;35:*.asf=01;35:*.rm=01;35:*.rmvb=01;35:*.flc=01;35:*.avi=01;35:*.fli=01;35:*.flv=01;35:*.gl=01;35:*.dl=01;35:*.xcf=01;35:*.xwd=01;35:*.yuv=01;35:*.cgm=01;35:*.emf=01;35:*.ogv=01;35:*.ogx=01;35:*.aac=00;36:*.au=00;36:*.flac=00;36:*.m4a=00;36:*.mid=00;36:*.midi=00;36:*.mka=00;36:*.mp3=00;36:*.mpc=00;36:*.ogg=00;36:*.ra=00;36:*.wav=00;36:*.oga=00;36:*.opus=00;36:*.spx=00;36:*.xspf=00;36:'), ('SSH_AUTH_SOCK', '/run/user/1000/keyring/ssh'), ('AMENT_PREFIX_PATH', '/opt/ros/foxy'), ('SHELL', '/bin/bash'), ('TERMINATOR_UUID', 'urn:uuid:fcc518c1-d712-42cf-a147-6525ef5360a1'), ('QT_ACCESSIBILITY', '1'), ('GDMSESSION', 'ubuntu'), ('LESSCLOSE', '/usr/bin/lesspipe %s %s'), ('GPG_AGENT_INFO', '/run/user/1000/gnupg/S.gpg-agent:0:1'), ('QT_IM_MODULE', 'ibus'), ('PWD', '/home/deepak/electronic_ws/build/rtabmap'), ('LC_ALL', 'en_US.UTF-8'), ('XDG_CONFIG_DIRS', '/etc/xdg/xdg-ubuntu:/etc/xdg'), ('NVM_CD_FLAGS', ''), ('XDG_DATA_DIRS', '/usr/share/ubuntu:/usr/local/share/:/usr/share/:/var/lib/snapd/desktop'), ('PYTHONPATH', '/opt/ros/foxy/lib/python3.8/site-packages'), ('COLCON', '1'), ('VTE_VERSION', '6003'), ('CMAKE_PREFIX_PATH', '/opt/ros/foxy')]), 'shell': False}
[0.029446] (rtabmap_msgs) JobProgress: {'identifier': 'rtabmap_msgs', 'progress': 'cmake'}
[0.030014] (rtabmap_msgs) Command: {'cmd': ['/usr/bin/cmake', '/home/deepak/electronic_ws/src/rtabmap_ros/rtabmap_msgs', '-DCATKIN_INSTALL_INTO_PREFIX_ROOT=0', '-DCATKIN_SYMLINK_INSTALL=ON', '-DCMAKE_INSTALL_PREFIX=/home/deepak/electronic_ws/install/rtabmap_msgs'], 'cwd': '/home/deepak/electronic_ws/build/rtabmap_msgs', 'env': OrderedDict([('LESSOPEN', '| /usr/bin/lesspipe %s'), ('LANGUAGE', 'en_GB:en'), ('USER', 'deepak'), ('SSH_AGENT_PID', '2164'), ('XDG_SESSION_TYPE', 'x11'), ('SHLVL', '1'), ('LD_LIBRARY_PATH', '/usr/lib/x86_64-linux-gnu/gazebo-11/plugins:/opt/ros/foxy/opt/yaml_cpp_vendor/lib:/opt/ros/foxy/opt/rviz_ogre_vendor/lib:/opt/ros/foxy/lib/x86_64-linux-gnu:/opt/ros/foxy/lib'), ('HOME', '/home/deepak'), ('OLDPWD', '/home/deepak/electronic_ws/src'), ('DESKTOP_SESSION', 'ubuntu'), ('NVM_BIN', '/home/deepak/.nvm/versions/node/v18.20.8/bin'), ('NVM_INC', '/home/deepak/.nvm/versions/node/v18.20.8/include/node'), ('ROS_PYTHON_VERSION', '3'), ('GNOME_SHELL_SESSION_MODE', 'ubuntu'), ('GTK_MODULES', 'gail:atk-bridge'), ('MANAGERPID', '2067'), ('DBUS_SESSION_BUS_ADDRESS', 'unix:path=/run/user/1000/bus'), ('COLORTERM', 'truecolor'), ('TERMINATOR_DBUS_NAME', 'net.tenshu.Terminator21a9d5db22c73a993ff0b42f64b396873'), ('GIO_LAUNCHED_DESKTOP_FILE_PID', '4123'), ('NVM_DIR', '/home/deepak/.nvm'), ('IM_CONFIG_PHASE', '1'), ('ROS_DISTRO', 'foxy'), ('LOGNAME', 'deepak'), ('JOURNAL_STREAM', '8:55426'), ('_', '/usr/bin/colcon'), ('ROS_VERSION', '2'), ('XDG_SESSION_CLASS', 'user'), ('USERNAME', 'deepak'), ('TERM', 'xterm-256color'), ('GNOME_DESKTOP_SESSION_ID', 'this-is-deprecated'), ('ROS_LOCALHOST_ONLY', '0'), ('WINDOWPATH', '2'), ('PATH', '/opt/ros/foxy/bin:/home/deepak/.nvm/versions/node/v18.20.8/bin:/home/deepak/.local/bin:/usr/local/sbin:/usr/local/bin:/usr/sbin:/usr/bin:/sbin:/bin:/usr/games:/usr/local/games:/snap/bin'), ('SESSION_MANAGER', 'local/deepak-Inspiron-3501:@/tmp/.ICE-unix/2204,unix/deepak-Inspiron-3501:/tmp/.ICE-unix/2204'), ('INVOCATION_ID', 'da85f2b1d8074d13affb1bf44f8be6dd'), ('XDG_MENU_PREFIX', 'gnome-'), ('XDG_RUNTIME_DIR', '/run/user/1000'), ('DISPLAY', ':0'), ('TERMINATOR_DBUS_PATH', '/net/tenshu/Terminator2'), ('LANG', 'en_US.UTF-8'), ('XDG_CURRENT_DESKTOP', 'ubuntu:GNOME'), ('XMODIFIERS', '@im=ibus'), ('XDG_SESSION_DESKTOP', 'ubuntu'), ('XAUTHORITY', '/run/user/1000/gdm/Xauthority'), ('LS_COLORS', 'rs=0:di=01;34:ln=01;36:mh=00:pi=40;33:so=01;35:do=01;35:bd=40;33;01:cd=40;33;01:or=40;31;01:mi=00:su=37;41:sg=30;43:ca=30;41:tw=30;42:ow=34;42:st=37;44:ex=01;32:*.tar=01;31:*.tgz=01;31:*.arc=01;31:*.arj=01;31:*.taz=01;31:*.lha=01;31:*.lz4=01;31:*.lzh=01;31:*.lzma=01;31:*.tlz=01;31:*.txz=01;31:*.tzo=01;31:*.t7z=01;31:*.zip=01;31:*.z=01;31:*.dz=01;31:*.gz=01;31:*.lrz=01;31:*.lz=01;31:*.lzo=01;31:*.xz=01;31:*.zst=01;31:*.tzst=01;31:*.bz2=01;31:*.bz=01;31:*.tbz=01;31:*.tbz2=01;31:*.tz=01;31:*.deb=01;31:*.rpm=01;31:*.jar=01;31:*.war=01;31:*.ear=01;31:*.sar=01;31:*.rar=01;31:*.alz=01;31:*.ace=01;31:*.zoo=01;31:*.cpio=01;31:*.7z=01;31:*.rz=01;31:*.cab=01;31:*.wim=01;31:*.swm=01;31:*.dwm=01;31:*.esd=01;31:*.jpg=01;35:*.jpeg=01;35:*.mjpg=01;35:*.mjpeg=01;35:*.gif=01;35:*.bmp=01;35:*.pbm=01;35:*.pgm=01;35:*.ppm=01;35:*.tga=01;35:*.xbm=01;35:*.xpm=01;35:*.tif=01;35:*.tiff=01;35:*.png=01;35:*.svg=01;35:*.svgz=01;35:*.mng=01;35:*.pcx=01;35:*.mov=01;35:*.mpg=01;35:*.mpeg=01;35:*.m2v=01;35:*.mkv=01;35:*.webm=01;35:*.ogm=01;35:*.mp4=01;35:*.m4v=01;35:*.mp4v=01;35:*.vob=01;35:*.qt=01;35:*.nuv=01;35:*.wmv=01;35:*.asf=01;35:*.rm=01;35:*.rmvb=01;35:*.flc=01;35:*.avi=01;35:*.fli=01;35:*.flv=01;35:*.gl=01;35:*.dl=01;35:*.xcf=01;35:*.xwd=01;35:*.yuv=01;35:*.cgm=01;35:*.emf=01;35:*.ogv=01;35:*.ogx=01;35:*.aac=00;36:*.au=00;36:*.flac=00;36:*.m4a=00;36:*.mid=00;36:*.midi=00;36:*.mka=00;36:*.mp3=00;36:*.mpc=00;36:*.ogg=00;36:*.ra=00;36:*.wav=00;36:*.oga=00;36:*.opus=00;36:*.spx=00;36:*.xspf=00;36:'), ('SSH_AUTH_SOCK', '/run/user/1000/keyring/ssh'), ('AMENT_PREFIX_PATH', '/opt/ros/foxy'), ('SHELL', '/bin/bash'), ('TERMINATOR_UUID', 'urn:uuid:fcc518c1-d712-42cf-a147-6525ef5360a1'), ('QT_ACCESSIBILITY', '1'), ('GDMSESSION', 'ubuntu'), ('LESSCLOSE', '/usr/bin/lesspipe %s %s'), ('GPG_AGENT_INFO', '/run/user/1000/gnupg/S.gpg-agent:0:1'), ('QT_IM_MODULE', 'ibus'), ('PWD', '/home/deepak/electronic_ws/build/rtabmap_msgs'), ('LC_ALL', 'en_US.UTF-8'), ('XDG_CONFIG_DIRS', '/etc/xdg/xdg-ubuntu:/etc/xdg'), ('NVM_CD_FLAGS', ''), ('XDG_DATA_DIRS', '/usr/share/ubuntu:/usr/local/share/:/usr/share/:/var/lib/snapd/desktop'), ('PYTHONPATH', '/opt/ros/foxy/lib/python3.8/site-packages'), ('COLCON', '1'), ('VTE_VERSION', '6003')]), 'shell': False}
[0.038746] (astra_camera_msgs) JobProgress: {'identifier': 'astra_camera_msgs', 'progress': 'cmake'}
[0.039494] (astra_camera_msgs) Command: {'cmd': ['/usr/bin/cmake', '/home/deepak/electronic_ws/src/ros2_astra_camera/astra_camera_msgs', '-DAMENT_CMAKE_SYMLINK_INSTALL=1', '-DCMAKE_INSTALL_PREFIX=/home/deepak/electronic_ws/install/astra_camera_msgs'], 'cwd': '/home/deepak/electronic_ws/build/astra_camera_msgs', 'env': OrderedDict([('LESSOPEN', '| /usr/bin/lesspipe %s'), ('LANGUAGE', 'en_GB:en'), ('USER', 'deepak'), ('SSH_AGENT_PID', '2164'), ('XDG_SESSION_TYPE', 'x11'), ('SHLVL', '1'), ('LD_LIBRARY_PATH', '/usr/lib/x86_64-linux-gnu/gazebo-11/plugins:/opt/ros/foxy/opt/yaml_cpp_vendor/lib:/opt/ros/foxy/opt/rviz_ogre_vendor/lib:/opt/ros/foxy/lib/x86_64-linux-gnu:/opt/ros/foxy/lib'), ('HOME', '/home/deepak'), ('OLDPWD', '/home/deepak/electronic_ws/src'), ('DESKTOP_SESSION', 'ubuntu'), ('NVM_BIN', '/home/deepak/.nvm/versions/node/v18.20.8/bin'), ('NVM_INC', '/home/deepak/.nvm/versions/node/v18.20.8/include/node'), ('ROS_PYTHON_VERSION', '3'), ('GNOME_SHELL_SESSION_MODE', 'ubuntu'), ('GTK_MODULES', 'gail:atk-bridge'), ('MANAGERPID', '2067'), ('DBUS_SESSION_BUS_ADDRESS', 'unix:path=/run/user/1000/bus'), ('COLORTERM', 'truecolor'), ('TERMINATOR_DBUS_NAME', 'net.tenshu.Terminator21a9d5db22c73a993ff0b42f64b396873'), ('GIO_LAUNCHED_DESKTOP_FILE_PID', '4123'), ('NVM_DIR', '/home/deepak/.nvm'), ('IM_CONFIG_PHASE', '1'), ('ROS_DISTRO', 'foxy'), ('LOGNAME', 'deepak'), ('JOURNAL_STREAM', '8:55426'), ('_', '/usr/bin/colcon'), ('ROS_VERSION', '2'), ('XDG_SESSION_CLASS', 'user'), ('USERNAME', 'deepak'), ('TERM', 'xterm-256color'), ('GNOME_DESKTOP_SESSION_ID', 'this-is-deprecated'), ('ROS_LOCALHOST_ONLY', '0'), ('WINDOWPATH', '2'), ('PATH', '/opt/ros/foxy/bin:/home/deepak/.nvm/versions/node/v18.20.8/bin:/home/deepak/.local/bin:/usr/local/sbin:/usr/local/bin:/usr/sbin:/usr/bin:/sbin:/bin:/usr/games:/usr/local/games:/snap/bin'), ('SESSION_MANAGER', 'local/deepak-Inspiron-3501:@/tmp/.ICE-unix/2204,unix/deepak-Inspiron-3501:/tmp/.ICE-unix/2204'), ('INVOCATION_ID', 'da85f2b1d8074d13affb1bf44f8be6dd'), ('XDG_MENU_PREFIX', 'gnome-'), ('XDG_RUNTIME_DIR', '/run/user/1000'), ('DISPLAY', ':0'), ('TERMINATOR_DBUS_PATH', '/net/tenshu/Terminator2'), ('LANG', 'en_US.UTF-8'), ('XDG_CURRENT_DESKTOP', 'ubuntu:GNOME'), ('XMODIFIERS', '@im=ibus'), ('XDG_SESSION_DESKTOP', 'ubuntu'), ('XAUTHORITY', '/run/user/1000/gdm/Xauthority'), ('LS_COLORS', 'rs=0:di=01;34:ln=01;36:mh=00:pi=40;33:so=01;35:do=01;35:bd=40;33;01:cd=40;33;01:or=40;31;01:mi=00:su=37;41:sg=30;43:ca=30;41:tw=30;42:ow=34;42:st=37;44:ex=01;32:*.tar=01;31:*.tgz=01;31:*.arc=01;31:*.arj=01;31:*.taz=01;31:*.lha=01;31:*.lz4=01;31:*.lzh=01;31:*.lzma=01;31:*.tlz=01;31:*.txz=01;31:*.tzo=01;31:*.t7z=01;31:*.zip=01;31:*.z=01;31:*.dz=01;31:*.gz=01;31:*.lrz=01;31:*.lz=01;31:*.lzo=01;31:*.xz=01;31:*.zst=01;31:*.tzst=01;31:*.bz2=01;31:*.bz=01;31:*.tbz=01;31:*.tbz2=01;31:*.tz=01;31:*.deb=01;31:*.rpm=01;31:*.jar=01;31:*.war=01;31:*.ear=01;31:*.sar=01;31:*.rar=01;31:*.alz=01;31:*.ace=01;31:*.zoo=01;31:*.cpio=01;31:*.7z=01;31:*.rz=01;31:*.cab=01;31:*.wim=01;31:*.swm=01;31:*.dwm=01;31:*.esd=01;31:*.jpg=01;35:*.jpeg=01;35:*.mjpg=01;35:*.mjpeg=01;35:*.gif=01;35:*.bmp=01;35:*.pbm=01;35:*.pgm=01;35:*.ppm=01;35:*.tga=01;35:*.xbm=01;35:*.xpm=01;35:*.tif=01;35:*.tiff=01;35:*.png=01;35:*.svg=01;35:*.svgz=01;35:*.mng=01;35:*.pcx=01;35:*.mov=01;35:*.mpg=01;35:*.mpeg=01;35:*.m2v=01;35:*.mkv=01;35:*.webm=01;35:*.ogm=01;35:*.mp4=01;35:*.m4v=01;35:*.mp4v=01;35:*.vob=01;35:*.qt=01;35:*.nuv=01;35:*.wmv=01;35:*.asf=01;35:*.rm=01;35:*.rmvb=01;35:*.flc=01;35:*.avi=01;35:*.fli=01;35:*.flv=01;35:*.gl=01;35:*.dl=01;35:*.xcf=01;35:*.xwd=01;35:*.yuv=01;35:*.cgm=01;35:*.emf=01;35:*.ogv=01;35:*.ogx=01;35:*.aac=00;36:*.au=00;36:*.flac=00;36:*.m4a=00;36:*.mid=00;36:*.midi=00;36:*.mka=00;36:*.mp3=00;36:*.mpc=00;36:*.ogg=00;36:*.ra=00;36:*.wav=00;36:*.oga=00;36:*.opus=00;36:*.spx=00;36:*.xspf=00;36:'), ('SSH_AUTH_SOCK', '/run/user/1000/keyring/ssh'), ('AMENT_PREFIX_PATH', '/opt/ros/foxy'), ('SHELL', '/bin/bash'), ('TERMINATOR_UUID', 'urn:uuid:fcc518c1-d712-42cf-a147-6525ef5360a1'), ('QT_ACCESSIBILITY', '1'), ('GDMSESSION', 'ubuntu'), ('LESSCLOSE', '/usr/bin/lesspipe %s %s'), ('GPG_AGENT_INFO', '/run/user/1000/gnupg/S.gpg-agent:0:1'), ('QT_IM_MODULE', 'ibus'), ('PWD', '/home/deepak/electronic_ws/build/astra_camera_msgs'), ('LC_ALL', 'en_US.UTF-8'), ('XDG_CONFIG_DIRS', '/etc/xdg/xdg-ubuntu:/etc/xdg'), ('NVM_CD_FLAGS', ''), ('XDG_DATA_DIRS', '/usr/share/ubuntu:/usr/local/share/:/usr/share/:/var/lib/snapd/desktop'), ('PYTHONPATH', '/opt/ros/foxy/lib/python3.8/site-packages'), ('COLCON', '1'), ('VTE_VERSION', '6003'), ('CMAKE_PREFIX_PATH', '/opt/ros/foxy')]), 'shell': False}
[0.100131] (-) TimerEvent: {}
[0.200769] (-) TimerEvent: {}
[0.301284] (-) TimerEvent: {}
[0.314095] (rtabmap) StdoutLine: {'line': b'-- The C compiler identification is GNU 9.4.0\n'}
[0.314721] (rtabmap_msgs) StdoutLine: {'line': b'-- The C compiler identification is GNU 9.4.0\n'}
[0.315144] (astra_camera_msgs) StdoutLine: {'line': b'-- The C compiler identification is GNU 9.4.0\n'}
[0.401439] (-) TimerEvent: {}
[0.409270] (rtabmap_msgs) StdoutLine: {'line': b'-- The CXX compiler identification is GNU 9.4.0\n'}
[0.412973] (rtabmap) StdoutLine: {'line': b'-- The CXX compiler identification is GNU 9.4.0\n'}
[0.413240] (astra_camera_msgs) StdoutLine: {'line': b'-- The CXX compiler identification is GNU 9.4.0\n'}
[0.423593] (rtabmap_msgs) StdoutLine: {'line': b'-- Check for working C compiler: /usr/bin/cc\n'}
[0.426142] (rtabmap) StdoutLine: {'line': b'-- Check for working C compiler: /usr/bin/cc\n'}
[0.426403] (astra_camera_msgs) StdoutLine: {'line': b'-- Check for working C compiler: /usr/bin/cc\n'}
[0.501580] (-) TimerEvent: {}
[0.543840] (rtabmap_msgs) StdoutLine: {'line': b'-- Check for working C compiler: /usr/bin/cc -- works\n'}
[0.546134] (astra_camera_msgs) StdoutLine: {'line': b'-- Check for working C compiler: /usr/bin/cc -- works\n'}
[0.546359] (rtabmap) StdoutLine: {'line': b'-- Check for working C compiler: /usr/bin/cc -- works\n'}
[0.546796] (rtabmap_msgs) StdoutLine: {'line': b'-- Detecting C compiler ABI info\n'}
[0.548685] (rtabmap) StdoutLine: {'line': b'-- Detecting C compiler ABI info\n'}
[0.548825] (astra_camera_msgs) StdoutLine: {'line': b'-- Detecting C compiler ABI info\n'}
[0.601721] (-) TimerEvent: {}
[0.664022] (rtabmap_msgs) StdoutLine: {'line': b'-- Detecting C compiler ABI info - done\n'}
[0.668793] (astra_camera_msgs) StdoutLine: {'line': b'-- Detecting C compiler ABI info - done\n'}
[0.669361] (rtabmap) StdoutLine: {'line': b'-- Detecting C compiler ABI info - done\n'}
[0.687055] (rtabmap_msgs) StdoutLine: {'line': b'-- Detecting C compile features\n'}
[0.687942] (rtabmap_msgs) StdoutLine: {'line': b'-- Detecting C compile features - done\n'}
[0.691424] (astra_camera_msgs) StdoutLine: {'line': b'-- Detecting C compile features\n'}
[0.691745] (rtabmap) StdoutLine: {'line': b'-- Detecting C compile features\n'}
[0.691965] (astra_camera_msgs) StdoutLine: {'line': b'-- Detecting C compile features - done\n'}
[0.692253] (rtabmap) StdoutLine: {'line': b'-- Detecting C compile features - done\n'}
[0.693548] (rtabmap_msgs) StdoutLine: {'line': b'-- Check for working CXX compiler: /usr/bin/c++\n'}
[0.696599] (astra_camera_msgs) StdoutLine: {'line': b'-- Check for working CXX compiler: /usr/bin/c++\n'}
[0.696878] (rtabmap) StdoutLine: {'line': b'-- Check for working CXX compiler: /usr/bin/c++\n'}
[0.701827] (-) TimerEvent: {}
[0.798440] (astra_camera_msgs) StdoutLine: {'line': b'-- Check for working CXX compiler: /usr/bin/c++ -- works\n'}
[0.798667] (rtabmap) StdoutLine: {'line': b'-- Check for working CXX compiler: /usr/bin/c++ -- works\n'}
[0.798747] (rtabmap_msgs) StdoutLine: {'line': b'-- Check for working CXX compiler: /usr/bin/c++ -- works\n'}
[0.799457] (astra_camera_msgs) StdoutLine: {'line': b'-- Detecting CXX compiler ABI info\n'}
[0.800034] (rtabmap) StdoutLine: {'line': b'-- Detecting CXX compiler ABI info\n'}
[0.800096] (rtabmap_msgs) StdoutLine: {'line': b'-- Detecting CXX compiler ABI info\n'}
[0.801903] (-) TimerEvent: {}
[0.902176] (-) TimerEvent: {}
[0.931828] (astra_camera_msgs) StdoutLine: {'line': b'-- Detecting CXX compiler ABI info - done\n'}
[0.934436] (rtabmap) StdoutLine: {'line': b'-- Detecting CXX compiler ABI info - done\n'}
[0.936113] (rtabmap_msgs) StdoutLine: {'line': b'-- Detecting CXX compiler ABI info - done\n'}
[0.956461] (rtabmap) StdoutLine: {'line': b'-- Detecting CXX compile features\n'}
[0.957375] (rtabmap) StdoutLine: {'line': b'-- Detecting CXX compile features - done\n'}
[0.961293] (rtabmap) StdoutLine: {'line': b'-- MOBILE_BUILD=OFF\n'}
[0.968972] (astra_camera_msgs) StdoutLine: {'line': b'-- Detecting CXX compile features\n'}
[0.970232] (astra_camera_msgs) StdoutLine: {'line': b'-- Detecting CXX compile features - done\n'}
[0.971921] (rtabmap_msgs) StdoutLine: {'line': b'-- Detecting CXX compile features\n'}
[0.972651] (rtabmap_msgs) StdoutLine: {'line': b'-- Detecting CXX compile features - done\n'}
[0.976137] (rtabmap_msgs) StdoutLine: {'line': b'-- Found rosidl_default_generators: 1.0.1 (/opt/ros/foxy/share/rosidl_default_generators/cmake)\n'}
[0.978794] (rtabmap_msgs) StdoutLine: {'line': b'-- Found ament_cmake_core: 0.9.12 (/opt/ros/foxy/share/ament_cmake_core/cmake)\n'}
[0.980593] (astra_camera_msgs) StdoutLine: {'line': b'-- Found ament_cmake: 0.9.12 (/opt/ros/foxy/share/ament_cmake/cmake)\n'}
[1.002357] (-) TimerEvent: {}
[1.015727] (rtabmap_msgs) StdoutLine: {'line': b'-- Found PythonInterp: /usr/bin/python3 (found suitable version "3.8.10", minimum required is "3") \n'}
[1.016014] (rtabmap_msgs) StdoutLine: {'line': b'-- Using PYTHON_EXECUTABLE: /usr/bin/python3\n'}
[1.017719] (rtabmap) StdoutLine: {'line': b"-- Checking for module 'eigen3'\n"}
[1.023242] (astra_camera_msgs) StdoutLine: {'line': b'-- Found PythonInterp: /usr/bin/python3 (found suitable version "3.8.10", minimum required is "3") \n'}
[1.023567] (astra_camera_msgs) StdoutLine: {'line': b'-- Using PYTHON_EXECUTABLE: /usr/bin/python3\n'}
[1.071617] (rtabmap) StdoutLine: {'line': b'--   Found eigen3, version 3.3.7\n'}
[1.102549] (-) TimerEvent: {}
[1.129754] (rtabmap) StdoutLine: {'line': b'-- Found Eigen: /usr/include/eigen3 (Required is at least version "3.1") \n'}
[1.129988] (rtabmap) StdoutLine: {'line': b'-- Eigen found (include: /usr/include/eigen3, version: 3.3.7)\n'}
[1.186369] (rtabmap) StdoutLine: {'line': b"-- Checking for module 'libusb-1.0'\n"}
[1.201144] (rtabmap) StdoutLine: {'line': b'--   Found libusb-1.0, version 1.0.23\n'}
[1.202624] (-) TimerEvent: {}
[1.243086] (rtabmap) StdoutLine: {'line': b'-- Found USB_10: /usr/lib/x86_64-linux-gnu/libusb-1.0.so  \n'}
[1.243649] (astra_camera_msgs) StdoutLine: {'line': b'-- Override CMake install command with custom implementation using symlinks instead of copying resources\n'}
[1.252499] (rtabmap_msgs) StdoutLine: {'line': b'-- Using all available rosidl_typesupport_c: rosidl_typesupport_fastrtps_c;rosidl_typesupport_introspection_c\n'}
[1.268176] (rtabmap_msgs) StdoutLine: {'line': b'-- Found rosidl_adapter: 1.3.1 (/opt/ros/foxy/share/rosidl_adapter/cmake)\n'}
[1.293385] (astra_camera_msgs) StdoutLine: {'line': b'-- Found rosidl_default_generators: 1.0.1 (/opt/ros/foxy/share/rosidl_default_generators/cmake)\n'}
[1.300353] (astra_camera_msgs) StdoutLine: {'line': b'-- Using all available rosidl_typesupport_c: rosidl_typesupport_fastrtps_c;rosidl_typesupport_introspection_c\n'}
[1.301906] (rtabmap) StdoutLine: {'line': b'-- OpenNI found (include: /usr/include/ni, lib: /usr/lib/libOpenNI.so)\n'}
[1.302711] (-) TimerEvent: {}
[1.320146] (astra_camera_msgs) StdoutLine: {'line': b'-- Found rosidl_adapter: 1.3.1 (/opt/ros/foxy/share/rosidl_adapter/cmake)\n'}
[1.402971] (-) TimerEvent: {}
[1.403453] (rtabmap) StdoutLine: {'line': b'-- The imported target "vtkParseOGLExt" references the file\n'}
[1.403675] (rtabmap) StdoutLine: {'line': b'   "/usr/bin/vtkParseOGLExt-7.1"\n'}
[1.403784] (rtabmap) StdoutLine: {'line': b'but this file does not exist.  Possible reasons include:\n'}
[1.403886] (rtabmap) StdoutLine: {'line': b'* The file was deleted, renamed, or moved to another location.\n'}
[1.403987] (rtabmap) StdoutLine: {'line': b'* An install or uninstall procedure did not complete successfully.\n'}
[1.404085] (rtabmap) StdoutLine: {'line': b'* The installation package was faulty and contained\n'}
[1.404185] (rtabmap) StdoutLine: {'line': b'   "/usr/lib/cmake/vtk-7.1/VTKTargets.cmake"\n'}
[1.404299] (rtabmap) StdoutLine: {'line': b'but not all the files it references.\n'}
[1.404398] (rtabmap) StdoutLine: {'line': b'\n'}
[1.406650] (rtabmap) StdoutLine: {'line': b'-- The imported target "vtkRenderingPythonTkWidgets" references the file\n'}
[1.406948] (rtabmap) StdoutLine: {'line': b'   "/usr/lib/x86_64-linux-gnu/libvtkRenderingPythonTkWidgets.so"\n'}
[1.407128] (rtabmap) StdoutLine: {'line': b'but this file does not exist.  Possible reasons include:\n'}
[1.407289] (rtabmap) StdoutLine: {'line': b'* The file was deleted, renamed, or moved to another location.\n'}
[1.407448] (rtabmap) StdoutLine: {'line': b'* An install or uninstall procedure did not complete successfully.\n'}
[1.407609] (rtabmap) StdoutLine: {'line': b'* The installation package was faulty and contained\n'}
[1.407778] (rtabmap) StdoutLine: {'line': b'   "/usr/lib/cmake/vtk-7.1/VTKTargets.cmake"\n'}
[1.407933] (rtabmap) StdoutLine: {'line': b'but not all the files it references.\n'}
[1.408086] (rtabmap) StdoutLine: {'line': b'\n'}
[1.410681] (rtabmap) StdoutLine: {'line': b'-- The imported target "vtk" references the file\n'}
[1.410908] (rtabmap) StdoutLine: {'line': b'   "/usr/bin/vtk"\n'}
[1.411028] (rtabmap) StdoutLine: {'line': b'but this file does not exist.  Possible reasons include:\n'}
[1.411144] (rtabmap) StdoutLine: {'line': b'* The file was deleted, renamed, or moved to another location.\n'}
[1.411254] (rtabmap) StdoutLine: {'line': b'* An install or uninstall procedure did not complete successfully.\n'}
[1.411358] (rtabmap) StdoutLine: {'line': b'* The installation package was faulty and contained\n'}
[1.411463] (rtabmap) StdoutLine: {'line': b'   "/usr/lib/cmake/vtk-7.1/VTKTargets.cmake"\n'}
[1.411567] (rtabmap) StdoutLine: {'line': b'but not all the files it references.\n'}
[1.411669] (rtabmap) StdoutLine: {'line': b'\n'}
[1.411941] (rtabmap) StdoutLine: {'line': b'-- The imported target "pvtk" references the file\n'}
[1.412049] (rtabmap) StdoutLine: {'line': b'   "/usr/bin/pvtk"\n'}
[1.412145] (rtabmap) StdoutLine: {'line': b'but this file does not exist.  Possible reasons include:\n'}
[1.412241] (rtabmap) StdoutLine: {'line': b'* The file was deleted, renamed, or moved to another location.\n'}
[1.412336] (rtabmap) StdoutLine: {'line': b'* An install or uninstall procedure did not complete successfully.\n'}
[1.412432] (rtabmap) StdoutLine: {'line': b'* The installation package was faulty and contained\n'}
[1.412530] (rtabmap) StdoutLine: {'line': b'   "/usr/lib/cmake/vtk-7.1/VTKTargets.cmake"\n'}
[1.412625] (rtabmap) StdoutLine: {'line': b'but not all the files it references.\n'}
[1.412722] (rtabmap) StdoutLine: {'line': b'\n'}
[1.458816] (rtabmap) StdoutLine: {'line': b'-- Found libusb-1.0: /usr/include  \n'}
[1.489522] (rtabmap) StdoutLine: {'line': b"-- Checking for module 'flann'\n"}
[1.494485] (rtabmap_msgs) StdoutLine: {'line': b'-- Found OpenSSL: /usr/lib/x86_64-linux-gnu/libcrypto.so (found version "1.1.1f")  \n'}
[1.499868] (astra_camera_msgs) StdoutLine: {'line': b'-- Found OpenSSL: /usr/lib/x86_64-linux-gnu/libcrypto.so (found version "1.1.1f")  \n'}
[1.503076] (-) TimerEvent: {}
[1.518140] (rtabmap) StdoutLine: {'line': b'--   Found flann, version 1.9.1\n'}
[1.557447] (rtabmap_msgs) StdoutLine: {'line': b'-- Found FastRTPS: /opt/ros/foxy/include  \n'}
[1.561281] (astra_camera_msgs) StdoutLine: {'line': b'-- Found FastRTPS: /opt/ros/foxy/include  \n'}
[1.599033] (rtabmap) StdoutLine: {'line': b'-- Found FLANN: /usr/lib/x86_64-linux-gnu/libflann_cpp.so  \n'}
[1.603174] (-) TimerEvent: {}
[1.621656] (rtabmap) StdoutLine: {'line': b'-- Found Qhull: optimized;/usr/lib/x86_64-linux-gnu/libqhull.so;debug;/usr/lib/x86_64-linux-gnu/libqhull.so  \n'}
[1.621869] (rtabmap) StdoutLine: {'line': b'-- QHULL found (include: /usr/include, lib: optimized;/usr/lib/x86_64-linux-gnu/libqhull.so;debug;/usr/lib/x86_64-linux-gnu/libqhull.so)\n'}
[1.660019] (rtabmap) StdoutLine: {'line': b'-- OpenNI found (include: /usr/include/ni, lib: /usr/lib/libOpenNI.so)\n'}
[1.686229] (rtabmap) StdoutLine: {'line': b'-- Found PCL_COMMON: /usr/lib/x86_64-linux-gnu/libpcl_common.so  \n'}
[1.688763] (rtabmap) StdoutLine: {'line': b'-- Found PCL_OCTREE: /usr/lib/x86_64-linux-gnu/libpcl_octree.so  \n'}
[1.690978] (rtabmap) StdoutLine: {'line': b'-- Found PCL_IO: /usr/lib/x86_64-linux-gnu/libpcl_io.so  \n'}
[1.693358] (rtabmap) StdoutLine: {'line': b'-- Found PCL_KDTREE: /usr/lib/x86_64-linux-gnu/libpcl_kdtree.so  \n'}
[1.695643] (rtabmap) StdoutLine: {'line': b'-- Found PCL_SEARCH: /usr/lib/x86_64-linux-gnu/libpcl_search.so  \n'}
[1.697777] (rtabmap) StdoutLine: {'line': b'-- Found PCL_SURFACE: /usr/lib/x86_64-linux-gnu/libpcl_surface.so  \n'}
[1.699911] (rtabmap) StdoutLine: {'line': b'-- Found PCL_FILTERS: /usr/lib/x86_64-linux-gnu/libpcl_filters.so  \n'}
[1.700952] (rtabmap) StdoutLine: {'line': b'-- Found PCL_2D: /usr/include/pcl-1.10  \n'}
[1.702984] (rtabmap) StdoutLine: {'line': b'-- Found PCL_FEATURES: /usr/lib/x86_64-linux-gnu/libpcl_features.so  \n'}
[1.703234] (-) TimerEvent: {}
[1.705009] (rtabmap) StdoutLine: {'line': b'-- Found PCL_REGISTRATION: /usr/lib/x86_64-linux-gnu/libpcl_registration.so  \n'}
[1.707028] (rtabmap) StdoutLine: {'line': b'-- Found PCL_SAMPLE_CONSENSUS: /usr/lib/x86_64-linux-gnu/libpcl_sample_consensus.so  \n'}
[1.707922] (rtabmap) StdoutLine: {'line': b'-- Found PCL_GEOMETRY: /usr/include/pcl-1.10  \n'}
[1.709703] (rtabmap) StdoutLine: {'line': b'-- Found PCL_ML: /usr/lib/x86_64-linux-gnu/libpcl_ml.so  \n'}
[1.711312] (rtabmap) StdoutLine: {'line': b'-- Found PCL_SEGMENTATION: /usr/lib/x86_64-linux-gnu/libpcl_segmentation.so  \n'}
[1.713152] (rtabmap) StdoutLine: {'line': b'-- Found PCL_VISUALIZATION: /usr/lib/x86_64-linux-gnu/libpcl_visualization.so  \n'}
[1.714688] (rtabmap) StdoutLine: {'line': b'-- PCL definitions don\'t contain "-march=native", make sure all libraries using Eigen are also compiled without that flag to avoid some segmentation faults (with gdb referring to some Eigen functions).\n'}
[1.719665] (rtabmap_msgs) StdoutLine: {'line': b'-- Using all available rosidl_typesupport_cpp: rosidl_typesupport_fastrtps_cpp;rosidl_typesupport_introspection_cpp\n'}
[1.719900] (astra_camera_msgs) StdoutLine: {'line': b'-- Using all available rosidl_typesupport_cpp: rosidl_typesupport_fastrtps_cpp;rosidl_typesupport_introspection_cpp\n'}
[1.730442] (rtabmap) StdoutLine: {'line': b'-- Found SQLite3: /usr/include /usr/lib/x86_64-linux-gnu/libsqlite3.so\n'}
[1.754492] (rtabmap_msgs) StdoutLine: {'line': b'-- Found geometry_msgs: 2.0.5 (/opt/ros/foxy/share/geometry_msgs/cmake)\n'}
[1.754686] (astra_camera_msgs) StdoutLine: {'line': b'-- Found sensor_msgs: 2.0.5 (/opt/ros/foxy/share/sensor_msgs/cmake)\n'}
[1.803453] (-) TimerEvent: {}
[1.872208] (rtabmap_msgs) StdoutLine: {'line': b'-- Found sensor_msgs: 2.0.5 (/opt/ros/foxy/share/sensor_msgs/cmake)\n'}
[1.903576] (-) TimerEvent: {}
[1.942854] (rtabmap_msgs) StdoutLine: {'line': b'-- Found std_srvs: 2.0.5 (/opt/ros/foxy/share/std_srvs/cmake)\n'}
[1.976652] (astra_camera_msgs) StdoutLine: {'line': b'-- Found PythonInterp: /usr/bin/python3 (found version "3.8.10") \n'}
[1.980307] (rtabmap_msgs) StdoutLine: {'line': b'-- Found PythonInterp: /usr/bin/python3 (found version "3.8.10") \n'}
[1.996815] (rtabmap) StdoutLine: {'line': b'-- Found OpenMP_C: -fopenmp (found version "4.5") \n'}
[2.003772] (-) TimerEvent: {}
[2.104195] (-) TimerEvent: {}
[2.113568] (rtabmap) StdoutLine: {'line': b'-- Found OpenMP_CXX: -fopenmp (found version "4.5") \n'}
[2.114310] (rtabmap) StdoutLine: {'line': b'-- Found OpenMP: TRUE (found version "4.5") found components: C CXX \n'}
[2.114698] (rtabmap) StdoutLine: {'line': b'-- Found OpenMP: /usr/lib/gcc/x86_64-linux-gnu/9/libgomp.so;/usr/lib/x86_64-linux-gnu/libpthread.so\n'}
[2.114818] (rtabmap) StdoutLine: {'line': b'-- Add PCL_OMP to definitions\n'}
[2.114889] (rtabmap) StdoutLine: {'line': b'-- Found OpenCV: /usr/include/opencv4\n'}
[2.114954] (rtabmap) StdoutLine: {'line': b'-- Found PCL: /usr/include/pcl-1.10;/usr/include/eigen3;/usr/include;/usr/include/ni;/usr/include/vtk-7.1;/usr/include/freetype2;/usr/include/x86_64-linux-gnu\n'}
[2.115019] (rtabmap) StdoutLine: {'line': b'-- Found ZLIB: /usr/include\n'}
[2.204325] (-) TimerEvent: {}
[2.208513] (rtabmap) StdoutLine: {'line': b'-- VTK_RENDERING_BACKEND=OpenGL2\n'}
[2.224015] (rtabmap) StdoutLine: {'line': b'-- Found Freenect: /usr/include\n'}
[2.255536] (rtabmap) StdoutLine: {'line': b'-- Found OpenNI2: /usr/include/openni2\n'}
[2.257061] (rtabmap) StdoutLine: {'line': b'-- Found DC1394: /usr/include/dc1394\n'}
[2.262932] (rtabmap) StdoutLine: {'line': b'-- Found Eigen3: /usr/include/eigen3 (Required is at least version "3.0.0") \n'}
[2.269688] (rtabmap) StdoutLine: {'line': b'-- Found OpenGL: /usr/lib/x86_64-linux-gnu/libOpenGL.so   \n'}
[2.271241] (astra_camera_msgs) StdoutLine: {'line': b'-- Found ament_cmake_ros: 0.9.2 (/opt/ros/foxy/share/ament_cmake_ros/cmake)\n'}
[2.274300] (rtabmap) StdoutLine: {'line': b'-- Found g2o (targets)\n'}
[2.274424] (rtabmap) StdoutLine: {'line': b'-- g2o include dir: /opt/ros/foxy/include\n'}
[2.275024] (rtabmap) StdoutLine: {'line': b'-- Old g2o factory version detected without shared ptr (factory file: /opt/ros/foxy/include/g2o/core/factory.h).\n'}
[2.297582] (rtabmap) StdoutLine: {'line': b'-- FlyCapture2_INCLUDE_DIR=FlyCapture2_INCLUDE_DIR-NOTFOUND\n'}
[2.297760] (rtabmap) StdoutLine: {'line': b'-- FlyCapture2_LIBRARY=FlyCapture2_LIBRARY-NOTFOUND\n'}
[2.298009] (rtabmap) StdoutLine: {'line': b'-- Triclops_INCLUDE_DIR=Triclops_INCLUDE_DIR-NOTFOUND\n'}
[2.298107] (rtabmap) StdoutLine: {'line': b'-- Triclops_LIBRARY=Triclops_LIBRARY-NOTFOUND\n'}
[2.298166] (rtabmap) StdoutLine: {'line': b'-- FlyCaptureBridge_LIBRARY=FlyCaptureBridge_LIBRARY-NOTFOUND\n'}
[2.304486] (-) TimerEvent: {}
[2.318341] (rtabmap) StdoutLine: {'line': b'-- Looking for pthread.h\n'}
[2.404728] (-) TimerEvent: {}
[2.425825] (rtabmap) StdoutLine: {'line': b'-- Looking for pthread.h - found\n'}
[2.426339] (rtabmap) StdoutLine: {'line': b'-- Performing Test CMAKE_HAVE_LIBC_PTHREAD\n'}
[2.504972] (-) TimerEvent: {}
[2.509824] (rtabmap) StdoutLine: {'line': b'-- Performing Test CMAKE_HAVE_LIBC_PTHREAD - Success\n'}
[2.510975] (rtabmap) StdoutLine: {'line': b'-- Found Threads: TRUE  \n'}
[2.528379] (rtabmap_msgs) StdoutLine: {'line': b'-- Found ament_cmake_ros: 0.9.2 (/opt/ros/foxy/share/ament_cmake_ros/cmake)\n'}
[2.534698] (rtabmap) StdoutLine: {'line': b'-- Found Boost: /usr/include (found version "1.71.0") found components: thread filesystem system program_options date_time chrono atomic \n'}
[2.551871] (rtabmap) StdoutLine: {'line': b'-- Found libpointmatcher: /opt/ros/foxy/include;/usr/include/eigen3\n'}
[2.563880] (rtabmap) StdoutLine: {'line': b'-- Found Boost: /usr/include (found version "1.71.0") found components: thread filesystem program_options date_time chrono atomic \n'}
[2.588862] (rtabmap) StdoutLine: {'line': b'-- Found Boost: /usr/include (found version "1.71.0") found components: thread filesystem system program_options date_time chrono timer serialization atomic \n'}
[2.605072] (-) TimerEvent: {}
[2.611222] (rtabmap) StdoutLine: {'line': b'-- Found RealSense2: \n'}
[2.624782] (rtabmap) StdoutLine: {'line': b'-- Found octomap 1.9.8: /opt/ros/foxy/include\n'}
[2.628652] (rtabmap) StdoutLine: {'line': b'-- Architecture: x86_64\n'}
[2.636590] (astra_camera_msgs) StdoutLine: {'line': b'-- Using all available rosidl_typesupport_c: rosidl_typesupport_fastrtps_c;rosidl_typesupport_introspection_c\n'}
[2.640473] (rtabmap) StdoutLine: {'line': b'-- Performing Test COMPILER_SUPPORTS_CXX14\n'}
[2.705199] (-) TimerEvent: {}
[2.715024] (rtabmap) StdoutLine: {'line': b'-- Performing Test COMPILER_SUPPORTS_CXX14 - Success\n'}
[2.721014] (rtabmap) StdoutLine: {'line': b'-- Found Pthreads\n'}
[2.723481] (rtabmap) StdoutLine: {'line': b'-- Performing Test COMPILER_HAS_HIDDEN_VISIBILITY\n'}
[2.782080] (astra_camera_msgs) StdoutLine: {'line': b'-- Using all available rosidl_typesupport_cpp: rosidl_typesupport_fastrtps_cpp;rosidl_typesupport_introspection_cpp\n'}
[2.798955] (rtabmap) StdoutLine: {'line': b'-- Performing Test COMPILER_HAS_HIDDEN_VISIBILITY - Success\n'}
[2.799513] (rtabmap) StdoutLine: {'line': b'-- Performing Test COMPILER_HAS_HIDDEN_INLINE_VISIBILITY\n'}
[2.805276] (-) TimerEvent: {}
[2.808254] (astra_camera_msgs) StdoutLine: {'line': b'-- Found PythonInterp: /usr/bin/python3 (found suitable version "3.8.10", minimum required is "3.5") \n'}
[2.810786] (astra_camera_msgs) StdoutLine: {'line': b'-- Found python_cmake_module: 0.8.1 (/opt/ros/foxy/share/python_cmake_module/cmake)\n'}
[2.833016] (rtabmap_msgs) StdoutLine: {'line': b'-- Using all available rosidl_typesupport_c: rosidl_typesupport_fastrtps_c;rosidl_typesupport_introspection_c\n'}
[2.840630] (astra_camera_msgs) StdoutLine: {'line': b'-- Found PythonLibs: /usr/lib/x86_64-linux-gnu/libpython3.8.so (found suitable version "3.8.10", minimum required is "3.5") \n'}
[2.840939] (astra_camera_msgs) StdoutLine: {'line': b'-- Using PYTHON_EXECUTABLE: /usr/bin/python3\n'}
[2.841034] (astra_camera_msgs) StdoutLine: {'line': b'-- Using PYTHON_INCLUDE_DIRS: /usr/include/python3.8\n'}
[2.841112] (astra_camera_msgs) StdoutLine: {'line': b'-- Using PYTHON_LIBRARIES: /usr/lib/x86_64-linux-gnu/libpython3.8.so\n'}
[2.861927] (astra_camera_msgs) StdoutLine: {'line': b'-- Found PythonExtra: .so  \n'}
[2.876116] (rtabmap) StdoutLine: {'line': b'-- Performing Test COMPILER_HAS_HIDDEN_INLINE_VISIBILITY - Success\n'}
[2.876348] (rtabmap) StdoutLine: {'line': b'-- Performing Test COMPILER_HAS_DEPRECATED_ATTR\n'}
[2.905414] (-) TimerEvent: {}
[2.953062] (rtabmap) StdoutLine: {'line': b'-- Performing Test COMPILER_HAS_DEPRECATED_ATTR - Success\n'}
[2.962751] (astra_camera_msgs) StdoutLine: {'line': b'-- Found ament_lint_auto: 0.9.8 (/opt/ros/foxy/share/ament_lint_auto/cmake)\n'}
[2.984792] (rtabmap_msgs) StdoutLine: {'line': b'-- Using all available rosidl_typesupport_cpp: rosidl_typesupport_fastrtps_cpp;rosidl_typesupport_introspection_cpp\n'}
[2.996267] (astra_camera_msgs) StdoutLine: {'line': b"-- Added test 'copyright' to check source files copyright and LICENSE\n"}
[2.998601] (astra_camera_msgs) StdoutLine: {'line': b"-- Added test 'lint_cmake' to check CMake code style\n"}
[2.999949] (astra_camera_msgs) StdoutLine: {'line': b"-- Added test 'xmllint' to check XML markup files\n"}
[3.005522] (-) TimerEvent: {}
[3.006941] (astra_camera_msgs) StdoutLine: {'line': b'-- Configuring done\n'}
[3.018414] (rtabmap_msgs) StdoutLine: {'line': b'-- Found PythonInterp: /usr/bin/python3 (found suitable version "3.8.10", minimum required is "3.5") \n'}
[3.021184] (rtabmap_msgs) StdoutLine: {'line': b'-- Found python_cmake_module: 0.8.1 (/opt/ros/foxy/share/python_cmake_module/cmake)\n'}
[3.078766] (rtabmap_msgs) StdoutLine: {'line': b'-- Found PythonLibs: /usr/lib/x86_64-linux-gnu/libpython3.8.so (found suitable version "3.8.10", minimum required is "3.5") \n'}
[3.079222] (rtabmap_msgs) StdoutLine: {'line': b'-- Using PYTHON_EXECUTABLE: /usr/bin/python3\n'}
[3.079412] (rtabmap_msgs) StdoutLine: {'line': b'-- Using PYTHON_INCLUDE_DIRS: /usr/include/python3.8\n'}
[3.079582] (rtabmap_msgs) StdoutLine: {'line': b'-- Using PYTHON_LIBRARIES: /usr/lib/x86_64-linux-gnu/libpython3.8.so\n'}
[3.096968] (rtabmap) StdoutLine: {'line': b'-- --------------------------------------------\n'}
[3.097716] (rtabmap) StdoutLine: {'line': b'-- Info :\n'}
[3.098032] (rtabmap) StdoutLine: {'line': b'--   RTAB-Map Version =     0.23.3\n'}
[3.098173] (rtabmap) StdoutLine: {'line': b'--   CMAKE_VERSION =        3.16.3\n'}
[3.098306] (rtabmap) StdoutLine: {'line': b'--   CMAKE_INSTALL_PREFIX = /home/deepak/electronic_ws/install/rtabmap\n'}
[3.098437] (rtabmap) StdoutLine: {'line': b'--   CMAKE_BUILD_TYPE =     Release\n'}
[3.098567] (rtabmap) StdoutLine: {'line': b'--   CMAKE_INSTALL_LIBDIR = lib\n'}
[3.098696] (rtabmap) StdoutLine: {'line': b'--   BUILD_APP =            ON\n'}
[3.098827] (rtabmap) StdoutLine: {'line': b'--   BUILD_TOOLS =          ON\n'}
[3.098946] (rtabmap) StdoutLine: {'line': b'--   BUILD_EXAMPLES =       ON\n'}
[3.099056] (rtabmap) StdoutLine: {'line': b'--   BUILD_SHARED_LIBS =    ON\n'}
[3.099166] (rtabmap) StdoutLine: {'line': b'--   CMAKE_CXX_FLAGS =  -fmessage-length=0  -fopenmp -std=c++14\n'}
[3.099277] (rtabmap) StdoutLine: {'line': b'--   FLANN_KDTREE_MEM_OPT = OFF\n'}
[3.099436] (rtabmap) StdoutLine: {'line': b'--   PCL_DEFINITIONS = -DDISABLE_OPENNI2;-DDISABLE_PCAP;-DDISABLE_PNG;-DDISABLE_LIBUSB_1_0\n'}
[3.099546] (rtabmap) StdoutLine: {'line': b'--   PCL_VERSION = 1.10.0\n'}
[3.099655] (rtabmap) StdoutLine: {'line': b'-- \n'}
[3.099765] (rtabmap) StdoutLine: {'line': b"-- Optional dependencies ('*' affects some default parameters) :\n"}
[3.099872] (rtabmap) StdoutLine: {'line': b'--  *With OpenCV 4.2.0 xfeatures2d = NO, nonfree = NO (License: BSD)\n'}
[3.099985] (rtabmap) StdoutLine: {'line': b'--   With Qt 5.12.8            = YES (License: Open Source or Commercial)\n'}
[3.100093] (rtabmap) StdoutLine: {'line': b'--   With VTK 7.1              = YES (License: BSD)\n'}
[3.100196] (rtabmap) StdoutLine: {'line': b'--   With external SQLite3     = YES (License: Public Domain)\n'}
[3.100297] (rtabmap) StdoutLine: {'line': b'--   With ORB OcTree           = YES (License: GPLv3)\n'}
[3.100400] (rtabmap) StdoutLine: {'line': b'--   With SuperPoint           = NO (WITH_TORCH=OFF)\n'}
[3.100506] (rtabmap) StdoutLine: {'line': b'--   With Superpoint Rpautrat  = NO (WITH_TORCH=OFF)\n'}
[3.100614] (rtabmap) StdoutLine: {'line': b'--   With Python3              = NO (WITH_PYTHON=OFF)\n'}
[3.100721] (rtabmap) StdoutLine: {'line': b'--   With Madgwick             = YES (License: GPL)\n'}
[3.100825] (rtabmap) StdoutLine: {'line': b'--   With FastCV               = NO (FastCV not found)\n'}
[3.100940] (rtabmap) StdoutLine: {'line': b'--   With PDAL                 = NO (PDAL not found)\n'}
[3.101134] (rtabmap) StdoutLine: {'line': b'--   With libLAS               = NO (WITH_LIBLAS=OFF)\n'}
[3.101242] (rtabmap) StdoutLine: {'line': b'--   With CudaSift             = NO (WITH_CUDASIFT=OFF)\n'}
[3.101346] (rtabmap) StdoutLine: {'line': b'-- \n'}
[3.101445] (rtabmap) StdoutLine: {'line': b'--  Solvers:\n'}
[3.101550] (rtabmap) StdoutLine: {'line': b'--   With TORO                 = YES (License: Creative Commons [Attribution-NonCommercial-ShareAlike])\n'}
[3.101655] (rtabmap) StdoutLine: {'line': b'--  *With g2o 1.0.0            = YES (License: BSD)\n'}
[3.101756] (rtabmap) StdoutLine: {'line': b'--  *With GTSAM                = NO (GTSAM not found)\n'}
[3.101855] (rtabmap) StdoutLine: {'line': b'--  *With Ceres                = NO (WITH_CERES=OFF)\n'}
[3.101958] (rtabmap) StdoutLine: {'line': b'--   With MRPT                 = NO (MRPT not found)\n'}
[3.102061] (rtabmap) StdoutLine: {'line': b'--   With VERTIGO              = YES (License: GPLv3)\n'}
[3.102162] (rtabmap) StdoutLine: {'line': b'--   With cvsba                = NO (WITH_CVSBA=OFF)\n'}
[3.102263] (rtabmap) StdoutLine: {'line': b'--  *With libpointmatcher 1.3.1 = YES (License: BSD)\n'}
[3.102361] (rtabmap) StdoutLine: {'line': b'--   With CCCoreLib            = NO (WITH_CCCORELIB=OFF)\n'}
[3.102459] (rtabmap) StdoutLine: {'line': b'--   With Open3D               = NO (WITH_OPEN3D=OFF)\n'}
[3.102560] (rtabmap) StdoutLine: {'line': b'--   With OpenGV               = NO (OpenGV not found)\n'}
[3.102660] (rtabmap) StdoutLine: {'line': b'-- \n'}
[3.102766] (rtabmap) StdoutLine: {'line': b'--  Reconstruction Approaches:\n'}
[3.102878] (rtabmap) StdoutLine: {'line': b'--   With OctoMap 1.9.8        = YES (License: BSD)\n'}
[3.102978] (rtabmap) StdoutLine: {'line': b'--   With GridMap              = NO (WITH_GRIDMAP=OFF)\n'}
[3.103073] (rtabmap) StdoutLine: {'line': b'--   With CPUTSDF              = NO (WITH_CPUTSDF=OFF)\n'}
[3.103173] (rtabmap) StdoutLine: {'line': b'--   With OpenChisel           = NO (WITH_OPENCHISEL=OFF)\n'}
[3.103275] (rtabmap) StdoutLine: {'line': b'--   With AliceVision          = NO (WITH_ALICE_VISION=OFF)\n'}
[3.103375] (rtabmap) StdoutLine: {'line': b'-- \n'}
[3.103473] (rtabmap) StdoutLine: {'line': b'--  Camera Drivers:\n'}
[3.103578] (rtabmap) StdoutLine: {'line': b'--   With Freenect             = YES (License: Apache v2 and/or GPLv2)\n'}
[3.103684] (rtabmap) StdoutLine: {'line': b'--   With OpenNI               = YES (License: Apache v2)\n'}
[3.103797] (rtabmap) StdoutLine: {'line': b'--   With OpenNI2              = YES (License: Apache v2)\n'}
[3.103901] (rtabmap) StdoutLine: {'line': b'--   With Freenect2            = NO (libfreenect2 not found)\n'}
[3.104005] (rtabmap) StdoutLine: {'line': b'--   With Kinect for Windows 2 = NO (Kinect for Windows 2 SDK not found)\n'}
[3.104113] (rtabmap) StdoutLine: {'line': b'--   With Kinect for Azure     = NO (Kinect for Azure SDK not found)\n'}
[3.104222] (rtabmap) StdoutLine: {'line': b'--   With dc1394               = YES (License: LGPL)\n'}
[3.104328] (rtabmap) StdoutLine: {'line': b'--   With FlyCapture2/Triclops = NO (Point Grey SDK not found)\n'}
[3.104431] (rtabmap) StdoutLine: {'line': b'--   With ZED                  = NO (ZED sdk and/or cuda not found)\n'}
[3.104533] (rtabmap) StdoutLine: {'line': b'--   With ZEDOC                = NO (ZED Open Capture not found)\n'}
[3.104643] (rtabmap) StdoutLine: {'line': b'--   With RealSense            = NO (librealsense not found)\n'}
[3.104747] (rtabmap) StdoutLine: {'line': b'--   With RealSense2 2.51.1    = YES (License: Apache-2)\n'}
[3.104847] (rtabmap) StdoutLine: {'line': b'--   With MyntEyeS             = NO (mynteye s sdk not found)\n'}
[3.104968] (rtabmap) StdoutLine: {'line': b'--   With DepthAI              = NO (WITH_DEPTHAI=OFF)\n'}
[3.105077] (rtabmap) StdoutLine: {'line': b'--   With XVisio SDK           = NO (WITH_XVSDK=OFF)\n'}
[3.105186] (rtabmap) StdoutLine: {'line': b'--   With Orbbec SDK           = NO (WITH_ORBBEC_SDK=OFF)\n'}
[3.105294] (rtabmap) StdoutLine: {'line': b'-- \n'}
[3.105399] (rtabmap) StdoutLine: {'line': b'--  Odometry Approaches:\n'}
[3.105511] (-) TimerEvent: {}
[3.105688] (rtabmap) StdoutLine: {'line': b'--   With loam_velodyne        = NO (WITH_LOAM=OFF)\n'}
[3.105810] (rtabmap) StdoutLine: {'line': b'--   With floam                = NO (WITH_FLOAM=OFF)\n'}
[3.105928] (rtabmap) StdoutLine: {'line': b'--   With libfovis             = NO (WITH_FOVIS=OFF)\n'}
[3.106018] (rtabmap) StdoutLine: {'line': b'--   With libviso2             = NO (WITH_VISO2=OFF)\n'}
[3.106113] (rtabmap) StdoutLine: {'line': b'--   With dvo_core             = NO (WITH_DVO=OFF)\n'}
[3.106207] (rtabmap) StdoutLine: {'line': b'--   With okvis                = NO (WITH_OKVIS=OFF)\n'}
[3.106297] (rtabmap) StdoutLine: {'line': b'--   With msckf_vio            = NO (WITH_MSCKF_VIO=OFF)\n'}
[3.106391] (rtabmap) StdoutLine: {'line': b'--   With VINS-Fusion          = NO (WITH_VINS_FUSION=OFF)\n'}
[3.106489] (rtabmap) StdoutLine: {'line': b'--   With OpenVINS             = NO (WITH_OPENVINS=OFF)\n'}
[3.106594] (rtabmap) StdoutLine: {'line': b'--   With ORB_SLAM             = NO (WITH_ORB_SLAM=OFF)\n'}
[3.106682] (rtabmap) StdoutLine: {'line': b'--   With cuVSLAM              = NO (WITH_CUVSLAM=OFF)\n'}
[3.106772] (rtabmap) StdoutLine: {'line': b'-- Show all options with: cmake -LA | grep WITH_\n'}
[3.106858] (rtabmap) StdoutLine: {'line': b'-- --------------------------------------------\n'}
[3.108222] (rtabmap_msgs) StdoutLine: {'line': b'-- Found PythonExtra: .so  \n'}
[3.112302] (rtabmap) StdoutLine: {'line': b'-- Configuring done\n'}
[3.140132] (astra_camera_msgs) StdoutLine: {'line': b'-- Generating done\n'}
[3.162307] (astra_camera_msgs) StdoutLine: {'line': b'-- Build files have been written to: /home/deepak/electronic_ws/build/astra_camera_msgs\n'}
[3.173630] (astra_camera_msgs) CommandEnded: {'returncode': 0}
[3.174386] (astra_camera_msgs) JobProgress: {'identifier': 'astra_camera_msgs', 'progress': 'build'}
[3.175742] (astra_camera_msgs) Command: {'cmd': ['/usr/bin/cmake', '--build', '/home/deepak/electronic_ws/build/astra_camera_msgs', '--', '-j8', '-l8'], 'cwd': '/home/deepak/electronic_ws/build/astra_camera_msgs', 'env': OrderedDict([('LESSOPEN', '| /usr/bin/lesspipe %s'), ('LANGUAGE', 'en_GB:en'), ('USER', 'deepak'), ('SSH_AGENT_PID', '2164'), ('XDG_SESSION_TYPE', 'x11'), ('SHLVL', '1'), ('LD_LIBRARY_PATH', '/usr/lib/x86_64-linux-gnu/gazebo-11/plugins:/opt/ros/foxy/opt/yaml_cpp_vendor/lib:/opt/ros/foxy/opt/rviz_ogre_vendor/lib:/opt/ros/foxy/lib/x86_64-linux-gnu:/opt/ros/foxy/lib'), ('HOME', '/home/deepak'), ('OLDPWD', '/home/deepak/electronic_ws/src'), ('DESKTOP_SESSION', 'ubuntu'), ('NVM_BIN', '/home/deepak/.nvm/versions/node/v18.20.8/bin'), ('NVM_INC', '/home/deepak/.nvm/versions/node/v18.20.8/include/node'), ('ROS_PYTHON_VERSION', '3'), ('GNOME_SHELL_SESSION_MODE', 'ubuntu'), ('GTK_MODULES', 'gail:atk-bridge'), ('MANAGERPID', '2067'), ('DBUS_SESSION_BUS_ADDRESS', 'unix:path=/run/user/1000/bus'), ('COLORTERM', 'truecolor'), ('TERMINATOR_DBUS_NAME', 'net.tenshu.Terminator21a9d5db22c73a993ff0b42f64b396873'), ('GIO_LAUNCHED_DESKTOP_FILE_PID', '4123'), ('NVM_DIR', '/home/deepak/.nvm'), ('IM_CONFIG_PHASE', '1'), ('ROS_DISTRO', 'foxy'), ('LOGNAME', 'deepak'), ('JOURNAL_STREAM', '8:55426'), ('_', '/usr/bin/colcon'), ('ROS_VERSION', '2'), ('XDG_SESSION_CLASS', 'user'), ('USERNAME', 'deepak'), ('TERM', 'xterm-256color'), ('GNOME_DESKTOP_SESSION_ID', 'this-is-deprecated'), ('ROS_LOCALHOST_ONLY', '0'), ('WINDOWPATH', '2'), ('PATH', '/opt/ros/foxy/bin:/home/deepak/.nvm/versions/node/v18.20.8/bin:/home/deepak/.local/bin:/usr/local/sbin:/usr/local/bin:/usr/sbin:/usr/bin:/sbin:/bin:/usr/games:/usr/local/games:/snap/bin'), ('SESSION_MANAGER', 'local/deepak-Inspiron-3501:@/tmp/.ICE-unix/2204,unix/deepak-Inspiron-3501:/tmp/.ICE-unix/2204'), ('INVOCATION_ID', 'da85f2b1d8074d13affb1bf44f8be6dd'), ('XDG_MENU_PREFIX', 'gnome-'), ('XDG_RUNTIME_DIR', '/run/user/1000'), ('DISPLAY', ':0'), ('TERMINATOR_DBUS_PATH', '/net/tenshu/Terminator2'), ('LANG', 'en_US.UTF-8'), ('XDG_CURRENT_DESKTOP', 'ubuntu:GNOME'), ('XMODIFIERS', '@im=ibus'), ('XDG_SESSION_DESKTOP', 'ubuntu'), ('XAUTHORITY', '/run/user/1000/gdm/Xauthority'), ('LS_COLORS', 'rs=0:di=01;34:ln=01;36:mh=00:pi=40;33:so=01;35:do=01;35:bd=40;33;01:cd=40;33;01:or=40;31;01:mi=00:su=37;41:sg=30;43:ca=30;41:tw=30;42:ow=34;42:st=37;44:ex=01;32:*.tar=01;31:*.tgz=01;31:*.arc=01;31:*.arj=01;31:*.taz=01;31:*.lha=01;31:*.lz4=01;31:*.lzh=01;31:*.lzma=01;31:*.tlz=01;31:*.txz=01;31:*.tzo=01;31:*.t7z=01;31:*.zip=01;31:*.z=01;31:*.dz=01;31:*.gz=01;31:*.lrz=01;31:*.lz=01;31:*.lzo=01;31:*.xz=01;31:*.zst=01;31:*.tzst=01;31:*.bz2=01;31:*.bz=01;31:*.tbz=01;31:*.tbz2=01;31:*.tz=01;31:*.deb=01;31:*.rpm=01;31:*.jar=01;31:*.war=01;31:*.ear=01;31:*.sar=01;31:*.rar=01;31:*.alz=01;31:*.ace=01;31:*.zoo=01;31:*.cpio=01;31:*.7z=01;31:*.rz=01;31:*.cab=01;31:*.wim=01;31:*.swm=01;31:*.dwm=01;31:*.esd=01;31:*.jpg=01;35:*.jpeg=01;35:*.mjpg=01;35:*.mjpeg=01;35:*.gif=01;35:*.bmp=01;35:*.pbm=01;35:*.pgm=01;35:*.ppm=01;35:*.tga=01;35:*.xbm=01;35:*.xpm=01;35:*.tif=01;35:*.tiff=01;35:*.png=01;35:*.svg=01;35:*.svgz=01;35:*.mng=01;35:*.pcx=01;35:*.mov=01;35:*.mpg=01;35:*.mpeg=01;35:*.m2v=01;35:*.mkv=01;35:*.webm=01;35:*.ogm=01;35:*.mp4=01;35:*.m4v=01;35:*.mp4v=01;35:*.vob=01;35:*.qt=01;35:*.nuv=01;35:*.wmv=01;35:*.asf=01;35:*.rm=01;35:*.rmvb=01;35:*.flc=01;35:*.avi=01;35:*.fli=01;35:*.flv=01;35:*.gl=01;35:*.dl=01;35:*.xcf=01;35:*.xwd=01;35:*.yuv=01;35:*.cgm=01;35:*.emf=01;35:*.ogv=01;35:*.ogx=01;35:*.aac=00;36:*.au=00;36:*.flac=00;36:*.m4a=00;36:*.mid=00;36:*.midi=00;36:*.mka=00;36:*.mp3=00;36:*.mpc=00;36:*.ogg=00;36:*.ra=00;36:*.wav=00;36:*.oga=00;36:*.opus=00;36:*.spx=00;36:*.xspf=00;36:'), ('SSH_AUTH_SOCK', '/run/user/1000/keyring/ssh'), ('AMENT_PREFIX_PATH', '/opt/ros/foxy'), ('SHELL', '/bin/bash'), ('TERMINATOR_UUID', 'urn:uuid:fcc518c1-d712-42cf-a147-6525ef5360a1'), ('QT_ACCESSIBILITY', '1'), ('GDMSESSION', 'ubuntu'), ('LESSCLOSE', '/usr/bin/lesspipe %s %s'), ('GPG_AGENT_INFO', '/run/user/1000/gnupg/S.gpg-agent:0:1'), ('QT_IM_MODULE', 'ibus'), ('PWD', '/home/deepak/electronic_ws/build/astra_camera_msgs'), ('LC_ALL', 'en_US.UTF-8'), ('XDG_CONFIG_DIRS', '/etc/xdg/xdg-ubuntu:/etc/xdg'), ('NVM_CD_FLAGS', ''), ('XDG_DATA_DIRS', '/usr/share/ubuntu:/usr/local/share/:/usr/share/:/var/lib/snapd/desktop'), ('PYTHONPATH', '/opt/ros/foxy/lib/python3.8/site-packages'), ('COLCON', '1'), ('VTE_VERSION', '6003'), ('CMAKE_PREFIX_PATH', '/opt/ros/foxy')]), 'shell': False}
[3.205693] (-) TimerEvent: {}
[3.249995] (astra_camera_msgs) StdoutLine: {'line': b'\x1b[35m\x1b[1mScanning dependencies of target astra_camera_msgs__cpp\x1b[0m\n'}
[3.251011] (astra_camera_msgs) StdoutLine: {'line': b'[  1%] \x1b[34m\x1b[1mGenerating C code for ROS interfaces\x1b[0m\n'}
[3.270745] (rtabmap_msgs) StdoutLine: {'line': b'-- Configuring done\n'}
[3.272086] (astra_camera_msgs) StdoutLine: {'line': b'[  2%] \x1b[34m\x1b[1mGenerating C++ code for ROS interfaces\x1b[0m\n'}
[3.305793] (-) TimerEvent: {}
[3.406129] (-) TimerEvent: {}
[3.417631] (rtabmap_msgs) StdoutLine: {'line': b'-- Generating done\n'}
[3.419594] (rtabmap_msgs) StderrLine: {'line': b'CMake Warning:\n'}
[3.419791] (rtabmap_msgs) StderrLine: {'line': b'  Manually-specified variables were not used by the project:\n'}
[3.419883] (rtabmap_msgs) StderrLine: {'line': b'\n'}
[3.419963] (rtabmap_msgs) StderrLine: {'line': b'    CATKIN_INSTALL_INTO_PREFIX_ROOT\n'}
[3.420039] (rtabmap_msgs) StderrLine: {'line': b'    CATKIN_SYMLINK_INSTALL\n'}
[3.420119] (rtabmap_msgs) StderrLine: {'line': b'\n'}
[3.420197] (rtabmap_msgs) StderrLine: {'line': b'\n'}
[3.445495] (rtabmap_msgs) StdoutLine: {'line': b'-- Build files have been written to: /home/deepak/electronic_ws/build/rtabmap_msgs\n'}
[3.457351] (rtabmap_msgs) CommandEnded: {'returncode': 0}
[3.458258] (rtabmap_msgs) JobProgress: {'identifier': 'rtabmap_msgs', 'progress': 'build'}
[3.458550] (rtabmap_msgs) Command: {'cmd': ['/usr/bin/cmake', '--build', '/home/deepak/electronic_ws/build/rtabmap_msgs', '--', '-j8', '-l8'], 'cwd': '/home/deepak/electronic_ws/build/rtabmap_msgs', 'env': OrderedDict([('LESSOPEN', '| /usr/bin/lesspipe %s'), ('LANGUAGE', 'en_GB:en'), ('USER', 'deepak'), ('SSH_AGENT_PID', '2164'), ('XDG_SESSION_TYPE', 'x11'), ('SHLVL', '1'), ('LD_LIBRARY_PATH', '/usr/lib/x86_64-linux-gnu/gazebo-11/plugins:/opt/ros/foxy/opt/yaml_cpp_vendor/lib:/opt/ros/foxy/opt/rviz_ogre_vendor/lib:/opt/ros/foxy/lib/x86_64-linux-gnu:/opt/ros/foxy/lib'), ('HOME', '/home/deepak'), ('OLDPWD', '/home/deepak/electronic_ws/src'), ('DESKTOP_SESSION', 'ubuntu'), ('NVM_BIN', '/home/deepak/.nvm/versions/node/v18.20.8/bin'), ('NVM_INC', '/home/deepak/.nvm/versions/node/v18.20.8/include/node'), ('ROS_PYTHON_VERSION', '3'), ('GNOME_SHELL_SESSION_MODE', 'ubuntu'), ('GTK_MODULES', 'gail:atk-bridge'), ('MANAGERPID', '2067'), ('DBUS_SESSION_BUS_ADDRESS', 'unix:path=/run/user/1000/bus'), ('COLORTERM', 'truecolor'), ('TERMINATOR_DBUS_NAME', 'net.tenshu.Terminator21a9d5db22c73a993ff0b42f64b396873'), ('GIO_LAUNCHED_DESKTOP_FILE_PID', '4123'), ('NVM_DIR', '/home/deepak/.nvm'), ('IM_CONFIG_PHASE', '1'), ('ROS_DISTRO', 'foxy'), ('LOGNAME', 'deepak'), ('JOURNAL_STREAM', '8:55426'), ('_', '/usr/bin/colcon'), ('ROS_VERSION', '2'), ('XDG_SESSION_CLASS', 'user'), ('USERNAME', 'deepak'), ('TERM', 'xterm-256color'), ('GNOME_DESKTOP_SESSION_ID', 'this-is-deprecated'), ('ROS_LOCALHOST_ONLY', '0'), ('WINDOWPATH', '2'), ('PATH', '/opt/ros/foxy/bin:/home/deepak/.nvm/versions/node/v18.20.8/bin:/home/deepak/.local/bin:/usr/local/sbin:/usr/local/bin:/usr/sbin:/usr/bin:/sbin:/bin:/usr/games:/usr/local/games:/snap/bin'), ('SESSION_MANAGER', 'local/deepak-Inspiron-3501:@/tmp/.ICE-unix/2204,unix/deepak-Inspiron-3501:/tmp/.ICE-unix/2204'), ('INVOCATION_ID', 'da85f2b1d8074d13affb1bf44f8be6dd'), ('XDG_MENU_PREFIX', 'gnome-'), ('XDG_RUNTIME_DIR', '/run/user/1000'), ('DISPLAY', ':0'), ('TERMINATOR_DBUS_PATH', '/net/tenshu/Terminator2'), ('LANG', 'en_US.UTF-8'), ('XDG_CURRENT_DESKTOP', 'ubuntu:GNOME'), ('XMODIFIERS', '@im=ibus'), ('XDG_SESSION_DESKTOP', 'ubuntu'), ('XAUTHORITY', '/run/user/1000/gdm/Xauthority'), ('LS_COLORS', 'rs=0:di=01;34:ln=01;36:mh=00:pi=40;33:so=01;35:do=01;35:bd=40;33;01:cd=40;33;01:or=40;31;01:mi=00:su=37;41:sg=30;43:ca=30;41:tw=30;42:ow=34;42:st=37;44:ex=01;32:*.tar=01;31:*.tgz=01;31:*.arc=01;31:*.arj=01;31:*.taz=01;31:*.lha=01;31:*.lz4=01;31:*.lzh=01;31:*.lzma=01;31:*.tlz=01;31:*.txz=01;31:*.tzo=01;31:*.t7z=01;31:*.zip=01;31:*.z=01;31:*.dz=01;31:*.gz=01;31:*.lrz=01;31:*.lz=01;31:*.lzo=01;31:*.xz=01;31:*.zst=01;31:*.tzst=01;31:*.bz2=01;31:*.bz=01;31:*.tbz=01;31:*.tbz2=01;31:*.tz=01;31:*.deb=01;31:*.rpm=01;31:*.jar=01;31:*.war=01;31:*.ear=01;31:*.sar=01;31:*.rar=01;31:*.alz=01;31:*.ace=01;31:*.zoo=01;31:*.cpio=01;31:*.7z=01;31:*.rz=01;31:*.cab=01;31:*.wim=01;31:*.swm=01;31:*.dwm=01;31:*.esd=01;31:*.jpg=01;35:*.jpeg=01;35:*.mjpg=01;35:*.mjpeg=01;35:*.gif=01;35:*.bmp=01;35:*.pbm=01;35:*.pgm=01;35:*.ppm=01;35:*.tga=01;35:*.xbm=01;35:*.xpm=01;35:*.tif=01;35:*.tiff=01;35:*.png=01;35:*.svg=01;35:*.svgz=01;35:*.mng=01;35:*.pcx=01;35:*.mov=01;35:*.mpg=01;35:*.mpeg=01;35:*.m2v=01;35:*.mkv=01;35:*.webm=01;35:*.ogm=01;35:*.mp4=01;35:*.m4v=01;35:*.mp4v=01;35:*.vob=01;35:*.qt=01;35:*.nuv=01;35:*.wmv=01;35:*.asf=01;35:*.rm=01;35:*.rmvb=01;35:*.flc=01;35:*.avi=01;35:*.fli=01;35:*.flv=01;35:*.gl=01;35:*.dl=01;35:*.xcf=01;35:*.xwd=01;35:*.yuv=01;35:*.cgm=01;35:*.emf=01;35:*.ogv=01;35:*.ogx=01;35:*.aac=00;36:*.au=00;36:*.flac=00;36:*.m4a=00;36:*.mid=00;36:*.midi=00;36:*.mka=00;36:*.mp3=00;36:*.mpc=00;36:*.ogg=00;36:*.ra=00;36:*.wav=00;36:*.oga=00;36:*.opus=00;36:*.spx=00;36:*.xspf=00;36:'), ('SSH_AUTH_SOCK', '/run/user/1000/keyring/ssh'), ('AMENT_PREFIX_PATH', '/opt/ros/foxy'), ('SHELL', '/bin/bash'), ('TERMINATOR_UUID', 'urn:uuid:fcc518c1-d712-42cf-a147-6525ef5360a1'), ('QT_ACCESSIBILITY', '1'), ('GDMSESSION', 'ubuntu'), ('LESSCLOSE', '/usr/bin/lesspipe %s %s'), ('GPG_AGENT_INFO', '/run/user/1000/gnupg/S.gpg-agent:0:1'), ('QT_IM_MODULE', 'ibus'), ('PWD', '/home/deepak/electronic_ws/build/rtabmap_msgs'), ('LC_ALL', 'en_US.UTF-8'), ('XDG_CONFIG_DIRS', '/etc/xdg/xdg-ubuntu:/etc/xdg'), ('NVM_CD_FLAGS', ''), ('XDG_DATA_DIRS', '/usr/share/ubuntu:/usr/local/share/:/usr/share/:/var/lib/snapd/desktop'), ('PYTHONPATH', '/opt/ros/foxy/lib/python3.8/site-packages'), ('COLCON', '1'), ('VTE_VERSION', '6003')]), 'shell': False}
[3.506365] (-) TimerEvent: {}
[3.519166] (rtabmap_msgs) StdoutLine: {'line': b'[  0%] \x1b[34m\x1b[1mGenerating C code for ROS interfaces\x1b[0m\n'}
[3.519478] (rtabmap_msgs) StdoutLine: {'line': b'\x1b[35m\x1b[1mScanning dependencies of target rtabmap_msgs__cpp\x1b[0m\n'}
[3.531862] (rtabmap_msgs) StdoutLine: {'line': b'[  0%] \x1b[34m\x1b[1mGenerating C++ code for ROS interfaces\x1b[0m\n'}
[3.606554] (-) TimerEvent: {}
[3.706949] (-) TimerEvent: {}
[3.747748] (rtabmap) StdoutLine: {'line': b'-- Generating done\n'}
[3.807132] (-) TimerEvent: {}
[3.838078] (rtabmap) StdoutLine: {'line': b'-- Build files have been written to: /home/deepak/electronic_ws/build/rtabmap\n'}
[3.883925] (rtabmap) CommandEnded: {'returncode': 0}
[3.884641] (rtabmap) JobProgress: {'identifier': 'rtabmap', 'progress': 'build'}
[3.886409] (rtabmap) Command: {'cmd': ['/usr/bin/cmake', '--build', '/home/deepak/electronic_ws/build/rtabmap', '--', '-j8', '-l8'], 'cwd': '/home/deepak/electronic_ws/build/rtabmap', 'env': OrderedDict([('LESSOPEN', '| /usr/bin/lesspipe %s'), ('LANGUAGE', 'en_GB:en'), ('USER', 'deepak'), ('SSH_AGENT_PID', '2164'), ('XDG_SESSION_TYPE', 'x11'), ('SHLVL', '1'), ('LD_LIBRARY_PATH', '/usr/lib/x86_64-linux-gnu/gazebo-11/plugins:/opt/ros/foxy/opt/yaml_cpp_vendor/lib:/opt/ros/foxy/opt/rviz_ogre_vendor/lib:/opt/ros/foxy/lib/x86_64-linux-gnu:/opt/ros/foxy/lib'), ('HOME', '/home/deepak'), ('OLDPWD', '/home/deepak/electronic_ws/src'), ('DESKTOP_SESSION', 'ubuntu'), ('NVM_BIN', '/home/deepak/.nvm/versions/node/v18.20.8/bin'), ('NVM_INC', '/home/deepak/.nvm/versions/node/v18.20.8/include/node'), ('ROS_PYTHON_VERSION', '3'), ('GNOME_SHELL_SESSION_MODE', 'ubuntu'), ('GTK_MODULES', 'gail:atk-bridge'), ('MANAGERPID', '2067'), ('DBUS_SESSION_BUS_ADDRESS', 'unix:path=/run/user/1000/bus'), ('COLORTERM', 'truecolor'), ('TERMINATOR_DBUS_NAME', 'net.tenshu.Terminator21a9d5db22c73a993ff0b42f64b396873'), ('GIO_LAUNCHED_DESKTOP_FILE_PID', '4123'), ('NVM_DIR', '/home/deepak/.nvm'), ('IM_CONFIG_PHASE', '1'), ('ROS_DISTRO', 'foxy'), ('LOGNAME', 'deepak'), ('JOURNAL_STREAM', '8:55426'), ('_', '/usr/bin/colcon'), ('ROS_VERSION', '2'), ('XDG_SESSION_CLASS', 'user'), ('USERNAME', 'deepak'), ('TERM', 'xterm-256color'), ('GNOME_DESKTOP_SESSION_ID', 'this-is-deprecated'), ('ROS_LOCALHOST_ONLY', '0'), ('WINDOWPATH', '2'), ('PATH', '/opt/ros/foxy/bin:/home/deepak/.nvm/versions/node/v18.20.8/bin:/home/deepak/.local/bin:/usr/local/sbin:/usr/local/bin:/usr/sbin:/usr/bin:/sbin:/bin:/usr/games:/usr/local/games:/snap/bin'), ('SESSION_MANAGER', 'local/deepak-Inspiron-3501:@/tmp/.ICE-unix/2204,unix/deepak-Inspiron-3501:/tmp/.ICE-unix/2204'), ('INVOCATION_ID', 'da85f2b1d8074d13affb1bf44f8be6dd'), ('XDG_MENU_PREFIX', 'gnome-'), ('XDG_RUNTIME_DIR', '/run/user/1000'), ('DISPLAY', ':0'), ('TERMINATOR_DBUS_PATH', '/net/tenshu/Terminator2'), ('LANG', 'en_US.UTF-8'), ('XDG_CURRENT_DESKTOP', 'ubuntu:GNOME'), ('XMODIFIERS', '@im=ibus'), ('XDG_SESSION_DESKTOP', 'ubuntu'), ('XAUTHORITY', '/run/user/1000/gdm/Xauthority'), ('LS_COLORS', 'rs=0:di=01;34:ln=01;36:mh=00:pi=40;33:so=01;35:do=01;35:bd=40;33;01:cd=40;33;01:or=40;31;01:mi=00:su=37;41:sg=30;43:ca=30;41:tw=30;42:ow=34;42:st=37;44:ex=01;32:*.tar=01;31:*.tgz=01;31:*.arc=01;31:*.arj=01;31:*.taz=01;31:*.lha=01;31:*.lz4=01;31:*.lzh=01;31:*.lzma=01;31:*.tlz=01;31:*.txz=01;31:*.tzo=01;31:*.t7z=01;31:*.zip=01;31:*.z=01;31:*.dz=01;31:*.gz=01;31:*.lrz=01;31:*.lz=01;31:*.lzo=01;31:*.xz=01;31:*.zst=01;31:*.tzst=01;31:*.bz2=01;31:*.bz=01;31:*.tbz=01;31:*.tbz2=01;31:*.tz=01;31:*.deb=01;31:*.rpm=01;31:*.jar=01;31:*.war=01;31:*.ear=01;31:*.sar=01;31:*.rar=01;31:*.alz=01;31:*.ace=01;31:*.zoo=01;31:*.cpio=01;31:*.7z=01;31:*.rz=01;31:*.cab=01;31:*.wim=01;31:*.swm=01;31:*.dwm=01;31:*.esd=01;31:*.jpg=01;35:*.jpeg=01;35:*.mjpg=01;35:*.mjpeg=01;35:*.gif=01;35:*.bmp=01;35:*.pbm=01;35:*.pgm=01;35:*.ppm=01;35:*.tga=01;35:*.xbm=01;35:*.xpm=01;35:*.tif=01;35:*.tiff=01;35:*.png=01;35:*.svg=01;35:*.svgz=01;35:*.mng=01;35:*.pcx=01;35:*.mov=01;35:*.mpg=01;35:*.mpeg=01;35:*.m2v=01;35:*.mkv=01;35:*.webm=01;35:*.ogm=01;35:*.mp4=01;35:*.m4v=01;35:*.mp4v=01;35:*.vob=01;35:*.qt=01;35:*.nuv=01;35:*.wmv=01;35:*.asf=01;35:*.rm=01;35:*.rmvb=01;35:*.flc=01;35:*.avi=01;35:*.fli=01;35:*.flv=01;35:*.gl=01;35:*.dl=01;35:*.xcf=01;35:*.xwd=01;35:*.yuv=01;35:*.cgm=01;35:*.emf=01;35:*.ogv=01;35:*.ogx=01;35:*.aac=00;36:*.au=00;36:*.flac=00;36:*.m4a=00;36:*.mid=00;36:*.midi=00;36:*.mka=00;36:*.mp3=00;36:*.mpc=00;36:*.ogg=00;36:*.ra=00;36:*.wav=00;36:*.oga=00;36:*.opus=00;36:*.spx=00;36:*.xspf=00;36:'), ('SSH_AUTH_SOCK', '/run/user/1000/keyring/ssh'), ('AMENT_PREFIX_PATH', '/opt/ros/foxy'), ('SHELL', '/bin/bash'), ('TERMINATOR_UUID', 'urn:uuid:fcc518c1-d712-42cf-a147-6525ef5360a1'), ('QT_ACCESSIBILITY', '1'), ('GDMSESSION', 'ubuntu'), ('LESSCLOSE', '/usr/bin/lesspipe %s %s'), ('GPG_AGENT_INFO', '/run/user/1000/gnupg/S.gpg-agent:0:1'), ('QT_IM_MODULE', 'ibus'), ('PWD', '/home/deepak/electronic_ws/build/rtabmap'), ('LC_ALL', 'en_US.UTF-8'), ('XDG_CONFIG_DIRS', '/etc/xdg/xdg-ubuntu:/etc/xdg'), ('NVM_CD_FLAGS', ''), ('XDG_DATA_DIRS', '/usr/share/ubuntu:/usr/local/share/:/usr/share/:/var/lib/snapd/desktop'), ('PYTHONPATH', '/opt/ros/foxy/lib/python3.8/site-packages'), ('COLCON', '1'), ('VTE_VERSION', '6003'), ('CMAKE_PREFIX_PATH', '/opt/ros/foxy')]), 'shell': False}
[3.907342] (-) TimerEvent: {}
[3.928277] (rtabmap) StdoutLine: {'line': b'\x1b[35m\x1b[1mScanning dependencies of target rtabmap_utilite\x1b[0m\n'}
[3.946823] (rtabmap) StdoutLine: {'line': b'[  0%] \x1b[32mBuilding CXX object utilite/src/CMakeFiles/rtabmap_utilite.dir/UEventsHandler.cpp.o\x1b[0m\n'}
[3.947991] (rtabmap) StdoutLine: {'line': b'[  2%] \x1b[32mBuilding CXX object utilite/src/CMakeFiles/rtabmap_utilite.dir/UEventsManager.cpp.o\x1b[0m\n'}
[3.948640] (rtabmap) StdoutLine: {'line': b'[  2%] \x1b[32mBuilding CXX object utilite/src/CMakeFiles/rtabmap_utilite.dir/UEventsSender.cpp.o\x1b[0m\n'}
[3.954813] (rtabmap) StdoutLine: {'line': b'[  2%] \x1b[32mBuilding CXX object utilite/src/CMakeFiles/rtabmap_utilite.dir/UFile.cpp.o\x1b[0m\n'}
[3.959244] (rtabmap) StdoutLine: {'line': b'[  3%] \x1b[32mBuilding CXX object utilite/src/CMakeFiles/rtabmap_utilite.dir/UConversion.cpp.o\x1b[0m\n'}
[3.962172] (rtabmap) StdoutLine: {'line': b'[  3%] \x1b[32mBuilding CXX object utilite/src/CMakeFiles/rtabmap_utilite.dir/ULogger.cpp.o\x1b[0m\n'}
[3.964875] (rtabmap) StdoutLine: {'line': b'[  4%] \x1b[32mBuilding CXX object utilite/src/CMakeFiles/rtabmap_utilite.dir/UThread.cpp.o\x1b[0m\n'}
[3.966164] (rtabmap) StdoutLine: {'line': b'[  4%] \x1b[32mBuilding CXX object utilite/src/CMakeFiles/rtabmap_utilite.dir/UDirectory.cpp.o\x1b[0m\n'}
[4.007493] (-) TimerEvent: {}
[4.108067] (-) TimerEvent: {}
[4.208521] (-) TimerEvent: {}
[4.308946] (-) TimerEvent: {}
[4.409518] (-) TimerEvent: {}
[4.510044] (-) TimerEvent: {}
[4.610469] (-) TimerEvent: {}
[4.612533] (rtabmap) StdoutLine: {'line': b'[  4%] \x1b[32mBuilding CXX object utilite/src/CMakeFiles/rtabmap_utilite.dir/UTimer.cpp.o\x1b[0m\n'}
[4.710609] (-) TimerEvent: {}
[4.719715] (rtabmap) StdoutLine: {'line': b'[  4%] \x1b[32mBuilding CXX object utilite/src/CMakeFiles/rtabmap_utilite.dir/UProcessInfo.cpp.o\x1b[0m\n'}
[4.770474] (rtabmap) StdoutLine: {'line': b'[  5%] \x1b[32mBuilding CXX object utilite/src/CMakeFiles/rtabmap_utilite.dir/UVariant.cpp.o\x1b[0m\n'}
[4.810785] (-) TimerEvent: {}
[4.911425] (-) TimerEvent: {}
[5.012106] (-) TimerEvent: {}
[5.112692] (-) TimerEvent: {}
[5.213312] (-) TimerEvent: {}
[5.276507] (astra_camera_msgs) StdoutLine: {'line': b'[  2%] Built target astra_camera_msgs__cpp\n'}
[5.313429] (-) TimerEvent: {}
[5.338374] (astra_camera_msgs) StdoutLine: {'line': b'[  3%] \x1b[34m\x1b[1mGenerating C++ introspection for ROS interfaces\x1b[0m\n'}
[5.358847] (astra_camera_msgs) StdoutLine: {'line': b'[  4%] \x1b[34m\x1b[1mGenerating C++ type support for eProsima Fast-RTPS\x1b[0m\n'}
[5.360483] (astra_camera_msgs) StdoutLine: {'line': b'[  5%] \x1b[34m\x1b[1mGenerating C++ type support dispatch for ROS interfaces\x1b[0m\n'}
[5.413551] (-) TimerEvent: {}
[5.414008] (astra_camera_msgs) StdoutLine: {'line': b'\x1b[35m\x1b[1mScanning dependencies of target astra_camera_msgs__rosidl_generator_c\x1b[0m\n'}
[5.513144] (astra_camera_msgs) StdoutLine: {'line': b'[  6%] \x1b[32mBuilding C object CMakeFiles/astra_camera_msgs__rosidl_generator_c.dir/rosidl_generator_c/astra_camera_msgs/msg/detail/device_info__functions.c.o\x1b[0m\n'}
[5.513624] (-) TimerEvent: {}
[5.520733] (astra_camera_msgs) StdoutLine: {'line': b'[  7%] \x1b[32mBuilding C object CMakeFiles/astra_camera_msgs__rosidl_generator_c.dir/rosidl_generator_c/astra_camera_msgs/msg/detail/extrinsics__functions.c.o\x1b[0m\n'}
[5.536385] (astra_camera_msgs) StdoutLine: {'line': b'[  8%] \x1b[32mBuilding C object CMakeFiles/astra_camera_msgs__rosidl_generator_c.dir/rosidl_generator_c/astra_camera_msgs/msg/detail/metadata__functions.c.o\x1b[0m\n'}
[5.561095] (astra_camera_msgs) StdoutLine: {'line': b'[  9%] \x1b[32mBuilding C object CMakeFiles/astra_camera_msgs__rosidl_generator_c.dir/rosidl_generator_c/astra_camera_msgs/srv/detail/get_device_info__functions.c.o\x1b[0m\n'}
[5.572299] (astra_camera_msgs) StdoutLine: {'line': b'[ 10%] \x1b[32mBuilding C object CMakeFiles/astra_camera_msgs__rosidl_generator_c.dir/rosidl_generator_c/astra_camera_msgs/srv/detail/get_camera_info__functions.c.o\x1b[0m\n'}
[5.613762] (-) TimerEvent: {}
[5.714185] (-) TimerEvent: {}
[5.736736] (astra_camera_msgs) StdoutLine: {'line': b'[ 11%] \x1b[32mBuilding C object CMakeFiles/astra_camera_msgs__rosidl_generator_c.dir/rosidl_generator_c/astra_camera_msgs/srv/detail/get_camera_params__functions.c.o\x1b[0m\n'}
[5.754222] (astra_camera_msgs) StdoutLine: {'line': b'[ 12%] \x1b[32mBuilding C object CMakeFiles/astra_camera_msgs__rosidl_generator_c.dir/rosidl_generator_c/astra_camera_msgs/srv/detail/get_string__functions.c.o\x1b[0m\n'}
[5.776710] (astra_camera_msgs) StdoutLine: {'line': b'[ 13%] \x1b[32mBuilding C object CMakeFiles/astra_camera_msgs__rosidl_generator_c.dir/rosidl_generator_c/astra_camera_msgs/srv/detail/get_int32__functions.c.o\x1b[0m\n'}
[5.814306] (-) TimerEvent: {}
[5.819159] (astra_camera_msgs) StdoutLine: {'line': b'[ 14%] \x1b[32mBuilding C object CMakeFiles/astra_camera_msgs__rosidl_generator_c.dir/rosidl_generator_c/astra_camera_msgs/srv/detail/set_int32__functions.c.o\x1b[0m\n'}
[5.914420] (-) TimerEvent: {}
[5.953715] (astra_camera_msgs) StdoutLine: {'line': b'[ 15%] \x1b[32m\x1b[1mLinking C shared library libastra_camera_msgs__rosidl_generator_c.so\x1b[0m\n'}
[6.014534] (-) TimerEvent: {}
[6.043972] (astra_camera_msgs) StdoutLine: {'line': b'[ 15%] Built target astra_camera_msgs__rosidl_generator_c\n'}
[6.064512] (astra_camera_msgs) StdoutLine: {'line': b'[ 16%] \x1b[34m\x1b[1mGenerating C introspection for ROS interfaces\x1b[0m\n'}
[6.091887] (astra_camera_msgs) StdoutLine: {'line': b'[ 17%] \x1b[34m\x1b[1mGenerating C type support dispatch for ROS interfaces\x1b[0m\n'}
[6.114641] (-) TimerEvent: {}
[6.215130] (-) TimerEvent: {}
[6.303522] (rtabmap) StdoutLine: {'line': b'[  5%] \x1b[32m\x1b[1mLinking CXX shared library ../../bin/librtabmap_utilite.so\x1b[0m\n'}
[6.315230] (-) TimerEvent: {}
[6.415601] (-) TimerEvent: {}
[6.486319] (rtabmap) StdoutLine: {'line': b'[  5%] Built target rtabmap_utilite\n'}
[6.486658] (astra_camera_msgs) StdoutLine: {'line': b'\x1b[35m\x1b[1mScanning dependencies of target astra_camera_msgs__rosidl_typesupport_cpp\x1b[0m\n'}
[6.499376] (rtabmap) StdoutLine: {'line': b'\x1b[35m\x1b[1mScanning dependencies of target res_tool\x1b[0m\n'}
[6.515705] (-) TimerEvent: {}
[6.517396] (astra_camera_msgs) StdoutLine: {'line': b'[ 18%] \x1b[32mBuilding CXX object CMakeFiles/astra_camera_msgs__rosidl_typesupport_cpp.dir/rosidl_typesupport_cpp/astra_camera_msgs/msg/metadata__type_support.cpp.o\x1b[0m\n'}
[6.525563] (astra_camera_msgs) StdoutLine: {'line': b'[ 20%] \x1b[32mBuilding CXX object CMakeFiles/astra_camera_msgs__rosidl_typesupport_cpp.dir/rosidl_typesupport_cpp/astra_camera_msgs/msg/extrinsics__type_support.cpp.o\x1b[0m\n'}
[6.530098] (astra_camera_msgs) StdoutLine: {'line': b'[ 21%] \x1b[32mBuilding CXX object CMakeFiles/astra_camera_msgs__rosidl_typesupport_cpp.dir/rosidl_typesupport_cpp/astra_camera_msgs/msg/device_info__type_support.cpp.o\x1b[0m\n'}
[6.534771] (astra_camera_msgs) StdoutLine: {'line': b'[ 22%] \x1b[32mBuilding CXX object CMakeFiles/astra_camera_msgs__rosidl_typesupport_cpp.dir/rosidl_typesupport_cpp/astra_camera_msgs/srv/get_device_info__type_support.cpp.o\x1b[0m\n'}
[6.546798] (rtabmap) StdoutLine: {'line': b'[  5%] \x1b[32mBuilding CXX object utilite/resource_generator/CMakeFiles/res_tool.dir/main.cpp.o\x1b[0m\n'}
[6.615817] (-) TimerEvent: {}
[6.716227] (-) TimerEvent: {}
[6.816752] (-) TimerEvent: {}
[6.917286] (-) TimerEvent: {}
[7.017798] (-) TimerEvent: {}
[7.118339] (-) TimerEvent: {}
[7.172121] (astra_camera_msgs) StdoutLine: {'line': b'\x1b[35m\x1b[1mScanning dependencies of target astra_camera_msgs__rosidl_typesupport_c\x1b[0m\n'}
[7.180940] (astra_camera_msgs) StdoutLine: {'line': b'\x1b[35m\x1b[1mScanning dependencies of target astra_camera_msgs__rosidl_typesupport_introspection_cpp\x1b[0m\n'}
[7.190495] (astra_camera_msgs) StdoutLine: {'line': b'[ 23%] \x1b[32mBuilding CXX object CMakeFiles/astra_camera_msgs__rosidl_typesupport_cpp.dir/rosidl_typesupport_cpp/astra_camera_msgs/srv/get_camera_info__type_support.cpp.o\x1b[0m\n'}
[7.196757] (astra_camera_msgs) StdoutLine: {'line': b'[ 24%] \x1b[32mBuilding CXX object CMakeFiles/astra_camera_msgs__rosidl_typesupport_cpp.dir/rosidl_typesupport_cpp/astra_camera_msgs/srv/get_camera_params__type_support.cpp.o\x1b[0m\n'}
[7.206054] (astra_camera_msgs) StdoutLine: {'line': b'\x1b[35m\x1b[1mScanning dependencies of target astra_camera_msgs__rosidl_typesupport_fastrtps_cpp\x1b[0m\n'}
[7.213006] (astra_camera_msgs) StdoutLine: {'line': b'[ 25%] \x1b[32mBuilding CXX object CMakeFiles/astra_camera_msgs__rosidl_typesupport_cpp.dir/rosidl_typesupport_cpp/astra_camera_msgs/srv/get_int32__type_support.cpp.o\x1b[0m\n'}
[7.218452] (-) TimerEvent: {}
[7.225490] (astra_camera_msgs) StdoutLine: {'line': b'[ 26%] \x1b[32mBuilding CXX object CMakeFiles/astra_camera_msgs__rosidl_typesupport_cpp.dir/rosidl_typesupport_cpp/astra_camera_msgs/srv/get_string__type_support.cpp.o\x1b[0m\n'}
[7.242027] (astra_camera_msgs) StdoutLine: {'line': b'[ 27%] \x1b[32mBuilding CXX object CMakeFiles/astra_camera_msgs__rosidl_typesupport_c.dir/rosidl_typesupport_c/astra_camera_msgs/msg/device_info__type_support.cpp.o\x1b[0m\n'}
[7.264598] (astra_camera_msgs) StdoutLine: {'line': b'[ 28%] \x1b[32mBuilding CXX object CMakeFiles/astra_camera_msgs__rosidl_typesupport_introspection_cpp.dir/rosidl_typesupport_introspection_cpp/astra_camera_msgs/msg/detail/device_info__type_support.cpp.o\x1b[0m\n'}
[7.265458] (astra_camera_msgs) StdoutLine: {'line': b'[ 29%] \x1b[32mBuilding CXX object CMakeFiles/astra_camera_msgs__rosidl_typesupport_fastrtps_cpp.dir/rosidl_typesupport_fastrtps_cpp/astra_camera_msgs/msg/detail/dds_fastrtps/device_info__type_support.cpp.o\x1b[0m\n'}
[7.318569] (-) TimerEvent: {}
[7.415266] (astra_camera_msgs) StdoutLine: {'line': b'[ 30%] \x1b[32mBuilding CXX object CMakeFiles/astra_camera_msgs__rosidl_typesupport_c.dir/rosidl_typesupport_c/astra_camera_msgs/msg/extrinsics__type_support.cpp.o\x1b[0m\n'}
[7.418683] (-) TimerEvent: {}
[7.519107] (-) TimerEvent: {}
[7.576675] (astra_camera_msgs) StdoutLine: {'line': b'[ 31%] \x1b[32mBuilding CXX object CMakeFiles/astra_camera_msgs__rosidl_typesupport_c.dir/rosidl_typesupport_c/astra_camera_msgs/msg/metadata__type_support.cpp.o\x1b[0m\n'}
[7.619249] (-) TimerEvent: {}
[7.719965] (-) TimerEvent: {}
[7.743918] (astra_camera_msgs) StdoutLine: {'line': b'[ 32%] \x1b[32mBuilding CXX object CMakeFiles/astra_camera_msgs__rosidl_typesupport_c.dir/rosidl_typesupport_c/astra_camera_msgs/srv/get_device_info__type_support.cpp.o\x1b[0m\n'}
[7.814113] (astra_camera_msgs) StdoutLine: {'line': b'[ 33%] \x1b[32mBuilding CXX object CMakeFiles/astra_camera_msgs__rosidl_typesupport_introspection_cpp.dir/rosidl_typesupport_introspection_cpp/astra_camera_msgs/msg/detail/extrinsics__type_support.cpp.o\x1b[0m\n'}
[7.820095] (-) TimerEvent: {}
[7.853207] (astra_camera_msgs) StdoutLine: {'line': b'[ 34%] \x1b[32mBuilding CXX object CMakeFiles/astra_camera_msgs__rosidl_typesupport_c.dir/rosidl_typesupport_c/astra_camera_msgs/srv/get_camera_info__type_support.cpp.o\x1b[0m\n'}
[7.874624] (astra_camera_msgs) StdoutLine: {'line': b'\x1b[35m\x1b[1mScanning dependencies of target astra_camera_msgs__rosidl_typesupport_introspection_c\x1b[0m\n'}
[7.918124] (astra_camera_msgs) StdoutLine: {'line': b'[ 35%] \x1b[32mBuilding CXX object CMakeFiles/astra_camera_msgs__rosidl_typesupport_c.dir/rosidl_typesupport_c/astra_camera_msgs/srv/get_camera_params__type_support.cpp.o\x1b[0m\n'}
[7.920200] (-) TimerEvent: {}
[7.928552] (astra_camera_msgs) StdoutLine: {'line': b'[ 36%] \x1b[32mBuilding CXX object CMakeFiles/astra_camera_msgs__rosidl_typesupport_cpp.dir/rosidl_typesupport_cpp/astra_camera_msgs/srv/set_int32__type_support.cpp.o\x1b[0m\n'}
[7.948791] (astra_camera_msgs) StdoutLine: {'line': b'[ 37%] \x1b[32mBuilding C object CMakeFiles/astra_camera_msgs__rosidl_typesupport_introspection_c.dir/rosidl_typesupport_introspection_c/astra_camera_msgs/msg/detail/device_info__type_support.c.o\x1b[0m\n'}
[7.967887] (astra_camera_msgs) StdoutLine: {'line': b'[ 38%] \x1b[32mBuilding CXX object CMakeFiles/astra_camera_msgs__rosidl_typesupport_introspection_cpp.dir/rosidl_typesupport_introspection_cpp/astra_camera_msgs/msg/detail/metadata__type_support.cpp.o\x1b[0m\n'}
[7.984965] (astra_camera_msgs) StdoutLine: {'line': b'[ 40%] \x1b[32mBuilding CXX object CMakeFiles/astra_camera_msgs__rosidl_typesupport_introspection_cpp.dir/rosidl_typesupport_introspection_cpp/astra_camera_msgs/srv/detail/get_device_info__type_support.cpp.o\x1b[0m\n'}
[8.003953] (astra_camera_msgs) StdoutLine: {'line': b'[ 41%] \x1b[32mBuilding CXX object CMakeFiles/astra_camera_msgs__rosidl_typesupport_c.dir/rosidl_typesupport_c/astra_camera_msgs/srv/get_int32__type_support.cpp.o\x1b[0m\n'}
[8.020326] (-) TimerEvent: {}
[8.028401] (rtabmap) StdoutLine: {'line': b'[  6%] \x1b[32m\x1b[1mLinking CXX executable ../../bin/rtabmap-res_tool\x1b[0m\n'}
[8.031689] (astra_camera_msgs) StdoutLine: {'line': b'[ 42%] \x1b[32mBuilding C object CMakeFiles/astra_camera_msgs__rosidl_typesupport_introspection_c.dir/rosidl_typesupport_introspection_c/astra_camera_msgs/msg/detail/extrinsics__type_support.c.o\x1b[0m\n'}
[8.066944] (astra_camera_msgs) StdoutLine: {'line': b'[ 43%] \x1b[32mBuilding CXX object CMakeFiles/astra_camera_msgs__rosidl_typesupport_c.dir/rosidl_typesupport_c/astra_camera_msgs/srv/get_string__type_support.cpp.o\x1b[0m\n'}
[8.075939] (astra_camera_msgs) StdoutLine: {'line': b'[ 44%] \x1b[32mBuilding C object CMakeFiles/astra_camera_msgs__rosidl_typesupport_introspection_c.dir/rosidl_typesupport_introspection_c/astra_camera_msgs/msg/detail/metadata__type_support.c.o\x1b[0m\n'}
[8.120456] (-) TimerEvent: {}
[8.128051] (astra_camera_msgs) StdoutLine: {'line': b'[ 45%] \x1b[32mBuilding C object CMakeFiles/astra_camera_msgs__rosidl_typesupport_introspection_c.dir/rosidl_typesupport_introspection_c/astra_camera_msgs/srv/detail/get_device_info__type_support.c.o\x1b[0m\n'}
[8.152091] (astra_camera_msgs) StdoutLine: {'line': b'[ 46%] \x1b[32mBuilding CXX object CMakeFiles/astra_camera_msgs__rosidl_typesupport_fastrtps_cpp.dir/rosidl_typesupport_fastrtps_cpp/astra_camera_msgs/msg/detail/dds_fastrtps/extrinsics__type_support.cpp.o\x1b[0m\n'}
[8.181093] (astra_camera_msgs) StdoutLine: {'line': b'[ 47%] \x1b[32mBuilding CXX object CMakeFiles/astra_camera_msgs__rosidl_typesupport_c.dir/rosidl_typesupport_c/astra_camera_msgs/srv/set_int32__type_support.cpp.o\x1b[0m\n'}
[8.220592] (-) TimerEvent: {}
[8.264630] (astra_camera_msgs) StdoutLine: {'line': b'[ 48%] \x1b[32mBuilding C object CMakeFiles/astra_camera_msgs__rosidl_typesupport_introspection_c.dir/rosidl_typesupport_introspection_c/astra_camera_msgs/srv/detail/get_camera_info__type_support.c.o\x1b[0m\n'}
[8.280784] (astra_camera_msgs) StdoutLine: {'line': b'[ 49%] \x1b[32mBuilding C object CMakeFiles/astra_camera_msgs__rosidl_typesupport_introspection_c.dir/rosidl_typesupport_introspection_c/astra_camera_msgs/srv/detail/get_camera_params__type_support.c.o\x1b[0m\n'}
[8.320728] (-) TimerEvent: {}
[8.337134] (astra_camera_msgs) StdoutLine: {'line': b'[ 50%] \x1b[32m\x1b[1mLinking CXX shared library libastra_camera_msgs__rosidl_typesupport_c.so\x1b[0m\n'}
[8.337401] (rtabmap) StdoutLine: {'line': b'[  6%] Built target res_tool\n'}
[8.392671] (astra_camera_msgs) StdoutLine: {'line': b'[ 51%] \x1b[32mBuilding C object CMakeFiles/astra_camera_msgs__rosidl_typesupport_introspection_c.dir/rosidl_typesupport_introspection_c/astra_camera_msgs/srv/detail/get_string__type_support.c.o\x1b[0m\n'}
[8.412714] (rtabmap) StdoutLine: {'line': b'[  6%] \x1b[34m\x1b[1m[Creating resources]\x1b[0m\n'}
[8.415377] (astra_camera_msgs) StdoutLine: {'line': b'[ 52%] \x1b[32mBuilding C object CMakeFiles/astra_camera_msgs__rosidl_typesupport_introspection_c.dir/rosidl_typesupport_introspection_c/astra_camera_msgs/srv/detail/get_int32__type_support.c.o\x1b[0m\n'}
[8.420853] (-) TimerEvent: {}
[8.431784] (rtabmap) StdoutLine: {'line': b' Using namespace=rtabmap\n'}
[8.432108] (rtabmap) StdoutLine: {'line': b' Using target directory=/home/deepak/electronic_ws/build/rtabmap/corelib/src\n'}
[8.432219] (rtabmap) StdoutLine: {'line': b'Input file "/home/deepak/electronic_ws/src/rtabmap/corelib/src/resources/DatabaseSchema.sql" size = 6020 bytes\n'}
[8.432320] (rtabmap) StdoutLine: {'line': b'Output file "/home/deepak/electronic_ws/build/rtabmap/corelib/src/DatabaseSchema_sql.h" size = 12267 bytes\n'}
[8.445139] (rtabmap) StdoutLine: {'line': b'Input file "/home/deepak/electronic_ws/src/rtabmap/corelib/src/resources/backward_compatibility/DatabaseSchema_0_22_0.sql" size = 5963 bytes\n'}
[8.445451] (rtabmap) StdoutLine: {'line': b'Output file "/home/deepak/electronic_ws/build/rtabmap/corelib/src/DatabaseSchema_0_22_0_sql.h" size = 12181 bytes\n'}
[8.445606] (rtabmap) StdoutLine: {'line': b'Input file "/home/deepak/electronic_ws/src/rtabmap/corelib/src/resources/backward_compatibility/DatabaseSchema_0_20_0.sql" size = 5900 bytes\n'}
[8.445791] (rtabmap) StdoutLine: {'line': b'Output file "/home/deepak/electronic_ws/build/rtabmap/corelib/src/DatabaseSchema_0_20_0_sql.h" size = 12055 bytes\n'}
[8.445965] (rtabmap) StdoutLine: {'line': b'Input file "/home/deepak/electronic_ws/src/rtabmap/corelib/src/resources/backward_compatibility/DatabaseSchema_0_18_3.sql" size = 5749 bytes\n'}
[8.446215] (rtabmap) StdoutLine: {'line': b'Output file "/home/deepak/electronic_ws/build/rtabmap/corelib/src/DatabaseSchema_0_18_3_sql.h" size = 11753 bytes\n'}
[8.446488] (rtabmap) StdoutLine: {'line': b'Input file "/home/deepak/electronic_ws/src/rtabmap/corelib/src/resources/backward_compatibility/DatabaseSchema_0_18_0.sql" size = 5749 bytes\n'}
[8.446752] (rtabmap) StdoutLine: {'line': b'Output file "/home/deepak/electronic_ws/build/rtabmap/corelib/src/DatabaseSchema_0_18_0_sql.h" size = 11753 bytes\n'}
[8.447099] (rtabmap) StdoutLine: {'line': b'Input file "/home/deepak/electronic_ws/src/rtabmap/corelib/src/resources/backward_compatibility/DatabaseSchema_0_17_0.sql" size = 5432 bytes\n'}
[8.447365] (rtabmap) StdoutLine: {'line': b'Output file "/home/deepak/electronic_ws/build/rtabmap/corelib/src/DatabaseSchema_0_17_0_sql.h" size = 11119 bytes\n'}
[8.447565] (rtabmap) StdoutLine: {'line': b'Input file "/home/deepak/electronic_ws/src/rtabmap/corelib/src/resources/backward_compatibility/DatabaseSchema_0_16_2.sql" size = 5362 bytes\n'}
[8.450093] (rtabmap) StdoutLine: {'line': b'Output file "/home/deepak/electronic_ws/build/rtabmap/corelib/src/DatabaseSchema_0_16_2_sql.h" size = 10979 bytes\n'}
[8.450453] (rtabmap) StdoutLine: {'line': b'Input file "/home/deepak/electronic_ws/src/rtabmap/corelib/src/resources/backward_compatibility/DatabaseSchema_0_16_1.sql" size = 5286 bytes\n'}
[8.450751] (rtabmap) StdoutLine: {'line': b'Output file "/home/deepak/electronic_ws/build/rtabmap/corelib/src/DatabaseSchema_0_16_1_sql.h" size = 10827 bytes\n'}
[8.450968] (rtabmap) StdoutLine: {'line': b'Input file "/home/deepak/electronic_ws/src/rtabmap/corelib/src/resources/backward_compatibility/DatabaseSchema_0_16_0.sql" size = 5273 bytes\n'}
[8.451236] (rtabmap) StdoutLine: {'line': b'Output file "/home/deepak/electronic_ws/build/rtabmap/corelib/src/DatabaseSchema_0_16_0_sql.h" size = 10801 bytes\n'}
[8.473266] (astra_camera_msgs) StdoutLine: {'line': b'[ 53%] \x1b[32mBuilding C object CMakeFiles/astra_camera_msgs__rosidl_typesupport_introspection_c.dir/rosidl_typesupport_introspection_c/astra_camera_msgs/srv/detail/set_int32__type_support.c.o\x1b[0m\n'}
[8.518146] (astra_camera_msgs) StdoutLine: {'line': b'[ 54%] \x1b[32mBuilding CXX object CMakeFiles/astra_camera_msgs__rosidl_typesupport_introspection_cpp.dir/rosidl_typesupport_introspection_cpp/astra_camera_msgs/srv/detail/get_camera_info__type_support.cpp.o\x1b[0m\n'}
[8.520964] (-) TimerEvent: {}
[8.541759] (astra_camera_msgs) StdoutLine: {'line': b'[ 54%] Built target astra_camera_msgs__rosidl_typesupport_c\n'}
[8.546538] (astra_camera_msgs) StdoutLine: {'line': b'[ 55%] \x1b[32mBuilding CXX object CMakeFiles/astra_camera_msgs__rosidl_typesupport_introspection_cpp.dir/rosidl_typesupport_introspection_cpp/astra_camera_msgs/srv/detail/get_camera_params__type_support.cpp.o\x1b[0m\n'}
[8.554872] (astra_camera_msgs) StdoutLine: {'line': b'[ 56%] \x1b[32mBuilding CXX object CMakeFiles/astra_camera_msgs__rosidl_typesupport_fastrtps_cpp.dir/rosidl_typesupport_fastrtps_cpp/astra_camera_msgs/msg/detail/dds_fastrtps/metadata__type_support.cpp.o\x1b[0m\n'}
[8.556681] (astra_camera_msgs) StdoutLine: {'line': b'[ 57%] \x1b[32m\x1b[1mLinking CXX shared library libastra_camera_msgs__rosidl_typesupport_cpp.so\x1b[0m\n'}
[8.571066] (astra_camera_msgs) StdoutLine: {'line': b'[ 58%] \x1b[32m\x1b[1mLinking C shared library libastra_camera_msgs__rosidl_typesupport_introspection_c.so\x1b[0m\n'}
[8.576819] (astra_camera_msgs) StdoutLine: {'line': b'[ 60%] \x1b[32mBuilding CXX object CMakeFiles/astra_camera_msgs__rosidl_typesupport_introspection_cpp.dir/rosidl_typesupport_introspection_cpp/astra_camera_msgs/srv/detail/get_int32__type_support.cpp.o\x1b[0m\n'}
[8.589224] (astra_camera_msgs) StdoutLine: {'line': b'[ 61%] \x1b[32mBuilding CXX object CMakeFiles/astra_camera_msgs__rosidl_typesupport_introspection_cpp.dir/rosidl_typesupport_introspection_cpp/astra_camera_msgs/srv/detail/get_string__type_support.cpp.o\x1b[0m\n'}
[8.590473] (rtabmap) StdoutLine: {'line': b'\x1b[35m\x1b[1mScanning dependencies of target rtabmap_core\x1b[0m\n'}
[8.621093] (-) TimerEvent: {}
[8.721506] (-) TimerEvent: {}
[8.724222] (astra_camera_msgs) StdoutLine: {'line': b'[ 61%] Built target astra_camera_msgs__rosidl_typesupport_cpp\n'}
[8.749072] (astra_camera_msgs) StdoutLine: {'line': b'[ 61%] Built target astra_camera_msgs__rosidl_typesupport_introspection_c\n'}
[8.775357] (astra_camera_msgs) StdoutLine: {'line': b'[ 62%] \x1b[32mBuilding CXX object CMakeFiles/astra_camera_msgs__rosidl_typesupport_fastrtps_cpp.dir/rosidl_typesupport_fastrtps_cpp/astra_camera_msgs/srv/detail/dds_fastrtps/get_device_info__type_support.cpp.o\x1b[0m\n'}
[8.791617] (astra_camera_msgs) StdoutLine: {'line': b'[ 63%] \x1b[32mBuilding CXX object CMakeFiles/astra_camera_msgs__rosidl_typesupport_fastrtps_cpp.dir/rosidl_typesupport_fastrtps_cpp/astra_camera_msgs/srv/detail/dds_fastrtps/get_camera_info__type_support.cpp.o\x1b[0m\n'}
[8.821623] (-) TimerEvent: {}
[8.832029] (astra_camera_msgs) StdoutLine: {'line': b'[ 64%] \x1b[32mBuilding CXX object CMakeFiles/astra_camera_msgs__rosidl_typesupport_fastrtps_cpp.dir/rosidl_typesupport_fastrtps_cpp/astra_camera_msgs/srv/detail/dds_fastrtps/get_camera_params__type_support.cpp.o\x1b[0m\n'}
[8.921729] (-) TimerEvent: {}
[9.022132] (-) TimerEvent: {}
[9.120330] (astra_camera_msgs) StdoutLine: {'line': b'[ 65%] \x1b[32mBuilding CXX object CMakeFiles/astra_camera_msgs__rosidl_typesupport_fastrtps_cpp.dir/rosidl_typesupport_fastrtps_cpp/astra_camera_msgs/srv/detail/dds_fastrtps/get_int32__type_support.cpp.o\x1b[0m\n'}
[9.122232] (-) TimerEvent: {}
[9.218437] (astra_camera_msgs) StdoutLine: {'line': b'[ 66%] \x1b[32mBuilding CXX object CMakeFiles/astra_camera_msgs__rosidl_typesupport_introspection_cpp.dir/rosidl_typesupport_introspection_cpp/astra_camera_msgs/srv/detail/set_int32__type_support.cpp.o\x1b[0m\n'}
[9.222340] (-) TimerEvent: {}
[9.319571] (astra_camera_msgs) StdoutLine: {'line': b'[ 67%] \x1b[32mBuilding CXX object CMakeFiles/astra_camera_msgs__rosidl_typesupport_fastrtps_cpp.dir/rosidl_typesupport_fastrtps_cpp/astra_camera_msgs/srv/detail/dds_fastrtps/get_string__type_support.cpp.o\x1b[0m\n'}
[9.322454] (-) TimerEvent: {}
[9.367322] (astra_camera_msgs) StdoutLine: {'line': b'[ 68%] \x1b[32mBuilding CXX object CMakeFiles/astra_camera_msgs__rosidl_typesupport_fastrtps_cpp.dir/rosidl_typesupport_fastrtps_cpp/astra_camera_msgs/srv/detail/dds_fastrtps/set_int32__type_support.cpp.o\x1b[0m\n'}
[9.422570] (-) TimerEvent: {}
[9.523077] (-) TimerEvent: {}
[9.623583] (-) TimerEvent: {}
[9.723989] (-) TimerEvent: {}
[9.779530] (astra_camera_msgs) StdoutLine: {'line': b'[ 69%] \x1b[32m\x1b[1mLinking CXX shared library libastra_camera_msgs__rosidl_typesupport_introspection_cpp.so\x1b[0m\n'}
[9.824124] (-) TimerEvent: {}
[9.916163] (astra_camera_msgs) StdoutLine: {'line': b'[ 69%] Built target astra_camera_msgs__rosidl_typesupport_introspection_cpp\n'}
[9.924240] (-) TimerEvent: {}
[10.024658] (-) TimerEvent: {}
[10.124985] (-) TimerEvent: {}
[10.125725] (astra_camera_msgs) StdoutLine: {'line': b'[ 70%] \x1b[32m\x1b[1mLinking CXX shared library libastra_camera_msgs__rosidl_typesupport_fastrtps_cpp.so\x1b[0m\n'}
[10.225098] (-) TimerEvent: {}
[10.229137] (astra_camera_msgs) StdoutLine: {'line': b'[ 70%] Built target astra_camera_msgs__rosidl_typesupport_fastrtps_cpp\n'}
[10.241373] (astra_camera_msgs) StdoutLine: {'line': b'[ 71%] \x1b[34m\x1b[1mGenerating C type support for eProsima Fast-RTPS\x1b[0m\n'}
[10.325229] (-) TimerEvent: {}
[10.425776] (-) TimerEvent: {}
[10.526182] (-) TimerEvent: {}
[10.626578] (-) TimerEvent: {}
[10.722047] (rtabmap_msgs) StdoutLine: {'line': b'[  0%] Built target rtabmap_msgs__cpp\n'}
[10.726683] (-) TimerEvent: {}
[10.739106] (rtabmap_msgs) StdoutLine: {'line': b'[  1%] \x1b[34m\x1b[1mGenerating C++ introspection for ROS interfaces\x1b[0m\n'}
[10.743075] (rtabmap_msgs) StdoutLine: {'line': b'[  1%] \x1b[34m\x1b[1mGenerating C++ type support dispatch for ROS interfaces\x1b[0m\n'}
[10.750453] (rtabmap_msgs) StdoutLine: {'line': b'[  2%] \x1b[34m\x1b[1mGenerating C++ type support for eProsima Fast-RTPS\x1b[0m\n'}
[10.826797] (-) TimerEvent: {}
[10.877736] (rtabmap) StdoutLine: {'line': b'[  6%] \x1b[32mBuilding CXX object corelib/src/CMakeFiles/rtabmap_core.dir/Rtabmap.cpp.o\x1b[0m\n'}
[10.891183] (rtabmap) StdoutLine: {'line': b'[  7%] \x1b[32mBuilding CXX object corelib/src/CMakeFiles/rtabmap_core.dir/Statistics.cpp.o\x1b[0m\n'}
[10.902380] (rtabmap) StdoutLine: {'line': b'[  7%] \x1b[32mBuilding CXX object corelib/src/CMakeFiles/rtabmap_core.dir/RtabmapThread.cpp.o\x1b[0m\n'}
[10.903614] (rtabmap) StdoutLine: {'line': b'[  8%] \x1b[32mBuilding CXX object corelib/src/CMakeFiles/rtabmap_core.dir/Memory.cpp.o\x1b[0m\n'}
[10.908745] (rtabmap) StdoutLine: {'line': b'[  8%] \x1b[32mBuilding CXX object corelib/src/CMakeFiles/rtabmap_core.dir/DBDriver.cpp.o\x1b[0m\n'}
[10.926917] (-) TimerEvent: {}
[10.937080] (rtabmap) StdoutLine: {'line': b'[  8%] \x1b[32mBuilding CXX object corelib/src/CMakeFiles/rtabmap_core.dir/DBDriverSqlite3.cpp.o\x1b[0m\n'}
[11.009167] (rtabmap) StdoutLine: {'line': b'[  9%] \x1b[32mBuilding CXX object corelib/src/CMakeFiles/rtabmap_core.dir/DBReader.cpp.o\x1b[0m\n'}
[11.027033] (-) TimerEvent: {}
[11.077251] (rtabmap) StdoutLine: {'line': b'[  9%] \x1b[32mBuilding CXX object corelib/src/CMakeFiles/rtabmap_core.dir/Recovery.cpp.o\x1b[0m\n'}
[11.127164] (-) TimerEvent: {}
[11.227679] (-) TimerEvent: {}
[11.328220] (-) TimerEvent: {}
[11.428767] (-) TimerEvent: {}
[11.529223] (-) TimerEvent: {}
[11.629711] (-) TimerEvent: {}
[11.730208] (-) TimerEvent: {}
[11.830803] (-) TimerEvent: {}
[11.931395] (-) TimerEvent: {}
[11.963648] (astra_camera_msgs) StdoutLine: {'line': b'\x1b[35m\x1b[1mScanning dependencies of target astra_camera_msgs__rosidl_typesupport_fastrtps_c\x1b[0m\n'}
[12.031504] (-) TimerEvent: {}
[12.092269] (astra_camera_msgs) StdoutLine: {'line': b'[ 72%] \x1b[32mBuilding CXX object CMakeFiles/astra_camera_msgs__rosidl_typesupport_fastrtps_c.dir/rosidl_typesupport_fastrtps_c/astra_camera_msgs/msg/detail/device_info__type_support_c.cpp.o\x1b[0m\n'}
[12.103876] (astra_camera_msgs) StdoutLine: {'line': b'[ 73%] \x1b[32mBuilding CXX object CMakeFiles/astra_camera_msgs__rosidl_typesupport_fastrtps_c.dir/rosidl_typesupport_fastrtps_c/astra_camera_msgs/msg/detail/extrinsics__type_support_c.cpp.o\x1b[0m\n'}
[12.131621] (-) TimerEvent: {}
[12.144056] (astra_camera_msgs) StdoutLine: {'line': b'[ 74%] \x1b[32mBuilding CXX object CMakeFiles/astra_camera_msgs__rosidl_typesupport_fastrtps_c.dir/rosidl_typesupport_fastrtps_c/astra_camera_msgs/msg/detail/metadata__type_support_c.cpp.o\x1b[0m\n'}
[12.145323] (rtabmap_msgs) StdoutLine: {'line': b'\x1b[35m\x1b[1mScanning dependencies of target rtabmap_msgs__rosidl_generator_c\x1b[0m\n'}
[12.168188] (astra_camera_msgs) StdoutLine: {'line': b'[ 75%] \x1b[32mBuilding CXX object CMakeFiles/astra_camera_msgs__rosidl_typesupport_fastrtps_c.dir/rosidl_typesupport_fastrtps_c/astra_camera_msgs/srv/detail/get_device_info__type_support_c.cpp.o\x1b[0m\n'}
[12.199239] (astra_camera_msgs) StdoutLine: {'line': b'[ 76%] \x1b[32mBuilding CXX object CMakeFiles/astra_camera_msgs__rosidl_typesupport_fastrtps_c.dir/rosidl_typesupport_fastrtps_c/astra_camera_msgs/srv/detail/get_camera_info__type_support_c.cpp.o\x1b[0m\n'}
[12.231745] (-) TimerEvent: {}
[12.233100] (astra_camera_msgs) StdoutLine: {'line': b'[ 77%] \x1b[32mBuilding CXX object CMakeFiles/astra_camera_msgs__rosidl_typesupport_fastrtps_c.dir/rosidl_typesupport_fastrtps_c/astra_camera_msgs/srv/detail/get_int32__type_support_c.cpp.o\x1b[0m\n'}
[12.233384] (astra_camera_msgs) StdoutLine: {'line': b'[ 78%] \x1b[32mBuilding CXX object CMakeFiles/astra_camera_msgs__rosidl_typesupport_fastrtps_c.dir/rosidl_typesupport_fastrtps_c/astra_camera_msgs/srv/detail/get_camera_params__type_support_c.cpp.o\x1b[0m\n'}
[12.265107] (astra_camera_msgs) StdoutLine: {'line': b'[ 80%] \x1b[32mBuilding CXX object CMakeFiles/astra_camera_msgs__rosidl_typesupport_fastrtps_c.dir/rosidl_typesupport_fastrtps_c/astra_camera_msgs/srv/detail/get_string__type_support_c.cpp.o\x1b[0m\n'}
[12.313186] (rtabmap_msgs) StdoutLine: {'line': b'[  3%] \x1b[32mBuilding C object CMakeFiles/rtabmap_msgs__rosidl_generator_c.dir/rosidl_generator_c/rtabmap_msgs/msg/detail/info__functions.c.o\x1b[0m\n'}
[12.331869] (-) TimerEvent: {}
[12.337180] (rtabmap_msgs) StdoutLine: {'line': b'[  3%] \x1b[32mBuilding C object CMakeFiles/rtabmap_msgs__rosidl_generator_c.dir/rosidl_generator_c/rtabmap_msgs/msg/detail/key_point__functions.c.o\x1b[0m\n'}
[12.337522] (rtabmap_msgs) StdoutLine: {'line': b'[  3%] \x1b[32mBuilding C object CMakeFiles/rtabmap_msgs__rosidl_generator_c.dir/rosidl_generator_c/rtabmap_msgs/msg/detail/global_descriptor__functions.c.o\x1b[0m\n'}
[12.351618] (rtabmap_msgs) StdoutLine: {'line': b'[  4%] \x1b[32mBuilding C object CMakeFiles/rtabmap_msgs__rosidl_generator_c.dir/rosidl_generator_c/rtabmap_msgs/msg/detail/scan_descriptor__functions.c.o\x1b[0m\n'}
[12.352569] (rtabmap_msgs) StdoutLine: {'line': b'[  4%] \x1b[32mBuilding C object CMakeFiles/rtabmap_msgs__rosidl_generator_c.dir/rosidl_generator_c/rtabmap_msgs/msg/detail/map_data__functions.c.o\x1b[0m\n'}
[12.431999] (-) TimerEvent: {}
[12.532516] (-) TimerEvent: {}
[12.613277] (rtabmap_msgs) StdoutLine: {'line': b'[  4%] \x1b[32mBuilding C object CMakeFiles/rtabmap_msgs__rosidl_generator_c.dir/rosidl_generator_c/rtabmap_msgs/msg/detail/map_graph__functions.c.o\x1b[0m\n'}
[12.632648] (-) TimerEvent: {}
[12.644204] (rtabmap_msgs) StdoutLine: {'line': b'[  5%] \x1b[32mBuilding C object CMakeFiles/rtabmap_msgs__rosidl_generator_c.dir/rosidl_generator_c/rtabmap_msgs/msg/detail/node_data__functions.c.o\x1b[0m\n'}
[12.717076] (rtabmap_msgs) StdoutLine: {'line': b'[  5%] \x1b[32mBuilding C object CMakeFiles/rtabmap_msgs__rosidl_generator_c.dir/rosidl_generator_c/rtabmap_msgs/msg/detail/odom_info__functions.c.o\x1b[0m\n'}
[12.732777] (-) TimerEvent: {}
[12.740343] (rtabmap_msgs) StdoutLine: {'line': b'[  5%] \x1b[32mBuilding C object CMakeFiles/rtabmap_msgs__rosidl_generator_c.dir/rosidl_generator_c/rtabmap_msgs/msg/detail/link__functions.c.o\x1b[0m\n'}
[12.789179] (rtabmap_msgs) StdoutLine: {'line': b'[  6%] \x1b[32mBuilding C object CMakeFiles/rtabmap_msgs__rosidl_generator_c.dir/rosidl_generator_c/rtabmap_msgs/msg/detail/point2f__functions.c.o\x1b[0m\n'}
[12.833019] (-) TimerEvent: {}
[12.933760] (-) TimerEvent: {}
[12.985169] (rtabmap_msgs) StdoutLine: {'line': b'[  6%] \x1b[32mBuilding C object CMakeFiles/rtabmap_msgs__rosidl_generator_c.dir/rosidl_generator_c/rtabmap_msgs/msg/detail/point3f__functions.c.o\x1b[0m\n'}
[13.004825] (rtabmap_msgs) StdoutLine: {'line': b'[  7%] \x1b[32mBuilding C object CMakeFiles/rtabmap_msgs__rosidl_generator_c.dir/rosidl_generator_c/rtabmap_msgs/msg/detail/rgbd_image__functions.c.o\x1b[0m\n'}
[13.013514] (rtabmap_msgs) StdoutLine: {'line': b'[  7%] \x1b[32mBuilding C object CMakeFiles/rtabmap_msgs__rosidl_generator_c.dir/rosidl_generator_c/rtabmap_msgs/msg/detail/goal__functions.c.o\x1b[0m\n'}
[13.029129] (rtabmap_msgs) StdoutLine: {'line': b'[  7%] \x1b[32mBuilding C object CMakeFiles/rtabmap_msgs__rosidl_generator_c.dir/rosidl_generator_c/rtabmap_msgs/msg/detail/rgbd_images__functions.c.o\x1b[0m\n'}
[13.033870] (-) TimerEvent: {}
[13.134333] (-) TimerEvent: {}
[13.144265] (rtabmap_msgs) StdoutLine: {'line': b'[  7%] \x1b[32mBuilding C object CMakeFiles/rtabmap_msgs__rosidl_generator_c.dir/rosidl_generator_c/rtabmap_msgs/msg/detail/user_data__functions.c.o\x1b[0m\n'}
[13.234467] (-) TimerEvent: {}
[13.240030] (rtabmap_msgs) StdoutLine: {'line': b'[  8%] \x1b[32mBuilding C object CMakeFiles/rtabmap_msgs__rosidl_generator_c.dir/rosidl_generator_c/rtabmap_msgs/msg/detail/gps__functions.c.o\x1b[0m\n'}
[13.264252] (rtabmap_msgs) StdoutLine: {'line': b'[  8%] \x1b[32mBuilding C object CMakeFiles/rtabmap_msgs__rosidl_generator_c.dir/rosidl_generator_c/rtabmap_msgs/msg/detail/path__functions.c.o\x1b[0m\n'}
[13.308304] (rtabmap_msgs) StdoutLine: {'line': b'[  8%] \x1b[32mBuilding C object CMakeFiles/rtabmap_msgs__rosidl_generator_c.dir/rosidl_generator_c/rtabmap_msgs/msg/detail/camera_model__functions.c.o\x1b[0m\n'}
[13.312019] (rtabmap_msgs) StdoutLine: {'line': b'[  8%] \x1b[32mBuilding C object CMakeFiles/rtabmap_msgs__rosidl_generator_c.dir/rosidl_generator_c/rtabmap_msgs/msg/detail/env_sensor__functions.c.o\x1b[0m\n'}
[13.334630] (-) TimerEvent: {}
[13.408530] (astra_camera_msgs) StdoutLine: {'line': b'[ 81%] \x1b[32mBuilding CXX object CMakeFiles/astra_camera_msgs__rosidl_typesupport_fastrtps_c.dir/rosidl_typesupport_fastrtps_c/astra_camera_msgs/srv/detail/set_int32__type_support_c.cpp.o\x1b[0m\n'}
[13.434754] (-) TimerEvent: {}
[13.445785] (rtabmap_msgs) StdoutLine: {'line': b'[  9%] \x1b[32mBuilding C object CMakeFiles/rtabmap_msgs__rosidl_generator_c.dir/rosidl_generator_c/rtabmap_msgs/msg/detail/camera_models__functions.c.o\x1b[0m\n'}
[13.528315] (rtabmap_msgs) StdoutLine: {'line': b'[  9%] \x1b[32mBuilding C object CMakeFiles/rtabmap_msgs__rosidl_generator_c.dir/rosidl_generator_c/rtabmap_msgs/srv/detail/get_map__functions.c.o\x1b[0m\n'}
[13.534879] (-) TimerEvent: {}
[13.536713] (rtabmap_msgs) StdoutLine: {'line': b'[  9%] \x1b[32mBuilding C object CMakeFiles/rtabmap_msgs__rosidl_generator_c.dir/rosidl_generator_c/rtabmap_msgs/srv/detail/get_map2__functions.c.o\x1b[0m\n'}
[13.568246] (rtabmap_msgs) StdoutLine: {'line': b'[ 10%] \x1b[32mBuilding C object CMakeFiles/rtabmap_msgs__rosidl_generator_c.dir/rosidl_generator_c/rtabmap_msgs/srv/detail/list_labels__functions.c.o\x1b[0m\n'}
[13.634995] (-) TimerEvent: {}
[13.670269] (rtabmap_msgs) StdoutLine: {'line': b'[ 10%] \x1b[32mBuilding C object CMakeFiles/rtabmap_msgs__rosidl_generator_c.dir/rosidl_generator_c/rtabmap_msgs/srv/detail/publish_map__functions.c.o\x1b[0m\n'}
[13.707845] (rtabmap_msgs) StdoutLine: {'line': b'[ 10%] \x1b[32mBuilding C object CMakeFiles/rtabmap_msgs__rosidl_generator_c.dir/rosidl_generator_c/rtabmap_msgs/srv/detail/reset_pose__functions.c.o\x1b[0m\n'}
[13.735140] (-) TimerEvent: {}
[13.835610] (-) TimerEvent: {}
[13.852520] (rtabmap_msgs) StdoutLine: {'line': b'[ 11%] \x1b[32mBuilding C object CMakeFiles/rtabmap_msgs__rosidl_generator_c.dir/rosidl_generator_c/rtabmap_msgs/srv/detail/set_goal__functions.c.o\x1b[0m\n'}
[13.909610] (rtabmap_msgs) StdoutLine: {'line': b'[ 11%] \x1b[32mBuilding C object CMakeFiles/rtabmap_msgs__rosidl_generator_c.dir/rosidl_generator_c/rtabmap_msgs/srv/detail/remove_label__functions.c.o\x1b[0m\n'}
[13.918474] (rtabmap_msgs) StdoutLine: {'line': b'[ 11%] \x1b[32mBuilding C object CMakeFiles/rtabmap_msgs__rosidl_generator_c.dir/rosidl_generator_c/rtabmap_msgs/srv/detail/set_label__functions.c.o\x1b[0m\n'}
[13.935749] (-) TimerEvent: {}
[13.959354] (rtabmap_msgs) StdoutLine: {'line': b'[ 12%] \x1b[32mBuilding C object CMakeFiles/rtabmap_msgs__rosidl_generator_c.dir/rosidl_generator_c/rtabmap_msgs/srv/detail/get_plan__functions.c.o\x1b[0m\n'}
[13.980351] (rtabmap_msgs) StdoutLine: {'line': b'[ 12%] \x1b[32mBuilding C object CMakeFiles/rtabmap_msgs__rosidl_generator_c.dir/rosidl_generator_c/rtabmap_msgs/srv/detail/add_link__functions.c.o\x1b[0m\n'}
[14.035856] (-) TimerEvent: {}
[14.100696] (rtabmap_msgs) StdoutLine: {'line': b'[ 12%] \x1b[32mBuilding C object CMakeFiles/rtabmap_msgs__rosidl_generator_c.dir/rosidl_generator_c/rtabmap_msgs/srv/detail/get_node_data__functions.c.o\x1b[0m\n'}
[14.135983] (-) TimerEvent: {}
[14.152183] (rtabmap_msgs) StdoutLine: {'line': b'[ 13%] \x1b[32mBuilding C object CMakeFiles/rtabmap_msgs__rosidl_generator_c.dir/rosidl_generator_c/rtabmap_msgs/srv/detail/get_nodes_in_radius__functions.c.o\x1b[0m\n'}
[14.176572] (rtabmap_msgs) StdoutLine: {'line': b'[ 13%] \x1b[32mBuilding C object CMakeFiles/rtabmap_msgs__rosidl_generator_c.dir/rosidl_generator_c/rtabmap_msgs/srv/detail/load_database__functions.c.o\x1b[0m\n'}
[14.227454] (rtabmap_msgs) StdoutLine: {'line': b'[ 13%] \x1b[32mBuilding C object CMakeFiles/rtabmap_msgs__rosidl_generator_c.dir/rosidl_generator_c/rtabmap_msgs/srv/detail/detect_more_loop_closures__functions.c.o\x1b[0m\n'}
[14.236104] (-) TimerEvent: {}
[14.264493] (rtabmap_msgs) StdoutLine: {'line': b'[ 14%] \x1b[32mBuilding C object CMakeFiles/rtabmap_msgs__rosidl_generator_c.dir/rosidl_generator_c/rtabmap_msgs/srv/detail/global_bundle_adjustment__functions.c.o\x1b[0m\n'}
[14.336236] (-) TimerEvent: {}
[14.381379] (rtabmap_msgs) StdoutLine: {'line': b'[ 14%] \x1b[32mBuilding C object CMakeFiles/rtabmap_msgs__rosidl_generator_c.dir/rosidl_generator_c/rtabmap_msgs/srv/detail/cleanup_local_grids__functions.c.o\x1b[0m\n'}
[14.436376] (-) TimerEvent: {}
[14.537010] (-) TimerEvent: {}
[14.577179] (rtabmap_msgs) StdoutLine: {'line': b'[ 14%] \x1b[32m\x1b[1mLinking C shared library librtabmap_msgs__rosidl_generator_c.so\x1b[0m\n'}
[14.637021] (-) TimerEvent: {}
[14.737476] (-) TimerEvent: {}
[14.790323] (rtabmap_msgs) StdoutLine: {'line': b'[ 14%] Built target rtabmap_msgs__rosidl_generator_c\n'}
[14.837599] (-) TimerEvent: {}
[14.861117] (astra_camera_msgs) StdoutLine: {'line': b'[ 82%] \x1b[32m\x1b[1mLinking CXX shared library libastra_camera_msgs__rosidl_typesupport_fastrtps_c.so\x1b[0m\n'}
[14.867770] (rtabmap_msgs) StdoutLine: {'line': b'[ 15%] \x1b[34m\x1b[1mGenerating C introspection for ROS interfaces\x1b[0m\n'}
[14.889343] (rtabmap_msgs) StdoutLine: {'line': b'[ 16%] \x1b[34m\x1b[1mGenerating C type support dispatch for ROS interfaces\x1b[0m\n'}
[14.937706] (-) TimerEvent: {}
[15.038096] (-) TimerEvent: {}
[15.138552] (-) TimerEvent: {}
[15.239063] (-) TimerEvent: {}
[15.339574] (-) TimerEvent: {}
[15.348735] (astra_camera_msgs) StdoutLine: {'line': b'[ 82%] Built target astra_camera_msgs__rosidl_typesupport_fastrtps_c\n'}
[15.422167] (astra_camera_msgs) StdoutLine: {'line': b'\x1b[35m\x1b[1mScanning dependencies of target astra_camera_msgs\x1b[0m\n'}
[15.439687] (-) TimerEvent: {}
[15.501078] (astra_camera_msgs) StdoutLine: {'line': b'[ 82%] Built target astra_camera_msgs\n'}
[15.539796] (-) TimerEvent: {}
[15.594969] (astra_camera_msgs) StdoutLine: {'line': b'\x1b[35m\x1b[1mScanning dependencies of target astra_camera_msgs__py\x1b[0m\n'}
[15.639921] (-) TimerEvent: {}
[15.652768] (astra_camera_msgs) StdoutLine: {'line': b'[ 83%] \x1b[34m\x1b[1mGenerating Python code for ROS interfaces\x1b[0m\n'}
[15.740058] (-) TimerEvent: {}
[15.840503] (-) TimerEvent: {}
[15.940946] (-) TimerEvent: {}
[16.041585] (-) TimerEvent: {}
[16.142159] (-) TimerEvent: {}
[16.242679] (-) TimerEvent: {}
[16.343069] (-) TimerEvent: {}
[16.443450] (-) TimerEvent: {}
[16.543849] (-) TimerEvent: {}
[16.644283] (-) TimerEvent: {}
[16.744731] (-) TimerEvent: {}
[16.845220] (-) TimerEvent: {}
[16.945728] (-) TimerEvent: {}
[17.046216] (-) TimerEvent: {}
[17.146744] (-) TimerEvent: {}
[17.247244] (-) TimerEvent: {}
[17.347787] (-) TimerEvent: {}
[17.448196] (-) TimerEvent: {}
[17.548618] (-) TimerEvent: {}
[17.649050] (-) TimerEvent: {}
[17.749465] (-) TimerEvent: {}
[17.849871] (-) TimerEvent: {}
[17.950276] (-) TimerEvent: {}
[18.050677] (-) TimerEvent: {}
[18.151203] (-) TimerEvent: {}
[18.251791] (-) TimerEvent: {}
[18.352329] (-) TimerEvent: {}
[18.452721] (-) TimerEvent: {}
[18.553178] (-) TimerEvent: {}
[18.653651] (-) TimerEvent: {}
[18.754181] (-) TimerEvent: {}
[18.854798] (-) TimerEvent: {}
[18.955320] (-) TimerEvent: {}
[19.055842] (-) TimerEvent: {}
[19.059815] (rtabmap_msgs) StdoutLine: {'line': b'\x1b[35m\x1b[1mScanning dependencies of target rtabmap_msgs__rosidl_typesupport_cpp\x1b[0m\n'}
[19.155973] (-) TimerEvent: {}
[19.169104] (rtabmap_msgs) StdoutLine: {'line': b'[ 17%] \x1b[32mBuilding CXX object CMakeFiles/rtabmap_msgs__rosidl_typesupport_cpp.dir/rosidl_typesupport_cpp/rtabmap_msgs/msg/info__type_support.cpp.o\x1b[0m\n'}
[19.173295] (rtabmap_msgs) StdoutLine: {'line': b'[ 17%] \x1b[32mBuilding CXX object CMakeFiles/rtabmap_msgs__rosidl_typesupport_cpp.dir/rosidl_typesupport_cpp/rtabmap_msgs/msg/key_point__type_support.cpp.o\x1b[0m\n'}
[19.211178] (rtabmap_msgs) StdoutLine: {'line': b'[ 17%] \x1b[32mBuilding CXX object CMakeFiles/rtabmap_msgs__rosidl_typesupport_cpp.dir/rosidl_typesupport_cpp/rtabmap_msgs/msg/global_descriptor__type_support.cpp.o\x1b[0m\n'}
[19.256122] (-) TimerEvent: {}
[19.288202] (rtabmap_msgs) StdoutLine: {'line': b'[ 18%] \x1b[32mBuilding CXX object CMakeFiles/rtabmap_msgs__rosidl_typesupport_cpp.dir/rosidl_typesupport_cpp/rtabmap_msgs/msg/scan_descriptor__type_support.cpp.o\x1b[0m\n'}
[19.356246] (-) TimerEvent: {}
[19.456661] (-) TimerEvent: {}
[19.557150] (-) TimerEvent: {}
[19.657579] (-) TimerEvent: {}
[19.758020] (-) TimerEvent: {}
[19.858465] (-) TimerEvent: {}
[19.917110] (rtabmap_msgs) StdoutLine: {'line': b'[ 18%] \x1b[32mBuilding CXX object CMakeFiles/rtabmap_msgs__rosidl_typesupport_cpp.dir/rosidl_typesupport_cpp/rtabmap_msgs/msg/map_data__type_support.cpp.o\x1b[0m\n'}
[19.958595] (-) TimerEvent: {}
[20.059021] (-) TimerEvent: {}
[20.098188] (rtabmap_msgs) StdoutLine: {'line': b'[ 18%] \x1b[32mBuilding CXX object CMakeFiles/rtabmap_msgs__rosidl_typesupport_cpp.dir/rosidl_typesupport_cpp/rtabmap_msgs/msg/map_graph__type_support.cpp.o\x1b[0m\n'}
[20.153082] (rtabmap_msgs) StdoutLine: {'line': b'[ 19%] \x1b[32mBuilding CXX object CMakeFiles/rtabmap_msgs__rosidl_typesupport_cpp.dir/rosidl_typesupport_cpp/rtabmap_msgs/msg/node_data__type_support.cpp.o\x1b[0m\n'}
[20.159134] (-) TimerEvent: {}
[20.259674] (-) TimerEvent: {}
[20.339787] (rtabmap_msgs) StdoutLine: {'line': b'[ 19%] \x1b[32mBuilding CXX object CMakeFiles/rtabmap_msgs__rosidl_typesupport_cpp.dir/rosidl_typesupport_cpp/rtabmap_msgs/msg/link__type_support.cpp.o\x1b[0m\n'}
[20.359817] (-) TimerEvent: {}
[20.460263] (-) TimerEvent: {}
[20.560694] (-) TimerEvent: {}
[20.661155] (-) TimerEvent: {}
[20.761721] (-) TimerEvent: {}
[20.837105] (rtabmap_msgs) StdoutLine: {'line': b'[ 19%] \x1b[32mBuilding CXX object CMakeFiles/rtabmap_msgs__rosidl_typesupport_cpp.dir/rosidl_typesupport_cpp/rtabmap_msgs/msg/odom_info__type_support.cpp.o\x1b[0m\n'}
[20.861842] (-) TimerEvent: {}
[20.924173] (rtabmap_msgs) StdoutLine: {'line': b'[ 20%] \x1b[32mBuilding CXX object CMakeFiles/rtabmap_msgs__rosidl_typesupport_cpp.dir/rosidl_typesupport_cpp/rtabmap_msgs/msg/point2f__type_support.cpp.o\x1b[0m\n'}
[20.961963] (-) TimerEvent: {}
[21.062439] (-) TimerEvent: {}
[21.162907] (-) TimerEvent: {}
[21.199795] (rtabmap_msgs) StdoutLine: {'line': b'[ 20%] \x1b[32mBuilding CXX object CMakeFiles/rtabmap_msgs__rosidl_typesupport_cpp.dir/rosidl_typesupport_cpp/rtabmap_msgs/msg/point3f__type_support.cpp.o\x1b[0m\n'}
[21.263041] (-) TimerEvent: {}
[21.304427] (rtabmap_msgs) StdoutLine: {'line': b'[ 20%] \x1b[32mBuilding CXX object CMakeFiles/rtabmap_msgs__rosidl_typesupport_cpp.dir/rosidl_typesupport_cpp/rtabmap_msgs/msg/goal__type_support.cpp.o\x1b[0m\n'}
[21.363165] (-) TimerEvent: {}
[21.463741] (-) TimerEvent: {}
[21.544105] (rtabmap_msgs) StdoutLine: {'line': b'\x1b[35m\x1b[1mScanning dependencies of target rtabmap_msgs__rosidl_typesupport_fastrtps_cpp\x1b[0m\n'}
[21.563879] (-) TimerEvent: {}
[21.589320] (astra_camera_msgs) StdoutLine: {'line': b'[ 83%] Built target astra_camera_msgs__py\n'}
[21.664019] (-) TimerEvent: {}
[21.677767] (astra_camera_msgs) StdoutLine: {'line': b'\x1b[35m\x1b[1mScanning dependencies of target astra_camera_msgs__python\x1b[0m\n'}
[21.754015] (rtabmap_msgs) StdoutLine: {'line': b'[ 20%] \x1b[32mBuilding CXX object CMakeFiles/rtabmap_msgs__rosidl_typesupport_fastrtps_cpp.dir/rosidl_typesupport_fastrtps_cpp/rtabmap_msgs/msg/detail/dds_fastrtps/info__type_support.cpp.o\x1b[0m\n'}
[21.764163] (-) TimerEvent: {}
[21.764687] (rtabmap_msgs) StdoutLine: {'line': b'[ 20%] \x1b[32mBuilding CXX object CMakeFiles/rtabmap_msgs__rosidl_typesupport_fastrtps_cpp.dir/rosidl_typesupport_fastrtps_cpp/rtabmap_msgs/msg/detail/dds_fastrtps/key_point__type_support.cpp.o\x1b[0m\n'}
[21.856274] (astra_camera_msgs) StdoutLine: {'line': b'[ 84%] \x1b[32mBuilding C object CMakeFiles/astra_camera_msgs__python.dir/rosidl_generator_py/astra_camera_msgs/msg/_device_info_s.c.o\x1b[0m\n'}
[21.864293] (-) TimerEvent: {}
[21.909210] (astra_camera_msgs) StdoutLine: {'line': b'[ 85%] \x1b[32mBuilding C object CMakeFiles/astra_camera_msgs__python.dir/rosidl_generator_py/astra_camera_msgs/msg/_extrinsics_s.c.o\x1b[0m\n'}
[21.925232] (astra_camera_msgs) StdoutLine: {'line': b'[ 86%] \x1b[32mBuilding C object CMakeFiles/astra_camera_msgs__python.dir/rosidl_generator_py/astra_camera_msgs/msg/_metadata_s.c.o\x1b[0m\n'}
[21.964448] (-) TimerEvent: {}
[21.965043] (astra_camera_msgs) StdoutLine: {'line': b'[ 87%] \x1b[32mBuilding C object CMakeFiles/astra_camera_msgs__python.dir/rosidl_generator_py/astra_camera_msgs/srv/_get_camera_info_s.c.o\x1b[0m\n'}
[21.969468] (astra_camera_msgs) StdoutLine: {'line': b'[ 88%] \x1b[32mBuilding C object CMakeFiles/astra_camera_msgs__python.dir/rosidl_generator_py/astra_camera_msgs/srv/_get_device_info_s.c.o\x1b[0m\n'}
[22.011671] (astra_camera_msgs) StdoutLine: {'line': b'[ 89%] \x1b[32mBuilding C object CMakeFiles/astra_camera_msgs__python.dir/rosidl_generator_py/astra_camera_msgs/srv/_get_camera_params_s.c.o\x1b[0m\n'}
[22.029152] (rtabmap_msgs) StdoutLine: {'line': b'[ 21%] \x1b[32mBuilding CXX object CMakeFiles/rtabmap_msgs__rosidl_typesupport_cpp.dir/rosidl_typesupport_cpp/rtabmap_msgs/msg/rgbd_image__type_support.cpp.o\x1b[0m\n'}
[22.051070] (astra_camera_msgs) StdoutLine: {'line': b'[ 90%] \x1b[32mBuilding C object CMakeFiles/astra_camera_msgs__python.dir/rosidl_generator_py/astra_camera_msgs/srv/_get_int32_s.c.o\x1b[0m\n'}
[22.064593] (-) TimerEvent: {}
[22.070430] (astra_camera_msgs) StdoutLine: {'line': b'[ 91%] \x1b[32mBuilding C object CMakeFiles/astra_camera_msgs__python.dir/rosidl_generator_py/astra_camera_msgs/srv/_get_string_s.c.o\x1b[0m\n'}
[22.164741] (-) TimerEvent: {}
[22.196814] (rtabmap_msgs) StdoutLine: {'line': b'[ 21%] \x1b[32mBuilding CXX object CMakeFiles/rtabmap_msgs__rosidl_typesupport_cpp.dir/rosidl_typesupport_cpp/rtabmap_msgs/msg/rgbd_images__type_support.cpp.o\x1b[0m\n'}
[22.264904] (-) TimerEvent: {}
[22.365421] (-) TimerEvent: {}
[22.448426] (astra_camera_msgs) StdoutLine: {'line': b'[ 92%] \x1b[32mBuilding C object CMakeFiles/astra_camera_msgs__python.dir/rosidl_generator_py/astra_camera_msgs/srv/_set_int32_s.c.o\x1b[0m\n'}
[22.465540] (-) TimerEvent: {}
[22.516223] (rtabmap_msgs) StdoutLine: {'line': b'[ 21%] \x1b[32mBuilding CXX object CMakeFiles/rtabmap_msgs__rosidl_typesupport_cpp.dir/rosidl_typesupport_cpp/rtabmap_msgs/msg/user_data__type_support.cpp.o\x1b[0m\n'}
[22.565658] (-) TimerEvent: {}
[22.666231] (-) TimerEvent: {}
[22.766766] (-) TimerEvent: {}
[22.867354] (-) TimerEvent: {}
[22.872572] (astra_camera_msgs) StdoutLine: {'line': b'[ 93%] \x1b[32m\x1b[1mLinking C shared library rosidl_generator_py/astra_camera_msgs/libastra_camera_msgs__python.so\x1b[0m\n'}
[22.967481] (-) TimerEvent: {}
[23.067954] (-) TimerEvent: {}
[23.134577] (astra_camera_msgs) StdoutLine: {'line': b'[ 93%] Built target astra_camera_msgs__python\n'}
[23.142879] (rtabmap_msgs) StdoutLine: {'line': b'\x1b[35m\x1b[1mScanning dependencies of target rtabmap_msgs__rosidl_typesupport_introspection_cpp\x1b[0m\n'}
[23.159471] (astra_camera_msgs) StdoutLine: {'line': b'\x1b[35m\x1b[1mScanning dependencies of target astra_camera_msgs__rosidl_typesupport_fastrtps_c__pyext\x1b[0m\n'}
[23.168071] (-) TimerEvent: {}
[23.182445] (astra_camera_msgs) StdoutLine: {'line': b'\x1b[35m\x1b[1mScanning dependencies of target astra_camera_msgs__rosidl_typesupport_introspection_c__pyext\x1b[0m\n'}
[23.197273] (rtabmap_msgs) StdoutLine: {'line': b'[ 21%] \x1b[32mBuilding CXX object CMakeFiles/rtabmap_msgs__rosidl_typesupport_fastrtps_cpp.dir/rosidl_typesupport_fastrtps_cpp/rtabmap_msgs/msg/detail/dds_fastrtps/global_descriptor__type_support.cpp.o\x1b[0m\n'}
[23.208942] (astra_camera_msgs) StdoutLine: {'line': b'\x1b[35m\x1b[1mScanning dependencies of target astra_camera_msgs__rosidl_typesupport_c__pyext\x1b[0m\n'}
[23.268206] (-) TimerEvent: {}
[23.288279] (astra_camera_msgs) StdoutLine: {'line': b'[ 94%] \x1b[32mBuilding C object CMakeFiles/astra_camera_msgs__rosidl_typesupport_introspection_c__pyext.dir/rosidl_generator_py/astra_camera_msgs/_astra_camera_msgs_s.ep.rosidl_typesupport_introspection_c.c.o\x1b[0m\n'}
[23.297254] (astra_camera_msgs) StdoutLine: {'line': b'[ 95%] \x1b[32mBuilding C object CMakeFiles/astra_camera_msgs__rosidl_typesupport_fastrtps_c__pyext.dir/rosidl_generator_py/astra_camera_msgs/_astra_camera_msgs_s.ep.rosidl_typesupport_fastrtps_c.c.o\x1b[0m\n'}
[23.325270] (astra_camera_msgs) StdoutLine: {'line': b'[ 96%] \x1b[32mBuilding C object CMakeFiles/astra_camera_msgs__rosidl_typesupport_c__pyext.dir/rosidl_generator_py/astra_camera_msgs/_astra_camera_msgs_s.ep.rosidl_typesupport_c.c.o\x1b[0m\n'}
[23.356518] (rtabmap_msgs) StdoutLine: {'line': b'[ 21%] \x1b[32mBuilding CXX object CMakeFiles/rtabmap_msgs__rosidl_typesupport_introspection_cpp.dir/rosidl_typesupport_introspection_cpp/rtabmap_msgs/msg/detail/info__type_support.cpp.o\x1b[0m\n'}
[23.364195] (rtabmap_msgs) StdoutLine: {'line': b'[ 22%] \x1b[32mBuilding CXX object CMakeFiles/rtabmap_msgs__rosidl_typesupport_fastrtps_cpp.dir/rosidl_typesupport_fastrtps_cpp/rtabmap_msgs/msg/detail/dds_fastrtps/scan_descriptor__type_support.cpp.o\x1b[0m\n'}
[23.368332] (-) TimerEvent: {}
[23.395997] (rtabmap_msgs) StdoutLine: {'line': b'[ 22%] \x1b[32mBuilding CXX object CMakeFiles/rtabmap_msgs__rosidl_typesupport_introspection_cpp.dir/rosidl_typesupport_introspection_cpp/rtabmap_msgs/msg/detail/key_point__type_support.cpp.o\x1b[0m\n'}
[23.468466] (-) TimerEvent: {}
[23.545291] (rtabmap_msgs) StdoutLine: {'line': b'[ 23%] \x1b[32mBuilding CXX object CMakeFiles/rtabmap_msgs__rosidl_typesupport_cpp.dir/rosidl_typesupport_cpp/rtabmap_msgs/msg/gps__type_support.cpp.o\x1b[0m\n'}
[23.568620] (-) TimerEvent: {}
[23.669129] (-) TimerEvent: {}
[23.769609] (-) TimerEvent: {}
[23.774417] (rtabmap_msgs) StdoutLine: {'line': b'\x1b[35m\x1b[1mScanning dependencies of target rtabmap_msgs__rosidl_typesupport_c\x1b[0m\n'}
[23.774832] (astra_camera_msgs) StdoutLine: {'line': b'[ 97%] \x1b[32m\x1b[1mLinking C shared library rosidl_generator_py/astra_camera_msgs/astra_camera_msgs_s__rosidl_typesupport_c.cpython-38-x86_64-linux-gnu.so\x1b[0m\n'}
[23.777681] (astra_camera_msgs) StdoutLine: {'line': b'[ 98%] \x1b[32m\x1b[1mLinking C shared library rosidl_generator_py/astra_camera_msgs/astra_camera_msgs_s__rosidl_typesupport_introspection_c.cpython-38-x86_64-linux-gnu.so\x1b[0m\n'}
[23.809172] (astra_camera_msgs) StdoutLine: {'line': b'[100%] \x1b[32m\x1b[1mLinking CXX shared library rosidl_generator_py/astra_camera_msgs/astra_camera_msgs_s__rosidl_typesupport_fastrtps_c.cpython-38-x86_64-linux-gnu.so\x1b[0m\n'}
[23.869763] (-) TimerEvent: {}
[23.881205] (rtabmap_msgs) StdoutLine: {'line': b'[ 23%] \x1b[32mBuilding CXX object CMakeFiles/rtabmap_msgs__rosidl_typesupport_c.dir/rosidl_typesupport_c/rtabmap_msgs/msg/info__type_support.cpp.o\x1b[0m\n'}
[23.969893] (-) TimerEvent: {}
[24.020208] (astra_camera_msgs) StdoutLine: {'line': b'[100%] Built target astra_camera_msgs__rosidl_typesupport_introspection_c__pyext\n'}
[24.041348] (rtabmap_msgs) StdoutLine: {'line': b'[ 23%] \x1b[32mBuilding CXX object CMakeFiles/rtabmap_msgs__rosidl_typesupport_c.dir/rosidl_typesupport_c/rtabmap_msgs/msg/key_point__type_support.cpp.o\x1b[0m\n'}
[24.065220] (astra_camera_msgs) StdoutLine: {'line': b'[100%] Built target astra_camera_msgs__rosidl_typesupport_c__pyext\n'}
[24.070017] (-) TimerEvent: {}
[24.099645] (astra_camera_msgs) StdoutLine: {'line': b'[100%] Built target astra_camera_msgs__rosidl_typesupport_fastrtps_c__pyext\n'}
[24.122850] (astra_camera_msgs) CommandEnded: {'returncode': 0}
[24.124710] (astra_camera_msgs) JobProgress: {'identifier': 'astra_camera_msgs', 'progress': 'install'}
[24.166956] (astra_camera_msgs) Command: {'cmd': ['/usr/bin/cmake', '--install', '/home/deepak/electronic_ws/build/astra_camera_msgs'], 'cwd': '/home/deepak/electronic_ws/build/astra_camera_msgs', 'env': OrderedDict([('LESSOPEN', '| /usr/bin/lesspipe %s'), ('LANGUAGE', 'en_GB:en'), ('USER', 'deepak'), ('SSH_AGENT_PID', '2164'), ('XDG_SESSION_TYPE', 'x11'), ('SHLVL', '1'), ('LD_LIBRARY_PATH', '/usr/lib/x86_64-linux-gnu/gazebo-11/plugins:/opt/ros/foxy/opt/yaml_cpp_vendor/lib:/opt/ros/foxy/opt/rviz_ogre_vendor/lib:/opt/ros/foxy/lib/x86_64-linux-gnu:/opt/ros/foxy/lib'), ('HOME', '/home/deepak'), ('OLDPWD', '/home/deepak/electronic_ws/src'), ('DESKTOP_SESSION', 'ubuntu'), ('NVM_BIN', '/home/deepak/.nvm/versions/node/v18.20.8/bin'), ('NVM_INC', '/home/deepak/.nvm/versions/node/v18.20.8/include/node'), ('ROS_PYTHON_VERSION', '3'), ('GNOME_SHELL_SESSION_MODE', 'ubuntu'), ('GTK_MODULES', 'gail:atk-bridge'), ('MANAGERPID', '2067'), ('DBUS_SESSION_BUS_ADDRESS', 'unix:path=/run/user/1000/bus'), ('COLORTERM', 'truecolor'), ('TERMINATOR_DBUS_NAME', 'net.tenshu.Terminator21a9d5db22c73a993ff0b42f64b396873'), ('GIO_LAUNCHED_DESKTOP_FILE_PID', '4123'), ('NVM_DIR', '/home/deepak/.nvm'), ('IM_CONFIG_PHASE', '1'), ('ROS_DISTRO', 'foxy'), ('LOGNAME', 'deepak'), ('JOURNAL_STREAM', '8:55426'), ('_', '/usr/bin/colcon'), ('ROS_VERSION', '2'), ('XDG_SESSION_CLASS', 'user'), ('USERNAME', 'deepak'), ('TERM', 'xterm-256color'), ('GNOME_DESKTOP_SESSION_ID', 'this-is-deprecated'), ('ROS_LOCALHOST_ONLY', '0'), ('WINDOWPATH', '2'), ('PATH', '/opt/ros/foxy/bin:/home/deepak/.nvm/versions/node/v18.20.8/bin:/home/deepak/.local/bin:/usr/local/sbin:/usr/local/bin:/usr/sbin:/usr/bin:/sbin:/bin:/usr/games:/usr/local/games:/snap/bin'), ('SESSION_MANAGER', 'local/deepak-Inspiron-3501:@/tmp/.ICE-unix/2204,unix/deepak-Inspiron-3501:/tmp/.ICE-unix/2204'), ('INVOCATION_ID', 'da85f2b1d8074d13affb1bf44f8be6dd'), ('XDG_MENU_PREFIX', 'gnome-'), ('XDG_RUNTIME_DIR', '/run/user/1000'), ('DISPLAY', ':0'), ('TERMINATOR_DBUS_PATH', '/net/tenshu/Terminator2'), ('LANG', 'en_US.UTF-8'), ('XDG_CURRENT_DESKTOP', 'ubuntu:GNOME'), ('XMODIFIERS', '@im=ibus'), ('XDG_SESSION_DESKTOP', 'ubuntu'), ('XAUTHORITY', '/run/user/1000/gdm/Xauthority'), ('LS_COLORS', 'rs=0:di=01;34:ln=01;36:mh=00:pi=40;33:so=01;35:do=01;35:bd=40;33;01:cd=40;33;01:or=40;31;01:mi=00:su=37;41:sg=30;43:ca=30;41:tw=30;42:ow=34;42:st=37;44:ex=01;32:*.tar=01;31:*.tgz=01;31:*.arc=01;31:*.arj=01;31:*.taz=01;31:*.lha=01;31:*.lz4=01;31:*.lzh=01;31:*.lzma=01;31:*.tlz=01;31:*.txz=01;31:*.tzo=01;31:*.t7z=01;31:*.zip=01;31:*.z=01;31:*.dz=01;31:*.gz=01;31:*.lrz=01;31:*.lz=01;31:*.lzo=01;31:*.xz=01;31:*.zst=01;31:*.tzst=01;31:*.bz2=01;31:*.bz=01;31:*.tbz=01;31:*.tbz2=01;31:*.tz=01;31:*.deb=01;31:*.rpm=01;31:*.jar=01;31:*.war=01;31:*.ear=01;31:*.sar=01;31:*.rar=01;31:*.alz=01;31:*.ace=01;31:*.zoo=01;31:*.cpio=01;31:*.7z=01;31:*.rz=01;31:*.cab=01;31:*.wim=01;31:*.swm=01;31:*.dwm=01;31:*.esd=01;31:*.jpg=01;35:*.jpeg=01;35:*.mjpg=01;35:*.mjpeg=01;35:*.gif=01;35:*.bmp=01;35:*.pbm=01;35:*.pgm=01;35:*.ppm=01;35:*.tga=01;35:*.xbm=01;35:*.xpm=01;35:*.tif=01;35:*.tiff=01;35:*.png=01;35:*.svg=01;35:*.svgz=01;35:*.mng=01;35:*.pcx=01;35:*.mov=01;35:*.mpg=01;35:*.mpeg=01;35:*.m2v=01;35:*.mkv=01;35:*.webm=01;35:*.ogm=01;35:*.mp4=01;35:*.m4v=01;35:*.mp4v=01;35:*.vob=01;35:*.qt=01;35:*.nuv=01;35:*.wmv=01;35:*.asf=01;35:*.rm=01;35:*.rmvb=01;35:*.flc=01;35:*.avi=01;35:*.fli=01;35:*.flv=01;35:*.gl=01;35:*.dl=01;35:*.xcf=01;35:*.xwd=01;35:*.yuv=01;35:*.cgm=01;35:*.emf=01;35:*.ogv=01;35:*.ogx=01;35:*.aac=00;36:*.au=00;36:*.flac=00;36:*.m4a=00;36:*.mid=00;36:*.midi=00;36:*.mka=00;36:*.mp3=00;36:*.mpc=00;36:*.ogg=00;36:*.ra=00;36:*.wav=00;36:*.oga=00;36:*.opus=00;36:*.spx=00;36:*.xspf=00;36:'), ('SSH_AUTH_SOCK', '/run/user/1000/keyring/ssh'), ('AMENT_PREFIX_PATH', '/opt/ros/foxy'), ('SHELL', '/bin/bash'), ('TERMINATOR_UUID', 'urn:uuid:fcc518c1-d712-42cf-a147-6525ef5360a1'), ('QT_ACCESSIBILITY', '1'), ('GDMSESSION', 'ubuntu'), ('LESSCLOSE', '/usr/bin/lesspipe %s %s'), ('GPG_AGENT_INFO', '/run/user/1000/gnupg/S.gpg-agent:0:1'), ('QT_IM_MODULE', 'ibus'), ('PWD', '/home/deepak/electronic_ws/build/astra_camera_msgs'), ('LC_ALL', 'en_US.UTF-8'), ('XDG_CONFIG_DIRS', '/etc/xdg/xdg-ubuntu:/etc/xdg'), ('NVM_CD_FLAGS', ''), ('XDG_DATA_DIRS', '/usr/share/ubuntu:/usr/local/share/:/usr/share/:/var/lib/snapd/desktop'), ('PYTHONPATH', '/opt/ros/foxy/lib/python3.8/site-packages'), ('COLCON', '1'), ('VTE_VERSION', '6003'), ('CMAKE_PREFIX_PATH', '/opt/ros/foxy')]), 'shell': False}
[24.170147] (-) TimerEvent: {}
[24.192521] (astra_camera_msgs) StdoutLine: {'line': b'-- Install configuration: ""\n'}
[24.193602] (astra_camera_msgs) StdoutLine: {'line': b'-- Execute custom install script\n'}
[24.194187] (astra_camera_msgs) StdoutLine: {'line': b'-- Symlinking: /home/deepak/electronic_ws/install/astra_camera_msgs/share/ament_index/resource_index/rosidl_interfaces/astra_camera_msgs\n'}
[24.202520] (rtabmap_msgs) StdoutLine: {'line': b'[ 23%] \x1b[32mBuilding CXX object CMakeFiles/rtabmap_msgs__rosidl_typesupport_cpp.dir/rosidl_typesupport_cpp/rtabmap_msgs/msg/path__type_support.cpp.o\x1b[0m\n'}
[24.218000] (rtabmap_msgs) StdoutLine: {'line': b'[ 24%] \x1b[32mBuilding CXX object CMakeFiles/rtabmap_msgs__rosidl_typesupport_c.dir/rosidl_typesupport_c/rtabmap_msgs/msg/global_descriptor__type_support.cpp.o\x1b[0m\n'}
[24.240566] (astra_camera_msgs) StdoutLine: {'line': b'-- Symlinking: /home/deepak/electronic_ws/install/astra_camera_msgs/include/astra_camera_msgs/msg/detail/device_info__functions.h\n'}
[24.270289] (-) TimerEvent: {}
[24.278823] (astra_camera_msgs) StdoutLine: {'line': b'-- Symlinking: /home/deepak/electronic_ws/install/astra_camera_msgs/include/astra_camera_msgs/msg/detail/device_info__struct.h\n'}
[24.311139] (astra_camera_msgs) StdoutLine: {'line': b'-- Symlinking: /home/deepak/electronic_ws/install/astra_camera_msgs/include/astra_camera_msgs/msg/detail/device_info__type_support.h\n'}
[24.365837] (rtabmap_msgs) StdoutLine: {'line': b'[ 24%] \x1b[32mBuilding CXX object CMakeFiles/rtabmap_msgs__rosidl_typesupport_c.dir/rosidl_typesupport_c/rtabmap_msgs/msg/scan_descriptor__type_support.cpp.o\x1b[0m\n'}
[24.367653] (astra_camera_msgs) StdoutLine: {'line': b'-- Symlinking: /home/deepak/electronic_ws/install/astra_camera_msgs/include/astra_camera_msgs/msg/detail/extrinsics__functions.h\n'}
[24.370409] (-) TimerEvent: {}
[24.393363] (astra_camera_msgs) StdoutLine: {'line': b'-- Symlinking: /home/deepak/electronic_ws/install/astra_camera_msgs/include/astra_camera_msgs/msg/detail/extrinsics__struct.h\n'}
[24.405219] (rtabmap_msgs) StdoutLine: {'line': b'[ 24%] \x1b[32mBuilding CXX object CMakeFiles/rtabmap_msgs__rosidl_typesupport_cpp.dir/rosidl_typesupport_cpp/rtabmap_msgs/msg/env_sensor__type_support.cpp.o\x1b[0m\n'}
[24.425408] (astra_camera_msgs) StdoutLine: {'line': b'-- Symlinking: /home/deepak/electronic_ws/install/astra_camera_msgs/include/astra_camera_msgs/msg/detail/extrinsics__type_support.h\n'}
[24.457196] (rtabmap_msgs) StdoutLine: {'line': b'[ 25%] \x1b[32mBuilding CXX object CMakeFiles/rtabmap_msgs__rosidl_typesupport_cpp.dir/rosidl_typesupport_cpp/rtabmap_msgs/msg/camera_model__type_support.cpp.o\x1b[0m\n'}
[24.467754] (astra_camera_msgs) StdoutLine: {'line': b'-- Symlinking: /home/deepak/electronic_ws/install/astra_camera_msgs/include/astra_camera_msgs/msg/detail/metadata__functions.h\n'}
[24.470543] (-) TimerEvent: {}
[24.473619] (rtabmap_msgs) StdoutLine: {'line': b'[ 25%] \x1b[32mBuilding CXX object CMakeFiles/rtabmap_msgs__rosidl_typesupport_c.dir/rosidl_typesupport_c/rtabmap_msgs/msg/map_data__type_support.cpp.o\x1b[0m\n'}
[24.514105] (astra_camera_msgs) StdoutLine: {'line': b'-- Symlinking: /home/deepak/electronic_ws/install/astra_camera_msgs/include/astra_camera_msgs/msg/detail/metadata__struct.h\n'}
[24.554107] (astra_camera_msgs) StdoutLine: {'line': b'-- Symlinking: /home/deepak/electronic_ws/install/astra_camera_msgs/include/astra_camera_msgs/msg/detail/metadata__type_support.h\n'}
[24.570677] (-) TimerEvent: {}
[24.601940] (astra_camera_msgs) StdoutLine: {'line': b'-- Symlinking: /home/deepak/electronic_ws/install/astra_camera_msgs/include/astra_camera_msgs/msg/device_info.h\n'}
[24.637644] (rtabmap_msgs) StdoutLine: {'line': b'[ 26%] \x1b[32mBuilding CXX object CMakeFiles/rtabmap_msgs__rosidl_typesupport_c.dir/rosidl_typesupport_c/rtabmap_msgs/msg/map_graph__type_support.cpp.o\x1b[0m\n'}
[24.647015] (astra_camera_msgs) StdoutLine: {'line': b'-- Symlinking: /home/deepak/electronic_ws/install/astra_camera_msgs/include/astra_camera_msgs/msg/extrinsics.h\n'}
[24.670833] (-) TimerEvent: {}
[24.685965] (astra_camera_msgs) StdoutLine: {'line': b'-- Symlinking: /home/deepak/electronic_ws/install/astra_camera_msgs/include/astra_camera_msgs/msg/metadata.h\n'}
[24.722301] (astra_camera_msgs) StdoutLine: {'line': b'-- Symlinking: /home/deepak/electronic_ws/install/astra_camera_msgs/include/astra_camera_msgs/msg/rosidl_generator_c__visibility_control.h\n'}
[24.764593] (astra_camera_msgs) StdoutLine: {'line': b'-- Symlinking: /home/deepak/electronic_ws/install/astra_camera_msgs/include/astra_camera_msgs/srv/detail/get_camera_info__functions.h\n'}
[24.771007] (-) TimerEvent: {}
[24.809803] (astra_camera_msgs) StdoutLine: {'line': b'-- Symlinking: /home/deepak/electronic_ws/install/astra_camera_msgs/include/astra_camera_msgs/srv/detail/get_camera_info__struct.h\n'}
[24.821402] (rtabmap_msgs) StdoutLine: {'line': b'[ 26%] \x1b[32mBuilding CXX object CMakeFiles/rtabmap_msgs__rosidl_typesupport_fastrtps_cpp.dir/rosidl_typesupport_fastrtps_cpp/rtabmap_msgs/msg/detail/dds_fastrtps/map_data__type_support.cpp.o\x1b[0m\n'}
[24.859932] (rtabmap_msgs) StdoutLine: {'line': b'[ 26%] \x1b[32mBuilding CXX object CMakeFiles/rtabmap_msgs__rosidl_typesupport_c.dir/rosidl_typesupport_c/rtabmap_msgs/msg/node_data__type_support.cpp.o\x1b[0m\n'}
[24.865122] (astra_camera_msgs) StdoutLine: {'line': b'-- Symlinking: /home/deepak/electronic_ws/install/astra_camera_msgs/include/astra_camera_msgs/srv/detail/get_camera_info__type_support.h\n'}
[24.871155] (-) TimerEvent: {}
[24.910227] (astra_camera_msgs) StdoutLine: {'line': b'-- Symlinking: /home/deepak/electronic_ws/install/astra_camera_msgs/include/astra_camera_msgs/srv/detail/get_camera_params__functions.h\n'}
[24.952938] (astra_camera_msgs) StdoutLine: {'line': b'-- Symlinking: /home/deepak/electronic_ws/install/astra_camera_msgs/include/astra_camera_msgs/srv/detail/get_camera_params__struct.h\n'}
[24.971310] (-) TimerEvent: {}
[24.992286] (astra_camera_msgs) StdoutLine: {'line': b'-- Symlinking: /home/deepak/electronic_ws/install/astra_camera_msgs/include/astra_camera_msgs/srv/detail/get_camera_params__type_support.h\n'}
[25.054380] (astra_camera_msgs) StdoutLine: {'line': b'-- Symlinking: /home/deepak/electronic_ws/install/astra_camera_msgs/include/astra_camera_msgs/srv/detail/get_device_info__functions.h\n'}
[25.057536] (rtabmap_msgs) StdoutLine: {'line': b'[ 26%] \x1b[32mBuilding CXX object CMakeFiles/rtabmap_msgs__rosidl_typesupport_c.dir/rosidl_typesupport_c/rtabmap_msgs/msg/link__type_support.cpp.o\x1b[0m\n'}
[25.071476] (-) TimerEvent: {}
[25.088988] (rtabmap_msgs) StdoutLine: {'line': b'[ 26%] \x1b[32mBuilding CXX object CMakeFiles/rtabmap_msgs__rosidl_typesupport_c.dir/rosidl_typesupport_c/rtabmap_msgs/msg/odom_info__type_support.cpp.o\x1b[0m\n'}
[25.109802] (astra_camera_msgs) StdoutLine: {'line': b'-- Symlinking: /home/deepak/electronic_ws/install/astra_camera_msgs/include/astra_camera_msgs/srv/detail/get_device_info__struct.h\n'}
[25.145727] (rtabmap_msgs) StdoutLine: {'line': b'[ 27%] \x1b[32mBuilding CXX object CMakeFiles/rtabmap_msgs__rosidl_typesupport_c.dir/rosidl_typesupport_c/rtabmap_msgs/msg/point2f__type_support.cpp.o\x1b[0m\n'}
[25.148236] (astra_camera_msgs) StdoutLine: {'line': b'-- Symlinking: /home/deepak/electronic_ws/install/astra_camera_msgs/include/astra_camera_msgs/srv/detail/get_device_info__type_support.h\n'}
[25.171636] (-) TimerEvent: {}
[25.201342] (rtabmap_msgs) StdoutLine: {'line': b'[ 27%] \x1b[32mBuilding CXX object CMakeFiles/rtabmap_msgs__rosidl_typesupport_c.dir/rosidl_typesupport_c/rtabmap_msgs/msg/point3f__type_support.cpp.o\x1b[0m\n'}
[25.205770] (astra_camera_msgs) StdoutLine: {'line': b'-- Symlinking: /home/deepak/electronic_ws/install/astra_camera_msgs/include/astra_camera_msgs/srv/detail/get_int32__functions.h\n'}
[25.224582] (rtabmap_msgs) StdoutLine: {'line': b'[ 28%] \x1b[32mBuilding CXX object CMakeFiles/rtabmap_msgs__rosidl_typesupport_introspection_cpp.dir/rosidl_typesupport_introspection_cpp/rtabmap_msgs/msg/detail/global_descriptor__type_support.cpp.o\x1b[0m\n'}
[25.239561] (astra_camera_msgs) StdoutLine: {'line': b'-- Symlinking: /home/deepak/electronic_ws/install/astra_camera_msgs/include/astra_camera_msgs/srv/detail/get_int32__struct.h\n'}
[25.253971] (rtabmap_msgs) StdoutLine: {'line': b'[ 28%] \x1b[32mBuilding CXX object CMakeFiles/rtabmap_msgs__rosidl_typesupport_introspection_cpp.dir/rosidl_typesupport_introspection_cpp/rtabmap_msgs/msg/detail/scan_descriptor__type_support.cpp.o\x1b[0m\n'}
[25.271790] (-) TimerEvent: {}
[25.276597] (rtabmap_msgs) StdoutLine: {'line': b'[ 28%] \x1b[32mBuilding CXX object CMakeFiles/rtabmap_msgs__rosidl_typesupport_introspection_cpp.dir/rosidl_typesupport_introspection_cpp/rtabmap_msgs/msg/detail/map_data__type_support.cpp.o\x1b[0m\n'}
[25.295997] (astra_camera_msgs) StdoutLine: {'line': b'-- Symlinking: /home/deepak/electronic_ws/install/astra_camera_msgs/include/astra_camera_msgs/srv/detail/get_int32__type_support.h\n'}
[25.307490] (rtabmap_msgs) StdoutLine: {'line': b'[ 28%] \x1b[32mBuilding CXX object CMakeFiles/rtabmap_msgs__rosidl_typesupport_cpp.dir/rosidl_typesupport_cpp/rtabmap_msgs/msg/camera_models__type_support.cpp.o\x1b[0m\n'}
[25.316859] (rtabmap_msgs) StdoutLine: {'line': b'[ 28%] \x1b[32mBuilding CXX object CMakeFiles/rtabmap_msgs__rosidl_typesupport_c.dir/rosidl_typesupport_c/rtabmap_msgs/msg/goal__type_support.cpp.o\x1b[0m\n'}
[25.334038] (astra_camera_msgs) StdoutLine: {'line': b'-- Symlinking: /home/deepak/electronic_ws/install/astra_camera_msgs/include/astra_camera_msgs/srv/detail/get_string__functions.h\n'}
[25.360743] (rtabmap_msgs) StdoutLine: {'line': b'[ 28%] \x1b[32mBuilding CXX object CMakeFiles/rtabmap_msgs__rosidl_typesupport_cpp.dir/rosidl_typesupport_cpp/rtabmap_msgs/srv/get_map__type_support.cpp.o\x1b[0m\n'}
[25.371934] (-) TimerEvent: {}
[25.390481] (astra_camera_msgs) StdoutLine: {'line': b'-- Symlinking: /home/deepak/electronic_ws/install/astra_camera_msgs/include/astra_camera_msgs/srv/detail/get_string__struct.h\n'}
[25.439954] (astra_camera_msgs) StdoutLine: {'line': b'-- Symlinking: /home/deepak/electronic_ws/install/astra_camera_msgs/include/astra_camera_msgs/srv/detail/get_string__type_support.h\n'}
[25.472077] (-) TimerEvent: {}
[25.476789] (astra_camera_msgs) StdoutLine: {'line': b'-- Symlinking: /home/deepak/electronic_ws/install/astra_camera_msgs/include/astra_camera_msgs/srv/detail/set_int32__functions.h\n'}
[25.489047] (rtabmap_msgs) StdoutLine: {'line': b'[ 29%] \x1b[32mBuilding CXX object CMakeFiles/rtabmap_msgs__rosidl_typesupport_c.dir/rosidl_typesupport_c/rtabmap_msgs/msg/rgbd_image__type_support.cpp.o\x1b[0m\n'}
[25.521808] (astra_camera_msgs) StdoutLine: {'line': b'-- Symlinking: /home/deepak/electronic_ws/install/astra_camera_msgs/include/astra_camera_msgs/srv/detail/set_int32__struct.h\n'}
[25.572251] (-) TimerEvent: {}
[25.577967] (astra_camera_msgs) StdoutLine: {'line': b'-- Symlinking: /home/deepak/electronic_ws/install/astra_camera_msgs/include/astra_camera_msgs/srv/detail/set_int32__type_support.h\n'}
[25.638037] (astra_camera_msgs) StdoutLine: {'line': b'-- Symlinking: /home/deepak/electronic_ws/install/astra_camera_msgs/include/astra_camera_msgs/srv/get_camera_info.h\n'}
[25.672425] (-) TimerEvent: {}
[25.689157] (rtabmap_msgs) StdoutLine: {'line': b'[ 29%] \x1b[32mBuilding CXX object CMakeFiles/rtabmap_msgs__rosidl_typesupport_c.dir/rosidl_typesupport_c/rtabmap_msgs/msg/rgbd_images__type_support.cpp.o\x1b[0m\n'}
[25.711519] (astra_camera_msgs) StdoutLine: {'line': b'-- Symlinking: /home/deepak/electronic_ws/install/astra_camera_msgs/include/astra_camera_msgs/srv/get_camera_params.h\n'}
[25.772576] (-) TimerEvent: {}
[25.774158] (astra_camera_msgs) StdoutLine: {'line': b'-- Symlinking: /home/deepak/electronic_ws/install/astra_camera_msgs/include/astra_camera_msgs/srv/get_device_info.h\n'}
[25.795793] (astra_camera_msgs) StdoutLine: {'line': b'-- Symlinking: /home/deepak/electronic_ws/install/astra_camera_msgs/include/astra_camera_msgs/srv/get_int32.h\n'}
[25.871899] (astra_camera_msgs) StdoutLine: {'line': b'-- Symlinking: /home/deepak/electronic_ws/install/astra_camera_msgs/include/astra_camera_msgs/srv/get_string.h\n'}
[25.872664] (-) TimerEvent: {}
[25.880622] (rtabmap_msgs) StdoutLine: {'line': b'[ 29%] \x1b[32mBuilding CXX object CMakeFiles/rtabmap_msgs__rosidl_typesupport_c.dir/rosidl_typesupport_c/rtabmap_msgs/msg/user_data__type_support.cpp.o\x1b[0m\n'}
[25.913917] (astra_camera_msgs) StdoutLine: {'line': b'-- Symlinking: /home/deepak/electronic_ws/install/astra_camera_msgs/include/astra_camera_msgs/srv/set_int32.h\n'}
[25.972333] (astra_camera_msgs) StdoutLine: {'line': b'-- Symlinking: /home/deepak/electronic_ws/install/astra_camera_msgs/share/astra_camera_msgs/environment/library_path.sh\n'}
[25.972737] (-) TimerEvent: {}
[26.014144] (astra_camera_msgs) StdoutLine: {'line': b'-- Symlinking: /home/deepak/electronic_ws/install/astra_camera_msgs/share/astra_camera_msgs/environment/library_path.dsv\n'}
[26.063224] (rtabmap_msgs) StdoutLine: {'line': b'[ 30%] \x1b[32mBuilding CXX object CMakeFiles/rtabmap_msgs__rosidl_typesupport_c.dir/rosidl_typesupport_c/rtabmap_msgs/msg/gps__type_support.cpp.o\x1b[0m\n'}
[26.073022] (-) TimerEvent: {}
[26.085197] (astra_camera_msgs) StdoutLine: {'line': b'-- Symlinking: /home/deepak/electronic_ws/install/astra_camera_msgs/include/astra_camera_msgs/msg/detail/device_info__rosidl_typesupport_fastrtps_c.h\n'}
[26.155123] (astra_camera_msgs) StdoutLine: {'line': b'-- Symlinking: /home/deepak/electronic_ws/install/astra_camera_msgs/include/astra_camera_msgs/msg/detail/extrinsics__rosidl_typesupport_fastrtps_c.h\n'}
[26.173191] (-) TimerEvent: {}
[26.208038] (astra_camera_msgs) StdoutLine: {'line': b'-- Symlinking: /home/deepak/electronic_ws/install/astra_camera_msgs/include/astra_camera_msgs/msg/detail/metadata__rosidl_typesupport_fastrtps_c.h\n'}
[26.216918] (rtabmap_msgs) StdoutLine: {'line': b'[ 30%] \x1b[32mBuilding CXX object CMakeFiles/rtabmap_msgs__rosidl_typesupport_c.dir/rosidl_typesupport_c/rtabmap_msgs/msg/path__type_support.cpp.o\x1b[0m\n'}
[26.249833] (astra_camera_msgs) StdoutLine: {'line': b'-- Symlinking: /home/deepak/electronic_ws/install/astra_camera_msgs/include/astra_camera_msgs/msg/rosidl_typesupport_fastrtps_c__visibility_control.h\n'}
[26.273339] (-) TimerEvent: {}
[26.309936] (astra_camera_msgs) StdoutLine: {'line': b'-- Symlinking: /home/deepak/electronic_ws/install/astra_camera_msgs/include/astra_camera_msgs/srv/detail/get_camera_info__rosidl_typesupport_fastrtps_c.h\n'}
[26.310314] (rtabmap_msgs) StdoutLine: {'line': b'[ 30%] \x1b[32mBuilding CXX object CMakeFiles/rtabmap_msgs__rosidl_typesupport_c.dir/rosidl_typesupport_c/rtabmap_msgs/msg/env_sensor__type_support.cpp.o\x1b[0m\n'}
[26.351817] (astra_camera_msgs) StdoutLine: {'line': b'-- Symlinking: /home/deepak/electronic_ws/install/astra_camera_msgs/include/astra_camera_msgs/srv/detail/get_camera_params__rosidl_typesupport_fastrtps_c.h\n'}
[26.373489] (-) TimerEvent: {}
[26.387970] (rtabmap_msgs) StdoutLine: {'line': b'[ 31%] \x1b[32mBuilding CXX object CMakeFiles/rtabmap_msgs__rosidl_typesupport_introspection_cpp.dir/rosidl_typesupport_introspection_cpp/rtabmap_msgs/msg/detail/map_graph__type_support.cpp.o\x1b[0m\n'}
[26.389710] (astra_camera_msgs) StdoutLine: {'line': b'-- Symlinking: /home/deepak/electronic_ws/install/astra_camera_msgs/include/astra_camera_msgs/srv/detail/get_device_info__rosidl_typesupport_fastrtps_c.h\n'}
[26.398577] (rtabmap_msgs) StdoutLine: {'line': b'[ 32%] \x1b[32mBuilding CXX object CMakeFiles/rtabmap_msgs__rosidl_typesupport_cpp.dir/rosidl_typesupport_cpp/rtabmap_msgs/srv/get_map2__type_support.cpp.o\x1b[0m\n'}
[26.425690] (rtabmap_msgs) StdoutLine: {'line': b'[ 32%] \x1b[32mBuilding CXX object CMakeFiles/rtabmap_msgs__rosidl_typesupport_cpp.dir/rosidl_typesupport_cpp/rtabmap_msgs/srv/list_labels__type_support.cpp.o\x1b[0m\n'}
[26.432975] (astra_camera_msgs) StdoutLine: {'line': b'-- Symlinking: /home/deepak/electronic_ws/install/astra_camera_msgs/include/astra_camera_msgs/srv/detail/get_int32__rosidl_typesupport_fastrtps_c.h\n'}
[26.465198] (rtabmap_msgs) StdoutLine: {'line': b'[ 33%] \x1b[32mBuilding CXX object CMakeFiles/rtabmap_msgs__rosidl_typesupport_c.dir/rosidl_typesupport_c/rtabmap_msgs/msg/camera_model__type_support.cpp.o\x1b[0m\n'}
[26.465542] (rtabmap_msgs) StdoutLine: {'line': b'\x1b[35m\x1b[1mScanning dependencies of target rtabmap_msgs__rosidl_typesupport_introspection_c\x1b[0m\n'}
[26.473617] (-) TimerEvent: {}
[26.486159] (astra_camera_msgs) StdoutLine: {'line': b'-- Symlinking: /home/deepak/electronic_ws/install/astra_camera_msgs/include/astra_camera_msgs/srv/detail/get_string__rosidl_typesupport_fastrtps_c.h\n'}
[26.513769] (rtabmap_msgs) StdoutLine: {'line': b'[ 33%] \x1b[32mBuilding CXX object CMakeFiles/rtabmap_msgs__rosidl_typesupport_fastrtps_cpp.dir/rosidl_typesupport_fastrtps_cpp/rtabmap_msgs/msg/detail/dds_fastrtps/map_graph__type_support.cpp.o\x1b[0m\n'}
[26.514074] (astra_camera_msgs) StdoutLine: {'line': b'-- Symlinking: /home/deepak/electronic_ws/install/astra_camera_msgs/include/astra_camera_msgs/srv/detail/set_int32__rosidl_typesupport_fastrtps_c.h\n'}
[26.518566] (rtabmap_msgs) StdoutLine: {'line': b'[ 33%] \x1b[32mBuilding CXX object CMakeFiles/rtabmap_msgs__rosidl_typesupport_introspection_cpp.dir/rosidl_typesupport_introspection_cpp/rtabmap_msgs/msg/detail/node_data__type_support.cpp.o\x1b[0m\n'}
[26.553363] (astra_camera_msgs) StdoutLine: {'line': b'-- Symlinking: /home/deepak/electronic_ws/install/astra_camera_msgs/lib/libastra_camera_msgs__rosidl_typesupport_fastrtps_c.so\n'}
[26.573780] (-) TimerEvent: {}
[26.608258] (astra_camera_msgs) StdoutLine: {'line': b'-- Symlinking: /home/deepak/electronic_ws/install/astra_camera_msgs/include/astra_camera_msgs/msg/detail/device_info__rosidl_typesupport_fastrtps_cpp.hpp\n'}
[26.637160] (rtabmap_msgs) StdoutLine: {'line': b'[ 33%] \x1b[32mBuilding C object CMakeFiles/rtabmap_msgs__rosidl_typesupport_introspection_c.dir/rosidl_typesupport_introspection_c/rtabmap_msgs/msg/detail/info__type_support.c.o\x1b[0m\n'}
[26.656415] (astra_camera_msgs) StdoutLine: {'line': b'-- Symlinking: /home/deepak/electronic_ws/install/astra_camera_msgs/include/astra_camera_msgs/msg/detail/extrinsics__rosidl_typesupport_fastrtps_cpp.hpp\n'}
[26.662325] (rtabmap_msgs) StdoutLine: {'line': b'[ 33%] \x1b[32mBuilding CXX object CMakeFiles/rtabmap_msgs__rosidl_typesupport_c.dir/rosidl_typesupport_c/rtabmap_msgs/msg/camera_models__type_support.cpp.o\x1b[0m\n'}
[26.673919] (-) TimerEvent: {}
[26.692711] (astra_camera_msgs) StdoutLine: {'line': b'-- Symlinking: /home/deepak/electronic_ws/install/astra_camera_msgs/include/astra_camera_msgs/msg/detail/metadata__rosidl_typesupport_fastrtps_cpp.hpp\n'}
[26.756665] (astra_camera_msgs) StdoutLine: {'line': b'-- Symlinking: /home/deepak/electronic_ws/install/astra_camera_msgs/include/astra_camera_msgs/msg/rosidl_typesupport_fastrtps_cpp__visibility_control.h\n'}
[26.774107] (-) TimerEvent: {}
[26.799966] (astra_camera_msgs) StdoutLine: {'line': b'-- Symlinking: /home/deepak/electronic_ws/install/astra_camera_msgs/include/astra_camera_msgs/srv/detail/get_camera_info__rosidl_typesupport_fastrtps_cpp.hpp\n'}
[26.832614] (rtabmap_msgs) StdoutLine: {'line': b'[ 33%] \x1b[32mBuilding CXX object CMakeFiles/rtabmap_msgs__rosidl_typesupport_c.dir/rosidl_typesupport_c/rtabmap_msgs/srv/get_map__type_support.cpp.o\x1b[0m\n'}
[26.836111] (rtabmap_msgs) StdoutLine: {'line': b'[ 33%] \x1b[32mBuilding C object CMakeFiles/rtabmap_msgs__rosidl_typesupport_introspection_c.dir/rosidl_typesupport_introspection_c/rtabmap_msgs/msg/detail/key_point__type_support.c.o\x1b[0m\n'}
[26.842435] (astra_camera_msgs) StdoutLine: {'line': b'-- Symlinking: /home/deepak/electronic_ws/install/astra_camera_msgs/include/astra_camera_msgs/srv/detail/get_camera_params__rosidl_typesupport_fastrtps_cpp.hpp\n'}
[26.874260] (-) TimerEvent: {}
[26.888994] (astra_camera_msgs) StdoutLine: {'line': b'-- Symlinking: /home/deepak/electronic_ws/install/astra_camera_msgs/include/astra_camera_msgs/srv/detail/get_device_info__rosidl_typesupport_fastrtps_cpp.hpp\n'}
[26.937856] (astra_camera_msgs) StdoutLine: {'line': b'-- Symlinking: /home/deepak/electronic_ws/install/astra_camera_msgs/include/astra_camera_msgs/srv/detail/get_int32__rosidl_typesupport_fastrtps_cpp.hpp\n'}
[26.974407] (-) TimerEvent: {}
[26.985794] (astra_camera_msgs) StdoutLine: {'line': b'-- Symlinking: /home/deepak/electronic_ws/install/astra_camera_msgs/include/astra_camera_msgs/srv/detail/get_string__rosidl_typesupport_fastrtps_cpp.hpp\n'}
[27.004735] (rtabmap_msgs) StdoutLine: {'line': b'[ 34%] \x1b[32mBuilding CXX object CMakeFiles/rtabmap_msgs__rosidl_typesupport_c.dir/rosidl_typesupport_c/rtabmap_msgs/srv/get_map2__type_support.cpp.o\x1b[0m\n'}
[27.028143] (astra_camera_msgs) StdoutLine: {'line': b'-- Symlinking: /home/deepak/electronic_ws/install/astra_camera_msgs/include/astra_camera_msgs/srv/detail/set_int32__rosidl_typesupport_fastrtps_cpp.hpp\n'}
[27.056769] (rtabmap_msgs) StdoutLine: {'line': b'[ 35%] \x1b[32mBuilding C object CMakeFiles/rtabmap_msgs__rosidl_typesupport_introspection_c.dir/rosidl_typesupport_introspection_c/rtabmap_msgs/msg/detail/global_descriptor__type_support.c.o\x1b[0m\n'}
[27.074536] (-) TimerEvent: {}
[27.090395] (astra_camera_msgs) StdoutLine: {'line': b'-- Symlinking: /home/deepak/electronic_ws/install/astra_camera_msgs/lib/libastra_camera_msgs__rosidl_typesupport_fastrtps_cpp.so\n'}
[27.092358] (rtabmap_msgs) StdoutLine: {'line': b'[ 35%] \x1b[32mBuilding C object CMakeFiles/rtabmap_msgs__rosidl_typesupport_introspection_c.dir/rosidl_typesupport_introspection_c/rtabmap_msgs/msg/detail/scan_descriptor__type_support.c.o\x1b[0m\n'}
[27.146944] (astra_camera_msgs) StdoutLine: {'line': b'-- Symlinking: /home/deepak/electronic_ws/install/astra_camera_msgs/include/astra_camera_msgs/msg/detail/device_info__rosidl_typesupport_introspection_c.h\n'}
[27.174703] (-) TimerEvent: {}
[27.210647] (astra_camera_msgs) StdoutLine: {'line': b'-- Symlinking: /home/deepak/electronic_ws/install/astra_camera_msgs/include/astra_camera_msgs/msg/detail/extrinsics__rosidl_typesupport_introspection_c.h\n'}
[27.236392] (rtabmap_msgs) StdoutLine: {'line': b'[ 35%] \x1b[32mBuilding CXX object CMakeFiles/rtabmap_msgs__rosidl_typesupport_c.dir/rosidl_typesupport_c/rtabmap_msgs/srv/list_labels__type_support.cpp.o\x1b[0m\n'}
[27.262463] (rtabmap_msgs) StdoutLine: {'line': b'[ 35%] \x1b[32mBuilding C object CMakeFiles/rtabmap_msgs__rosidl_typesupport_introspection_c.dir/rosidl_typesupport_introspection_c/rtabmap_msgs/msg/detail/map_data__type_support.c.o\x1b[0m\n'}
[27.264511] (astra_camera_msgs) StdoutLine: {'line': b'-- Symlinking: /home/deepak/electronic_ws/install/astra_camera_msgs/include/astra_camera_msgs/msg/detail/metadata__rosidl_typesupport_introspection_c.h\n'}
[27.274856] (-) TimerEvent: {}
[27.279548] (rtabmap_msgs) StdoutLine: {'line': b'[ 36%] \x1b[32mBuilding CXX object CMakeFiles/rtabmap_msgs__rosidl_typesupport_fastrtps_cpp.dir/rosidl_typesupport_fastrtps_cpp/rtabmap_msgs/msg/detail/dds_fastrtps/node_data__type_support.cpp.o\x1b[0m\n'}
[27.279898] (rtabmap_msgs) StdoutLine: {'line': b'[ 35%] \x1b[32mBuilding CXX object CMakeFiles/rtabmap_msgs__rosidl_typesupport_introspection_cpp.dir/rosidl_typesupport_introspection_cpp/rtabmap_msgs/msg/detail/link__type_support.cpp.o\x1b[0m\n'}
[27.318700] (astra_camera_msgs) StdoutLine: {'line': b'-- Symlinking: /home/deepak/electronic_ws/install/astra_camera_msgs/include/astra_camera_msgs/msg/rosidl_typesupport_introspection_c__visibility_control.h\n'}
[27.371234] (astra_camera_msgs) StdoutLine: {'line': b'-- Symlinking: /home/deepak/electronic_ws/install/astra_camera_msgs/include/astra_camera_msgs/srv/detail/get_camera_info__rosidl_typesupport_introspection_c.h\n'}
[27.374982] (-) TimerEvent: {}
[27.395690] (rtabmap_msgs) StdoutLine: {'line': b'[ 36%] \x1b[32mBuilding CXX object CMakeFiles/rtabmap_msgs__rosidl_typesupport_c.dir/rosidl_typesupport_c/rtabmap_msgs/srv/publish_map__type_support.cpp.o\x1b[0m\n'}
[27.414045] (astra_camera_msgs) StdoutLine: {'line': b'-- Symlinking: /home/deepak/electronic_ws/install/astra_camera_msgs/include/astra_camera_msgs/srv/detail/get_camera_params__rosidl_typesupport_introspection_c.h\n'}
[27.459347] (astra_camera_msgs) StdoutLine: {'line': b'-- Symlinking: /home/deepak/electronic_ws/install/astra_camera_msgs/include/astra_camera_msgs/srv/detail/get_device_info__rosidl_typesupport_introspection_c.h\n'}
[27.465421] (rtabmap_msgs) StdoutLine: {'line': b'[ 37%] \x1b[32mBuilding C object CMakeFiles/rtabmap_msgs__rosidl_typesupport_introspection_c.dir/rosidl_typesupport_introspection_c/rtabmap_msgs/msg/detail/map_graph__type_support.c.o\x1b[0m\n'}
[27.475124] (-) TimerEvent: {}
[27.503615] (astra_camera_msgs) StdoutLine: {'line': b'-- Symlinking: /home/deepak/electronic_ws/install/astra_camera_msgs/include/astra_camera_msgs/srv/detail/get_int32__rosidl_typesupport_introspection_c.h\n'}
[27.553711] (rtabmap_msgs) StdoutLine: {'line': b'[ 37%] \x1b[32mBuilding CXX object CMakeFiles/rtabmap_msgs__rosidl_typesupport_cpp.dir/rosidl_typesupport_cpp/rtabmap_msgs/srv/publish_map__type_support.cpp.o\x1b[0m\n'}
[27.560399] (astra_camera_msgs) StdoutLine: {'line': b'-- Symlinking: /home/deepak/electronic_ws/install/astra_camera_msgs/include/astra_camera_msgs/srv/detail/get_string__rosidl_typesupport_introspection_c.h\n'}
[27.570007] (rtabmap_msgs) StdoutLine: {'line': b'[ 38%] \x1b[32mBuilding CXX object CMakeFiles/rtabmap_msgs__rosidl_typesupport_c.dir/rosidl_typesupport_c/rtabmap_msgs/srv/reset_pose__type_support.cpp.o\x1b[0m\n'}
[27.575275] (-) TimerEvent: {}
[27.583441] (astra_camera_msgs) StdoutLine: {'line': b'-- Symlinking: /home/deepak/electronic_ws/install/astra_camera_msgs/include/astra_camera_msgs/srv/detail/set_int32__rosidl_typesupport_introspection_c.h\n'}
[27.623004] (astra_camera_msgs) StdoutLine: {'line': b'-- Symlinking: /home/deepak/electronic_ws/install/astra_camera_msgs/include/astra_camera_msgs/msg/detail/device_info__builder.hpp\n'}
[27.644816] (rtabmap_msgs) StdoutLine: {'line': b'[ 38%] \x1b[32mBuilding CXX object CMakeFiles/rtabmap_msgs__rosidl_typesupport_cpp.dir/rosidl_typesupport_cpp/rtabmap_msgs/srv/reset_pose__type_support.cpp.o\x1b[0m\n'}
[27.657899] (rtabmap_msgs) StdoutLine: {'line': b'[ 38%] \x1b[32mBuilding C object CMakeFiles/rtabmap_msgs__rosidl_typesupport_introspection_c.dir/rosidl_typesupport_introspection_c/rtabmap_msgs/msg/detail/node_data__type_support.c.o\x1b[0m\n'}
[27.673960] (astra_camera_msgs) StdoutLine: {'line': b'-- Symlinking: /home/deepak/electronic_ws/install/astra_camera_msgs/include/astra_camera_msgs/msg/detail/device_info__struct.hpp\n'}
[27.675387] (-) TimerEvent: {}
[27.724142] (astra_camera_msgs) StdoutLine: {'line': b'-- Symlinking: /home/deepak/electronic_ws/install/astra_camera_msgs/include/astra_camera_msgs/msg/detail/device_info__traits.hpp\n'}
[27.753119] (rtabmap_msgs) StdoutLine: {'line': b'[ 38%] \x1b[32mBuilding CXX object CMakeFiles/rtabmap_msgs__rosidl_typesupport_c.dir/rosidl_typesupport_c/rtabmap_msgs/srv/set_goal__type_support.cpp.o\x1b[0m\n'}
[27.765339] (astra_camera_msgs) StdoutLine: {'line': b'-- Symlinking: /home/deepak/electronic_ws/install/astra_camera_msgs/include/astra_camera_msgs/msg/detail/device_info__type_support.hpp\n'}
[27.775541] (-) TimerEvent: {}
[27.810634] (astra_camera_msgs) StdoutLine: {'line': b'-- Symlinking: /home/deepak/electronic_ws/install/astra_camera_msgs/include/astra_camera_msgs/msg/detail/extrinsics__builder.hpp\n'}
[27.846676] (astra_camera_msgs) StdoutLine: {'line': b'-- Symlinking: /home/deepak/electronic_ws/install/astra_camera_msgs/include/astra_camera_msgs/msg/detail/extrinsics__struct.hpp\n'}
[27.875683] (-) TimerEvent: {}
[27.883120] (astra_camera_msgs) StdoutLine: {'line': b'-- Symlinking: /home/deepak/electronic_ws/install/astra_camera_msgs/include/astra_camera_msgs/msg/detail/extrinsics__traits.hpp\n'}
[27.929801] (astra_camera_msgs) StdoutLine: {'line': b'-- Symlinking: /home/deepak/electronic_ws/install/astra_camera_msgs/include/astra_camera_msgs/msg/detail/extrinsics__type_support.hpp\n'}
[27.940828] (rtabmap_msgs) StdoutLine: {'line': b'[ 38%] \x1b[32mBuilding C object CMakeFiles/rtabmap_msgs__rosidl_typesupport_introspection_c.dir/rosidl_typesupport_introspection_c/rtabmap_msgs/msg/detail/link__type_support.c.o\x1b[0m\n'}
[27.953296] (rtabmap_msgs) StdoutLine: {'line': b'[ 38%] \x1b[32mBuilding CXX object CMakeFiles/rtabmap_msgs__rosidl_typesupport_c.dir/rosidl_typesupport_c/rtabmap_msgs/srv/set_label__type_support.cpp.o\x1b[0m\n'}
[27.975840] (-) TimerEvent: {}
[27.991238] (astra_camera_msgs) StdoutLine: {'line': b'-- Symlinking: /home/deepak/electronic_ws/install/astra_camera_msgs/include/astra_camera_msgs/msg/detail/metadata__builder.hpp\n'}
[28.059852] (astra_camera_msgs) StdoutLine: {'line': b'-- Symlinking: /home/deepak/electronic_ws/install/astra_camera_msgs/include/astra_camera_msgs/msg/detail/metadata__struct.hpp\n'}
[28.076005] (-) TimerEvent: {}
[28.102991] (astra_camera_msgs) StdoutLine: {'line': b'-- Symlinking: /home/deepak/electronic_ws/install/astra_camera_msgs/include/astra_camera_msgs/msg/detail/metadata__traits.hpp\n'}
[28.140916] (rtabmap_msgs) StdoutLine: {'line': b'[ 39%] \x1b[32mBuilding C object CMakeFiles/rtabmap_msgs__rosidl_typesupport_introspection_c.dir/rosidl_typesupport_introspection_c/rtabmap_msgs/msg/detail/odom_info__type_support.c.o\x1b[0m\n'}
[28.142853] (astra_camera_msgs) StdoutLine: {'line': b'-- Symlinking: /home/deepak/electronic_ws/install/astra_camera_msgs/include/astra_camera_msgs/msg/detail/metadata__type_support.hpp\n'}
[28.153565] (rtabmap_msgs) StdoutLine: {'line': b'[ 40%] \x1b[32mBuilding CXX object CMakeFiles/rtabmap_msgs__rosidl_typesupport_c.dir/rosidl_typesupport_c/rtabmap_msgs/srv/remove_label__type_support.cpp.o\x1b[0m\n'}
[28.176155] (-) TimerEvent: {}
[28.201815] (astra_camera_msgs) StdoutLine: {'line': b'-- Symlinking: /home/deepak/electronic_ws/install/astra_camera_msgs/include/astra_camera_msgs/msg/device_info.hpp\n'}
[28.253714] (astra_camera_msgs) StdoutLine: {'line': b'-- Symlinking: /home/deepak/electronic_ws/install/astra_camera_msgs/include/astra_camera_msgs/msg/extrinsics.hpp\n'}
[28.276302] (-) TimerEvent: {}
[28.312918] (rtabmap_msgs) StdoutLine: {'line': b'[ 40%] \x1b[32mBuilding CXX object CMakeFiles/rtabmap_msgs__rosidl_typesupport_c.dir/rosidl_typesupport_c/rtabmap_msgs/srv/get_plan__type_support.cpp.o\x1b[0m\n'}
[28.314466] (astra_camera_msgs) StdoutLine: {'line': b'-- Symlinking: /home/deepak/electronic_ws/install/astra_camera_msgs/include/astra_camera_msgs/msg/metadata.hpp\n'}
[28.337764] (rtabmap_msgs) StdoutLine: {'line': b'[ 40%] \x1b[32mBuilding CXX object CMakeFiles/rtabmap_msgs__rosidl_typesupport_fastrtps_cpp.dir/rosidl_typesupport_fastrtps_cpp/rtabmap_msgs/msg/detail/dds_fastrtps/link__type_support.cpp.o\x1b[0m\n'}
[28.356127] (astra_camera_msgs) StdoutLine: {'line': b'-- Symlinking: /home/deepak/electronic_ws/install/astra_camera_msgs/include/astra_camera_msgs/msg/rosidl_generator_cpp__visibility_control.hpp\n'}
[28.356512] (rtabmap_msgs) StdoutLine: {'line': b'[ 40%] \x1b[32mBuilding CXX object CMakeFiles/rtabmap_msgs__rosidl_typesupport_c.dir/rosidl_typesupport_c/rtabmap_msgs/srv/add_link__type_support.cpp.o\x1b[0m\n'}
[28.376463] (-) TimerEvent: {}
[28.377025] (rtabmap_msgs) StdoutLine: {'line': b'[ 40%] \x1b[32mBuilding C object CMakeFiles/rtabmap_msgs__rosidl_typesupport_introspection_c.dir/rosidl_typesupport_introspection_c/rtabmap_msgs/msg/detail/point2f__type_support.c.o\x1b[0m\n'}
[28.410836] (astra_camera_msgs) StdoutLine: {'line': b'-- Symlinking: /home/deepak/electronic_ws/install/astra_camera_msgs/include/astra_camera_msgs/srv/detail/get_camera_info__builder.hpp\n'}
[28.447465] (astra_camera_msgs) StdoutLine: {'line': b'-- Symlinking: /home/deepak/electronic_ws/install/astra_camera_msgs/include/astra_camera_msgs/srv/detail/get_camera_info__struct.hpp\n'}
[28.473363] (rtabmap_msgs) StdoutLine: {'line': b'[ 40%] \x1b[32mBuilding CXX object CMakeFiles/rtabmap_msgs__rosidl_typesupport_introspection_cpp.dir/rosidl_typesupport_introspection_cpp/rtabmap_msgs/msg/detail/odom_info__type_support.cpp.o\x1b[0m\n'}
[28.476595] (-) TimerEvent: {}
[28.495027] (astra_camera_msgs) StdoutLine: {'line': b'-- Symlinking: /home/deepak/electronic_ws/install/astra_camera_msgs/include/astra_camera_msgs/srv/detail/get_camera_info__traits.hpp\n'}
[28.523635] (rtabmap_msgs) StdoutLine: {'line': b'[ 41%] \x1b[32mBuilding CXX object CMakeFiles/rtabmap_msgs__rosidl_typesupport_c.dir/rosidl_typesupport_c/rtabmap_msgs/srv/get_node_data__type_support.cpp.o\x1b[0m\n'}
[28.534841] (astra_camera_msgs) StdoutLine: {'line': b'-- Symlinking: /home/deepak/electronic_ws/install/astra_camera_msgs/include/astra_camera_msgs/srv/detail/get_camera_info__type_support.hpp\n'}
[28.550636] (rtabmap_msgs) StdoutLine: {'line': b'[ 41%] \x1b[32mBuilding C object CMakeFiles/rtabmap_msgs__rosidl_typesupport_introspection_c.dir/rosidl_typesupport_introspection_c/rtabmap_msgs/msg/detail/point3f__type_support.c.o\x1b[0m\n'}
[28.576731] (-) TimerEvent: {}
[28.589234] (rtabmap_msgs) StdoutLine: {'line': b'[ 42%] \x1b[32mBuilding CXX object CMakeFiles/rtabmap_msgs__rosidl_typesupport_cpp.dir/rosidl_typesupport_cpp/rtabmap_msgs/srv/set_goal__type_support.cpp.o\x1b[0m\n'}
[28.590583] (astra_camera_msgs) StdoutLine: {'line': b'-- Symlinking: /home/deepak/electronic_ws/install/astra_camera_msgs/include/astra_camera_msgs/srv/detail/get_camera_params__builder.hpp\n'}
[28.604878] (rtabmap_msgs) StdoutLine: {'line': b'[ 42%] \x1b[32mBuilding CXX object CMakeFiles/rtabmap_msgs__rosidl_typesupport_c.dir/rosidl_typesupport_c/rtabmap_msgs/srv/get_nodes_in_radius__type_support.cpp.o\x1b[0m\n'}
[28.641915] (astra_camera_msgs) StdoutLine: {'line': b'-- Symlinking: /home/deepak/electronic_ws/install/astra_camera_msgs/include/astra_camera_msgs/srv/detail/get_camera_params__struct.hpp\n'}
[28.676874] (-) TimerEvent: {}
[28.679168] (astra_camera_msgs) StdoutLine: {'line': b'-- Symlinking: /home/deepak/electronic_ws/install/astra_camera_msgs/include/astra_camera_msgs/srv/detail/get_camera_params__traits.hpp\n'}
[28.724146] (astra_camera_msgs) StdoutLine: {'line': b'-- Symlinking: /home/deepak/electronic_ws/install/astra_camera_msgs/include/astra_camera_msgs/srv/detail/get_camera_params__type_support.hpp\n'}
[28.732167] (rtabmap_msgs) StdoutLine: {'line': b'[ 42%] \x1b[32mBuilding CXX object CMakeFiles/rtabmap_msgs__rosidl_typesupport_c.dir/rosidl_typesupport_c/rtabmap_msgs/srv/load_database__type_support.cpp.o\x1b[0m\n'}
[28.732471] (rtabmap_msgs) StdoutLine: {'line': b'[ 43%] \x1b[32mBuilding C object CMakeFiles/rtabmap_msgs__rosidl_typesupport_introspection_c.dir/rosidl_typesupport_introspection_c/rtabmap_msgs/msg/detail/goal__type_support.c.o\x1b[0m\n'}
[28.767482] (astra_camera_msgs) StdoutLine: {'line': b'-- Symlinking: /home/deepak/electronic_ws/install/astra_camera_msgs/include/astra_camera_msgs/srv/detail/get_device_info__builder.hpp\n'}
[28.771502] (rtabmap_msgs) StdoutLine: {'line': b'[ 43%] \x1b[32mBuilding C object CMakeFiles/rtabmap_msgs__rosidl_typesupport_introspection_c.dir/rosidl_typesupport_introspection_c/rtabmap_msgs/msg/detail/rgbd_image__type_support.c.o\x1b[0m\n'}
[28.777013] (-) TimerEvent: {}
[28.809986] (astra_camera_msgs) StdoutLine: {'line': b'-- Symlinking: /home/deepak/electronic_ws/install/astra_camera_msgs/include/astra_camera_msgs/srv/detail/get_device_info__struct.hpp\n'}
[28.873804] (astra_camera_msgs) StdoutLine: {'line': b'-- Symlinking: /home/deepak/electronic_ws/install/astra_camera_msgs/include/astra_camera_msgs/srv/detail/get_device_info__traits.hpp\n'}
[28.877169] (-) TimerEvent: {}
[28.898127] (rtabmap_msgs) StdoutLine: {'line': b'[ 44%] \x1b[32mBuilding CXX object CMakeFiles/rtabmap_msgs__rosidl_typesupport_c.dir/rosidl_typesupport_c/rtabmap_msgs/srv/detect_more_loop_closures__type_support.cpp.o\x1b[0m\n'}
[28.900486] (rtabmap_msgs) StdoutLine: {'line': b'[ 44%] \x1b[32mBuilding C object CMakeFiles/rtabmap_msgs__rosidl_typesupport_introspection_c.dir/rosidl_typesupport_introspection_c/rtabmap_msgs/msg/detail/rgbd_images__type_support.c.o\x1b[0m\n'}
[28.904469] (rtabmap_msgs) StdoutLine: {'line': b'[ 44%] \x1b[32mBuilding CXX object CMakeFiles/rtabmap_msgs__rosidl_typesupport_cpp.dir/rosidl_typesupport_cpp/rtabmap_msgs/srv/set_label__type_support.cpp.o\x1b[0m\n'}
[28.914248] (astra_camera_msgs) StdoutLine: {'line': b'-- Symlinking: /home/deepak/electronic_ws/install/astra_camera_msgs/include/astra_camera_msgs/srv/detail/get_device_info__type_support.hpp\n'}
[28.956449] (astra_camera_msgs) StdoutLine: {'line': b'-- Symlinking: /home/deepak/electronic_ws/install/astra_camera_msgs/include/astra_camera_msgs/srv/detail/get_int32__builder.hpp\n'}
[28.977304] (-) TimerEvent: {}
[28.997401] (rtabmap_msgs) StdoutLine: {'line': b'[ 44%] \x1b[32mBuilding CXX object CMakeFiles/rtabmap_msgs__rosidl_typesupport_cpp.dir/rosidl_typesupport_cpp/rtabmap_msgs/srv/remove_label__type_support.cpp.o\x1b[0m\n'}
[28.997831] (astra_camera_msgs) StdoutLine: {'line': b'-- Symlinking: /home/deepak/electronic_ws/install/astra_camera_msgs/include/astra_camera_msgs/srv/detail/get_int32__struct.hpp\n'}
[29.040680] (astra_camera_msgs) StdoutLine: {'line': b'-- Symlinking: /home/deepak/electronic_ws/install/astra_camera_msgs/include/astra_camera_msgs/srv/detail/get_int32__traits.hpp\n'}
[29.077450] (-) TimerEvent: {}
[29.077887] (astra_camera_msgs) StdoutLine: {'line': b'-- Symlinking: /home/deepak/electronic_ws/install/astra_camera_msgs/include/astra_camera_msgs/srv/detail/get_int32__type_support.hpp\n'}
[29.081288] (rtabmap_msgs) StdoutLine: {'line': b'[ 44%] \x1b[32mBuilding CXX object CMakeFiles/rtabmap_msgs__rosidl_typesupport_c.dir/rosidl_typesupport_c/rtabmap_msgs/srv/global_bundle_adjustment__type_support.cpp.o\x1b[0m\n'}
[29.121864] (astra_camera_msgs) StdoutLine: {'line': b'-- Symlinking: /home/deepak/electronic_ws/install/astra_camera_msgs/include/astra_camera_msgs/srv/detail/get_string__builder.hpp\n'}
[29.123398] (rtabmap_msgs) StdoutLine: {'line': b'[ 45%] \x1b[32mBuilding C object CMakeFiles/rtabmap_msgs__rosidl_typesupport_introspection_c.dir/rosidl_typesupport_introspection_c/rtabmap_msgs/msg/detail/user_data__type_support.c.o\x1b[0m\n'}
[29.177598] (-) TimerEvent: {}
[29.183561] (astra_camera_msgs) StdoutLine: {'line': b'-- Symlinking: /home/deepak/electronic_ws/install/astra_camera_msgs/include/astra_camera_msgs/srv/detail/get_string__struct.hpp\n'}
[29.225390] (astra_camera_msgs) StdoutLine: {'line': b'-- Symlinking: /home/deepak/electronic_ws/install/astra_camera_msgs/include/astra_camera_msgs/srv/detail/get_string__traits.hpp\n'}
[29.265171] (rtabmap_msgs) StdoutLine: {'line': b'[ 45%] \x1b[32mBuilding CXX object CMakeFiles/rtabmap_msgs__rosidl_typesupport_c.dir/rosidl_typesupport_c/rtabmap_msgs/srv/cleanup_local_grids__type_support.cpp.o\x1b[0m\n'}
[29.265708] (astra_camera_msgs) StdoutLine: {'line': b'-- Symlinking: /home/deepak/electronic_ws/install/astra_camera_msgs/include/astra_camera_msgs/srv/detail/get_string__type_support.hpp\n'}
[29.277728] (-) TimerEvent: {}
[29.297970] (astra_camera_msgs) StdoutLine: {'line': b'-- Symlinking: /home/deepak/electronic_ws/install/astra_camera_msgs/include/astra_camera_msgs/srv/detail/set_int32__builder.hpp\n'}
[29.344664] (rtabmap_msgs) StdoutLine: {'line': b'[ 45%] \x1b[32mBuilding C object CMakeFiles/rtabmap_msgs__rosidl_typesupport_introspection_c.dir/rosidl_typesupport_introspection_c/rtabmap_msgs/msg/detail/gps__type_support.c.o\x1b[0m\n'}
[29.377879] (-) TimerEvent: {}
[29.379629] (astra_camera_msgs) StdoutLine: {'line': b'-- Symlinking: /home/deepak/electronic_ws/install/astra_camera_msgs/include/astra_camera_msgs/srv/detail/set_int32__struct.hpp\n'}
[29.421904] (astra_camera_msgs) StdoutLine: {'line': b'-- Symlinking: /home/deepak/electronic_ws/install/astra_camera_msgs/include/astra_camera_msgs/srv/detail/set_int32__traits.hpp\n'}
[29.472075] (astra_camera_msgs) StdoutLine: {'line': b'-- Symlinking: /home/deepak/electronic_ws/install/astra_camera_msgs/include/astra_camera_msgs/srv/detail/set_int32__type_support.hpp\n'}
[29.478041] (-) TimerEvent: {}
[29.494062] (rtabmap_msgs) StdoutLine: {'line': b'[ 45%] \x1b[32m\x1b[1mLinking CXX shared library librtabmap_msgs__rosidl_typesupport_c.so\x1b[0m\n'}
[29.505396] (rtabmap_msgs) StdoutLine: {'line': b'[ 45%] \x1b[32mBuilding C object CMakeFiles/rtabmap_msgs__rosidl_typesupport_introspection_c.dir/rosidl_typesupport_introspection_c/rtabmap_msgs/msg/detail/path__type_support.c.o\x1b[0m\n'}
[29.528342] (astra_camera_msgs) StdoutLine: {'line': b'-- Symlinking: /home/deepak/electronic_ws/install/astra_camera_msgs/include/astra_camera_msgs/srv/get_camera_info.hpp\n'}
[29.577642] (rtabmap_msgs) StdoutLine: {'line': b'[ 45%] \x1b[32mBuilding CXX object CMakeFiles/rtabmap_msgs__rosidl_typesupport_fastrtps_cpp.dir/rosidl_typesupport_fastrtps_cpp/rtabmap_msgs/msg/detail/dds_fastrtps/odom_info__type_support.cpp.o\x1b[0m\n'}
[29.578103] (-) TimerEvent: {}
[29.578541] (astra_camera_msgs) StdoutLine: {'line': b'-- Symlinking: /home/deepak/electronic_ws/install/astra_camera_msgs/include/astra_camera_msgs/srv/get_camera_params.hpp\n'}
[29.630365] (astra_camera_msgs) StdoutLine: {'line': b'-- Symlinking: /home/deepak/electronic_ws/install/astra_camera_msgs/include/astra_camera_msgs/srv/get_device_info.hpp\n'}
[29.673227] (rtabmap_msgs) StdoutLine: {'line': b'[ 46%] \x1b[32mBuilding C object CMakeFiles/rtabmap_msgs__rosidl_typesupport_introspection_c.dir/rosidl_typesupport_introspection_c/rtabmap_msgs/msg/detail/env_sensor__type_support.c.o\x1b[0m\n'}
[29.678257] (-) TimerEvent: {}
[29.687217] (astra_camera_msgs) StdoutLine: {'line': b'-- Symlinking: /home/deepak/electronic_ws/install/astra_camera_msgs/include/astra_camera_msgs/srv/get_int32.hpp\n'}
[29.750824] (astra_camera_msgs) StdoutLine: {'line': b'-- Symlinking: /home/deepak/electronic_ws/install/astra_camera_msgs/include/astra_camera_msgs/srv/get_string.hpp\n'}
[29.766303] (rtabmap_msgs) StdoutLine: {'line': b'[ 46%] Built target rtabmap_msgs__rosidl_typesupport_c\n'}
[29.778423] (-) TimerEvent: {}
[29.794897] (astra_camera_msgs) StdoutLine: {'line': b'-- Symlinking: /home/deepak/electronic_ws/install/astra_camera_msgs/include/astra_camera_msgs/srv/set_int32.hpp\n'}
[29.817686] (rtabmap_msgs) StdoutLine: {'line': b'[ 46%] \x1b[32mBuilding C object CMakeFiles/rtabmap_msgs__rosidl_typesupport_introspection_c.dir/rosidl_typesupport_introspection_c/rtabmap_msgs/msg/detail/camera_model__type_support.c.o\x1b[0m\n'}
[29.837196] (astra_camera_msgs) StdoutLine: {'line': b'-- Symlinking: /home/deepak/electronic_ws/install/astra_camera_msgs/include/astra_camera_msgs/msg/detail/device_info__rosidl_typesupport_introspection_cpp.hpp\n'}
[29.853175] (rtabmap_msgs) StdoutLine: {'line': b'[ 47%] \x1b[32mBuilding CXX object CMakeFiles/rtabmap_msgs__rosidl_typesupport_fastrtps_cpp.dir/rosidl_typesupport_fastrtps_cpp/rtabmap_msgs/msg/detail/dds_fastrtps/point2f__type_support.cpp.o\x1b[0m\n'}
[29.878578] (-) TimerEvent: {}
[29.893296] (rtabmap_msgs) StdoutLine: {'line': b'[ 48%] \x1b[32mBuilding CXX object CMakeFiles/rtabmap_msgs__rosidl_typesupport_introspection_cpp.dir/rosidl_typesupport_introspection_cpp/rtabmap_msgs/msg/detail/point2f__type_support.cpp.o\x1b[0m\n'}
[29.893848] (rtabmap_msgs) StdoutLine: {'line': b'[ 47%] \x1b[32mBuilding C object CMakeFiles/rtabmap_msgs__rosidl_typesupport_introspection_c.dir/rosidl_typesupport_introspection_c/rtabmap_msgs/msg/detail/camera_models__type_support.c.o\x1b[0m\n'}
[29.896009] (astra_camera_msgs) StdoutLine: {'line': b'-- Symlinking: /home/deepak/electronic_ws/install/astra_camera_msgs/include/astra_camera_msgs/msg/detail/extrinsics__rosidl_typesupport_introspection_cpp.hpp\n'}
[29.953903] (astra_camera_msgs) StdoutLine: {'line': b'-- Symlinking: /home/deepak/electronic_ws/install/astra_camera_msgs/include/astra_camera_msgs/msg/detail/metadata__rosidl_typesupport_introspection_cpp.hpp\n'}
[29.978727] (-) TimerEvent: {}
[29.985746] (rtabmap_msgs) StdoutLine: {'line': b'[ 48%] \x1b[32mBuilding CXX object CMakeFiles/rtabmap_msgs__rosidl_typesupport_fastrtps_cpp.dir/rosidl_typesupport_fastrtps_cpp/rtabmap_msgs/msg/detail/dds_fastrtps/point3f__type_support.cpp.o\x1b[0m\n'}
[30.024280] (astra_camera_msgs) StdoutLine: {'line': b'-- Symlinking: /home/deepak/electronic_ws/install/astra_camera_msgs/include/astra_camera_msgs/srv/detail/get_camera_info__rosidl_typesupport_introspection_cpp.hpp\n'}
[30.044587] (rtabmap_msgs) StdoutLine: {'line': b'[ 49%] \x1b[32mBuilding CXX object CMakeFiles/rtabmap_msgs__rosidl_typesupport_cpp.dir/rosidl_typesupport_cpp/rtabmap_msgs/srv/get_plan__type_support.cpp.o\x1b[0m\n'}
[30.078884] (-) TimerEvent: {}
[30.094571] (astra_camera_msgs) StdoutLine: {'line': b'-- Symlinking: /home/deepak/electronic_ws/install/astra_camera_msgs/include/astra_camera_msgs/srv/detail/get_camera_params__rosidl_typesupport_introspection_cpp.hpp\n'}
[30.116724] (rtabmap_msgs) StdoutLine: {'line': b'[ 49%] \x1b[32mBuilding C object CMakeFiles/rtabmap_msgs__rosidl_typesupport_introspection_c.dir/rosidl_typesupport_introspection_c/rtabmap_msgs/srv/detail/get_map__type_support.c.o\x1b[0m\n'}
[30.152088] (astra_camera_msgs) StdoutLine: {'line': b'-- Symlinking: /home/deepak/electronic_ws/install/astra_camera_msgs/include/astra_camera_msgs/srv/detail/get_device_info__rosidl_typesupport_introspection_cpp.hpp\n'}
[30.179027] (-) TimerEvent: {}
[30.210659] (astra_camera_msgs) StdoutLine: {'line': b'-- Symlinking: /home/deepak/electronic_ws/install/astra_camera_msgs/include/astra_camera_msgs/srv/detail/get_int32__rosidl_typesupport_introspection_cpp.hpp\n'}
[30.247195] (astra_camera_msgs) StdoutLine: {'line': b'-- Symlinking: /home/deepak/electronic_ws/install/astra_camera_msgs/include/astra_camera_msgs/srv/detail/get_string__rosidl_typesupport_introspection_cpp.hpp\n'}
[30.270855] (astra_camera_msgs) StdoutLine: {'line': b'-- Symlinking: /home/deepak/electronic_ws/install/astra_camera_msgs/include/astra_camera_msgs/srv/detail/set_int32__rosidl_typesupport_introspection_cpp.hpp\n'}
[30.279175] (-) TimerEvent: {}
[30.287368] (rtabmap_msgs) StdoutLine: {'line': b'[ 49%] \x1b[32mBuilding CXX object CMakeFiles/rtabmap_msgs__rosidl_typesupport_introspection_cpp.dir/rosidl_typesupport_introspection_cpp/rtabmap_msgs/msg/detail/point3f__type_support.cpp.o\x1b[0m\n'}
[30.292795] (rtabmap_msgs) StdoutLine: {'line': b'[ 50%] \x1b[32mBuilding C object CMakeFiles/rtabmap_msgs__rosidl_typesupport_introspection_c.dir/rosidl_typesupport_introspection_c/rtabmap_msgs/srv/detail/get_map2__type_support.c.o\x1b[0m\n'}
[30.347142] (astra_camera_msgs) StdoutLine: {'line': b'-- Symlinking: /home/deepak/electronic_ws/install/astra_camera_msgs/share/astra_camera_msgs/environment/pythonpath.sh\n'}
[30.379235] (astra_camera_msgs) StdoutLine: {'line': b'-- Symlinking: /home/deepak/electronic_ws/install/astra_camera_msgs/share/astra_camera_msgs/environment/pythonpath.dsv\n'}
[30.379505] (-) TimerEvent: {}
[30.442203] (astra_camera_msgs) StdoutLine: {'line': b'-- Symlinking: /home/deepak/electronic_ws/install/astra_camera_msgs/lib/python3.8/site-packages/astra_camera_msgs/__init__.py\n'}
[30.468234] (rtabmap_msgs) StdoutLine: {'line': b'[ 50%] \x1b[32mBuilding C object CMakeFiles/rtabmap_msgs__rosidl_typesupport_introspection_c.dir/rosidl_typesupport_introspection_c/rtabmap_msgs/srv/detail/list_labels__type_support.c.o\x1b[0m\n'}
[30.479662] (-) TimerEvent: {}
[30.491258] (astra_camera_msgs) StdoutLine: {'line': b'-- Symlinking: /home/deepak/electronic_ws/install/astra_camera_msgs/lib/python3.8/site-packages/astra_camera_msgs/msg/__init__.py\n'}
[30.565796] (astra_camera_msgs) StdoutLine: {'line': b'-- Symlinking: /home/deepak/electronic_ws/install/astra_camera_msgs/lib/python3.8/site-packages/astra_camera_msgs/msg/_device_info.py\n'}
[30.579802] (-) TimerEvent: {}
[30.612430] (astra_camera_msgs) StdoutLine: {'line': b'-- Symlinking: /home/deepak/electronic_ws/install/astra_camera_msgs/lib/python3.8/site-packages/astra_camera_msgs/msg/_extrinsics.py\n'}
[30.620566] (rtabmap_msgs) StdoutLine: {'line': b'[ 50%] \x1b[32mBuilding C object CMakeFiles/rtabmap_msgs__rosidl_typesupport_introspection_c.dir/rosidl_typesupport_introspection_c/rtabmap_msgs/srv/detail/publish_map__type_support.c.o\x1b[0m\n'}
[30.659672] (astra_camera_msgs) StdoutLine: {'line': b'-- Symlinking: /home/deepak/electronic_ws/install/astra_camera_msgs/lib/python3.8/site-packages/astra_camera_msgs/msg/_metadata.py\n'}
[30.665128] (rtabmap_msgs) StdoutLine: {'line': b'[ 51%] \x1b[32mBuilding C object CMakeFiles/rtabmap_msgs__rosidl_typesupport_introspection_c.dir/rosidl_typesupport_introspection_c/rtabmap_msgs/srv/detail/reset_pose__type_support.c.o\x1b[0m\n'}
[30.680726] (-) TimerEvent: {}
[30.693072] (astra_camera_msgs) StdoutLine: {'line': b'-- Symlinking: /home/deepak/electronic_ws/install/astra_camera_msgs/lib/python3.8/site-packages/astra_camera_msgs/srv/__init__.py\n'}
[30.726211] (astra_camera_msgs) StdoutLine: {'line': b'-- Symlinking: /home/deepak/electronic_ws/install/astra_camera_msgs/lib/python3.8/site-packages/astra_camera_msgs/srv/_get_camera_info.py\n'}
[30.749805] (rtabmap_msgs) StdoutLine: {'line': b'[ 51%] \x1b[32mBuilding CXX object CMakeFiles/rtabmap_msgs__rosidl_typesupport_cpp.dir/rosidl_typesupport_cpp/rtabmap_msgs/srv/add_link__type_support.cpp.o\x1b[0m\n'}
[30.780872] (-) TimerEvent: {}
[30.795029] (astra_camera_msgs) StdoutLine: {'line': b'-- Symlinking: /home/deepak/electronic_ws/install/astra_camera_msgs/lib/python3.8/site-packages/astra_camera_msgs/srv/_get_camera_params.py\n'}
[30.824644] (astra_camera_msgs) StdoutLine: {'line': b'-- Symlinking: /home/deepak/electronic_ws/install/astra_camera_msgs/lib/python3.8/site-packages/astra_camera_msgs/srv/_get_device_info.py\n'}
[30.853253] (rtabmap_msgs) StdoutLine: {'line': b'[ 51%] \x1b[32mBuilding C object CMakeFiles/rtabmap_msgs__rosidl_typesupport_introspection_c.dir/rosidl_typesupport_introspection_c/rtabmap_msgs/srv/detail/set_goal__type_support.c.o\x1b[0m\n'}
[30.853652] (rtabmap_msgs) StdoutLine: {'line': b'[ 51%] \x1b[32mBuilding C object CMakeFiles/rtabmap_msgs__rosidl_typesupport_introspection_c.dir/rosidl_typesupport_introspection_c/rtabmap_msgs/srv/detail/set_label__type_support.c.o\x1b[0m\n'}
[30.858931] (astra_camera_msgs) StdoutLine: {'line': b'-- Symlinking: /home/deepak/electronic_ws/install/astra_camera_msgs/lib/python3.8/site-packages/astra_camera_msgs/srv/_get_int32.py\n'}
[30.881041] (-) TimerEvent: {}
[30.908399] (astra_camera_msgs) StdoutLine: {'line': b'-- Symlinking: /home/deepak/electronic_ws/install/astra_camera_msgs/lib/python3.8/site-packages/astra_camera_msgs/srv/_get_string.py\n'}
[30.951940] (astra_camera_msgs) StdoutLine: {'line': b'-- Symlinking: /home/deepak/electronic_ws/install/astra_camera_msgs/lib/python3.8/site-packages/astra_camera_msgs/srv/_set_int32.py\n'}
[30.981220] (-) TimerEvent: {}
[31.008987] (astra_camera_msgs) StdoutLine: {'line': b'-- Symlinking: /home/deepak/electronic_ws/install/astra_camera_msgs/lib/python3.8/site-packages/astra_camera_msgs/astra_camera_msgs_s__rosidl_typesupport_fastrtps_c.cpython-38-x86_64-linux-gnu.so\n'}
[31.046916] (astra_camera_msgs) StdoutLine: {'line': b'-- Symlinking: /home/deepak/electronic_ws/install/astra_camera_msgs/lib/python3.8/site-packages/astra_camera_msgs/astra_camera_msgs_s__rosidl_typesupport_introspection_c.cpython-38-x86_64-linux-gnu.so\n'}
[31.065448] (rtabmap_msgs) StdoutLine: {'line': b'[ 52%] \x1b[32mBuilding C object CMakeFiles/rtabmap_msgs__rosidl_typesupport_introspection_c.dir/rosidl_typesupport_introspection_c/rtabmap_msgs/srv/detail/remove_label__type_support.c.o\x1b[0m\n'}
[31.081331] (-) TimerEvent: {}
[31.109109] (rtabmap_msgs) StdoutLine: {'line': b'[ 52%] \x1b[32mBuilding C object CMakeFiles/rtabmap_msgs__rosidl_typesupport_introspection_c.dir/rosidl_typesupport_introspection_c/rtabmap_msgs/srv/detail/get_plan__type_support.c.o\x1b[0m\n'}
[31.114196] (astra_camera_msgs) StdoutLine: {'line': b'-- Symlinking: /home/deepak/electronic_ws/install/astra_camera_msgs/lib/python3.8/site-packages/astra_camera_msgs/astra_camera_msgs_s__rosidl_typesupport_c.cpython-38-x86_64-linux-gnu.so\n'}
[31.154280] (astra_camera_msgs) StdoutLine: {'line': b'-- Symlinking: /home/deepak/electronic_ws/install/astra_camera_msgs/lib/libastra_camera_msgs__python.so\n'}
[31.181461] (-) TimerEvent: {}
[31.196774] (astra_camera_msgs) StdoutLine: {'line': b'-- Symlinking: /home/deepak/electronic_ws/install/astra_camera_msgs/share/astra_camera_msgs/msg/DeviceInfo.idl\n'}
[31.238990] (astra_camera_msgs) StdoutLine: {'line': b'-- Symlinking: /home/deepak/electronic_ws/install/astra_camera_msgs/share/astra_camera_msgs/msg/Extrinsics.idl\n'}
[31.278525] (astra_camera_msgs) StdoutLine: {'line': b'-- Symlinking: /home/deepak/electronic_ws/install/astra_camera_msgs/share/astra_camera_msgs/msg/Metadata.idl\n'}
[31.281636] (-) TimerEvent: {}
[31.285306] (rtabmap_msgs) StdoutLine: {'line': b'[ 52%] \x1b[32mBuilding CXX object CMakeFiles/rtabmap_msgs__rosidl_typesupport_introspection_cpp.dir/rosidl_typesupport_introspection_cpp/rtabmap_msgs/msg/detail/goal__type_support.cpp.o\x1b[0m\n'}
[31.293724] (rtabmap_msgs) StdoutLine: {'line': b'[ 52%] \x1b[32mBuilding C object CMakeFiles/rtabmap_msgs__rosidl_typesupport_introspection_c.dir/rosidl_typesupport_introspection_c/rtabmap_msgs/srv/detail/add_link__type_support.c.o\x1b[0m\n'}
[31.313192] (rtabmap_msgs) StdoutLine: {'line': b'[ 52%] \x1b[32mBuilding CXX object CMakeFiles/rtabmap_msgs__rosidl_typesupport_fastrtps_cpp.dir/rosidl_typesupport_fastrtps_cpp/rtabmap_msgs/msg/detail/dds_fastrtps/goal__type_support.cpp.o\x1b[0m\n'}
[31.316430] (astra_camera_msgs) StdoutLine: {'line': b'-- Symlinking: /home/deepak/electronic_ws/install/astra_camera_msgs/share/astra_camera_msgs/srv/GetDeviceInfo.idl\n'}
[31.317893] (rtabmap_msgs) StdoutLine: {'line': b'[ 53%] \x1b[32mBuilding CXX object CMakeFiles/rtabmap_msgs__rosidl_typesupport_fastrtps_cpp.dir/rosidl_typesupport_fastrtps_cpp/rtabmap_msgs/msg/detail/dds_fastrtps/rgbd_image__type_support.cpp.o\x1b[0m\n'}
[31.378009] (astra_camera_msgs) StdoutLine: {'line': b'-- Symlinking: /home/deepak/electronic_ws/install/astra_camera_msgs/share/astra_camera_msgs/srv/GetCameraInfo.idl\n'}
[31.381753] (-) TimerEvent: {}
[31.407945] (astra_camera_msgs) StdoutLine: {'line': b'-- Symlinking: /home/deepak/electronic_ws/install/astra_camera_msgs/share/astra_camera_msgs/srv/GetCameraParams.idl\n'}
[31.419426] (rtabmap_msgs) StdoutLine: {'line': b'[ 53%] \x1b[32mBuilding CXX object CMakeFiles/rtabmap_msgs__rosidl_typesupport_cpp.dir/rosidl_typesupport_cpp/rtabmap_msgs/srv/get_node_data__type_support.cpp.o\x1b[0m\n'}
[31.442007] (astra_camera_msgs) StdoutLine: {'line': b'-- Symlinking: /home/deepak/electronic_ws/install/astra_camera_msgs/share/astra_camera_msgs/srv/GetInt32.idl\n'}
[31.442423] (rtabmap_msgs) StdoutLine: {'line': b'[ 54%] \x1b[32mBuilding C object CMakeFiles/rtabmap_msgs__rosidl_typesupport_introspection_c.dir/rosidl_typesupport_introspection_c/rtabmap_msgs/srv/detail/get_node_data__type_support.c.o\x1b[0m\n'}
[31.442590] (rtabmap_msgs) StdoutLine: {'line': b'[ 55%] \x1b[32mBuilding CXX object CMakeFiles/rtabmap_msgs__rosidl_typesupport_introspection_cpp.dir/rosidl_typesupport_introspection_cpp/rtabmap_msgs/msg/detail/rgbd_image__type_support.cpp.o\x1b[0m\n'}
[31.464791] (rtabmap_msgs) StdoutLine: {'line': b'[ 55%] \x1b[32mBuilding C object CMakeFiles/rtabmap_msgs__rosidl_typesupport_introspection_c.dir/rosidl_typesupport_introspection_c/rtabmap_msgs/srv/detail/get_nodes_in_radius__type_support.c.o\x1b[0m\n'}
[31.478212] (astra_camera_msgs) StdoutLine: {'line': b'-- Symlinking: /home/deepak/electronic_ws/install/astra_camera_msgs/share/astra_camera_msgs/srv/GetString.idl\n'}
[31.481882] (-) TimerEvent: {}
[31.528113] (astra_camera_msgs) StdoutLine: {'line': b'-- Symlinking: /home/deepak/electronic_ws/install/astra_camera_msgs/share/astra_camera_msgs/srv/SetInt32.idl\n'}
[31.567817] (astra_camera_msgs) StdoutLine: {'line': b'-- Symlinking: /home/deepak/electronic_ws/install/astra_camera_msgs/share/astra_camera_msgs/msg/DeviceInfo.msg\n'}
[31.580612] (rtabmap_msgs) StdoutLine: {'line': b'[ 55%] \x1b[32mBuilding CXX object CMakeFiles/rtabmap_msgs__rosidl_typesupport_introspection_cpp.dir/rosidl_typesupport_introspection_cpp/rtabmap_msgs/msg/detail/rgbd_images__type_support.cpp.o\x1b[0m\n'}
[31.581986] (-) TimerEvent: {}
[31.603876] (astra_camera_msgs) StdoutLine: {'line': b'-- Symlinking: /home/deepak/electronic_ws/install/astra_camera_msgs/share/astra_camera_msgs/msg/Extrinsics.msg\n'}
[31.635454] (astra_camera_msgs) StdoutLine: {'line': b'-- Symlinking: /home/deepak/electronic_ws/install/astra_camera_msgs/share/astra_camera_msgs/msg/Metadata.msg\n'}
[31.682123] (-) TimerEvent: {}
[31.688337] (rtabmap_msgs) StdoutLine: {'line': b'[ 55%] \x1b[32mBuilding C object CMakeFiles/rtabmap_msgs__rosidl_typesupport_introspection_c.dir/rosidl_typesupport_introspection_c/rtabmap_msgs/srv/detail/load_database__type_support.c.o\x1b[0m\n'}
[31.703354] (astra_camera_msgs) StdoutLine: {'line': b'-- Symlinking: /home/deepak/electronic_ws/install/astra_camera_msgs/share/astra_camera_msgs/srv/GetDeviceInfo.srv\n'}
[31.754125] (astra_camera_msgs) StdoutLine: {'line': b'-- Symlinking: /home/deepak/electronic_ws/install/astra_camera_msgs/share/astra_camera_msgs/srv/GetDeviceInfo_Request.msg\n'}
[31.782254] (-) TimerEvent: {}
[31.822136] (astra_camera_msgs) StdoutLine: {'line': b'-- Symlinking: /home/deepak/electronic_ws/install/astra_camera_msgs/share/astra_camera_msgs/srv/GetDeviceInfo_Response.msg\n'}
[31.837614] (rtabmap_msgs) StdoutLine: {'line': b'[ 56%] \x1b[32mBuilding C object CMakeFiles/rtabmap_msgs__rosidl_typesupport_introspection_c.dir/rosidl_typesupport_introspection_c/rtabmap_msgs/srv/detail/detect_more_loop_closures__type_support.c.o\x1b[0m\n'}
[31.882397] (-) TimerEvent: {}
[31.891598] (astra_camera_msgs) StdoutLine: {'line': b'-- Symlinking: /home/deepak/electronic_ws/install/astra_camera_msgs/share/astra_camera_msgs/srv/GetCameraInfo.srv\n'}
[31.915274] (astra_camera_msgs) StdoutLine: {'line': b'-- Symlinking: /home/deepak/electronic_ws/install/astra_camera_msgs/share/astra_camera_msgs/srv/GetCameraInfo_Request.msg\n'}
[31.977959] (astra_camera_msgs) StdoutLine: {'line': b'-- Symlinking: /home/deepak/electronic_ws/install/astra_camera_msgs/share/astra_camera_msgs/srv/GetCameraInfo_Response.msg\n'}
[31.982529] (-) TimerEvent: {}
[32.016149] (rtabmap_msgs) StdoutLine: {'line': b'[ 56%] \x1b[32mBuilding C object CMakeFiles/rtabmap_msgs__rosidl_typesupport_introspection_c.dir/rosidl_typesupport_introspection_c/rtabmap_msgs/srv/detail/global_bundle_adjustment__type_support.c.o\x1b[0m\n'}
[32.017567] (astra_camera_msgs) StdoutLine: {'line': b'-- Symlinking: /home/deepak/electronic_ws/install/astra_camera_msgs/share/astra_camera_msgs/srv/GetCameraParams.srv\n'}
[32.070157] (astra_camera_msgs) StdoutLine: {'line': b'-- Symlinking: /home/deepak/electronic_ws/install/astra_camera_msgs/share/astra_camera_msgs/srv/GetCameraParams_Request.msg\n'}
[32.082673] (-) TimerEvent: {}
[32.112680] (astra_camera_msgs) StdoutLine: {'line': b'-- Symlinking: /home/deepak/electronic_ws/install/astra_camera_msgs/share/astra_camera_msgs/srv/GetCameraParams_Response.msg\n'}
[32.160126] (astra_camera_msgs) StdoutLine: {'line': b'-- Symlinking: /home/deepak/electronic_ws/install/astra_camera_msgs/share/astra_camera_msgs/srv/GetInt32.srv\n'}
[32.182815] (-) TimerEvent: {}
[32.205650] (rtabmap_msgs) StdoutLine: {'line': b'[ 56%] \x1b[32mBuilding C object CMakeFiles/rtabmap_msgs__rosidl_typesupport_introspection_c.dir/rosidl_typesupport_introspection_c/rtabmap_msgs/srv/detail/cleanup_local_grids__type_support.c.o\x1b[0m\n'}
[32.206475] (astra_camera_msgs) StdoutLine: {'line': b'-- Symlinking: /home/deepak/electronic_ws/install/astra_camera_msgs/share/astra_camera_msgs/srv/GetInt32_Request.msg\n'}
[32.242220] (astra_camera_msgs) StdoutLine: {'line': b'-- Symlinking: /home/deepak/electronic_ws/install/astra_camera_msgs/share/astra_camera_msgs/srv/GetInt32_Response.msg\n'}
[32.282601] (astra_camera_msgs) StdoutLine: {'line': b'-- Symlinking: /home/deepak/electronic_ws/install/astra_camera_msgs/share/astra_camera_msgs/srv/GetString.srv\n'}
[32.282985] (-) TimerEvent: {}
[32.304744] (astra_camera_msgs) StdoutLine: {'line': b'-- Symlinking: /home/deepak/electronic_ws/install/astra_camera_msgs/share/astra_camera_msgs/srv/GetString_Request.msg\n'}
[32.320496] (astra_camera_msgs) StdoutLine: {'line': b'-- Symlinking: /home/deepak/electronic_ws/install/astra_camera_msgs/share/astra_camera_msgs/srv/GetString_Response.msg\n'}
[32.335986] (astra_camera_msgs) StdoutLine: {'line': b'-- Symlinking: /home/deepak/electronic_ws/install/astra_camera_msgs/share/astra_camera_msgs/srv/SetInt32.srv\n'}
[32.341151] (rtabmap_msgs) StdoutLine: {'line': b'[ 57%] \x1b[32m\x1b[1mLinking C shared library librtabmap_msgs__rosidl_typesupport_introspection_c.so\x1b[0m\n'}
[32.383150] (-) TimerEvent: {}
[32.413060] (astra_camera_msgs) StdoutLine: {'line': b'-- Symlinking: /home/deepak/electronic_ws/install/astra_camera_msgs/share/astra_camera_msgs/srv/SetInt32_Request.msg\n'}
[32.424758] (rtabmap_msgs) StdoutLine: {'line': b'[ 58%] \x1b[32mBuilding CXX object CMakeFiles/rtabmap_msgs__rosidl_typesupport_cpp.dir/rosidl_typesupport_cpp/rtabmap_msgs/srv/get_nodes_in_radius__type_support.cpp.o\x1b[0m\n'}
[32.449155] (rtabmap_msgs) StdoutLine: {'line': b'[ 58%] \x1b[32mBuilding CXX object CMakeFiles/rtabmap_msgs__rosidl_typesupport_fastrtps_cpp.dir/rosidl_typesupport_fastrtps_cpp/rtabmap_msgs/msg/detail/dds_fastrtps/rgbd_images__type_support.cpp.o\x1b[0m\n'}
[32.470023] (astra_camera_msgs) StdoutLine: {'line': b'-- Symlinking: /home/deepak/electronic_ws/install/astra_camera_msgs/share/astra_camera_msgs/srv/SetInt32_Response.msg\n'}
[32.483321] (-) TimerEvent: {}
[32.532866] (astra_camera_msgs) StdoutLine: {'line': b'-- Symlinking: /home/deepak/electronic_ws/install/astra_camera_msgs/share/ament_index/resource_index/package_run_dependencies/astra_camera_msgs\n'}
[32.545197] (rtabmap_msgs) StdoutLine: {'line': b'[ 58%] \x1b[32mBuilding CXX object CMakeFiles/rtabmap_msgs__rosidl_typesupport_cpp.dir/rosidl_typesupport_cpp/rtabmap_msgs/srv/load_database__type_support.cpp.o\x1b[0m\n'}
[32.562204] (rtabmap_msgs) StdoutLine: {'line': b'[ 58%] Built target rtabmap_msgs__rosidl_typesupport_introspection_c\n'}
[32.582452] (astra_camera_msgs) StdoutLine: {'line': b'-- Symlinking: /home/deepak/electronic_ws/install/astra_camera_msgs/share/ament_index/resource_index/parent_prefix_path/astra_camera_msgs\n'}
[32.583467] (-) TimerEvent: {}
[32.604375] (rtabmap_msgs) StdoutLine: {'line': b'[ 58%] \x1b[32mBuilding CXX object CMakeFiles/rtabmap_msgs__rosidl_typesupport_introspection_cpp.dir/rosidl_typesupport_introspection_cpp/rtabmap_msgs/msg/detail/user_data__type_support.cpp.o\x1b[0m\n'}
[32.620189] (astra_camera_msgs) StdoutLine: {'line': b'-- Symlinking: /home/deepak/electronic_ws/install/astra_camera_msgs/share/astra_camera_msgs/environment/ament_prefix_path.sh\n'}
[32.666152] (astra_camera_msgs) StdoutLine: {'line': b'-- Symlinking: /home/deepak/electronic_ws/install/astra_camera_msgs/share/astra_camera_msgs/environment/ament_prefix_path.dsv\n'}
[32.683623] (-) TimerEvent: {}
[32.726115] (astra_camera_msgs) StdoutLine: {'line': b'-- Symlinking: /home/deepak/electronic_ws/install/astra_camera_msgs/share/astra_camera_msgs/environment/path.sh\n'}
[32.778136] (astra_camera_msgs) StdoutLine: {'line': b'-- Symlinking: /home/deepak/electronic_ws/install/astra_camera_msgs/share/astra_camera_msgs/environment/path.dsv\n'}
[32.781823] (rtabmap_msgs) StdoutLine: {'line': b'[ 58%] \x1b[32mBuilding CXX object CMakeFiles/rtabmap_msgs__rosidl_typesupport_cpp.dir/rosidl_typesupport_cpp/rtabmap_msgs/srv/detect_more_loop_closures__type_support.cpp.o\x1b[0m\n'}
[32.783883] (-) TimerEvent: {}
[32.791863] (rtabmap) StdoutLine: {'line': b'[ 10%] \x1b[32mBuilding CXX object corelib/src/CMakeFiles/rtabmap_core.dir/SensorCapture.cpp.o\x1b[0m\n'}
[32.839450] (astra_camera_msgs) StdoutLine: {'line': b'-- Symlinking: /home/deepak/electronic_ws/install/astra_camera_msgs/share/astra_camera_msgs/local_setup.bash\n'}
[32.884044] (-) TimerEvent: {}
[32.887149] (astra_camera_msgs) StdoutLine: {'line': b'-- Symlinking: /home/deepak/electronic_ws/install/astra_camera_msgs/share/astra_camera_msgs/local_setup.sh\n'}
[32.970136] (astra_camera_msgs) StdoutLine: {'line': b'-- Symlinking: /home/deepak/electronic_ws/install/astra_camera_msgs/share/astra_camera_msgs/local_setup.zsh\n'}
[32.984204] (-) TimerEvent: {}
[32.999036] (astra_camera_msgs) StdoutLine: {'line': b'-- Symlinking: /home/deepak/electronic_ws/install/astra_camera_msgs/share/astra_camera_msgs/local_setup.dsv\n'}
[33.042753] (astra_camera_msgs) StdoutLine: {'line': b'-- Symlinking: /home/deepak/electronic_ws/install/astra_camera_msgs/share/astra_camera_msgs/package.dsv\n'}
[33.084345] (-) TimerEvent: {}
[33.098731] (astra_camera_msgs) StdoutLine: {'line': b'-- Symlinking: /home/deepak/electronic_ws/install/astra_camera_msgs/share/ament_index/resource_index/packages/astra_camera_msgs\n'}
[33.133162] (rtabmap_msgs) StdoutLine: {'line': b'[ 59%] \x1b[32mBuilding CXX object CMakeFiles/rtabmap_msgs__rosidl_typesupport_cpp.dir/rosidl_typesupport_cpp/rtabmap_msgs/srv/global_bundle_adjustment__type_support.cpp.o\x1b[0m\n'}
[33.137117] (astra_camera_msgs) StdoutLine: {'line': b'-- Symlinking: /home/deepak/electronic_ws/install/astra_camera_msgs/share/astra_camera_msgs/cmake/rosidl_cmake-extras.cmake\n'}
[33.182127] (astra_camera_msgs) StdoutLine: {'line': b'-- Symlinking: /home/deepak/electronic_ws/install/astra_camera_msgs/share/astra_camera_msgs/cmake/ament_cmake_export_dependencies-extras.cmake\n'}
[33.184467] (-) TimerEvent: {}
[33.239377] (astra_camera_msgs) StdoutLine: {'line': b'-- Symlinking: /home/deepak/electronic_ws/install/astra_camera_msgs/share/astra_camera_msgs/cmake/ament_cmake_export_libraries-extras.cmake\n'}
[33.265173] (rtabmap_msgs) StdoutLine: {'line': b'[ 59%] \x1b[32mBuilding CXX object CMakeFiles/rtabmap_msgs__rosidl_typesupport_fastrtps_cpp.dir/rosidl_typesupport_fastrtps_cpp/rtabmap_msgs/msg/detail/dds_fastrtps/user_data__type_support.cpp.o\x1b[0m\n'}
[33.284654] (-) TimerEvent: {}
[33.288271] (astra_camera_msgs) StdoutLine: {'line': b'-- Symlinking: /home/deepak/electronic_ws/install/astra_camera_msgs/share/astra_camera_msgs/cmake/ament_cmake_export_targets-extras.cmake\n'}
[33.317195] (rtabmap_msgs) StdoutLine: {'line': b'[ 60%] \x1b[32mBuilding CXX object CMakeFiles/rtabmap_msgs__rosidl_typesupport_fastrtps_cpp.dir/rosidl_typesupport_fastrtps_cpp/rtabmap_msgs/msg/detail/dds_fastrtps/gps__type_support.cpp.o\x1b[0m\n'}
[33.321751] (astra_camera_msgs) StdoutLine: {'line': b'-- Symlinking: /home/deepak/electronic_ws/install/astra_camera_msgs/share/astra_camera_msgs/cmake/ament_cmake_export_include_directories-extras.cmake\n'}
[33.351126] (astra_camera_msgs) StdoutLine: {'line': b'-- Symlinking: /home/deepak/electronic_ws/install/astra_camera_msgs/share/astra_camera_msgs/cmake/rosidl_cmake_export_typesupport_libraries-extras.cmake\n'}
[33.384784] (-) TimerEvent: {}
[33.401985] (astra_camera_msgs) StdoutLine: {'line': b'-- Symlinking: /home/deepak/electronic_ws/install/astra_camera_msgs/share/astra_camera_msgs/cmake/rosidl_cmake_export_typesupport_targets-extras.cmake\n'}
[33.447235] (astra_camera_msgs) StdoutLine: {'line': b'-- Symlinking: /home/deepak/electronic_ws/install/astra_camera_msgs/share/astra_camera_msgs/cmake/astra_camera_msgsConfig.cmake\n'}
[33.469589] (rtabmap_msgs) StdoutLine: {'line': b'[ 60%] \x1b[32mBuilding CXX object CMakeFiles/rtabmap_msgs__rosidl_typesupport_cpp.dir/rosidl_typesupport_cpp/rtabmap_msgs/srv/cleanup_local_grids__type_support.cpp.o\x1b[0m\n'}
[33.485004] (-) TimerEvent: {}
[33.499114] (astra_camera_msgs) StdoutLine: {'line': b'-- Symlinking: /home/deepak/electronic_ws/install/astra_camera_msgs/share/astra_camera_msgs/cmake/astra_camera_msgsConfig-version.cmake\n'}
[33.549896] (astra_camera_msgs) StdoutLine: {'line': b'-- Symlinking: /home/deepak/electronic_ws/install/astra_camera_msgs/share/astra_camera_msgs/package.xml\n'}
[33.579450] (astra_camera_msgs) StdoutLine: {'line': b'-- Installing: /home/deepak/electronic_ws/install/astra_camera_msgs/lib/libastra_camera_msgs__rosidl_generator_c.so\n'}
[33.580625] (astra_camera_msgs) StdoutLine: {'line': b'-- Set runtime path of "/home/deepak/electronic_ws/install/astra_camera_msgs/lib/libastra_camera_msgs__rosidl_generator_c.so" to ""\n'}
[33.581406] (astra_camera_msgs) StdoutLine: {'line': b'-- Installing: /home/deepak/electronic_ws/install/astra_camera_msgs/lib/libastra_camera_msgs__rosidl_typesupport_introspection_c.so\n'}
[33.582320] (astra_camera_msgs) StdoutLine: {'line': b'-- Set runtime path of "/home/deepak/electronic_ws/install/astra_camera_msgs/lib/libastra_camera_msgs__rosidl_typesupport_introspection_c.so" to ""\n'}
[33.582844] (astra_camera_msgs) StdoutLine: {'line': b'-- Installing: /home/deepak/electronic_ws/install/astra_camera_msgs/lib/libastra_camera_msgs__rosidl_typesupport_c.so\n'}
[33.583580] (astra_camera_msgs) StdoutLine: {'line': b'-- Set runtime path of "/home/deepak/electronic_ws/install/astra_camera_msgs/lib/libastra_camera_msgs__rosidl_typesupport_c.so" to ""\n'}
[33.584000] (astra_camera_msgs) StdoutLine: {'line': b'-- Installing: /home/deepak/electronic_ws/install/astra_camera_msgs/lib/libastra_camera_msgs__rosidl_typesupport_introspection_cpp.so\n'}
[33.584844] (astra_camera_msgs) StdoutLine: {'line': b'-- Set runtime path of "/home/deepak/electronic_ws/install/astra_camera_msgs/lib/libastra_camera_msgs__rosidl_typesupport_introspection_cpp.so" to ""\n'}
[33.585012] (-) TimerEvent: {}
[33.585622] (astra_camera_msgs) StdoutLine: {'line': b'-- Installing: /home/deepak/electronic_ws/install/astra_camera_msgs/lib/libastra_camera_msgs__rosidl_typesupport_cpp.so\n'}
[33.586398] (astra_camera_msgs) StdoutLine: {'line': b'-- Set runtime path of "/home/deepak/electronic_ws/install/astra_camera_msgs/lib/libastra_camera_msgs__rosidl_typesupport_cpp.so" to ""\n'}
[33.644939] (astra_camera_msgs) StdoutLine: {'line': b"Compiling '/home/deepak/electronic_ws/install/astra_camera_msgs/lib/python3.8/site-packages/astra_camera_msgs/__init__.py'...\n"}
[33.654428] (astra_camera_msgs) StdoutLine: {'line': b'-- Installing: /home/deepak/electronic_ws/install/astra_camera_msgs/share/astra_camera_msgs/cmake/astra_camera_msgs__rosidl_generator_cExport.cmake\n'}
[33.655336] (astra_camera_msgs) StdoutLine: {'line': b'-- Installing: /home/deepak/electronic_ws/install/astra_camera_msgs/share/astra_camera_msgs/cmake/astra_camera_msgs__rosidl_generator_cExport-noconfig.cmake\n'}
[33.656000] (astra_camera_msgs) StdoutLine: {'line': b'-- Installing: /home/deepak/electronic_ws/install/astra_camera_msgs/share/astra_camera_msgs/cmake/astra_camera_msgs__rosidl_typesupport_introspection_cExport.cmake\n'}
[33.656473] (astra_camera_msgs) StdoutLine: {'line': b'-- Installing: /home/deepak/electronic_ws/install/astra_camera_msgs/share/astra_camera_msgs/cmake/astra_camera_msgs__rosidl_typesupport_introspection_cExport-noconfig.cmake\n'}
[33.657022] (astra_camera_msgs) StdoutLine: {'line': b'-- Installing: /home/deepak/electronic_ws/install/astra_camera_msgs/share/astra_camera_msgs/cmake/astra_camera_msgs__rosidl_typesupport_cExport.cmake\n'}
[33.657428] (astra_camera_msgs) StdoutLine: {'line': b'-- Installing: /home/deepak/electronic_ws/install/astra_camera_msgs/share/astra_camera_msgs/cmake/astra_camera_msgs__rosidl_typesupport_cExport-noconfig.cmake\n'}
[33.657884] (astra_camera_msgs) StdoutLine: {'line': b'-- Installing: /home/deepak/electronic_ws/install/astra_camera_msgs/share/astra_camera_msgs/cmake/astra_camera_msgs__rosidl_generator_cppExport.cmake\n'}
[33.658450] (astra_camera_msgs) StdoutLine: {'line': b'-- Installing: /home/deepak/electronic_ws/install/astra_camera_msgs/share/astra_camera_msgs/cmake/astra_camera_msgs__rosidl_typesupport_introspection_cppExport.cmake\n'}
[33.658885] (astra_camera_msgs) StdoutLine: {'line': b'-- Installing: /home/deepak/electronic_ws/install/astra_camera_msgs/share/astra_camera_msgs/cmake/astra_camera_msgs__rosidl_typesupport_introspection_cppExport-noconfig.cmake\n'}
[33.659383] (astra_camera_msgs) StdoutLine: {'line': b'-- Installing: /home/deepak/electronic_ws/install/astra_camera_msgs/share/astra_camera_msgs/cmake/astra_camera_msgs__rosidl_typesupport_cppExport.cmake\n'}
[33.659789] (astra_camera_msgs) StdoutLine: {'line': b'-- Installing: /home/deepak/electronic_ws/install/astra_camera_msgs/share/astra_camera_msgs/cmake/astra_camera_msgs__rosidl_typesupport_cppExport-noconfig.cmake\n'}
[33.665041] (astra_camera_msgs) CommandEnded: {'returncode': 0}
[33.673622] (rtabmap_msgs) StdoutLine: {'line': b'[ 60%] \x1b[32mBuilding CXX object CMakeFiles/rtabmap_msgs__rosidl_typesupport_fastrtps_cpp.dir/rosidl_typesupport_fastrtps_cpp/rtabmap_msgs/msg/detail/dds_fastrtps/path__type_support.cpp.o\x1b[0m\n'}
[33.685174] (-) TimerEvent: {}
[33.702822] (rtabmap_msgs) StdoutLine: {'line': b'[ 61%] \x1b[32mBuilding CXX object CMakeFiles/rtabmap_msgs__rosidl_typesupport_introspection_cpp.dir/rosidl_typesupport_introspection_cpp/rtabmap_msgs/msg/detail/gps__type_support.cpp.o\x1b[0m\n'}
[33.752736] (astra_camera_msgs) JobEnded: {'identifier': 'astra_camera_msgs', 'rc': 0}
[33.753894] (lslidar_msgs) JobStarted: {'identifier': 'lslidar_msgs'}
[33.785360] (-) TimerEvent: {}
[33.814014] (lslidar_msgs) JobProgress: {'identifier': 'lslidar_msgs', 'progress': 'cmake'}
[33.814331] (lslidar_msgs) Command: {'cmd': ['/usr/bin/cmake', '/home/deepak/electronic_ws/src/Lslidar_ROS2_driver-LS-S1_V1.0/lslidar_msgs', '-DAMENT_CMAKE_SYMLINK_INSTALL=1', '-DCMAKE_INSTALL_PREFIX=/home/deepak/electronic_ws/install/lslidar_msgs'], 'cwd': '/home/deepak/electronic_ws/build/lslidar_msgs', 'env': OrderedDict([('LESSOPEN', '| /usr/bin/lesspipe %s'), ('LANGUAGE', 'en_GB:en'), ('USER', 'deepak'), ('SSH_AGENT_PID', '2164'), ('XDG_SESSION_TYPE', 'x11'), ('SHLVL', '1'), ('LD_LIBRARY_PATH', '/usr/lib/x86_64-linux-gnu/gazebo-11/plugins:/opt/ros/foxy/opt/yaml_cpp_vendor/lib:/opt/ros/foxy/opt/rviz_ogre_vendor/lib:/opt/ros/foxy/lib/x86_64-linux-gnu:/opt/ros/foxy/lib'), ('HOME', '/home/deepak'), ('OLDPWD', '/home/deepak/electronic_ws/src'), ('DESKTOP_SESSION', 'ubuntu'), ('NVM_BIN', '/home/deepak/.nvm/versions/node/v18.20.8/bin'), ('NVM_INC', '/home/deepak/.nvm/versions/node/v18.20.8/include/node'), ('ROS_PYTHON_VERSION', '3'), ('GNOME_SHELL_SESSION_MODE', 'ubuntu'), ('GTK_MODULES', 'gail:atk-bridge'), ('MANAGERPID', '2067'), ('DBUS_SESSION_BUS_ADDRESS', 'unix:path=/run/user/1000/bus'), ('COLORTERM', 'truecolor'), ('TERMINATOR_DBUS_NAME', 'net.tenshu.Terminator21a9d5db22c73a993ff0b42f64b396873'), ('GIO_LAUNCHED_DESKTOP_FILE_PID', '4123'), ('NVM_DIR', '/home/deepak/.nvm'), ('IM_CONFIG_PHASE', '1'), ('ROS_DISTRO', 'foxy'), ('LOGNAME', 'deepak'), ('JOURNAL_STREAM', '8:55426'), ('_', '/usr/bin/colcon'), ('ROS_VERSION', '2'), ('XDG_SESSION_CLASS', 'user'), ('USERNAME', 'deepak'), ('TERM', 'xterm-256color'), ('GNOME_DESKTOP_SESSION_ID', 'this-is-deprecated'), ('ROS_LOCALHOST_ONLY', '0'), ('WINDOWPATH', '2'), ('PATH', '/opt/ros/foxy/bin:/home/deepak/.nvm/versions/node/v18.20.8/bin:/home/deepak/.local/bin:/usr/local/sbin:/usr/local/bin:/usr/sbin:/usr/bin:/sbin:/bin:/usr/games:/usr/local/games:/snap/bin'), ('SESSION_MANAGER', 'local/deepak-Inspiron-3501:@/tmp/.ICE-unix/2204,unix/deepak-Inspiron-3501:/tmp/.ICE-unix/2204'), ('INVOCATION_ID', 'da85f2b1d8074d13affb1bf44f8be6dd'), ('XDG_MENU_PREFIX', 'gnome-'), ('XDG_RUNTIME_DIR', '/run/user/1000'), ('DISPLAY', ':0'), ('TERMINATOR_DBUS_PATH', '/net/tenshu/Terminator2'), ('LANG', 'en_US.UTF-8'), ('XDG_CURRENT_DESKTOP', 'ubuntu:GNOME'), ('XMODIFIERS', '@im=ibus'), ('XDG_SESSION_DESKTOP', 'ubuntu'), ('XAUTHORITY', '/run/user/1000/gdm/Xauthority'), ('LS_COLORS', 'rs=0:di=01;34:ln=01;36:mh=00:pi=40;33:so=01;35:do=01;35:bd=40;33;01:cd=40;33;01:or=40;31;01:mi=00:su=37;41:sg=30;43:ca=30;41:tw=30;42:ow=34;42:st=37;44:ex=01;32:*.tar=01;31:*.tgz=01;31:*.arc=01;31:*.arj=01;31:*.taz=01;31:*.lha=01;31:*.lz4=01;31:*.lzh=01;31:*.lzma=01;31:*.tlz=01;31:*.txz=01;31:*.tzo=01;31:*.t7z=01;31:*.zip=01;31:*.z=01;31:*.dz=01;31:*.gz=01;31:*.lrz=01;31:*.lz=01;31:*.lzo=01;31:*.xz=01;31:*.zst=01;31:*.tzst=01;31:*.bz2=01;31:*.bz=01;31:*.tbz=01;31:*.tbz2=01;31:*.tz=01;31:*.deb=01;31:*.rpm=01;31:*.jar=01;31:*.war=01;31:*.ear=01;31:*.sar=01;31:*.rar=01;31:*.alz=01;31:*.ace=01;31:*.zoo=01;31:*.cpio=01;31:*.7z=01;31:*.rz=01;31:*.cab=01;31:*.wim=01;31:*.swm=01;31:*.dwm=01;31:*.esd=01;31:*.jpg=01;35:*.jpeg=01;35:*.mjpg=01;35:*.mjpeg=01;35:*.gif=01;35:*.bmp=01;35:*.pbm=01;35:*.pgm=01;35:*.ppm=01;35:*.tga=01;35:*.xbm=01;35:*.xpm=01;35:*.tif=01;35:*.tiff=01;35:*.png=01;35:*.svg=01;35:*.svgz=01;35:*.mng=01;35:*.pcx=01;35:*.mov=01;35:*.mpg=01;35:*.mpeg=01;35:*.m2v=01;35:*.mkv=01;35:*.webm=01;35:*.ogm=01;35:*.mp4=01;35:*.m4v=01;35:*.mp4v=01;35:*.vob=01;35:*.qt=01;35:*.nuv=01;35:*.wmv=01;35:*.asf=01;35:*.rm=01;35:*.rmvb=01;35:*.flc=01;35:*.avi=01;35:*.fli=01;35:*.flv=01;35:*.gl=01;35:*.dl=01;35:*.xcf=01;35:*.xwd=01;35:*.yuv=01;35:*.cgm=01;35:*.emf=01;35:*.ogv=01;35:*.ogx=01;35:*.aac=00;36:*.au=00;36:*.flac=00;36:*.m4a=00;36:*.mid=00;36:*.midi=00;36:*.mka=00;36:*.mp3=00;36:*.mpc=00;36:*.ogg=00;36:*.ra=00;36:*.wav=00;36:*.oga=00;36:*.opus=00;36:*.spx=00;36:*.xspf=00;36:'), ('SSH_AUTH_SOCK', '/run/user/1000/keyring/ssh'), ('AMENT_PREFIX_PATH', '/opt/ros/foxy'), ('SHELL', '/bin/bash'), ('TERMINATOR_UUID', 'urn:uuid:fcc518c1-d712-42cf-a147-6525ef5360a1'), ('QT_ACCESSIBILITY', '1'), ('GDMSESSION', 'ubuntu'), ('LESSCLOSE', '/usr/bin/lesspipe %s %s'), ('GPG_AGENT_INFO', '/run/user/1000/gnupg/S.gpg-agent:0:1'), ('QT_IM_MODULE', 'ibus'), ('PWD', '/home/deepak/electronic_ws/build/lslidar_msgs'), ('LC_ALL', 'en_US.UTF-8'), ('XDG_CONFIG_DIRS', '/etc/xdg/xdg-ubuntu:/etc/xdg'), ('NVM_CD_FLAGS', ''), ('XDG_DATA_DIRS', '/usr/share/ubuntu:/usr/local/share/:/usr/share/:/var/lib/snapd/desktop'), ('PYTHONPATH', '/opt/ros/foxy/lib/python3.8/site-packages'), ('COLCON', '1'), ('VTE_VERSION', '6003'), ('CMAKE_PREFIX_PATH', '/opt/ros/foxy')]), 'shell': False}
[33.830168] (rtabmap_msgs) StdoutLine: {'line': b'[ 61%] \x1b[32mBuilding CXX object CMakeFiles/rtabmap_msgs__rosidl_typesupport_fastrtps_cpp.dir/rosidl_typesupport_fastrtps_cpp/rtabmap_msgs/msg/detail/dds_fastrtps/env_sensor__type_support.cpp.o\x1b[0m\n'}
[33.885470] (-) TimerEvent: {}
[33.919553] (rtabmap_msgs) StdoutLine: {'line': b'[ 62%] \x1b[32mBuilding CXX object CMakeFiles/rtabmap_msgs__rosidl_typesupport_fastrtps_cpp.dir/rosidl_typesupport_fastrtps_cpp/rtabmap_msgs/msg/detail/dds_fastrtps/camera_model__type_support.cpp.o\x1b[0m\n'}
[33.985595] (-) TimerEvent: {}
[34.086064] (-) TimerEvent: {}
[34.164313] (lslidar_msgs) StdoutLine: {'line': b'-- The C compiler identification is GNU 9.4.0\n'}
[34.186189] (-) TimerEvent: {}
[34.251859] (rtabmap_msgs) StdoutLine: {'line': b'[ 62%] \x1b[32mBuilding CXX object CMakeFiles/rtabmap_msgs__rosidl_typesupport_introspection_cpp.dir/rosidl_typesupport_introspection_cpp/rtabmap_msgs/msg/detail/path__type_support.cpp.o\x1b[0m\n'}
[34.286335] (-) TimerEvent: {}
[34.386883] (-) TimerEvent: {}
[34.408461] (lslidar_msgs) StdoutLine: {'line': b'-- The CXX compiler identification is GNU 9.4.0\n'}
[34.416205] (lslidar_msgs) StdoutLine: {'line': b'-- Check for working C compiler: /usr/bin/cc\n'}
[34.456678] (rtabmap_msgs) StdoutLine: {'line': b'[ 62%] \x1b[32m\x1b[1mLinking CXX shared library librtabmap_msgs__rosidl_typesupport_cpp.so\x1b[0m\n'}
[34.487037] (-) TimerEvent: {}
[34.587561] (-) TimerEvent: {}
[34.682126] (rtabmap_msgs) StdoutLine: {'line': b'[ 62%] Built target rtabmap_msgs__rosidl_typesupport_cpp\n'}
[34.687698] (-) TimerEvent: {}
[34.712423] (lslidar_msgs) StdoutLine: {'line': b'-- Check for working C compiler: /usr/bin/cc -- works\n'}
[34.714529] (lslidar_msgs) StdoutLine: {'line': b'-- Detecting C compiler ABI info\n'}
[34.787864] (-) TimerEvent: {}
[34.826745] (lslidar_msgs) StdoutLine: {'line': b'-- Detecting C compiler ABI info - done\n'}
[34.848332] (lslidar_msgs) StdoutLine: {'line': b'-- Detecting C compile features\n'}
[34.849485] (lslidar_msgs) StdoutLine: {'line': b'-- Detecting C compile features - done\n'}
[34.853890] (lslidar_msgs) StdoutLine: {'line': b'-- Check for working CXX compiler: /usr/bin/c++\n'}
[34.888097] (-) TimerEvent: {}
[34.979318] (lslidar_msgs) StdoutLine: {'line': b'-- Check for working CXX compiler: /usr/bin/c++ -- works\n'}
[34.981592] (lslidar_msgs) StdoutLine: {'line': b'-- Detecting CXX compiler ABI info\n'}
[34.988243] (-) TimerEvent: {}
[35.003487] (rtabmap_msgs) StdoutLine: {'line': b'[ 62%] \x1b[32mBuilding CXX object CMakeFiles/rtabmap_msgs__rosidl_typesupport_introspection_cpp.dir/rosidl_typesupport_introspection_cpp/rtabmap_msgs/msg/detail/env_sensor__type_support.cpp.o\x1b[0m\n'}
[35.088390] (-) TimerEvent: {}
[35.153988] (lslidar_msgs) StdoutLine: {'line': b'-- Detecting CXX compiler ABI info - done\n'}
[35.188543] (-) TimerEvent: {}
[35.190213] (lslidar_msgs) StdoutLine: {'line': b'-- Detecting CXX compile features\n'}
[35.191012] (lslidar_msgs) StdoutLine: {'line': b'-- Detecting CXX compile features - done\n'}
[35.194662] (lslidar_msgs) StdoutLine: {'line': b'-- Found ament_cmake: 0.9.12 (/opt/ros/foxy/share/ament_cmake/cmake)\n'}
[35.244846] (rtabmap_msgs) StdoutLine: {'line': b'[ 63%] \x1b[32mBuilding CXX object CMakeFiles/rtabmap_msgs__rosidl_typesupport_fastrtps_cpp.dir/rosidl_typesupport_fastrtps_cpp/rtabmap_msgs/srv/detail/dds_fastrtps/reset_pose__type_support.cpp.o\x1b[0m\n'}
[35.275573] (lslidar_msgs) StdoutLine: {'line': b'-- Found PythonInterp: /usr/bin/python3 (found suitable version "3.8.10", minimum required is "3") \n'}
[35.276259] (lslidar_msgs) StdoutLine: {'line': b'-- Using PYTHON_EXECUTABLE: /usr/bin/python3\n'}
[35.288701] (-) TimerEvent: {}
[35.389231] (-) TimerEvent: {}
[35.489760] (-) TimerEvent: {}
[35.590391] (-) TimerEvent: {}
[35.647141] (rtabmap_msgs) StdoutLine: {'line': b'[ 64%] \x1b[32mBuilding CXX object CMakeFiles/rtabmap_msgs__rosidl_typesupport_introspection_cpp.dir/rosidl_typesupport_introspection_cpp/rtabmap_msgs/msg/detail/camera_model__type_support.cpp.o\x1b[0m\n'}
[35.660681] (lslidar_msgs) StdoutLine: {'line': b'-- Override CMake install command with custom implementation using symlinks instead of copying resources\n'}
[35.690538] (-) TimerEvent: {}
[35.725658] (lslidar_msgs) StdoutLine: {'line': b'-- Found rosidl_default_generators: 1.0.1 (/opt/ros/foxy/share/rosidl_default_generators/cmake)\n'}
[35.730773] (lslidar_msgs) StdoutLine: {'line': b'-- Using all available rosidl_typesupport_c: rosidl_typesupport_fastrtps_c;rosidl_typesupport_introspection_c\n'}
[35.758475] (lslidar_msgs) StdoutLine: {'line': b'-- Found rosidl_adapter: 1.3.1 (/opt/ros/foxy/share/rosidl_adapter/cmake)\n'}
[35.790671] (-) TimerEvent: {}
[35.891321] (-) TimerEvent: {}
[35.991962] (-) TimerEvent: {}
[36.092479] (-) TimerEvent: {}
[36.193132] (-) TimerEvent: {}
[36.248995] (rtabmap_msgs) StdoutLine: {'line': b'[ 64%] \x1b[32mBuilding CXX object CMakeFiles/rtabmap_msgs__rosidl_typesupport_fastrtps_cpp.dir/rosidl_typesupport_fastrtps_cpp/rtabmap_msgs/srv/detail/dds_fastrtps/set_goal__type_support.cpp.o\x1b[0m\n'}
[36.289251] (lslidar_msgs) StdoutLine: {'line': b'-- Found OpenSSL: /usr/lib/x86_64-linux-gnu/libcrypto.so (found version "1.1.1f")  \n'}
[36.293255] (-) TimerEvent: {}
[36.353217] (lslidar_msgs) StdoutLine: {'line': b'-- Found FastRTPS: /opt/ros/foxy/include  \n'}
[36.393400] (-) TimerEvent: {}
[36.494002] (-) TimerEvent: {}
[36.506190] (lslidar_msgs) StdoutLine: {'line': b'-- Using all available rosidl_typesupport_cpp: rosidl_typesupport_fastrtps_cpp;rosidl_typesupport_introspection_cpp\n'}
[36.557536] (lslidar_msgs) StdoutLine: {'line': b'-- Found builtin_interfaces: 1.0.0 (/opt/ros/foxy/share/builtin_interfaces/cmake)\n'}
[36.594133] (-) TimerEvent: {}
[36.625154] (rtabmap_msgs) StdoutLine: {'line': b'[ 64%] \x1b[32mBuilding CXX object CMakeFiles/rtabmap_msgs__rosidl_typesupport_introspection_cpp.dir/rosidl_typesupport_introspection_cpp/rtabmap_msgs/msg/detail/camera_models__type_support.cpp.o\x1b[0m\n'}
[36.657028] (lslidar_msgs) StdoutLine: {'line': b'-- Found PythonInterp: /usr/bin/python3 (found version "3.8.10") \n'}
[36.694278] (-) TimerEvent: {}
[36.794914] (-) TimerEvent: {}
[36.895370] (-) TimerEvent: {}
[36.995823] (-) TimerEvent: {}
[37.046670] (lslidar_msgs) StdoutLine: {'line': b'-- Found ament_cmake_ros: 0.9.2 (/opt/ros/foxy/share/ament_cmake_ros/cmake)\n'}
[37.095982] (-) TimerEvent: {}
[37.196712] (-) TimerEvent: {}
[37.258660] (lslidar_msgs) StdoutLine: {'line': b'-- Using all available rosidl_typesupport_c: rosidl_typesupport_fastrtps_c;rosidl_typesupport_introspection_c\n'}
[37.289478] (lslidar_msgs) StdoutLine: {'line': b'-- Using all available rosidl_typesupport_cpp: rosidl_typesupport_fastrtps_cpp;rosidl_typesupport_introspection_cpp\n'}
[37.296877] (-) TimerEvent: {}
[37.330835] (lslidar_msgs) StdoutLine: {'line': b'-- Found PythonInterp: /usr/bin/python3 (found suitable version "3.8.10", minimum required is "3.5") \n'}
[37.333645] (lslidar_msgs) StdoutLine: {'line': b'-- Found python_cmake_module: 0.8.1 (/opt/ros/foxy/share/python_cmake_module/cmake)\n'}
[37.357121] (rtabmap_msgs) StdoutLine: {'line': b'[ 64%] \x1b[32mBuilding CXX object CMakeFiles/rtabmap_msgs__rosidl_typesupport_fastrtps_cpp.dir/rosidl_typesupport_fastrtps_cpp/rtabmap_msgs/srv/detail/dds_fastrtps/set_label__type_support.cpp.o\x1b[0m\n'}
[37.381473] (lslidar_msgs) StdoutLine: {'line': b'-- Found PythonLibs: /usr/lib/x86_64-linux-gnu/libpython3.8.so (found suitable version "3.8.10", minimum required is "3.5") \n'}
[37.381903] (lslidar_msgs) StdoutLine: {'line': b'-- Using PYTHON_EXECUTABLE: /usr/bin/python3\n'}
[37.382036] (lslidar_msgs) StdoutLine: {'line': b'-- Using PYTHON_INCLUDE_DIRS: /usr/include/python3.8\n'}
[37.382134] (lslidar_msgs) StdoutLine: {'line': b'-- Using PYTHON_LIBRARIES: /usr/lib/x86_64-linux-gnu/libpython3.8.so\n'}
[37.397149] (-) TimerEvent: {}
[37.471654] (lslidar_msgs) StdoutLine: {'line': b'-- Found PythonExtra: .so  \n'}
[37.497285] (-) TimerEvent: {}
[37.597903] (-) TimerEvent: {}
[37.609373] (lslidar_msgs) StdoutLine: {'line': b'-- Configuring done\n'}
[37.698041] (-) TimerEvent: {}
[37.715561] (rtabmap_msgs) StdoutLine: {'line': b'[ 64%] \x1b[32mBuilding CXX object CMakeFiles/rtabmap_msgs__rosidl_typesupport_introspection_cpp.dir/rosidl_typesupport_introspection_cpp/rtabmap_msgs/srv/detail/get_map__type_support.cpp.o\x1b[0m\n'}
[37.725915] (lslidar_msgs) StdoutLine: {'line': b'-- Generating done\n'}
[37.756549] (lslidar_msgs) StdoutLine: {'line': b'-- Build files have been written to: /home/deepak/electronic_ws/build/lslidar_msgs\n'}
[37.781726] (lslidar_msgs) CommandEnded: {'returncode': 0}
[37.783528] (lslidar_msgs) JobProgress: {'identifier': 'lslidar_msgs', 'progress': 'build'}
[37.783620] (lslidar_msgs) Command: {'cmd': ['/usr/bin/cmake', '--build', '/home/deepak/electronic_ws/build/lslidar_msgs', '--', '-j8', '-l8'], 'cwd': '/home/deepak/electronic_ws/build/lslidar_msgs', 'env': OrderedDict([('LESSOPEN', '| /usr/bin/lesspipe %s'), ('LANGUAGE', 'en_GB:en'), ('USER', 'deepak'), ('SSH_AGENT_PID', '2164'), ('XDG_SESSION_TYPE', 'x11'), ('SHLVL', '1'), ('LD_LIBRARY_PATH', '/usr/lib/x86_64-linux-gnu/gazebo-11/plugins:/opt/ros/foxy/opt/yaml_cpp_vendor/lib:/opt/ros/foxy/opt/rviz_ogre_vendor/lib:/opt/ros/foxy/lib/x86_64-linux-gnu:/opt/ros/foxy/lib'), ('HOME', '/home/deepak'), ('OLDPWD', '/home/deepak/electronic_ws/src'), ('DESKTOP_SESSION', 'ubuntu'), ('NVM_BIN', '/home/deepak/.nvm/versions/node/v18.20.8/bin'), ('NVM_INC', '/home/deepak/.nvm/versions/node/v18.20.8/include/node'), ('ROS_PYTHON_VERSION', '3'), ('GNOME_SHELL_SESSION_MODE', 'ubuntu'), ('GTK_MODULES', 'gail:atk-bridge'), ('MANAGERPID', '2067'), ('DBUS_SESSION_BUS_ADDRESS', 'unix:path=/run/user/1000/bus'), ('COLORTERM', 'truecolor'), ('TERMINATOR_DBUS_NAME', 'net.tenshu.Terminator21a9d5db22c73a993ff0b42f64b396873'), ('GIO_LAUNCHED_DESKTOP_FILE_PID', '4123'), ('NVM_DIR', '/home/deepak/.nvm'), ('IM_CONFIG_PHASE', '1'), ('ROS_DISTRO', 'foxy'), ('LOGNAME', 'deepak'), ('JOURNAL_STREAM', '8:55426'), ('_', '/usr/bin/colcon'), ('ROS_VERSION', '2'), ('XDG_SESSION_CLASS', 'user'), ('USERNAME', 'deepak'), ('TERM', 'xterm-256color'), ('GNOME_DESKTOP_SESSION_ID', 'this-is-deprecated'), ('ROS_LOCALHOST_ONLY', '0'), ('WINDOWPATH', '2'), ('PATH', '/opt/ros/foxy/bin:/home/deepak/.nvm/versions/node/v18.20.8/bin:/home/deepak/.local/bin:/usr/local/sbin:/usr/local/bin:/usr/sbin:/usr/bin:/sbin:/bin:/usr/games:/usr/local/games:/snap/bin'), ('SESSION_MANAGER', 'local/deepak-Inspiron-3501:@/tmp/.ICE-unix/2204,unix/deepak-Inspiron-3501:/tmp/.ICE-unix/2204'), ('INVOCATION_ID', 'da85f2b1d8074d13affb1bf44f8be6dd'), ('XDG_MENU_PREFIX', 'gnome-'), ('XDG_RUNTIME_DIR', '/run/user/1000'), ('DISPLAY', ':0'), ('TERMINATOR_DBUS_PATH', '/net/tenshu/Terminator2'), ('LANG', 'en_US.UTF-8'), ('XDG_CURRENT_DESKTOP', 'ubuntu:GNOME'), ('XMODIFIERS', '@im=ibus'), ('XDG_SESSION_DESKTOP', 'ubuntu'), ('XAUTHORITY', '/run/user/1000/gdm/Xauthority'), ('LS_COLORS', 'rs=0:di=01;34:ln=01;36:mh=00:pi=40;33:so=01;35:do=01;35:bd=40;33;01:cd=40;33;01:or=40;31;01:mi=00:su=37;41:sg=30;43:ca=30;41:tw=30;42:ow=34;42:st=37;44:ex=01;32:*.tar=01;31:*.tgz=01;31:*.arc=01;31:*.arj=01;31:*.taz=01;31:*.lha=01;31:*.lz4=01;31:*.lzh=01;31:*.lzma=01;31:*.tlz=01;31:*.txz=01;31:*.tzo=01;31:*.t7z=01;31:*.zip=01;31:*.z=01;31:*.dz=01;31:*.gz=01;31:*.lrz=01;31:*.lz=01;31:*.lzo=01;31:*.xz=01;31:*.zst=01;31:*.tzst=01;31:*.bz2=01;31:*.bz=01;31:*.tbz=01;31:*.tbz2=01;31:*.tz=01;31:*.deb=01;31:*.rpm=01;31:*.jar=01;31:*.war=01;31:*.ear=01;31:*.sar=01;31:*.rar=01;31:*.alz=01;31:*.ace=01;31:*.zoo=01;31:*.cpio=01;31:*.7z=01;31:*.rz=01;31:*.cab=01;31:*.wim=01;31:*.swm=01;31:*.dwm=01;31:*.esd=01;31:*.jpg=01;35:*.jpeg=01;35:*.mjpg=01;35:*.mjpeg=01;35:*.gif=01;35:*.bmp=01;35:*.pbm=01;35:*.pgm=01;35:*.ppm=01;35:*.tga=01;35:*.xbm=01;35:*.xpm=01;35:*.tif=01;35:*.tiff=01;35:*.png=01;35:*.svg=01;35:*.svgz=01;35:*.mng=01;35:*.pcx=01;35:*.mov=01;35:*.mpg=01;35:*.mpeg=01;35:*.m2v=01;35:*.mkv=01;35:*.webm=01;35:*.ogm=01;35:*.mp4=01;35:*.m4v=01;35:*.mp4v=01;35:*.vob=01;35:*.qt=01;35:*.nuv=01;35:*.wmv=01;35:*.asf=01;35:*.rm=01;35:*.rmvb=01;35:*.flc=01;35:*.avi=01;35:*.fli=01;35:*.flv=01;35:*.gl=01;35:*.dl=01;35:*.xcf=01;35:*.xwd=01;35:*.yuv=01;35:*.cgm=01;35:*.emf=01;35:*.ogv=01;35:*.ogx=01;35:*.aac=00;36:*.au=00;36:*.flac=00;36:*.m4a=00;36:*.mid=00;36:*.midi=00;36:*.mka=00;36:*.mp3=00;36:*.mpc=00;36:*.ogg=00;36:*.ra=00;36:*.wav=00;36:*.oga=00;36:*.opus=00;36:*.spx=00;36:*.xspf=00;36:'), ('SSH_AUTH_SOCK', '/run/user/1000/keyring/ssh'), ('AMENT_PREFIX_PATH', '/opt/ros/foxy'), ('SHELL', '/bin/bash'), ('TERMINATOR_UUID', 'urn:uuid:fcc518c1-d712-42cf-a147-6525ef5360a1'), ('QT_ACCESSIBILITY', '1'), ('GDMSESSION', 'ubuntu'), ('LESSCLOSE', '/usr/bin/lesspipe %s %s'), ('GPG_AGENT_INFO', '/run/user/1000/gnupg/S.gpg-agent:0:1'), ('QT_IM_MODULE', 'ibus'), ('PWD', '/home/deepak/electronic_ws/build/lslidar_msgs'), ('LC_ALL', 'en_US.UTF-8'), ('XDG_CONFIG_DIRS', '/etc/xdg/xdg-ubuntu:/etc/xdg'), ('NVM_CD_FLAGS', ''), ('XDG_DATA_DIRS', '/usr/share/ubuntu:/usr/local/share/:/usr/share/:/var/lib/snapd/desktop'), ('PYTHONPATH', '/opt/ros/foxy/lib/python3.8/site-packages'), ('COLCON', '1'), ('VTE_VERSION', '6003'), ('CMAKE_PREFIX_PATH', '/opt/ros/foxy')]), 'shell': False}
[37.798203] (-) TimerEvent: {}
[37.898868] (-) TimerEvent: {}
[37.999402] (-) TimerEvent: {}
[38.006475] (lslidar_msgs) StdoutLine: {'line': b'\x1b[35m\x1b[1mScanning dependencies of target lslidar_msgs__cpp\x1b[0m\n'}
[38.076278] (lslidar_msgs) StdoutLine: {'line': b'[  0%] \x1b[34m\x1b[1mGenerating C++ code for ROS interfaces\x1b[0m\n'}
[38.099538] (-) TimerEvent: {}
[38.200037] (-) TimerEvent: {}
[38.279636] (rtabmap_msgs) StdoutLine: {'line': b'[ 65%] \x1b[32mBuilding CXX object CMakeFiles/rtabmap_msgs__rosidl_typesupport_fastrtps_cpp.dir/rosidl_typesupport_fastrtps_cpp/rtabmap_msgs/srv/detail/dds_fastrtps/remove_label__type_support.cpp.o\x1b[0m\n'}
[38.300206] (-) TimerEvent: {}
[38.400901] (-) TimerEvent: {}
[38.501383] (-) TimerEvent: {}
[38.508771] (rtabmap_msgs) StdoutLine: {'line': b'[ 66%] \x1b[32mBuilding CXX object CMakeFiles/rtabmap_msgs__rosidl_typesupport_introspection_cpp.dir/rosidl_typesupport_introspection_cpp/rtabmap_msgs/srv/detail/get_map2__type_support.cpp.o\x1b[0m\n'}
[38.601529] (-) TimerEvent: {}
[38.702110] (-) TimerEvent: {}
[38.802648] (-) TimerEvent: {}
[38.903193] (-) TimerEvent: {}
[39.003668] (-) TimerEvent: {}
[39.104185] (-) TimerEvent: {}
[39.144774] (rtabmap_msgs) StdoutLine: {'line': b'[ 66%] \x1b[32mBuilding CXX object CMakeFiles/rtabmap_msgs__rosidl_typesupport_fastrtps_cpp.dir/rosidl_typesupport_fastrtps_cpp/rtabmap_msgs/srv/detail/dds_fastrtps/get_plan__type_support.cpp.o\x1b[0m\n'}
[39.204335] (-) TimerEvent: {}
[39.265782] (rtabmap_msgs) StdoutLine: {'line': b'[ 66%] \x1b[32mBuilding CXX object CMakeFiles/rtabmap_msgs__rosidl_typesupport_introspection_cpp.dir/rosidl_typesupport_introspection_cpp/rtabmap_msgs/srv/detail/list_labels__type_support.cpp.o\x1b[0m\n'}
[39.304569] (-) TimerEvent: {}
[39.405253] (-) TimerEvent: {}
[39.505780] (-) TimerEvent: {}
[39.606274] (-) TimerEvent: {}
[39.706768] (-) TimerEvent: {}
[39.807243] (-) TimerEvent: {}
[39.907744] (-) TimerEvent: {}
[39.960370] (rtabmap_msgs) StdoutLine: {'line': b'[ 66%] \x1b[32mBuilding CXX object CMakeFiles/rtabmap_msgs__rosidl_typesupport_introspection_cpp.dir/rosidl_typesupport_introspection_cpp/rtabmap_msgs/srv/detail/publish_map__type_support.cpp.o\x1b[0m\n'}
[39.996623] (rtabmap_msgs) StdoutLine: {'line': b'[ 66%] \x1b[32mBuilding CXX object CMakeFiles/rtabmap_msgs__rosidl_typesupport_fastrtps_cpp.dir/rosidl_typesupport_fastrtps_cpp/rtabmap_msgs/srv/detail/dds_fastrtps/add_link__type_support.cpp.o\x1b[0m\n'}
[40.007864] (-) TimerEvent: {}
[40.108299] (-) TimerEvent: {}
[40.208739] (-) TimerEvent: {}
[40.309242] (-) TimerEvent: {}
[40.408465] (rtabmap_msgs) StdoutLine: {'line': b'[ 67%] \x1b[32mBuilding CXX object CMakeFiles/rtabmap_msgs__rosidl_typesupport_introspection_cpp.dir/rosidl_typesupport_introspection_cpp/rtabmap_msgs/srv/detail/reset_pose__type_support.cpp.o\x1b[0m\n'}
[40.409328] (-) TimerEvent: {}
[40.525064] (-) TimerEvent: {}
[40.628341] (-) TimerEvent: {}
[40.640851] (rtabmap_msgs) StdoutLine: {'line': b'[ 67%] \x1b[32mBuilding CXX object CMakeFiles/rtabmap_msgs__rosidl_typesupport_fastrtps_cpp.dir/rosidl_typesupport_fastrtps_cpp/rtabmap_msgs/srv/detail/dds_fastrtps/get_node_data__type_support.cpp.o\x1b[0m\n'}
[40.726197] (rtabmap_msgs) StdoutLine: {'line': b'[ 67%] \x1b[32mBuilding CXX object CMakeFiles/rtabmap_msgs__rosidl_typesupport_introspection_cpp.dir/rosidl_typesupport_introspection_cpp/rtabmap_msgs/srv/detail/set_goal__type_support.cpp.o\x1b[0m\n'}
[40.728428] (-) TimerEvent: {}
[40.830100] (-) TimerEvent: {}
[40.930807] (-) TimerEvent: {}
[41.031572] (-) TimerEvent: {}
[41.120182] (rtabmap_msgs) StdoutLine: {'line': b'[ 67%] \x1b[32mBuilding CXX object CMakeFiles/rtabmap_msgs__rosidl_typesupport_introspection_cpp.dir/rosidl_typesupport_introspection_cpp/rtabmap_msgs/srv/detail/set_label__type_support.cpp.o\x1b[0m\n'}
[41.131708] (-) TimerEvent: {}
[41.232345] (-) TimerEvent: {}
[41.333008] (-) TimerEvent: {}
[41.390980] (lslidar_msgs) StdoutLine: {'line': b'[  0%] Built target lslidar_msgs__cpp\n'}
[41.404597] (lslidar_msgs) StdoutLine: {'line': b'[  1%] \x1b[34m\x1b[1mGenerating C code for ROS interfaces\x1b[0m\n'}
[41.408845] (rtabmap_msgs) StdoutLine: {'line': b'[ 68%] \x1b[32mBuilding CXX object CMakeFiles/rtabmap_msgs__rosidl_typesupport_introspection_cpp.dir/rosidl_typesupport_introspection_cpp/rtabmap_msgs/srv/detail/remove_label__type_support.cpp.o\x1b[0m\n'}
[41.433140] (-) TimerEvent: {}
[41.533613] (-) TimerEvent: {}
[41.555263] (rtabmap_msgs) StdoutLine: {'line': b'[ 69%] \x1b[32mBuilding CXX object CMakeFiles/rtabmap_msgs__rosidl_typesupport_fastrtps_cpp.dir/rosidl_typesupport_fastrtps_cpp/rtabmap_msgs/srv/detail/dds_fastrtps/get_nodes_in_radius__type_support.cpp.o\x1b[0m\n'}
[41.633758] (-) TimerEvent: {}
[41.734333] (-) TimerEvent: {}
[41.834901] (-) TimerEvent: {}
[41.842899] (rtabmap_msgs) StdoutLine: {'line': b'[ 69%] \x1b[32mBuilding CXX object CMakeFiles/rtabmap_msgs__rosidl_typesupport_introspection_cpp.dir/rosidl_typesupport_introspection_cpp/rtabmap_msgs/srv/detail/get_plan__type_support.cpp.o\x1b[0m\n'}
[41.935046] (-) TimerEvent: {}
[42.035615] (-) TimerEvent: {}
[42.082781] (rtabmap_msgs) StdoutLine: {'line': b'[ 69%] \x1b[32mBuilding CXX object CMakeFiles/rtabmap_msgs__rosidl_typesupport_fastrtps_cpp.dir/rosidl_typesupport_fastrtps_cpp/rtabmap_msgs/srv/detail/dds_fastrtps/load_database__type_support.cpp.o\x1b[0m\n'}
[42.135749] (-) TimerEvent: {}
[42.236200] (-) TimerEvent: {}
[42.312655] (rtabmap_msgs) StdoutLine: {'line': b'[ 69%] \x1b[32mBuilding CXX object CMakeFiles/rtabmap_msgs__rosidl_typesupport_introspection_cpp.dir/rosidl_typesupport_introspection_cpp/rtabmap_msgs/srv/detail/add_link__type_support.cpp.o\x1b[0m\n'}
[42.336331] (-) TimerEvent: {}
[42.436961] (-) TimerEvent: {}
[42.480397] (rtabmap_msgs) StdoutLine: {'line': b'[ 69%] \x1b[32mBuilding CXX object CMakeFiles/rtabmap_msgs__rosidl_typesupport_fastrtps_cpp.dir/rosidl_typesupport_fastrtps_cpp/rtabmap_msgs/srv/detail/dds_fastrtps/detect_more_loop_closures__type_support.cpp.o\x1b[0m\n'}
[42.537077] (-) TimerEvent: {}
[42.637507] (-) TimerEvent: {}
[42.737976] (-) TimerEvent: {}
[42.756788] (rtabmap_msgs) StdoutLine: {'line': b'[ 70%] \x1b[32mBuilding CXX object CMakeFiles/rtabmap_msgs__rosidl_typesupport_introspection_cpp.dir/rosidl_typesupport_introspection_cpp/rtabmap_msgs/srv/detail/get_node_data__type_support.cpp.o\x1b[0m\n'}
[42.838115] (-) TimerEvent: {}
[42.921996] (rtabmap_msgs) StdoutLine: {'line': b'[ 71%] \x1b[32mBuilding CXX object CMakeFiles/rtabmap_msgs__rosidl_typesupport_fastrtps_cpp.dir/rosidl_typesupport_fastrtps_cpp/rtabmap_msgs/srv/detail/dds_fastrtps/global_bundle_adjustment__type_support.cpp.o\x1b[0m\n'}
[42.938246] (-) TimerEvent: {}
[43.038802] (-) TimerEvent: {}
[43.139429] (-) TimerEvent: {}
[43.240033] (-) TimerEvent: {}
[43.340603] (-) TimerEvent: {}
[43.441234] (-) TimerEvent: {}
[43.513207] (rtabmap_msgs) StdoutLine: {'line': b'[ 71%] \x1b[32mBuilding CXX object CMakeFiles/rtabmap_msgs__rosidl_typesupport_introspection_cpp.dir/rosidl_typesupport_introspection_cpp/rtabmap_msgs/srv/detail/get_nodes_in_radius__type_support.cpp.o\x1b[0m\n'}
[43.541375] (-) TimerEvent: {}
[43.583991] (rtabmap_msgs) StdoutLine: {'line': b'[ 71%] \x1b[32mBuilding CXX object CMakeFiles/rtabmap_msgs__rosidl_typesupport_fastrtps_cpp.dir/rosidl_typesupport_fastrtps_cpp/rtabmap_msgs/srv/detail/dds_fastrtps/cleanup_local_grids__type_support.cpp.o\x1b[0m\n'}
[43.605401] (lslidar_msgs) StdoutLine: {'line': b'\x1b[35m\x1b[1mScanning dependencies of target lslidar_msgs__rosidl_generator_c\x1b[0m\n'}
[43.623676] (lslidar_msgs) StdoutLine: {'line': b'[  2%] \x1b[32mBuilding C object CMakeFiles/lslidar_msgs__rosidl_generator_c.dir/rosidl_generator_c/lslidar_msgs/msg/detail/lslidar_information__functions.c.o\x1b[0m\n'}
[43.641538] (-) TimerEvent: {}
[43.674064] (lslidar_msgs) StdoutLine: {'line': b'[  3%] \x1b[32mBuilding C object CMakeFiles/lslidar_msgs__rosidl_generator_c.dir/rosidl_generator_c/lslidar_msgs/srv/detail/invalid_data__functions.c.o\x1b[0m\n'}
[43.730904] (lslidar_msgs) StdoutLine: {'line': b'[  4%] \x1b[32mBuilding C object CMakeFiles/lslidar_msgs__rosidl_generator_c.dir/rosidl_generator_c/lslidar_msgs/srv/detail/ip_and_port__functions.c.o\x1b[0m\n'}
[43.741671] (-) TimerEvent: {}
[43.789609] (lslidar_msgs) StdoutLine: {'line': b'[  4%] \x1b[32mBuilding C object CMakeFiles/lslidar_msgs__rosidl_generator_c.dir/rosidl_generator_c/lslidar_msgs/srv/detail/motor_control__functions.c.o\x1b[0m\n'}
[43.841809] (-) TimerEvent: {}
[43.851843] (lslidar_msgs) StdoutLine: {'line': b'[  5%] \x1b[32mBuilding C object CMakeFiles/lslidar_msgs__rosidl_generator_c.dir/rosidl_generator_c/lslidar_msgs/srv/detail/motor_speed__functions.c.o\x1b[0m\n'}
[43.940620] (lslidar_msgs) StdoutLine: {'line': b'[  6%] \x1b[32mBuilding C object CMakeFiles/lslidar_msgs__rosidl_generator_c.dir/rosidl_generator_c/lslidar_msgs/srv/detail/power_control__functions.c.o\x1b[0m\n'}
[43.941924] (-) TimerEvent: {}
[44.028678] (lslidar_msgs) StdoutLine: {'line': b'[  7%] \x1b[32mBuilding C object CMakeFiles/lslidar_msgs__rosidl_generator_c.dir/rosidl_generator_c/lslidar_msgs/srv/detail/rfd_removal__functions.c.o\x1b[0m\n'}
[44.042077] (-) TimerEvent: {}
[44.047277] (rtabmap_msgs) StdoutLine: {'line': b'[ 71%] \x1b[32mBuilding CXX object CMakeFiles/rtabmap_msgs__rosidl_typesupport_introspection_cpp.dir/rosidl_typesupport_introspection_cpp/rtabmap_msgs/srv/detail/load_database__type_support.cpp.o\x1b[0m\n'}
[44.110664] (lslidar_msgs) StdoutLine: {'line': b'[  8%] \x1b[32mBuilding C object CMakeFiles/lslidar_msgs__rosidl_generator_c.dir/rosidl_generator_c/lslidar_msgs/srv/detail/standby_mode__functions.c.o\x1b[0m\n'}
[44.112746] (rtabmap_msgs) StdoutLine: {'line': b'[ 71%] \x1b[32mBuilding CXX object CMakeFiles/rtabmap_msgs__rosidl_typesupport_fastrtps_cpp.dir/rosidl_typesupport_fastrtps_cpp/rtabmap_msgs/srv/detail/dds_fastrtps/publish_map__type_support.cpp.o\x1b[0m\n'}
[44.142210] (-) TimerEvent: {}
[44.165308] (lslidar_msgs) StdoutLine: {'line': b'[  8%] \x1b[32mBuilding C object CMakeFiles/lslidar_msgs__rosidl_generator_c.dir/rosidl_generator_c/lslidar_msgs/srv/detail/tail_removal__functions.c.o\x1b[0m\n'}
[44.220657] (lslidar_msgs) StdoutLine: {'line': b'[  9%] \x1b[32mBuilding C object CMakeFiles/lslidar_msgs__rosidl_generator_c.dir/rosidl_generator_c/lslidar_msgs/srv/detail/time_mode__functions.c.o\x1b[0m\n'}
[44.242351] (-) TimerEvent: {}
[44.277171] (lslidar_msgs) StdoutLine: {'line': b'[ 10%] \x1b[32mBuilding C object CMakeFiles/lslidar_msgs__rosidl_generator_c.dir/rosidl_generator_c/lslidar_msgs/srv/detail/frame_rate__functions.c.o\x1b[0m\n'}
[44.328451] (rtabmap_msgs) StdoutLine: {'line': b'[ 71%] \x1b[32mBuilding CXX object CMakeFiles/rtabmap_msgs__rosidl_typesupport_introspection_cpp.dir/rosidl_typesupport_introspection_cpp/rtabmap_msgs/srv/detail/global_bundle_adjustment__type_support.cpp.o\x1b[0m\n'}
[44.334634] (lslidar_msgs) StdoutLine: {'line': b'[ 11%] \x1b[32mBuilding C object CMakeFiles/lslidar_msgs__rosidl_generator_c.dir/rosidl_generator_c/lslidar_msgs/srv/detail/angle_distortion_correction__functions.c.o\x1b[0m\n'}
[44.342491] (-) TimerEvent: {}
[44.390000] (lslidar_msgs) StdoutLine: {'line': b'[ 11%] \x1b[32mBuilding C object CMakeFiles/lslidar_msgs__rosidl_generator_c.dir/rosidl_generator_c/lslidar_msgs/msg/detail/lslidar_packet__functions.c.o\x1b[0m\n'}
[44.436051] (lslidar_msgs) StdoutLine: {'line': b'[ 12%] \x1b[32m\x1b[1mLinking C shared library liblslidar_msgs__rosidl_generator_c.so\x1b[0m\n'}
[44.442644] (-) TimerEvent: {}
[44.477380] (lslidar_msgs) StdoutLine: {'line': b'[ 12%] Built target lslidar_msgs__rosidl_generator_c\n'}
[44.489397] (lslidar_msgs) StdoutLine: {'line': b'[ 13%] \x1b[34m\x1b[1mGenerating C++ type support dispatch for ROS interfaces\x1b[0m\n'}
[44.542769] (-) TimerEvent: {}
[44.607091] (rtabmap_msgs) StdoutLine: {'line': b'[ 71%] \x1b[32mBuilding CXX object CMakeFiles/rtabmap_msgs__rosidl_typesupport_introspection_cpp.dir/rosidl_typesupport_introspection_cpp/rtabmap_msgs/srv/detail/cleanup_local_grids__type_support.cpp.o\x1b[0m\n'}
[44.642888] (-) TimerEvent: {}
[44.743300] (-) TimerEvent: {}
[44.763647] (rtabmap_msgs) StdoutLine: {'line': b'[ 71%] \x1b[32mBuilding CXX object CMakeFiles/rtabmap_msgs__rosidl_typesupport_fastrtps_cpp.dir/rosidl_typesupport_fastrtps_cpp/rtabmap_msgs/srv/detail/dds_fastrtps/list_labels__type_support.cpp.o\x1b[0m\n'}
[44.843411] (-) TimerEvent: {}
[44.934763] (rtabmap_msgs) StdoutLine: {'line': b'[ 72%] \x1b[32mBuilding CXX object CMakeFiles/rtabmap_msgs__rosidl_typesupport_introspection_cpp.dir/rosidl_typesupport_introspection_cpp/rtabmap_msgs/srv/detail/detect_more_loop_closures__type_support.cpp.o\x1b[0m\n'}
[44.943536] (-) TimerEvent: {}
[45.044066] (-) TimerEvent: {}
[45.144582] (-) TimerEvent: {}
[45.245170] (-) TimerEvent: {}
[45.290163] (lslidar_msgs) StdoutLine: {'line': b'\x1b[35m\x1b[1mScanning dependencies of target lslidar_msgs__rosidl_typesupport_cpp\x1b[0m\n'}
[45.307143] (lslidar_msgs) StdoutLine: {'line': b'[ 14%] \x1b[32mBuilding CXX object CMakeFiles/lslidar_msgs__rosidl_typesupport_cpp.dir/rosidl_typesupport_cpp/lslidar_msgs/msg/lslidar_information__type_support.cpp.o\x1b[0m\n'}
[45.345290] (-) TimerEvent: {}
[45.386084] (rtabmap_msgs) StdoutLine: {'line': b'[ 73%] \x1b[32m\x1b[1mLinking CXX shared library librtabmap_msgs__rosidl_typesupport_introspection_cpp.so\x1b[0m\n'}
[45.445440] (-) TimerEvent: {}
[45.545909] (-) TimerEvent: {}
[45.547034] (rtabmap_msgs) StdoutLine: {'line': b'[ 74%] \x1b[32mBuilding CXX object CMakeFiles/rtabmap_msgs__rosidl_typesupport_fastrtps_cpp.dir/rosidl_typesupport_fastrtps_cpp/rtabmap_msgs/srv/detail/dds_fastrtps/get_map2__type_support.cpp.o\x1b[0m\n'}
[45.586947] (lslidar_msgs) StdoutLine: {'line': b'[ 15%] \x1b[32mBuilding CXX object CMakeFiles/lslidar_msgs__rosidl_typesupport_cpp.dir/rosidl_typesupport_cpp/lslidar_msgs/srv/frame_rate__type_support.cpp.o\x1b[0m\n'}
[45.638574] (rtabmap_msgs) StdoutLine: {'line': b'[ 74%] Built target rtabmap_msgs__rosidl_typesupport_introspection_cpp\n'}
[45.646044] (-) TimerEvent: {}
[45.746639] (-) TimerEvent: {}
[45.848735] (-) TimerEvent: {}
[45.855982] (lslidar_msgs) StdoutLine: {'line': b'[ 16%] \x1b[32mBuilding CXX object CMakeFiles/lslidar_msgs__rosidl_typesupport_cpp.dir/rosidl_typesupport_cpp/lslidar_msgs/srv/invalid_data__type_support.cpp.o\x1b[0m\n'}
[45.948874] (-) TimerEvent: {}
[46.004681] (rtabmap_msgs) StdoutLine: {'line': b'[ 74%] \x1b[32mBuilding CXX object CMakeFiles/rtabmap_msgs__rosidl_typesupport_fastrtps_cpp.dir/rosidl_typesupport_fastrtps_cpp/rtabmap_msgs/srv/detail/dds_fastrtps/get_map__type_support.cpp.o\x1b[0m\n'}
[46.049001] (-) TimerEvent: {}
[46.126460] (lslidar_msgs) StdoutLine: {'line': b'[ 17%] \x1b[32mBuilding CXX object CMakeFiles/lslidar_msgs__rosidl_typesupport_cpp.dir/rosidl_typesupport_cpp/lslidar_msgs/srv/ip_and_port__type_support.cpp.o\x1b[0m\n'}
[46.149215] (-) TimerEvent: {}
[46.249791] (-) TimerEvent: {}
[46.350238] (-) TimerEvent: {}
[46.392455] (lslidar_msgs) StdoutLine: {'line': b'[ 18%] \x1b[32mBuilding CXX object CMakeFiles/lslidar_msgs__rosidl_typesupport_cpp.dir/rosidl_typesupport_cpp/lslidar_msgs/srv/motor_control__type_support.cpp.o\x1b[0m\n'}
[46.428050] (rtabmap_msgs) StdoutLine: {'line': b'[ 74%] \x1b[32mBuilding CXX object CMakeFiles/rtabmap_msgs__rosidl_typesupport_fastrtps_cpp.dir/rosidl_typesupport_fastrtps_cpp/rtabmap_msgs/msg/detail/dds_fastrtps/camera_models__type_support.cpp.o\x1b[0m\n'}
[46.450385] (-) TimerEvent: {}
[46.550910] (-) TimerEvent: {}
[46.651431] (-) TimerEvent: {}
[46.660160] (lslidar_msgs) StdoutLine: {'line': b'[ 18%] \x1b[32mBuilding CXX object CMakeFiles/lslidar_msgs__rosidl_typesupport_cpp.dir/rosidl_typesupport_cpp/lslidar_msgs/srv/motor_speed__type_support.cpp.o\x1b[0m\n'}
[46.751582] (-) TimerEvent: {}
[46.852053] (-) TimerEvent: {}
[46.904925] (rtabmap_msgs) StdoutLine: {'line': b'[ 74%] \x1b[32m\x1b[1mLinking CXX shared library librtabmap_msgs__rosidl_typesupport_fastrtps_cpp.so\x1b[0m\n'}
[46.930398] (lslidar_msgs) StdoutLine: {'line': b'[ 19%] \x1b[32mBuilding CXX object CMakeFiles/lslidar_msgs__rosidl_typesupport_cpp.dir/rosidl_typesupport_cpp/lslidar_msgs/srv/power_control__type_support.cpp.o\x1b[0m\n'}
[46.952208] (-) TimerEvent: {}
[47.052729] (-) TimerEvent: {}
[47.087619] (rtabmap_msgs) StdoutLine: {'line': b'[ 74%] Built target rtabmap_msgs__rosidl_typesupport_fastrtps_cpp\n'}
[47.101874] (rtabmap_msgs) StdoutLine: {'line': b'[ 75%] \x1b[34m\x1b[1mGenerating C type support for eProsima Fast-RTPS\x1b[0m\n'}
[47.152864] (-) TimerEvent: {}
[47.207950] (lslidar_msgs) StdoutLine: {'line': b'[ 20%] \x1b[32mBuilding CXX object CMakeFiles/lslidar_msgs__rosidl_typesupport_cpp.dir/rosidl_typesupport_cpp/lslidar_msgs/srv/rfd_removal__type_support.cpp.o\x1b[0m\n'}
[47.252996] (-) TimerEvent: {}
[47.353476] (-) TimerEvent: {}
[47.453941] (-) TimerEvent: {}
[47.479189] (lslidar_msgs) StdoutLine: {'line': b'[ 21%] \x1b[32mBuilding CXX object CMakeFiles/lslidar_msgs__rosidl_typesupport_cpp.dir/rosidl_typesupport_cpp/lslidar_msgs/srv/standby_mode__type_support.cpp.o\x1b[0m\n'}
[47.554102] (-) TimerEvent: {}
[47.654571] (-) TimerEvent: {}
[47.755046] (-) TimerEvent: {}
[47.755528] (lslidar_msgs) StdoutLine: {'line': b'[ 22%] \x1b[32mBuilding CXX object CMakeFiles/lslidar_msgs__rosidl_typesupport_cpp.dir/rosidl_typesupport_cpp/lslidar_msgs/srv/tail_removal__type_support.cpp.o\x1b[0m\n'}
[47.855188] (-) TimerEvent: {}
[47.955710] (-) TimerEvent: {}
[48.024937] (lslidar_msgs) StdoutLine: {'line': b'[ 22%] \x1b[32mBuilding CXX object CMakeFiles/lslidar_msgs__rosidl_typesupport_cpp.dir/rosidl_typesupport_cpp/lslidar_msgs/srv/time_mode__type_support.cpp.o\x1b[0m\n'}
[48.055838] (-) TimerEvent: {}
[48.156249] (-) TimerEvent: {}
[48.256707] (-) TimerEvent: {}
[48.283794] (lslidar_msgs) StdoutLine: {'line': b'[ 22%] \x1b[32mBuilding CXX object CMakeFiles/lslidar_msgs__rosidl_typesupport_cpp.dir/rosidl_typesupport_cpp/lslidar_msgs/srv/angle_distortion_correction__type_support.cpp.o\x1b[0m\n'}
[48.356843] (-) TimerEvent: {}
[48.457265] (-) TimerEvent: {}
[48.543587] (lslidar_msgs) StdoutLine: {'line': b'[ 23%] \x1b[32mBuilding CXX object CMakeFiles/lslidar_msgs__rosidl_typesupport_cpp.dir/rosidl_typesupport_cpp/lslidar_msgs/msg/lslidar_packet__type_support.cpp.o\x1b[0m\n'}
[48.557372] (-) TimerEvent: {}
[48.657733] (-) TimerEvent: {}
[48.758126] (-) TimerEvent: {}
[48.812083] (lslidar_msgs) StdoutLine: {'line': b'[ 24%] \x1b[32m\x1b[1mLinking CXX shared library liblslidar_msgs__rosidl_typesupport_cpp.so\x1b[0m\n'}
[48.857269] (lslidar_msgs) StdoutLine: {'line': b'[ 24%] Built target lslidar_msgs__rosidl_typesupport_cpp\n'}
[48.858197] (-) TimerEvent: {}
[48.868712] (lslidar_msgs) StdoutLine: {'line': b'[ 25%] \x1b[34m\x1b[1mGenerating C introspection for ROS interfaces\x1b[0m\n'}
[48.958320] (-) TimerEvent: {}
[49.058713] (-) TimerEvent: {}
[49.159159] (-) TimerEvent: {}
[49.259522] (-) TimerEvent: {}
[49.359890] (-) TimerEvent: {}
[49.460291] (-) TimerEvent: {}
[49.560683] (-) TimerEvent: {}
[49.661039] (-) TimerEvent: {}
[49.761448] (-) TimerEvent: {}
[49.814455] (lslidar_msgs) StdoutLine: {'line': b'\x1b[35m\x1b[1mScanning dependencies of target lslidar_msgs__rosidl_typesupport_introspection_c\x1b[0m\n'}
[49.835385] (lslidar_msgs) StdoutLine: {'line': b'[ 27%] \x1b[32mBuilding C object CMakeFiles/lslidar_msgs__rosidl_typesupport_introspection_c.dir/rosidl_typesupport_introspection_c/lslidar_msgs/msg/detail/lslidar_packet__type_support.c.o\x1b[0m\n'}
[49.835687] (lslidar_msgs) StdoutLine: {'line': b'[ 27%] \x1b[32mBuilding C object CMakeFiles/lslidar_msgs__rosidl_typesupport_introspection_c.dir/rosidl_typesupport_introspection_c/lslidar_msgs/msg/detail/lslidar_information__type_support.c.o\x1b[0m\n'}
[49.835783] (lslidar_msgs) StdoutLine: {'line': b'[ 27%] \x1b[32mBuilding C object CMakeFiles/lslidar_msgs__rosidl_typesupport_introspection_c.dir/rosidl_typesupport_introspection_c/lslidar_msgs/srv/detail/angle_distortion_correction__type_support.c.o\x1b[0m\n'}
[49.848872] (lslidar_msgs) StdoutLine: {'line': b'[ 28%] \x1b[32mBuilding C object CMakeFiles/lslidar_msgs__rosidl_typesupport_introspection_c.dir/rosidl_typesupport_introspection_c/lslidar_msgs/srv/detail/invalid_data__type_support.c.o\x1b[0m\n'}
[49.861586] (-) TimerEvent: {}
[49.871137] (lslidar_msgs) StdoutLine: {'line': b'[ 29%] \x1b[32mBuilding C object CMakeFiles/lslidar_msgs__rosidl_typesupport_introspection_c.dir/rosidl_typesupport_introspection_c/lslidar_msgs/srv/detail/frame_rate__type_support.c.o\x1b[0m\n'}
[49.883455] (lslidar_msgs) StdoutLine: {'line': b'[ 30%] \x1b[32mBuilding C object CMakeFiles/lslidar_msgs__rosidl_typesupport_introspection_c.dir/rosidl_typesupport_introspection_c/lslidar_msgs/srv/detail/ip_and_port__type_support.c.o\x1b[0m\n'}
[49.884349] (lslidar_msgs) StdoutLine: {'line': b'[ 31%] \x1b[32mBuilding C object CMakeFiles/lslidar_msgs__rosidl_typesupport_introspection_c.dir/rosidl_typesupport_introspection_c/lslidar_msgs/srv/detail/motor_control__type_support.c.o\x1b[0m\n'}
[49.906240] (lslidar_msgs) StdoutLine: {'line': b'[ 31%] \x1b[32mBuilding C object CMakeFiles/lslidar_msgs__rosidl_typesupport_introspection_c.dir/rosidl_typesupport_introspection_c/lslidar_msgs/srv/detail/motor_speed__type_support.c.o\x1b[0m\n'}
[49.921792] (lslidar_msgs) StdoutLine: {'line': b'[ 32%] \x1b[32mBuilding C object CMakeFiles/lslidar_msgs__rosidl_typesupport_introspection_c.dir/rosidl_typesupport_introspection_c/lslidar_msgs/srv/detail/power_control__type_support.c.o\x1b[0m\n'}
[49.934356] (lslidar_msgs) StdoutLine: {'line': b'[ 34%] \x1b[32mBuilding C object CMakeFiles/lslidar_msgs__rosidl_typesupport_introspection_c.dir/rosidl_typesupport_introspection_c/lslidar_msgs/srv/detail/standby_mode__type_support.c.o\x1b[0m\n'}
[49.934689] (lslidar_msgs) StdoutLine: {'line': b'[ 34%] \x1b[32mBuilding C object CMakeFiles/lslidar_msgs__rosidl_typesupport_introspection_c.dir/rosidl_typesupport_introspection_c/lslidar_msgs/srv/detail/rfd_removal__type_support.c.o\x1b[0m\n'}
[49.956430] (lslidar_msgs) StdoutLine: {'line': b'[ 35%] \x1b[32mBuilding C object CMakeFiles/lslidar_msgs__rosidl_typesupport_introspection_c.dir/rosidl_typesupport_introspection_c/lslidar_msgs/srv/detail/tail_removal__type_support.c.o\x1b[0m\n'}
[49.961717] (-) TimerEvent: {}
[49.974034] (lslidar_msgs) StdoutLine: {'line': b'[ 35%] \x1b[32mBuilding C object CMakeFiles/lslidar_msgs__rosidl_typesupport_introspection_c.dir/rosidl_typesupport_introspection_c/lslidar_msgs/srv/detail/time_mode__type_support.c.o\x1b[0m\n'}
[50.009966] (lslidar_msgs) StdoutLine: {'line': b'[ 36%] \x1b[32m\x1b[1mLinking C shared library liblslidar_msgs__rosidl_typesupport_introspection_c.so\x1b[0m\n'}
[50.055625] (lslidar_msgs) StdoutLine: {'line': b'[ 36%] Built target lslidar_msgs__rosidl_typesupport_introspection_c\n'}
[50.061859] (-) TimerEvent: {}
[50.070257] (lslidar_msgs) StdoutLine: {'line': b'[ 38%] \x1b[34m\x1b[1mGenerating C++ type support for eProsima Fast-RTPS\x1b[0m\n'}
[50.070546] (lslidar_msgs) StdoutLine: {'line': b'[ 38%] \x1b[34m\x1b[1mGenerating C++ introspection for ROS interfaces\x1b[0m\n'}
[50.070758] (lslidar_msgs) StdoutLine: {'line': b'[ 38%] \x1b[34m\x1b[1mGenerating C type support dispatch for ROS interfaces\x1b[0m\n'}
[50.099638] (rtabmap) StdoutLine: {'line': b'[ 10%] \x1b[32mBuilding CXX object corelib/src/CMakeFiles/rtabmap_core.dir/camera/CameraImages.cpp.o\x1b[0m\n'}
[50.114128] (rtabmap) StdoutLine: {'line': b'[ 11%] \x1b[32mBuilding CXX object corelib/src/CMakeFiles/rtabmap_core.dir/camera/CameraFreenect2.cpp.o\x1b[0m\n'}
[50.161972] (-) TimerEvent: {}
[50.262373] (-) TimerEvent: {}
[50.362758] (-) TimerEvent: {}
[50.463157] (-) TimerEvent: {}
[50.563559] (-) TimerEvent: {}
[50.660753] (rtabmap_msgs) StdoutLine: {'line': b'\x1b[35m\x1b[1mScanning dependencies of target rtabmap_msgs__rosidl_typesupport_fastrtps_c\x1b[0m\n'}
[50.663662] (-) TimerEvent: {}
[50.764067] (-) TimerEvent: {}
[50.783662] (rtabmap_msgs) StdoutLine: {'line': b'[ 76%] \x1b[32mBuilding CXX object CMakeFiles/rtabmap_msgs__rosidl_typesupport_fastrtps_c.dir/rosidl_typesupport_fastrtps_c/rtabmap_msgs/msg/detail/global_descriptor__type_support_c.cpp.o\x1b[0m\n'}
[50.797628] (rtabmap_msgs) StdoutLine: {'line': b'[ 76%] \x1b[32mBuilding CXX object CMakeFiles/rtabmap_msgs__rosidl_typesupport_fastrtps_c.dir/rosidl_typesupport_fastrtps_c/rtabmap_msgs/msg/detail/key_point__type_support_c.cpp.o\x1b[0m\n'}
[50.806081] (rtabmap_msgs) StdoutLine: {'line': b'[ 76%] \x1b[32mBuilding CXX object CMakeFiles/rtabmap_msgs__rosidl_typesupport_fastrtps_c.dir/rosidl_typesupport_fastrtps_c/rtabmap_msgs/msg/detail/info__type_support_c.cpp.o\x1b[0m\n'}
[50.864199] (-) TimerEvent: {}
[50.964656] (-) TimerEvent: {}
[51.065116] (-) TimerEvent: {}
[51.165538] (-) TimerEvent: {}
[51.171831] (rtabmap) StdoutLine: {'line': b'[ 11%] \x1b[32mBuilding CXX object corelib/src/CMakeFiles/rtabmap_core.dir/camera/CameraFreenect.cpp.o\x1b[0m\n'}
[51.265657] (-) TimerEvent: {}
[51.366118] (-) TimerEvent: {}
[51.466589] (-) TimerEvent: {}
[51.567135] (-) TimerEvent: {}
[51.573407] (rtabmap_msgs) StdoutLine: {'line': b'[ 76%] \x1b[32mBuilding CXX object CMakeFiles/rtabmap_msgs__rosidl_typesupport_fastrtps_c.dir/rosidl_typesupport_fastrtps_c/rtabmap_msgs/msg/detail/link__type_support_c.cpp.o\x1b[0m\n'}
[51.590887] (rtabmap_msgs) StdoutLine: {'line': b'[ 77%] \x1b[32mBuilding CXX object CMakeFiles/rtabmap_msgs__rosidl_typesupport_fastrtps_c.dir/rosidl_typesupport_fastrtps_c/rtabmap_msgs/msg/detail/odom_info__type_support_c.cpp.o\x1b[0m\n'}
[51.603980] (rtabmap_msgs) StdoutLine: {'line': b'[ 77%] \x1b[32mBuilding CXX object CMakeFiles/rtabmap_msgs__rosidl_typesupport_fastrtps_c.dir/rosidl_typesupport_fastrtps_c/rtabmap_msgs/msg/detail/node_data__type_support_c.cpp.o\x1b[0m\n'}
[51.667286] (-) TimerEvent: {}
[51.712558] (rtabmap_msgs) StdoutLine: {'line': b'[ 78%] \x1b[32mBuilding CXX object CMakeFiles/rtabmap_msgs__rosidl_typesupport_fastrtps_c.dir/rosidl_typesupport_fastrtps_c/rtabmap_msgs/msg/detail/map_graph__type_support_c.cpp.o\x1b[0m\n'}
[51.733125] (lslidar_msgs) StdoutLine: {'line': b'\x1b[35m\x1b[1mScanning dependencies of target lslidar_msgs__rosidl_typesupport_c\x1b[0m\n'}
[51.767425] (-) TimerEvent: {}
[51.824090] (lslidar_msgs) StdoutLine: {'line': b'[ 39%] \x1b[32mBuilding CXX object CMakeFiles/lslidar_msgs__rosidl_typesupport_c.dir/rosidl_typesupport_c/lslidar_msgs/msg/lslidar_information__type_support.cpp.o\x1b[0m\n'}
[51.841176] (lslidar_msgs) StdoutLine: {'line': b'[ 39%] \x1b[32mBuilding CXX object CMakeFiles/lslidar_msgs__rosidl_typesupport_c.dir/rosidl_typesupport_c/lslidar_msgs/msg/lslidar_packet__type_support.cpp.o\x1b[0m\n'}
[51.867571] (-) TimerEvent: {}
[51.868120] (lslidar_msgs) StdoutLine: {'line': b'[ 40%] \x1b[32mBuilding CXX object CMakeFiles/lslidar_msgs__rosidl_typesupport_c.dir/rosidl_typesupport_c/lslidar_msgs/srv/angle_distortion_correction__type_support.cpp.o\x1b[0m\n'}
[51.880155] (lslidar_msgs) StdoutLine: {'line': b'[ 41%] \x1b[32mBuilding CXX object CMakeFiles/lslidar_msgs__rosidl_typesupport_c.dir/rosidl_typesupport_c/lslidar_msgs/srv/frame_rate__type_support.cpp.o\x1b[0m\n'}
[51.967712] (-) TimerEvent: {}
[51.997800] (lslidar_msgs) StdoutLine: {'line': b'[ 41%] \x1b[32mBuilding CXX object CMakeFiles/lslidar_msgs__rosidl_typesupport_c.dir/rosidl_typesupport_c/lslidar_msgs/srv/ip_and_port__type_support.cpp.o\x1b[0m\n'}
[52.003601] (lslidar_msgs) StdoutLine: {'line': b'[ 42%] \x1b[32mBuilding CXX object CMakeFiles/lslidar_msgs__rosidl_typesupport_c.dir/rosidl_typesupport_c/lslidar_msgs/srv/invalid_data__type_support.cpp.o\x1b[0m\n'}
[52.041154] (lslidar_msgs) StdoutLine: {'line': b'[ 43%] \x1b[32mBuilding CXX object CMakeFiles/lslidar_msgs__rosidl_typesupport_c.dir/rosidl_typesupport_c/lslidar_msgs/srv/motor_control__type_support.cpp.o\x1b[0m\n'}
[52.067857] (-) TimerEvent: {}
[52.099547] (lslidar_msgs) StdoutLine: {'line': b'[ 44%] \x1b[32mBuilding CXX object CMakeFiles/lslidar_msgs__rosidl_typesupport_c.dir/rosidl_typesupport_c/lslidar_msgs/srv/motor_speed__type_support.cpp.o\x1b[0m\n'}
[52.137149] (lslidar_msgs) StdoutLine: {'line': b'\x1b[35m\x1b[1mScanning dependencies of target lslidar_msgs__rosidl_typesupport_introspection_cpp\x1b[0m\n'}
[52.168010] (-) TimerEvent: {}
[52.184448] (lslidar_msgs) StdoutLine: {'line': b'[ 45%] \x1b[32mBuilding CXX object CMakeFiles/lslidar_msgs__rosidl_typesupport_c.dir/rosidl_typesupport_c/lslidar_msgs/srv/power_control__type_support.cpp.o\x1b[0m\n'}
[52.194518] (lslidar_msgs) StdoutLine: {'line': b'[ 46%] \x1b[32mBuilding CXX object CMakeFiles/lslidar_msgs__rosidl_typesupport_c.dir/rosidl_typesupport_c/lslidar_msgs/srv/rfd_removal__type_support.cpp.o\x1b[0m\n'}
[52.229217] (lslidar_msgs) StdoutLine: {'line': b'[ 47%] \x1b[32mBuilding CXX object CMakeFiles/lslidar_msgs__rosidl_typesupport_introspection_cpp.dir/rosidl_typesupport_introspection_cpp/lslidar_msgs/msg/detail/lslidar_information__type_support.cpp.o\x1b[0m\n'}
[52.232869] (lslidar_msgs) StdoutLine: {'line': b'[ 47%] \x1b[32mBuilding CXX object CMakeFiles/lslidar_msgs__rosidl_typesupport_c.dir/rosidl_typesupport_c/lslidar_msgs/srv/standby_mode__type_support.cpp.o\x1b[0m\n'}
[52.247797] (lslidar_msgs) StdoutLine: {'line': b'[ 48%] \x1b[32mBuilding CXX object CMakeFiles/lslidar_msgs__rosidl_typesupport_introspection_cpp.dir/rosidl_typesupport_introspection_cpp/lslidar_msgs/msg/detail/lslidar_packet__type_support.cpp.o\x1b[0m\n'}
[52.260560] (rtabmap) StdoutLine: {'line': b'[ 12%] \x1b[32mBuilding CXX object corelib/src/CMakeFiles/rtabmap_core.dir/CameraModel.cpp.o\x1b[0m\n'}
[52.260924] (rtabmap) StdoutLine: {'line': b'[ 12%] \x1b[32mBuilding CXX object corelib/src/CMakeFiles/rtabmap_core.dir/Camera.cpp.o\x1b[0m\n'}
[52.268156] (-) TimerEvent: {}
[52.268738] (lslidar_msgs) StdoutLine: {'line': b'[ 49%] \x1b[32mBuilding CXX object CMakeFiles/lslidar_msgs__rosidl_typesupport_introspection_cpp.dir/rosidl_typesupport_introspection_cpp/lslidar_msgs/srv/detail/angle_distortion_correction__type_support.cpp.o\x1b[0m\n'}
[52.269052] (lslidar_msgs) StdoutLine: {'line': b'[ 50%] \x1b[32mBuilding CXX object CMakeFiles/lslidar_msgs__rosidl_typesupport_c.dir/rosidl_typesupport_c/lslidar_msgs/srv/tail_removal__type_support.cpp.o\x1b[0m\n'}
[52.298182] (rtabmap_msgs) StdoutLine: {'line': b'[ 78%] \x1b[32mBuilding CXX object CMakeFiles/rtabmap_msgs__rosidl_typesupport_fastrtps_c.dir/rosidl_typesupport_fastrtps_c/rtabmap_msgs/msg/detail/point3f__type_support_c.cpp.o\x1b[0m\n'}
[52.309115] (rtabmap_msgs) StdoutLine: {'line': b'[ 78%] \x1b[32mBuilding CXX object CMakeFiles/rtabmap_msgs__rosidl_typesupport_fastrtps_c.dir/rosidl_typesupport_fastrtps_c/rtabmap_msgs/msg/detail/point2f__type_support_c.cpp.o\x1b[0m\n'}
[52.351317] (lslidar_msgs) StdoutLine: {'line': b'[ 51%] \x1b[32mBuilding CXX object CMakeFiles/lslidar_msgs__rosidl_typesupport_c.dir/rosidl_typesupport_c/lslidar_msgs/srv/time_mode__type_support.cpp.o\x1b[0m\n'}
[52.368294] (-) TimerEvent: {}
[52.433183] (rtabmap_msgs) StdoutLine: {'line': b'[ 79%] \x1b[32mBuilding CXX object CMakeFiles/rtabmap_msgs__rosidl_typesupport_fastrtps_c.dir/rosidl_typesupport_fastrtps_c/rtabmap_msgs/msg/detail/goal__type_support_c.cpp.o\x1b[0m\n'}
[52.468447] (-) TimerEvent: {}
[52.518038] (lslidar_msgs) StdoutLine: {'line': b'[ 52%] \x1b[32m\x1b[1mLinking CXX shared library liblslidar_msgs__rosidl_typesupport_c.so\x1b[0m\n'}
[52.568605] (-) TimerEvent: {}
[52.669279] (-) TimerEvent: {}
[52.737081] (lslidar_msgs) StdoutLine: {'line': b'[ 52%] Built target lslidar_msgs__rosidl_typesupport_c\n'}
[52.767885] (rtabmap_msgs) StdoutLine: {'line': b'[ 79%] \x1b[32mBuilding CXX object CMakeFiles/rtabmap_msgs__rosidl_typesupport_fastrtps_c.dir/rosidl_typesupport_fastrtps_c/rtabmap_msgs/msg/detail/rgbd_image__type_support_c.cpp.o\x1b[0m\n'}
[52.769384] (-) TimerEvent: {}
[52.867684] (rtabmap_msgs) StdoutLine: {'line': b'[ 79%] \x1b[32mBuilding CXX object CMakeFiles/rtabmap_msgs__rosidl_typesupport_fastrtps_c.dir/rosidl_typesupport_fastrtps_c/rtabmap_msgs/msg/detail/rgbd_images__type_support_c.cpp.o\x1b[0m\n'}
[52.869483] (-) TimerEvent: {}
[52.892455] (rtabmap_msgs) StdoutLine: {'line': b'[ 79%] \x1b[32mBuilding CXX object CMakeFiles/rtabmap_msgs__rosidl_typesupport_fastrtps_c.dir/rosidl_typesupport_fastrtps_c/rtabmap_msgs/msg/detail/map_data__type_support_c.cpp.o\x1b[0m\n'}
[52.969630] (-) TimerEvent: {}
[52.971405] (rtabmap_msgs) StdoutLine: {'line': b'[ 79%] \x1b[32mBuilding CXX object CMakeFiles/rtabmap_msgs__rosidl_typesupport_fastrtps_c.dir/rosidl_typesupport_fastrtps_c/rtabmap_msgs/msg/detail/user_data__type_support_c.cpp.o\x1b[0m\n'}
[53.069775] (-) TimerEvent: {}
[53.141074] (lslidar_msgs) StdoutLine: {'line': b'[ 53%] \x1b[32mBuilding CXX object CMakeFiles/lslidar_msgs__rosidl_typesupport_introspection_cpp.dir/rosidl_typesupport_introspection_cpp/lslidar_msgs/srv/detail/motor_control__type_support.cpp.o\x1b[0m\n'}
[53.169910] (-) TimerEvent: {}
[53.181560] (lslidar_msgs) StdoutLine: {'line': b'[ 54%] \x1b[32mBuilding CXX object CMakeFiles/lslidar_msgs__rosidl_typesupport_introspection_cpp.dir/rosidl_typesupport_introspection_cpp/lslidar_msgs/srv/detail/ip_and_port__type_support.cpp.o\x1b[0m\n'}
[53.270059] (-) TimerEvent: {}
[53.341185] (rtabmap) StdoutLine: {'line': b'[ 12%] \x1b[32mBuilding CXX object corelib/src/CMakeFiles/rtabmap_core.dir/SensorCaptureThread.cpp.o\x1b[0m\n'}
[53.370196] (-) TimerEvent: {}
[53.470692] (-) TimerEvent: {}
[53.481414] (lslidar_msgs) StdoutLine: {'line': b'[ 55%] \x1b[32mBuilding CXX object CMakeFiles/lslidar_msgs__rosidl_typesupport_introspection_cpp.dir/rosidl_typesupport_introspection_cpp/lslidar_msgs/srv/detail/motor_speed__type_support.cpp.o\x1b[0m\n'}
[53.481774] (lslidar_msgs) StdoutLine: {'line': b'[ 55%] \x1b[32mBuilding CXX object CMakeFiles/lslidar_msgs__rosidl_typesupport_introspection_cpp.dir/rosidl_typesupport_introspection_cpp/lslidar_msgs/srv/detail/invalid_data__type_support.cpp.o\x1b[0m\n'}
[53.494123] (lslidar_msgs) StdoutLine: {'line': b'\x1b[35m\x1b[1mScanning dependencies of target lslidar_msgs__rosidl_typesupport_fastrtps_cpp\x1b[0m\n'}
[53.570868] (-) TimerEvent: {}
[53.649217] (lslidar_msgs) StdoutLine: {'line': b'[ 56%] \x1b[32mBuilding CXX object CMakeFiles/lslidar_msgs__rosidl_typesupport_fastrtps_cpp.dir/rosidl_typesupport_fastrtps_cpp/lslidar_msgs/msg/detail/dds_fastrtps/lslidar_information__type_support.cpp.o\x1b[0m\n'}
[53.671024] (-) TimerEvent: {}
[53.685128] (rtabmap_msgs) StdoutLine: {'line': b'[ 80%] \x1b[32mBuilding CXX object CMakeFiles/rtabmap_msgs__rosidl_typesupport_fastrtps_c.dir/rosidl_typesupport_fastrtps_c/rtabmap_msgs/msg/detail/gps__type_support_c.cpp.o\x1b[0m\n'}
[53.699714] (rtabmap_msgs) StdoutLine: {'line': b'[ 80%] \x1b[32mBuilding CXX object CMakeFiles/rtabmap_msgs__rosidl_typesupport_fastrtps_c.dir/rosidl_typesupport_fastrtps_c/rtabmap_msgs/msg/detail/path__type_support_c.cpp.o\x1b[0m\n'}
[53.771174] (-) TimerEvent: {}
[53.871662] (-) TimerEvent: {}
[53.876897] (rtabmap_msgs) StdoutLine: {'line': b'[ 80%] \x1b[32mBuilding CXX object CMakeFiles/rtabmap_msgs__rosidl_typesupport_fastrtps_c.dir/rosidl_typesupport_fastrtps_c/rtabmap_msgs/msg/detail/env_sensor__type_support_c.cpp.o\x1b[0m\n'}
[53.953570] (rtabmap_msgs) StdoutLine: {'line': b'[ 81%] \x1b[32mBuilding CXX object CMakeFiles/rtabmap_msgs__rosidl_typesupport_fastrtps_c.dir/rosidl_typesupport_fastrtps_c/rtabmap_msgs/msg/detail/camera_model__type_support_c.cpp.o\x1b[0m\n'}
[53.971799] (-) TimerEvent: {}
[53.984022] (rtabmap_msgs) StdoutLine: {'line': b'[ 81%] \x1b[32mBuilding CXX object CMakeFiles/rtabmap_msgs__rosidl_typesupport_fastrtps_c.dir/rosidl_typesupport_fastrtps_c/rtabmap_msgs/msg/detail/scan_descriptor__type_support_c.cpp.o\x1b[0m\n'}
[54.021395] (rtabmap_msgs) StdoutLine: {'line': b'[ 81%] \x1b[32mBuilding CXX object CMakeFiles/rtabmap_msgs__rosidl_typesupport_fastrtps_c.dir/rosidl_typesupport_fastrtps_c/rtabmap_msgs/msg/detail/camera_models__type_support_c.cpp.o\x1b[0m\n'}
[54.071944] (-) TimerEvent: {}
[54.172437] (-) TimerEvent: {}
[54.185198] (rtabmap_msgs) StdoutLine: {'line': b'[ 81%] \x1b[32mBuilding CXX object CMakeFiles/rtabmap_msgs__rosidl_typesupport_fastrtps_c.dir/rosidl_typesupport_fastrtps_c/rtabmap_msgs/srv/detail/get_map__type_support_c.cpp.o\x1b[0m\n'}
[54.272601] (-) TimerEvent: {}
[54.373287] (-) TimerEvent: {}
[54.473768] (-) TimerEvent: {}
[54.574305] (-) TimerEvent: {}
[54.674839] (-) TimerEvent: {}
[54.765692] (lslidar_msgs) StdoutLine: {'line': b'[ 56%] \x1b[32mBuilding CXX object CMakeFiles/lslidar_msgs__rosidl_typesupport_introspection_cpp.dir/rosidl_typesupport_introspection_cpp/lslidar_msgs/srv/detail/rfd_removal__type_support.cpp.o\x1b[0m\n'}
[54.774982] (-) TimerEvent: {}
[54.875453] (-) TimerEvent: {}
[54.975981] (-) TimerEvent: {}
[55.076531] (-) TimerEvent: {}
[55.177092] (-) TimerEvent: {}
[55.237712] (lslidar_msgs) StdoutLine: {'line': b'[ 57%] \x1b[32mBuilding CXX object CMakeFiles/lslidar_msgs__rosidl_typesupport_fastrtps_cpp.dir/rosidl_typesupport_fastrtps_cpp/lslidar_msgs/srv/detail/dds_fastrtps/invalid_data__type_support.cpp.o\x1b[0m\n'}
[55.277225] (-) TimerEvent: {}
[55.371682] (rtabmap_msgs) StdoutLine: {'line': b'[ 82%] \x1b[32mBuilding CXX object CMakeFiles/rtabmap_msgs__rosidl_typesupport_fastrtps_c.dir/rosidl_typesupport_fastrtps_c/rtabmap_msgs/srv/detail/remove_label__type_support_c.cpp.o\x1b[0m\n'}
[55.377372] (-) TimerEvent: {}
[55.477851] (-) TimerEvent: {}
[55.508500] (lslidar_msgs) StdoutLine: {'line': b'[ 58%] \x1b[32mBuilding CXX object CMakeFiles/lslidar_msgs__rosidl_typesupport_introspection_cpp.dir/rosidl_typesupport_introspection_cpp/lslidar_msgs/srv/detail/standby_mode__type_support.cpp.o\x1b[0m\n'}
[55.577987] (-) TimerEvent: {}
[55.678483] (-) TimerEvent: {}
[55.778982] (-) TimerEvent: {}
[55.879514] (-) TimerEvent: {}
[55.980043] (-) TimerEvent: {}
[56.009617] (lslidar_msgs) StdoutLine: {'line': b'[ 59%] \x1b[32mBuilding CXX object CMakeFiles/lslidar_msgs__rosidl_typesupport_fastrtps_cpp.dir/rosidl_typesupport_fastrtps_cpp/lslidar_msgs/srv/detail/dds_fastrtps/ip_and_port__type_support.cpp.o\x1b[0m\n'}
[56.080382] (-) TimerEvent: {}
[56.180923] (-) TimerEvent: {}
[56.185153] (lslidar_msgs) StdoutLine: {'line': b'[ 60%] \x1b[32mBuilding CXX object CMakeFiles/lslidar_msgs__rosidl_typesupport_introspection_cpp.dir/rosidl_typesupport_introspection_cpp/lslidar_msgs/srv/detail/tail_removal__type_support.cpp.o\x1b[0m\n'}
[56.197193] (rtabmap_msgs) StdoutLine: {'line': b'[ 82%] \x1b[32mBuilding CXX object CMakeFiles/rtabmap_msgs__rosidl_typesupport_fastrtps_c.dir/rosidl_typesupport_fastrtps_c/rtabmap_msgs/srv/detail/get_plan__type_support_c.cpp.o\x1b[0m\n'}
[56.281092] (-) TimerEvent: {}
[56.381622] (-) TimerEvent: {}
[56.482124] (-) TimerEvent: {}
[56.582652] (-) TimerEvent: {}
[56.683180] (-) TimerEvent: {}
[56.783674] (-) TimerEvent: {}
[56.884187] (-) TimerEvent: {}
[56.984752] (-) TimerEvent: {}
[57.008206] (lslidar_msgs) StdoutLine: {'line': b'[ 61%] \x1b[32mBuilding CXX object CMakeFiles/lslidar_msgs__rosidl_typesupport_introspection_cpp.dir/rosidl_typesupport_introspection_cpp/lslidar_msgs/srv/detail/power_control__type_support.cpp.o\x1b[0m\n'}
[57.032127] (lslidar_msgs) StdoutLine: {'line': b'[ 62%] \x1b[32mBuilding CXX object CMakeFiles/lslidar_msgs__rosidl_typesupport_fastrtps_cpp.dir/rosidl_typesupport_fastrtps_cpp/lslidar_msgs/srv/detail/dds_fastrtps/motor_speed__type_support.cpp.o\x1b[0m\n'}
[57.084910] (-) TimerEvent: {}
[57.161136] (rtabmap_msgs) StdoutLine: {'line': b'[ 82%] \x1b[32mBuilding CXX object CMakeFiles/rtabmap_msgs__rosidl_typesupport_fastrtps_c.dir/rosidl_typesupport_fastrtps_c/rtabmap_msgs/srv/detail/add_link__type_support_c.cpp.o\x1b[0m\n'}
[57.185020] (-) TimerEvent: {}
[57.285529] (-) TimerEvent: {}
[57.386038] (-) TimerEvent: {}
[57.486552] (-) TimerEvent: {}
[57.587052] (-) TimerEvent: {}
[57.687664] (-) TimerEvent: {}
[57.773095] (lslidar_msgs) StdoutLine: {'line': b'[ 63%] \x1b[32mBuilding CXX object CMakeFiles/lslidar_msgs__rosidl_typesupport_introspection_cpp.dir/rosidl_typesupport_introspection_cpp/lslidar_msgs/srv/detail/time_mode__type_support.cpp.o\x1b[0m\n'}
[57.787833] (-) TimerEvent: {}
[57.888356] (-) TimerEvent: {}
[57.989098] (lslidar_msgs) StdoutLine: {'line': b'[ 63%] \x1b[32mBuilding CXX object CMakeFiles/lslidar_msgs__rosidl_typesupport_fastrtps_cpp.dir/rosidl_typesupport_fastrtps_cpp/lslidar_msgs/srv/detail/dds_fastrtps/power_control__type_support.cpp.o\x1b[0m\n'}
[57.989417] (-) TimerEvent: {}
[58.089941] (-) TimerEvent: {}
[58.100967] (rtabmap_msgs) StdoutLine: {'line': b'[ 83%] \x1b[32mBuilding CXX object CMakeFiles/rtabmap_msgs__rosidl_typesupport_fastrtps_c.dir/rosidl_typesupport_fastrtps_c/rtabmap_msgs/srv/detail/get_node_data__type_support_c.cpp.o\x1b[0m\n'}
[58.190068] (-) TimerEvent: {}
[58.290663] (-) TimerEvent: {}
[58.310767] (lslidar_msgs) StdoutLine: {'line': b'[ 64%] \x1b[32mBuilding CXX object CMakeFiles/lslidar_msgs__rosidl_typesupport_introspection_cpp.dir/rosidl_typesupport_introspection_cpp/lslidar_msgs/srv/detail/frame_rate__type_support.cpp.o\x1b[0m\n'}
[58.390813] (-) TimerEvent: {}
[58.491464] (-) TimerEvent: {}
[58.591953] (-) TimerEvent: {}
[58.692450] (-) TimerEvent: {}
[58.793072] (-) TimerEvent: {}
[58.887109] (lslidar_msgs) StdoutLine: {'line': b'[ 65%] \x1b[32m\x1b[1mLinking CXX shared library liblslidar_msgs__rosidl_typesupport_introspection_cpp.so\x1b[0m\n'}
[58.893291] (-) TimerEvent: {}
[58.955274] (lslidar_msgs) StdoutLine: {'line': b'[ 66%] \x1b[32mBuilding CXX object CMakeFiles/lslidar_msgs__rosidl_typesupport_fastrtps_cpp.dir/rosidl_typesupport_fastrtps_cpp/lslidar_msgs/srv/detail/dds_fastrtps/standby_mode__type_support.cpp.o\x1b[0m\n'}
[58.981180] (rtabmap_msgs) StdoutLine: {'line': b'[ 83%] \x1b[32mBuilding CXX object CMakeFiles/rtabmap_msgs__rosidl_typesupport_fastrtps_c.dir/rosidl_typesupport_fastrtps_c/rtabmap_msgs/srv/detail/get_nodes_in_radius__type_support_c.cpp.o\x1b[0m\n'}
[58.993417] (-) TimerEvent: {}
[59.094021] (-) TimerEvent: {}
[59.194552] (-) TimerEvent: {}
[59.229141] (lslidar_msgs) StdoutLine: {'line': b'[ 66%] Built target lslidar_msgs__rosidl_typesupport_introspection_cpp\n'}
[59.294693] (-) TimerEvent: {}
[59.395216] (-) TimerEvent: {}
[59.495706] (-) TimerEvent: {}
[59.596207] (-) TimerEvent: {}
[59.696764] (-) TimerEvent: {}
[59.797335] (-) TimerEvent: {}
[59.802972] (rtabmap_msgs) StdoutLine: {'line': b'[ 83%] \x1b[32mBuilding CXX object CMakeFiles/rtabmap_msgs__rosidl_typesupport_fastrtps_c.dir/rosidl_typesupport_fastrtps_c/rtabmap_msgs/srv/detail/load_database__type_support_c.cpp.o\x1b[0m\n'}
[59.897469] (-) TimerEvent: {}
[59.904596] (lslidar_msgs) StdoutLine: {'line': b'[ 67%] \x1b[32mBuilding CXX object CMakeFiles/lslidar_msgs__rosidl_typesupport_fastrtps_cpp.dir/rosidl_typesupport_fastrtps_cpp/lslidar_msgs/srv/detail/dds_fastrtps/time_mode__type_support.cpp.o\x1b[0m\n'}
[59.997613] (-) TimerEvent: {}
[60.098120] (-) TimerEvent: {}
[60.198625] (-) TimerEvent: {}
[60.299156] (-) TimerEvent: {}
[60.399817] (-) TimerEvent: {}
[60.500473] (-) TimerEvent: {}
[60.601117] (-) TimerEvent: {}
[60.701585] (-) TimerEvent: {}
[60.716608] (lslidar_msgs) StdoutLine: {'line': b'[ 68%] \x1b[32mBuilding CXX object CMakeFiles/lslidar_msgs__rosidl_typesupport_fastrtps_cpp.dir/rosidl_typesupport_fastrtps_cpp/lslidar_msgs/srv/detail/dds_fastrtps/tail_removal__type_support.cpp.o\x1b[0m\n'}
[60.782710] (rtabmap_msgs) StdoutLine: {'line': b'[ 84%] \x1b[32mBuilding CXX object CMakeFiles/rtabmap_msgs__rosidl_typesupport_fastrtps_c.dir/rosidl_typesupport_fastrtps_c/rtabmap_msgs/srv/detail/detect_more_loop_closures__type_support_c.cpp.o\x1b[0m\n'}
[60.801713] (-) TimerEvent: {}
[60.902166] (-) TimerEvent: {}
[61.002663] (-) TimerEvent: {}
[61.103264] (-) TimerEvent: {}
[61.203921] (-) TimerEvent: {}
[61.304568] (-) TimerEvent: {}
[61.405092] (-) TimerEvent: {}
[61.505586] (-) TimerEvent: {}
[61.528762] (lslidar_msgs) StdoutLine: {'line': b'[ 69%] \x1b[32mBuilding CXX object CMakeFiles/lslidar_msgs__rosidl_typesupport_fastrtps_cpp.dir/rosidl_typesupport_fastrtps_cpp/lslidar_msgs/srv/detail/dds_fastrtps/rfd_removal__type_support.cpp.o\x1b[0m\n'}
[61.605725] (-) TimerEvent: {}
[61.668376] (rtabmap_msgs) StdoutLine: {'line': b'[ 84%] \x1b[32mBuilding CXX object CMakeFiles/rtabmap_msgs__rosidl_typesupport_fastrtps_c.dir/rosidl_typesupport_fastrtps_c/rtabmap_msgs/srv/detail/global_bundle_adjustment__type_support_c.cpp.o\x1b[0m\n'}
[61.705861] (-) TimerEvent: {}
[61.806314] (-) TimerEvent: {}
[61.906811] (-) TimerEvent: {}
[62.007290] (-) TimerEvent: {}
[62.107766] (-) TimerEvent: {}
[62.208260] (-) TimerEvent: {}
[62.308760] (-) TimerEvent: {}
[62.322629] (lslidar_msgs) StdoutLine: {'line': b'[ 70%] \x1b[32mBuilding CXX object CMakeFiles/lslidar_msgs__rosidl_typesupport_fastrtps_cpp.dir/rosidl_typesupport_fastrtps_cpp/lslidar_msgs/srv/detail/dds_fastrtps/motor_control__type_support.cpp.o\x1b[0m\n'}
[62.332908] (rtabmap_msgs) StdoutLine: {'line': b'[ 84%] \x1b[32mBuilding CXX object CMakeFiles/rtabmap_msgs__rosidl_typesupport_fastrtps_c.dir/rosidl_typesupport_fastrtps_c/rtabmap_msgs/srv/detail/cleanup_local_grids__type_support_c.cpp.o\x1b[0m\n'}
[62.408954] (-) TimerEvent: {}
[62.509494] (-) TimerEvent: {}
[62.610099] (-) TimerEvent: {}
[62.710666] (-) TimerEvent: {}
[62.811258] (-) TimerEvent: {}
[62.911811] (-) TimerEvent: {}
[63.012328] (-) TimerEvent: {}
[63.112960] (-) TimerEvent: {}
[63.121490] (rtabmap_msgs) StdoutLine: {'line': b'[ 84%] \x1b[32mBuilding CXX object CMakeFiles/rtabmap_msgs__rosidl_typesupport_fastrtps_c.dir/rosidl_typesupport_fastrtps_c/rtabmap_msgs/srv/detail/set_label__type_support_c.cpp.o\x1b[0m\n'}
[63.177624] (lslidar_msgs) StdoutLine: {'line': b'[ 70%] \x1b[32mBuilding CXX object CMakeFiles/lslidar_msgs__rosidl_typesupport_fastrtps_cpp.dir/rosidl_typesupport_fastrtps_cpp/lslidar_msgs/srv/detail/dds_fastrtps/frame_rate__type_support.cpp.o\x1b[0m\n'}
[63.213123] (-) TimerEvent: {}
[63.313626] (-) TimerEvent: {}
[63.414120] (-) TimerEvent: {}
[63.514660] (-) TimerEvent: {}
[63.615188] (-) TimerEvent: {}
[63.715665] (-) TimerEvent: {}
[63.760544] (rtabmap_msgs) StdoutLine: {'line': b'[ 84%] \x1b[32mBuilding CXX object CMakeFiles/rtabmap_msgs__rosidl_typesupport_fastrtps_c.dir/rosidl_typesupport_fastrtps_c/rtabmap_msgs/srv/detail/set_goal__type_support_c.cpp.o\x1b[0m\n'}
[63.815846] (-) TimerEvent: {}
[63.916360] (-) TimerEvent: {}
[63.969309] (lslidar_msgs) StdoutLine: {'line': b'[ 71%] \x1b[32mBuilding CXX object CMakeFiles/lslidar_msgs__rosidl_typesupport_fastrtps_cpp.dir/rosidl_typesupport_fastrtps_cpp/lslidar_msgs/srv/detail/dds_fastrtps/angle_distortion_correction__type_support.cpp.o\x1b[0m\n'}
[64.016508] (-) TimerEvent: {}
[64.117017] (-) TimerEvent: {}
[64.217494] (-) TimerEvent: {}
[64.317988] (-) TimerEvent: {}
[64.339236] (rtabmap_msgs) StdoutLine: {'line': b'[ 85%] \x1b[32mBuilding CXX object CMakeFiles/rtabmap_msgs__rosidl_typesupport_fastrtps_c.dir/rosidl_typesupport_fastrtps_c/rtabmap_msgs/srv/detail/reset_pose__type_support_c.cpp.o\x1b[0m\n'}
[64.418127] (-) TimerEvent: {}
[64.518608] (-) TimerEvent: {}
[64.605126] (lslidar_msgs) StdoutLine: {'line': b'[ 72%] \x1b[32mBuilding CXX object CMakeFiles/lslidar_msgs__rosidl_typesupport_fastrtps_cpp.dir/rosidl_typesupport_fastrtps_cpp/lslidar_msgs/msg/detail/dds_fastrtps/lslidar_packet__type_support.cpp.o\x1b[0m\n'}
[64.618849] (-) TimerEvent: {}
[64.719595] (-) TimerEvent: {}
[64.781689] (rtabmap_msgs) StdoutLine: {'line': b'[ 85%] \x1b[32mBuilding CXX object CMakeFiles/rtabmap_msgs__rosidl_typesupport_fastrtps_c.dir/rosidl_typesupport_fastrtps_c/rtabmap_msgs/srv/detail/publish_map__type_support_c.cpp.o\x1b[0m\n'}
[64.819721] (-) TimerEvent: {}
[64.920195] (-) TimerEvent: {}
[65.020667] (-) TimerEvent: {}
[65.121349] (-) TimerEvent: {}
[65.170356] (rtabmap_msgs) StdoutLine: {'line': b'[ 85%] \x1b[32mBuilding CXX object CMakeFiles/rtabmap_msgs__rosidl_typesupport_fastrtps_c.dir/rosidl_typesupport_fastrtps_c/rtabmap_msgs/srv/detail/list_labels__type_support_c.cpp.o\x1b[0m\n'}
[65.221491] (-) TimerEvent: {}
[65.314366] (lslidar_msgs) StdoutLine: {'line': b'[ 72%] \x1b[32m\x1b[1mLinking CXX shared library liblslidar_msgs__rosidl_typesupport_fastrtps_cpp.so\x1b[0m\n'}
[65.321625] (-) TimerEvent: {}
[65.422289] (-) TimerEvent: {}
[65.497446] (lslidar_msgs) StdoutLine: {'line': b'[ 72%] Built target lslidar_msgs__rosidl_typesupport_fastrtps_cpp\n'}
[65.515877] (lslidar_msgs) StdoutLine: {'line': b'[ 73%] \x1b[34m\x1b[1mGenerating C type support for eProsima Fast-RTPS\x1b[0m\n'}
[65.522405] (-) TimerEvent: {}
[65.572671] (rtabmap_msgs) StdoutLine: {'line': b'[ 86%] \x1b[32mBuilding CXX object CMakeFiles/rtabmap_msgs__rosidl_typesupport_fastrtps_c.dir/rosidl_typesupport_fastrtps_c/rtabmap_msgs/srv/detail/get_map2__type_support_c.cpp.o\x1b[0m\n'}
[65.622524] (-) TimerEvent: {}
[65.723065] (-) TimerEvent: {}
[65.823735] (-) TimerEvent: {}
[65.925484] (-) TimerEvent: {}
[65.943024] (rtabmap_msgs) StdoutLine: {'line': b'[ 87%] \x1b[32m\x1b[1mLinking CXX shared library librtabmap_msgs__rosidl_typesupport_fastrtps_c.so\x1b[0m\n'}
[66.025624] (-) TimerEvent: {}
[66.081500] (rtabmap_msgs) StdoutLine: {'line': b'[ 87%] Built target rtabmap_msgs__rosidl_typesupport_fastrtps_c\n'}
[66.093371] (rtabmap_msgs) StdoutLine: {'line': b'\x1b[35m\x1b[1mScanning dependencies of target rtabmap_msgs\x1b[0m\n'}
[66.107527] (rtabmap_msgs) StdoutLine: {'line': b'[ 87%] Built target rtabmap_msgs\n'}
[66.120335] (rtabmap_msgs) StdoutLine: {'line': b'\x1b[35m\x1b[1mScanning dependencies of target rtabmap_msgs__py\x1b[0m\n'}
[66.125722] (-) TimerEvent: {}
[66.134844] (rtabmap_msgs) StdoutLine: {'line': b'[ 87%] \x1b[34m\x1b[1mGenerating Python code for ROS interfaces\x1b[0m\n'}
[66.225862] (-) TimerEvent: {}
[66.326530] (-) TimerEvent: {}
[66.427139] (-) TimerEvent: {}
[66.527761] (-) TimerEvent: {}
[66.628220] (-) TimerEvent: {}
[66.728689] (-) TimerEvent: {}
[66.829145] (-) TimerEvent: {}
[66.929627] (-) TimerEvent: {}
[67.030075] (-) TimerEvent: {}
[67.065213] (lslidar_msgs) StdoutLine: {'line': b'\x1b[35m\x1b[1mScanning dependencies of target lslidar_msgs__rosidl_typesupport_fastrtps_c\x1b[0m\n'}
[67.099076] (lslidar_msgs) StdoutLine: {'line': b'[ 74%] \x1b[32mBuilding CXX object CMakeFiles/lslidar_msgs__rosidl_typesupport_fastrtps_c.dir/rosidl_typesupport_fastrtps_c/lslidar_msgs/msg/detail/lslidar_information__type_support_c.cpp.o\x1b[0m\n'}
[67.130232] (-) TimerEvent: {}
[67.230704] (-) TimerEvent: {}
[67.331162] (-) TimerEvent: {}
[67.431617] (-) TimerEvent: {}
[67.472105] (lslidar_msgs) StdoutLine: {'line': b'[ 75%] \x1b[32mBuilding CXX object CMakeFiles/lslidar_msgs__rosidl_typesupport_fastrtps_c.dir/rosidl_typesupport_fastrtps_c/lslidar_msgs/srv/detail/motor_speed__type_support_c.cpp.o\x1b[0m\n'}
[67.531741] (-) TimerEvent: {}
[67.632172] (-) TimerEvent: {}
[67.732670] (-) TimerEvent: {}
[67.833239] (-) TimerEvent: {}
[67.838076] (lslidar_msgs) StdoutLine: {'line': b'[ 76%] \x1b[32mBuilding CXX object CMakeFiles/lslidar_msgs__rosidl_typesupport_fastrtps_c.dir/rosidl_typesupport_fastrtps_c/lslidar_msgs/srv/detail/power_control__type_support_c.cpp.o\x1b[0m\n'}
[67.933370] (-) TimerEvent: {}
[68.033817] (-) TimerEvent: {}
[68.134286] (-) TimerEvent: {}
[68.204306] (lslidar_msgs) StdoutLine: {'line': b'[ 77%] \x1b[32mBuilding CXX object CMakeFiles/lslidar_msgs__rosidl_typesupport_fastrtps_c.dir/rosidl_typesupport_fastrtps_c/lslidar_msgs/srv/detail/rfd_removal__type_support_c.cpp.o\x1b[0m\n'}
[68.234457] (-) TimerEvent: {}
[68.335042] (-) TimerEvent: {}
[68.435622] (-) TimerEvent: {}
[68.536280] (-) TimerEvent: {}
[68.581675] (lslidar_msgs) StdoutLine: {'line': b'[ 78%] \x1b[32mBuilding CXX object CMakeFiles/lslidar_msgs__rosidl_typesupport_fastrtps_c.dir/rosidl_typesupport_fastrtps_c/lslidar_msgs/srv/detail/standby_mode__type_support_c.cpp.o\x1b[0m\n'}
[68.636423] (-) TimerEvent: {}
[68.736865] (-) TimerEvent: {}
[68.837326] (-) TimerEvent: {}
[68.932400] (lslidar_msgs) StdoutLine: {'line': b'[ 78%] \x1b[32mBuilding CXX object CMakeFiles/lslidar_msgs__rosidl_typesupport_fastrtps_c.dir/rosidl_typesupport_fastrtps_c/lslidar_msgs/srv/detail/tail_removal__type_support_c.cpp.o\x1b[0m\n'}
[68.937448] (-) TimerEvent: {}
[69.037907] (-) TimerEvent: {}
[69.138406] (-) TimerEvent: {}
[69.238941] (-) TimerEvent: {}
[69.281068] (lslidar_msgs) StdoutLine: {'line': b'[ 79%] \x1b[32mBuilding CXX object CMakeFiles/lslidar_msgs__rosidl_typesupport_fastrtps_c.dir/rosidl_typesupport_fastrtps_c/lslidar_msgs/srv/detail/time_mode__type_support_c.cpp.o\x1b[0m\n'}
[69.339065] (-) TimerEvent: {}
[69.439513] (-) TimerEvent: {}
[69.539944] (-) TimerEvent: {}
[69.628103] (lslidar_msgs) StdoutLine: {'line': b'[ 79%] \x1b[32mBuilding CXX object CMakeFiles/lslidar_msgs__rosidl_typesupport_fastrtps_c.dir/rosidl_typesupport_fastrtps_c/lslidar_msgs/srv/detail/motor_control__type_support_c.cpp.o\x1b[0m\n'}
[69.640063] (-) TimerEvent: {}
[69.740463] (-) TimerEvent: {}
[69.840902] (-) TimerEvent: {}
[69.941306] (-) TimerEvent: {}
[69.954094] (lslidar_msgs) StdoutLine: {'line': b'[ 80%] \x1b[32mBuilding CXX object CMakeFiles/lslidar_msgs__rosidl_typesupport_fastrtps_c.dir/rosidl_typesupport_fastrtps_c/lslidar_msgs/srv/detail/ip_and_port__type_support_c.cpp.o\x1b[0m\n'}
[70.041435] (-) TimerEvent: {}
[70.141815] (-) TimerEvent: {}
[70.242210] (-) TimerEvent: {}
[70.290271] (lslidar_msgs) StdoutLine: {'line': b'[ 81%] \x1b[32mBuilding CXX object CMakeFiles/lslidar_msgs__rosidl_typesupport_fastrtps_c.dir/rosidl_typesupport_fastrtps_c/lslidar_msgs/srv/detail/invalid_data__type_support_c.cpp.o\x1b[0m\n'}
[70.342336] (-) TimerEvent: {}
[70.442790] (-) TimerEvent: {}
[70.543283] (-) TimerEvent: {}
[70.626222] (lslidar_msgs) StdoutLine: {'line': b'[ 82%] \x1b[32mBuilding CXX object CMakeFiles/lslidar_msgs__rosidl_typesupport_fastrtps_c.dir/rosidl_typesupport_fastrtps_c/lslidar_msgs/srv/detail/frame_rate__type_support_c.cpp.o\x1b[0m\n'}
[70.643419] (-) TimerEvent: {}
[70.743859] (-) TimerEvent: {}
[70.844296] (-) TimerEvent: {}
[70.944728] (-) TimerEvent: {}
[70.965268] (lslidar_msgs) StdoutLine: {'line': b'[ 83%] \x1b[32mBuilding CXX object CMakeFiles/lslidar_msgs__rosidl_typesupport_fastrtps_c.dir/rosidl_typesupport_fastrtps_c/lslidar_msgs/srv/detail/angle_distortion_correction__type_support_c.cpp.o\x1b[0m\n'}
[71.044861] (-) TimerEvent: {}
[71.145291] (-) TimerEvent: {}
[71.245731] (-) TimerEvent: {}
[71.305743] (lslidar_msgs) StdoutLine: {'line': b'[ 83%] \x1b[32mBuilding CXX object CMakeFiles/lslidar_msgs__rosidl_typesupport_fastrtps_c.dir/rosidl_typesupport_fastrtps_c/lslidar_msgs/msg/detail/lslidar_packet__type_support_c.cpp.o\x1b[0m\n'}
[71.345842] (-) TimerEvent: {}
[71.446220] (-) TimerEvent: {}
[71.546640] (-) TimerEvent: {}
[71.629872] (lslidar_msgs) StdoutLine: {'line': b'[ 84%] \x1b[32m\x1b[1mLinking CXX shared library liblslidar_msgs__rosidl_typesupport_fastrtps_c.so\x1b[0m\n'}
[71.646781] (-) TimerEvent: {}
[71.725666] (lslidar_msgs) StdoutLine: {'line': b'[ 84%] Built target lslidar_msgs__rosidl_typesupport_fastrtps_c\n'}
[71.735465] (lslidar_msgs) StdoutLine: {'line': b'\x1b[35m\x1b[1mScanning dependencies of target lslidar_msgs\x1b[0m\n'}
[71.745770] (lslidar_msgs) StdoutLine: {'line': b'[ 84%] Built target lslidar_msgs\n'}
[71.746831] (-) TimerEvent: {}
[71.756186] (lslidar_msgs) StdoutLine: {'line': b'\x1b[35m\x1b[1mScanning dependencies of target lslidar_msgs__py\x1b[0m\n'}
[71.767635] (lslidar_msgs) StdoutLine: {'line': b'[ 85%] \x1b[34m\x1b[1mGenerating Python code for ROS interfaces\x1b[0m\n'}
[71.846963] (-) TimerEvent: {}
[71.947319] (-) TimerEvent: {}
[72.047677] (-) TimerEvent: {}
[72.148036] (-) TimerEvent: {}
[72.248398] (-) TimerEvent: {}
[72.348732] (-) TimerEvent: {}
[72.449077] (-) TimerEvent: {}
[72.549424] (-) TimerEvent: {}
[72.649777] (-) TimerEvent: {}
[72.750119] (-) TimerEvent: {}
[72.850467] (-) TimerEvent: {}
[72.950803] (-) TimerEvent: {}
[73.051139] (-) TimerEvent: {}
[73.151490] (-) TimerEvent: {}
[73.251842] (-) TimerEvent: {}
[73.352201] (-) TimerEvent: {}
[73.452554] (-) TimerEvent: {}
[73.552930] (-) TimerEvent: {}
[73.645974] (rtabmap) StdoutLine: {'line': b'[ 13%] \x1b[32mBuilding CXX object corelib/src/CMakeFiles/rtabmap_core.dir/camera/CameraRealSense2.cpp.o\x1b[0m\n'}
[73.653039] (-) TimerEvent: {}
[73.753407] (-) TimerEvent: {}
[73.853804] (-) TimerEvent: {}
[73.954320] (-) TimerEvent: {}
[74.054758] (-) TimerEvent: {}
[74.060613] (lslidar_msgs) StdoutLine: {'line': b'[ 85%] Built target lslidar_msgs__py\n'}
[74.070724] (lslidar_msgs) StdoutLine: {'line': b'\x1b[35m\x1b[1mScanning dependencies of target lslidar_msgs__python\x1b[0m\n'}
[74.106117] (lslidar_msgs) StdoutLine: {'line': b'[ 86%] \x1b[32mBuilding C object CMakeFiles/lslidar_msgs__python.dir/rosidl_generator_py/lslidar_msgs/msg/_lslidar_information_s.c.o\x1b[0m\n'}
[74.154896] (-) TimerEvent: {}
[74.164290] (rtabmap_msgs) StdoutLine: {'line': b'[ 87%] Built target rtabmap_msgs__py\n'}
[74.175643] (rtabmap_msgs) StdoutLine: {'line': b'\x1b[35m\x1b[1mScanning dependencies of target rtabmap_msgs__python\x1b[0m\n'}
[74.194534] (lslidar_msgs) StdoutLine: {'line': b'[ 86%] \x1b[32mBuilding C object CMakeFiles/lslidar_msgs__python.dir/rosidl_generator_py/lslidar_msgs/srv/_motor_speed_s.c.o\x1b[0m\n'}
[74.249153] (rtabmap_msgs) StdoutLine: {'line': b'[ 87%] \x1b[32mBuilding C object CMakeFiles/rtabmap_msgs__python.dir/rosidl_generator_py/rtabmap_msgs/msg/_info_s.c.o\x1b[0m\n'}
[74.255020] (-) TimerEvent: {}
[74.278757] (lslidar_msgs) StdoutLine: {'line': b'[ 87%] \x1b[32mBuilding C object CMakeFiles/lslidar_msgs__python.dir/rosidl_generator_py/lslidar_msgs/srv/_power_control_s.c.o\x1b[0m\n'}
[74.355156] (-) TimerEvent: {}
[74.365408] (lslidar_msgs) StdoutLine: {'line': b'[ 88%] \x1b[32mBuilding C object CMakeFiles/lslidar_msgs__python.dir/rosidl_generator_py/lslidar_msgs/srv/_rfd_removal_s.c.o\x1b[0m\n'}
[74.413674] (rtabmap_msgs) StdoutLine: {'line': b'[ 88%] \x1b[32mBuilding C object CMakeFiles/rtabmap_msgs__python.dir/rosidl_generator_py/rtabmap_msgs/msg/_link_s.c.o\x1b[0m\n'}
[74.451891] (lslidar_msgs) StdoutLine: {'line': b'[ 89%] \x1b[32mBuilding C object CMakeFiles/lslidar_msgs__python.dir/rosidl_generator_py/lslidar_msgs/srv/_standby_mode_s.c.o\x1b[0m\n'}
[74.455254] (-) TimerEvent: {}
[74.502283] (rtabmap_msgs) StdoutLine: {'line': b'[ 88%] \x1b[32mBuilding C object CMakeFiles/rtabmap_msgs__python.dir/rosidl_generator_py/rtabmap_msgs/msg/_odom_info_s.c.o\x1b[0m\n'}
[74.539373] (lslidar_msgs) StdoutLine: {'line': b'[ 90%] \x1b[32mBuilding C object CMakeFiles/lslidar_msgs__python.dir/rosidl_generator_py/lslidar_msgs/srv/_tail_removal_s.c.o\x1b[0m\n'}
[74.555383] (-) TimerEvent: {}
[74.625961] (lslidar_msgs) StdoutLine: {'line': b'[ 90%] \x1b[32mBuilding C object CMakeFiles/lslidar_msgs__python.dir/rosidl_generator_py/lslidar_msgs/srv/_time_mode_s.c.o\x1b[0m\n'}
[74.655504] (-) TimerEvent: {}
[74.668583] (rtabmap_msgs) StdoutLine: {'line': b'[ 88%] \x1b[32mBuilding C object CMakeFiles/rtabmap_msgs__python.dir/rosidl_generator_py/rtabmap_msgs/msg/_point2f_s.c.o\x1b[0m\n'}
[74.714250] (lslidar_msgs) StdoutLine: {'line': b'[ 91%] \x1b[32mBuilding C object CMakeFiles/lslidar_msgs__python.dir/rosidl_generator_py/lslidar_msgs/srv/_motor_control_s.c.o\x1b[0m\n'}
[74.750790] (rtabmap_msgs) StdoutLine: {'line': b'[ 89%] \x1b[32mBuilding C object CMakeFiles/rtabmap_msgs__python.dir/rosidl_generator_py/rtabmap_msgs/msg/_point3f_s.c.o\x1b[0m\n'}
[74.755632] (-) TimerEvent: {}
[74.800510] (lslidar_msgs) StdoutLine: {'line': b'[ 92%] \x1b[32mBuilding C object CMakeFiles/lslidar_msgs__python.dir/rosidl_generator_py/lslidar_msgs/srv/_ip_and_port_s.c.o\x1b[0m\n'}
[74.834703] (rtabmap_msgs) StdoutLine: {'line': b'[ 89%] \x1b[32mBuilding C object CMakeFiles/rtabmap_msgs__python.dir/rosidl_generator_py/rtabmap_msgs/msg/_goal_s.c.o\x1b[0m\n'}
[74.855762] (-) TimerEvent: {}
[74.894149] (lslidar_msgs) StdoutLine: {'line': b'[ 93%] \x1b[32mBuilding C object CMakeFiles/lslidar_msgs__python.dir/rosidl_generator_py/lslidar_msgs/srv/_invalid_data_s.c.o\x1b[0m\n'}
[74.920425] (rtabmap_msgs) StdoutLine: {'line': b'[ 89%] \x1b[32mBuilding C object CMakeFiles/rtabmap_msgs__python.dir/rosidl_generator_py/rtabmap_msgs/msg/_rgbd_image_s.c.o\x1b[0m\n'}
[74.955894] (-) TimerEvent: {}
[74.980388] (lslidar_msgs) StdoutLine: {'line': b'[ 94%] \x1b[32mBuilding C object CMakeFiles/lslidar_msgs__python.dir/rosidl_generator_py/lslidar_msgs/srv/_frame_rate_s.c.o\x1b[0m\n'}
[75.021458] (rtabmap_msgs) StdoutLine: {'line': b'[ 90%] \x1b[32mBuilding C object CMakeFiles/rtabmap_msgs__python.dir/rosidl_generator_py/rtabmap_msgs/msg/_rgbd_images_s.c.o\x1b[0m\n'}
[75.056108] (-) TimerEvent: {}
[75.067404] (lslidar_msgs) StdoutLine: {'line': b'[ 94%] \x1b[32mBuilding C object CMakeFiles/lslidar_msgs__python.dir/rosidl_generator_py/lslidar_msgs/srv/_angle_distortion_correction_s.c.o\x1b[0m\n'}
[75.109578] (rtabmap_msgs) StdoutLine: {'line': b'[ 90%] \x1b[32mBuilding C object CMakeFiles/rtabmap_msgs__python.dir/rosidl_generator_py/rtabmap_msgs/msg/_user_data_s.c.o\x1b[0m\n'}
[75.152872] (lslidar_msgs) StdoutLine: {'line': b'[ 95%] \x1b[32mBuilding C object CMakeFiles/lslidar_msgs__python.dir/rosidl_generator_py/lslidar_msgs/msg/_lslidar_packet_s.c.o\x1b[0m\n'}
[75.156220] (-) TimerEvent: {}
[75.198817] (rtabmap_msgs) StdoutLine: {'line': b'[ 90%] \x1b[32mBuilding C object CMakeFiles/rtabmap_msgs__python.dir/rosidl_generator_py/rtabmap_msgs/msg/_gps_s.c.o\x1b[0m\n'}
[75.239619] (lslidar_msgs) StdoutLine: {'line': b'[ 96%] \x1b[32m\x1b[1mLinking C shared library rosidl_generator_py/lslidar_msgs/liblslidar_msgs__python.so\x1b[0m\n'}
[75.256434] (-) TimerEvent: {}
[75.281995] (rtabmap_msgs) StdoutLine: {'line': b'[ 91%] \x1b[32mBuilding C object CMakeFiles/rtabmap_msgs__python.dir/rosidl_generator_py/rtabmap_msgs/msg/_path_s.c.o\x1b[0m\n'}
[75.282334] (lslidar_msgs) StdoutLine: {'line': b'[ 96%] Built target lslidar_msgs__python\n'}
[75.292408] (lslidar_msgs) StdoutLine: {'line': b'\x1b[35m\x1b[1mScanning dependencies of target lslidar_msgs__rosidl_typesupport_introspection_c__pyext\x1b[0m\n'}
[75.311486] (lslidar_msgs) StdoutLine: {'line': b'[ 97%] \x1b[32mBuilding C object CMakeFiles/lslidar_msgs__rosidl_typesupport_introspection_c__pyext.dir/rosidl_generator_py/lslidar_msgs/_lslidar_msgs_s.ep.rosidl_typesupport_introspection_c.c.o\x1b[0m\n'}
[75.356633] (-) TimerEvent: {}
[75.373560] (rtabmap_msgs) StdoutLine: {'line': b'[ 91%] \x1b[32mBuilding C object CMakeFiles/rtabmap_msgs__python.dir/rosidl_generator_py/rtabmap_msgs/msg/_env_sensor_s.c.o\x1b[0m\n'}
[75.456523] (rtabmap_msgs) StdoutLine: {'line': b'[ 91%] \x1b[32mBuilding C object CMakeFiles/rtabmap_msgs__python.dir/rosidl_generator_py/rtabmap_msgs/msg/_camera_model_s.c.o\x1b[0m\n'}
[75.456771] (-) TimerEvent: {}
[75.459095] (lslidar_msgs) StdoutLine: {'line': b'[ 98%] \x1b[32m\x1b[1mLinking C shared library rosidl_generator_py/lslidar_msgs/lslidar_msgs_s__rosidl_typesupport_introspection_c.cpython-38-x86_64-linux-gnu.so\x1b[0m\n'}
[75.496514] (lslidar_msgs) StdoutLine: {'line': b'[ 98%] Built target lslidar_msgs__rosidl_typesupport_introspection_c__pyext\n'}
[75.507132] (lslidar_msgs) StdoutLine: {'line': b'\x1b[35m\x1b[1mScanning dependencies of target lslidar_msgs__rosidl_typesupport_c__pyext\x1b[0m\n'}
[75.526251] (lslidar_msgs) StdoutLine: {'line': b'[ 99%] \x1b[32mBuilding C object CMakeFiles/lslidar_msgs__rosidl_typesupport_c__pyext.dir/rosidl_generator_py/lslidar_msgs/_lslidar_msgs_s.ep.rosidl_typesupport_c.c.o\x1b[0m\n'}
[75.539922] (rtabmap_msgs) StdoutLine: {'line': b'[ 92%] \x1b[32mBuilding C object CMakeFiles/rtabmap_msgs__python.dir/rosidl_generator_py/rtabmap_msgs/msg/_camera_models_s.c.o\x1b[0m\n'}
[75.556936] (-) TimerEvent: {}
[75.628556] (rtabmap_msgs) StdoutLine: {'line': b'[ 92%] \x1b[32mBuilding C object CMakeFiles/rtabmap_msgs__python.dir/rosidl_generator_py/rtabmap_msgs/srv/_get_map_s.c.o\x1b[0m\n'}
[75.657048] (-) TimerEvent: {}
[75.674974] (lslidar_msgs) StdoutLine: {'line': b'[ 99%] \x1b[32m\x1b[1mLinking C shared library rosidl_generator_py/lslidar_msgs/lslidar_msgs_s__rosidl_typesupport_c.cpython-38-x86_64-linux-gnu.so\x1b[0m\n'}
[75.712510] (lslidar_msgs) StdoutLine: {'line': b'[ 99%] Built target lslidar_msgs__rosidl_typesupport_c__pyext\n'}
[75.718450] (rtabmap_msgs) StdoutLine: {'line': b'[ 92%] \x1b[32mBuilding C object CMakeFiles/rtabmap_msgs__python.dir/rosidl_generator_py/rtabmap_msgs/srv/_get_map2_s.c.o\x1b[0m\n'}
[75.722987] (lslidar_msgs) StdoutLine: {'line': b'\x1b[35m\x1b[1mScanning dependencies of target lslidar_msgs__rosidl_typesupport_fastrtps_c__pyext\x1b[0m\n'}
[75.742581] (lslidar_msgs) StdoutLine: {'line': b'[100%] \x1b[32mBuilding C object CMakeFiles/lslidar_msgs__rosidl_typesupport_fastrtps_c__pyext.dir/rosidl_generator_py/lslidar_msgs/_lslidar_msgs_s.ep.rosidl_typesupport_fastrtps_c.c.o\x1b[0m\n'}
[75.757175] (-) TimerEvent: {}
[75.811503] (rtabmap_msgs) StdoutLine: {'line': b'[ 93%] \x1b[32mBuilding C object CMakeFiles/rtabmap_msgs__python.dir/rosidl_generator_py/rtabmap_msgs/srv/_list_labels_s.c.o\x1b[0m\n'}
[75.857300] (-) TimerEvent: {}
[75.893300] (lslidar_msgs) StdoutLine: {'line': b'[100%] \x1b[32m\x1b[1mLinking CXX shared library rosidl_generator_py/lslidar_msgs/lslidar_msgs_s__rosidl_typesupport_fastrtps_c.cpython-38-x86_64-linux-gnu.so\x1b[0m\n'}
[75.906287] (rtabmap_msgs) StdoutLine: {'line': b'[ 93%] \x1b[32mBuilding C object CMakeFiles/rtabmap_msgs__python.dir/rosidl_generator_py/rtabmap_msgs/srv/_publish_map_s.c.o\x1b[0m\n'}
[75.956909] (lslidar_msgs) StdoutLine: {'line': b'[100%] Built target lslidar_msgs__rosidl_typesupport_fastrtps_c__pyext\n'}
[75.957361] (-) TimerEvent: {}
[75.969823] (lslidar_msgs) CommandEnded: {'returncode': 0}
[75.970641] (lslidar_msgs) JobProgress: {'identifier': 'lslidar_msgs', 'progress': 'install'}
[75.971075] (lslidar_msgs) Command: {'cmd': ['/usr/bin/cmake', '--install', '/home/deepak/electronic_ws/build/lslidar_msgs'], 'cwd': '/home/deepak/electronic_ws/build/lslidar_msgs', 'env': OrderedDict([('LESSOPEN', '| /usr/bin/lesspipe %s'), ('LANGUAGE', 'en_GB:en'), ('USER', 'deepak'), ('SSH_AGENT_PID', '2164'), ('XDG_SESSION_TYPE', 'x11'), ('SHLVL', '1'), ('LD_LIBRARY_PATH', '/usr/lib/x86_64-linux-gnu/gazebo-11/plugins:/opt/ros/foxy/opt/yaml_cpp_vendor/lib:/opt/ros/foxy/opt/rviz_ogre_vendor/lib:/opt/ros/foxy/lib/x86_64-linux-gnu:/opt/ros/foxy/lib'), ('HOME', '/home/deepak'), ('OLDPWD', '/home/deepak/electronic_ws/src'), ('DESKTOP_SESSION', 'ubuntu'), ('NVM_BIN', '/home/deepak/.nvm/versions/node/v18.20.8/bin'), ('NVM_INC', '/home/deepak/.nvm/versions/node/v18.20.8/include/node'), ('ROS_PYTHON_VERSION', '3'), ('GNOME_SHELL_SESSION_MODE', 'ubuntu'), ('GTK_MODULES', 'gail:atk-bridge'), ('MANAGERPID', '2067'), ('DBUS_SESSION_BUS_ADDRESS', 'unix:path=/run/user/1000/bus'), ('COLORTERM', 'truecolor'), ('TERMINATOR_DBUS_NAME', 'net.tenshu.Terminator21a9d5db22c73a993ff0b42f64b396873'), ('GIO_LAUNCHED_DESKTOP_FILE_PID', '4123'), ('NVM_DIR', '/home/deepak/.nvm'), ('IM_CONFIG_PHASE', '1'), ('ROS_DISTRO', 'foxy'), ('LOGNAME', 'deepak'), ('JOURNAL_STREAM', '8:55426'), ('_', '/usr/bin/colcon'), ('ROS_VERSION', '2'), ('XDG_SESSION_CLASS', 'user'), ('USERNAME', 'deepak'), ('TERM', 'xterm-256color'), ('GNOME_DESKTOP_SESSION_ID', 'this-is-deprecated'), ('ROS_LOCALHOST_ONLY', '0'), ('WINDOWPATH', '2'), ('PATH', '/opt/ros/foxy/bin:/home/deepak/.nvm/versions/node/v18.20.8/bin:/home/deepak/.local/bin:/usr/local/sbin:/usr/local/bin:/usr/sbin:/usr/bin:/sbin:/bin:/usr/games:/usr/local/games:/snap/bin'), ('SESSION_MANAGER', 'local/deepak-Inspiron-3501:@/tmp/.ICE-unix/2204,unix/deepak-Inspiron-3501:/tmp/.ICE-unix/2204'), ('INVOCATION_ID', 'da85f2b1d8074d13affb1bf44f8be6dd'), ('XDG_MENU_PREFIX', 'gnome-'), ('XDG_RUNTIME_DIR', '/run/user/1000'), ('DISPLAY', ':0'), ('TERMINATOR_DBUS_PATH', '/net/tenshu/Terminator2'), ('LANG', 'en_US.UTF-8'), ('XDG_CURRENT_DESKTOP', 'ubuntu:GNOME'), ('XMODIFIERS', '@im=ibus'), ('XDG_SESSION_DESKTOP', 'ubuntu'), ('XAUTHORITY', '/run/user/1000/gdm/Xauthority'), ('LS_COLORS', 'rs=0:di=01;34:ln=01;36:mh=00:pi=40;33:so=01;35:do=01;35:bd=40;33;01:cd=40;33;01:or=40;31;01:mi=00:su=37;41:sg=30;43:ca=30;41:tw=30;42:ow=34;42:st=37;44:ex=01;32:*.tar=01;31:*.tgz=01;31:*.arc=01;31:*.arj=01;31:*.taz=01;31:*.lha=01;31:*.lz4=01;31:*.lzh=01;31:*.lzma=01;31:*.tlz=01;31:*.txz=01;31:*.tzo=01;31:*.t7z=01;31:*.zip=01;31:*.z=01;31:*.dz=01;31:*.gz=01;31:*.lrz=01;31:*.lz=01;31:*.lzo=01;31:*.xz=01;31:*.zst=01;31:*.tzst=01;31:*.bz2=01;31:*.bz=01;31:*.tbz=01;31:*.tbz2=01;31:*.tz=01;31:*.deb=01;31:*.rpm=01;31:*.jar=01;31:*.war=01;31:*.ear=01;31:*.sar=01;31:*.rar=01;31:*.alz=01;31:*.ace=01;31:*.zoo=01;31:*.cpio=01;31:*.7z=01;31:*.rz=01;31:*.cab=01;31:*.wim=01;31:*.swm=01;31:*.dwm=01;31:*.esd=01;31:*.jpg=01;35:*.jpeg=01;35:*.mjpg=01;35:*.mjpeg=01;35:*.gif=01;35:*.bmp=01;35:*.pbm=01;35:*.pgm=01;35:*.ppm=01;35:*.tga=01;35:*.xbm=01;35:*.xpm=01;35:*.tif=01;35:*.tiff=01;35:*.png=01;35:*.svg=01;35:*.svgz=01;35:*.mng=01;35:*.pcx=01;35:*.mov=01;35:*.mpg=01;35:*.mpeg=01;35:*.m2v=01;35:*.mkv=01;35:*.webm=01;35:*.ogm=01;35:*.mp4=01;35:*.m4v=01;35:*.mp4v=01;35:*.vob=01;35:*.qt=01;35:*.nuv=01;35:*.wmv=01;35:*.asf=01;35:*.rm=01;35:*.rmvb=01;35:*.flc=01;35:*.avi=01;35:*.fli=01;35:*.flv=01;35:*.gl=01;35:*.dl=01;35:*.xcf=01;35:*.xwd=01;35:*.yuv=01;35:*.cgm=01;35:*.emf=01;35:*.ogv=01;35:*.ogx=01;35:*.aac=00;36:*.au=00;36:*.flac=00;36:*.m4a=00;36:*.mid=00;36:*.midi=00;36:*.mka=00;36:*.mp3=00;36:*.mpc=00;36:*.ogg=00;36:*.ra=00;36:*.wav=00;36:*.oga=00;36:*.opus=00;36:*.spx=00;36:*.xspf=00;36:'), ('SSH_AUTH_SOCK', '/run/user/1000/keyring/ssh'), ('AMENT_PREFIX_PATH', '/opt/ros/foxy'), ('SHELL', '/bin/bash'), ('TERMINATOR_UUID', 'urn:uuid:fcc518c1-d712-42cf-a147-6525ef5360a1'), ('QT_ACCESSIBILITY', '1'), ('GDMSESSION', 'ubuntu'), ('LESSCLOSE', '/usr/bin/lesspipe %s %s'), ('GPG_AGENT_INFO', '/run/user/1000/gnupg/S.gpg-agent:0:1'), ('QT_IM_MODULE', 'ibus'), ('PWD', '/home/deepak/electronic_ws/build/lslidar_msgs'), ('LC_ALL', 'en_US.UTF-8'), ('XDG_CONFIG_DIRS', '/etc/xdg/xdg-ubuntu:/etc/xdg'), ('NVM_CD_FLAGS', ''), ('XDG_DATA_DIRS', '/usr/share/ubuntu:/usr/local/share/:/usr/share/:/var/lib/snapd/desktop'), ('PYTHONPATH', '/opt/ros/foxy/lib/python3.8/site-packages'), ('COLCON', '1'), ('VTE_VERSION', '6003'), ('CMAKE_PREFIX_PATH', '/opt/ros/foxy')]), 'shell': False}
[75.981402] (lslidar_msgs) StdoutLine: {'line': b'-- Install configuration: ""\n'}
[75.982160] (lslidar_msgs) StdoutLine: {'line': b'-- Execute custom install script\n'}
[75.982510] (lslidar_msgs) StdoutLine: {'line': b'-- Symlinking: /home/deepak/electronic_ws/install/lslidar_msgs/share/ament_index/resource_index/rosidl_interfaces/lslidar_msgs\n'}
[75.990244] (rtabmap_msgs) StdoutLine: {'line': b'[ 93%] \x1b[32mBuilding C object CMakeFiles/rtabmap_msgs__python.dir/rosidl_generator_py/rtabmap_msgs/srv/_reset_pose_s.c.o\x1b[0m\n'}
[75.992370] (lslidar_msgs) StdoutLine: {'line': b'-- Symlinking: /home/deepak/electronic_ws/install/lslidar_msgs/include/lslidar_msgs/msg/detail/lslidar_information__functions.h\n'}
[76.001225] (lslidar_msgs) StdoutLine: {'line': b'-- Symlinking: /home/deepak/electronic_ws/install/lslidar_msgs/include/lslidar_msgs/msg/detail/lslidar_information__struct.h\n'}
[76.009976] (lslidar_msgs) StdoutLine: {'line': b'-- Symlinking: /home/deepak/electronic_ws/install/lslidar_msgs/include/lslidar_msgs/msg/detail/lslidar_information__type_support.h\n'}
[76.018806] (lslidar_msgs) StdoutLine: {'line': b'-- Symlinking: /home/deepak/electronic_ws/install/lslidar_msgs/include/lslidar_msgs/msg/detail/lslidar_packet__functions.h\n'}
[76.027892] (lslidar_msgs) StdoutLine: {'line': b'-- Symlinking: /home/deepak/electronic_ws/install/lslidar_msgs/include/lslidar_msgs/msg/detail/lslidar_packet__struct.h\n'}
[76.037052] (lslidar_msgs) StdoutLine: {'line': b'-- Symlinking: /home/deepak/electronic_ws/install/lslidar_msgs/include/lslidar_msgs/msg/detail/lslidar_packet__type_support.h\n'}
[76.046266] (lslidar_msgs) StdoutLine: {'line': b'-- Symlinking: /home/deepak/electronic_ws/install/lslidar_msgs/include/lslidar_msgs/msg/lslidar_information.h\n'}
[76.055683] (lslidar_msgs) StdoutLine: {'line': b'-- Symlinking: /home/deepak/electronic_ws/install/lslidar_msgs/include/lslidar_msgs/msg/lslidar_packet.h\n'}
[76.057473] (-) TimerEvent: {}
[76.064830] (lslidar_msgs) StdoutLine: {'line': b'-- Symlinking: /home/deepak/electronic_ws/install/lslidar_msgs/include/lslidar_msgs/msg/rosidl_generator_c__visibility_control.h\n'}
[76.074220] (lslidar_msgs) StdoutLine: {'line': b'-- Symlinking: /home/deepak/electronic_ws/install/lslidar_msgs/include/lslidar_msgs/srv/angle_distortion_correction.h\n'}
[76.079692] (rtabmap_msgs) StdoutLine: {'line': b'[ 94%] \x1b[32mBuilding C object CMakeFiles/rtabmap_msgs__python.dir/rosidl_generator_py/rtabmap_msgs/srv/_set_goal_s.c.o\x1b[0m\n'}
[76.082790] (lslidar_msgs) StdoutLine: {'line': b'-- Symlinking: /home/deepak/electronic_ws/install/lslidar_msgs/include/lslidar_msgs/srv/detail/angle_distortion_correction__functions.h\n'}
[76.091704] (lslidar_msgs) StdoutLine: {'line': b'-- Symlinking: /home/deepak/electronic_ws/install/lslidar_msgs/include/lslidar_msgs/srv/detail/angle_distortion_correction__struct.h\n'}
[76.100871] (lslidar_msgs) StdoutLine: {'line': b'-- Symlinking: /home/deepak/electronic_ws/install/lslidar_msgs/include/lslidar_msgs/srv/detail/angle_distortion_correction__type_support.h\n'}
[76.109818] (lslidar_msgs) StdoutLine: {'line': b'-- Symlinking: /home/deepak/electronic_ws/install/lslidar_msgs/include/lslidar_msgs/srv/detail/frame_rate__functions.h\n'}
[76.118892] (lslidar_msgs) StdoutLine: {'line': b'-- Symlinking: /home/deepak/electronic_ws/install/lslidar_msgs/include/lslidar_msgs/srv/detail/frame_rate__struct.h\n'}
[76.127660] (lslidar_msgs) StdoutLine: {'line': b'-- Symlinking: /home/deepak/electronic_ws/install/lslidar_msgs/include/lslidar_msgs/srv/detail/frame_rate__type_support.h\n'}
[76.136601] (lslidar_msgs) StdoutLine: {'line': b'-- Symlinking: /home/deepak/electronic_ws/install/lslidar_msgs/include/lslidar_msgs/srv/detail/invalid_data__functions.h\n'}
[76.145776] (lslidar_msgs) StdoutLine: {'line': b'-- Symlinking: /home/deepak/electronic_ws/install/lslidar_msgs/include/lslidar_msgs/srv/detail/invalid_data__struct.h\n'}
[76.154953] (lslidar_msgs) StdoutLine: {'line': b'-- Symlinking: /home/deepak/electronic_ws/install/lslidar_msgs/include/lslidar_msgs/srv/detail/invalid_data__type_support.h\n'}
[76.157586] (-) TimerEvent: {}
[76.164274] (lslidar_msgs) StdoutLine: {'line': b'-- Symlinking: /home/deepak/electronic_ws/install/lslidar_msgs/include/lslidar_msgs/srv/detail/ip_and_port__functions.h\n'}
[76.173471] (lslidar_msgs) StdoutLine: {'line': b'-- Symlinking: /home/deepak/electronic_ws/install/lslidar_msgs/include/lslidar_msgs/srv/detail/ip_and_port__struct.h\n'}
[76.182740] (lslidar_msgs) StdoutLine: {'line': b'-- Symlinking: /home/deepak/electronic_ws/install/lslidar_msgs/include/lslidar_msgs/srv/detail/ip_and_port__type_support.h\n'}
[76.192060] (lslidar_msgs) StdoutLine: {'line': b'-- Symlinking: /home/deepak/electronic_ws/install/lslidar_msgs/include/lslidar_msgs/srv/detail/motor_control__functions.h\n'}
[76.195447] (rtabmap_msgs) StdoutLine: {'line': b'[ 94%] \x1b[32mBuilding C object CMakeFiles/rtabmap_msgs__python.dir/rosidl_generator_py/rtabmap_msgs/srv/_set_label_s.c.o\x1b[0m\n'}
[76.201755] (lslidar_msgs) StdoutLine: {'line': b'-- Symlinking: /home/deepak/electronic_ws/install/lslidar_msgs/include/lslidar_msgs/srv/detail/motor_control__struct.h\n'}
[76.210734] (lslidar_msgs) StdoutLine: {'line': b'-- Symlinking: /home/deepak/electronic_ws/install/lslidar_msgs/include/lslidar_msgs/srv/detail/motor_control__type_support.h\n'}
[76.219746] (lslidar_msgs) StdoutLine: {'line': b'-- Symlinking: /home/deepak/electronic_ws/install/lslidar_msgs/include/lslidar_msgs/srv/detail/motor_speed__functions.h\n'}
[76.228733] (lslidar_msgs) StdoutLine: {'line': b'-- Symlinking: /home/deepak/electronic_ws/install/lslidar_msgs/include/lslidar_msgs/srv/detail/motor_speed__struct.h\n'}
[76.237776] (lslidar_msgs) StdoutLine: {'line': b'-- Symlinking: /home/deepak/electronic_ws/install/lslidar_msgs/include/lslidar_msgs/srv/detail/motor_speed__type_support.h\n'}
[76.246689] (lslidar_msgs) StdoutLine: {'line': b'-- Symlinking: /home/deepak/electronic_ws/install/lslidar_msgs/include/lslidar_msgs/srv/detail/power_control__functions.h\n'}
[76.255885] (lslidar_msgs) StdoutLine: {'line': b'-- Symlinking: /home/deepak/electronic_ws/install/lslidar_msgs/include/lslidar_msgs/srv/detail/power_control__struct.h\n'}
[76.257687] (-) TimerEvent: {}
[76.265226] (lslidar_msgs) StdoutLine: {'line': b'-- Symlinking: /home/deepak/electronic_ws/install/lslidar_msgs/include/lslidar_msgs/srv/detail/power_control__type_support.h\n'}
[76.274649] (lslidar_msgs) StdoutLine: {'line': b'-- Symlinking: /home/deepak/electronic_ws/install/lslidar_msgs/include/lslidar_msgs/srv/detail/rfd_removal__functions.h\n'}
[76.282055] (rtabmap_msgs) StdoutLine: {'line': b'[ 94%] \x1b[32mBuilding C object CMakeFiles/rtabmap_msgs__python.dir/rosidl_generator_py/rtabmap_msgs/srv/_remove_label_s.c.o\x1b[0m\n'}
[76.283127] (lslidar_msgs) StdoutLine: {'line': b'-- Symlinking: /home/deepak/electronic_ws/install/lslidar_msgs/include/lslidar_msgs/srv/detail/rfd_removal__struct.h\n'}
[76.292613] (lslidar_msgs) StdoutLine: {'line': b'-- Symlinking: /home/deepak/electronic_ws/install/lslidar_msgs/include/lslidar_msgs/srv/detail/rfd_removal__type_support.h\n'}
[76.301602] (lslidar_msgs) StdoutLine: {'line': b'-- Symlinking: /home/deepak/electronic_ws/install/lslidar_msgs/include/lslidar_msgs/srv/detail/standby_mode__functions.h\n'}
[76.310600] (lslidar_msgs) StdoutLine: {'line': b'-- Symlinking: /home/deepak/electronic_ws/install/lslidar_msgs/include/lslidar_msgs/srv/detail/standby_mode__struct.h\n'}
[76.319766] (lslidar_msgs) StdoutLine: {'line': b'-- Symlinking: /home/deepak/electronic_ws/install/lslidar_msgs/include/lslidar_msgs/srv/detail/standby_mode__type_support.h\n'}
[76.328906] (lslidar_msgs) StdoutLine: {'line': b'-- Symlinking: /home/deepak/electronic_ws/install/lslidar_msgs/include/lslidar_msgs/srv/detail/tail_removal__functions.h\n'}
[76.338001] (lslidar_msgs) StdoutLine: {'line': b'-- Symlinking: /home/deepak/electronic_ws/install/lslidar_msgs/include/lslidar_msgs/srv/detail/tail_removal__struct.h\n'}
[76.347161] (lslidar_msgs) StdoutLine: {'line': b'-- Symlinking: /home/deepak/electronic_ws/install/lslidar_msgs/include/lslidar_msgs/srv/detail/tail_removal__type_support.h\n'}
[76.356568] (lslidar_msgs) StdoutLine: {'line': b'-- Symlinking: /home/deepak/electronic_ws/install/lslidar_msgs/include/lslidar_msgs/srv/detail/time_mode__functions.h\n'}
[76.357792] (-) TimerEvent: {}
[76.365584] (lslidar_msgs) StdoutLine: {'line': b'-- Symlinking: /home/deepak/electronic_ws/install/lslidar_msgs/include/lslidar_msgs/srv/detail/time_mode__struct.h\n'}
[76.367371] (rtabmap_msgs) StdoutLine: {'line': b'[ 94%] \x1b[32mBuilding C object CMakeFiles/rtabmap_msgs__python.dir/rosidl_generator_py/rtabmap_msgs/srv/_get_plan_s.c.o\x1b[0m\n'}
[76.374834] (lslidar_msgs) StdoutLine: {'line': b'-- Symlinking: /home/deepak/electronic_ws/install/lslidar_msgs/include/lslidar_msgs/srv/detail/time_mode__type_support.h\n'}
[76.383972] (lslidar_msgs) StdoutLine: {'line': b'-- Symlinking: /home/deepak/electronic_ws/install/lslidar_msgs/include/lslidar_msgs/srv/frame_rate.h\n'}
[76.393196] (lslidar_msgs) StdoutLine: {'line': b'-- Symlinking: /home/deepak/electronic_ws/install/lslidar_msgs/include/lslidar_msgs/srv/invalid_data.h\n'}
[76.402364] (lslidar_msgs) StdoutLine: {'line': b'-- Symlinking: /home/deepak/electronic_ws/install/lslidar_msgs/include/lslidar_msgs/srv/ip_and_port.h\n'}
[76.411569] (lslidar_msgs) StdoutLine: {'line': b'-- Symlinking: /home/deepak/electronic_ws/install/lslidar_msgs/include/lslidar_msgs/srv/motor_control.h\n'}
[76.420657] (lslidar_msgs) StdoutLine: {'line': b'-- Symlinking: /home/deepak/electronic_ws/install/lslidar_msgs/include/lslidar_msgs/srv/motor_speed.h\n'}
[76.430308] (lslidar_msgs) StdoutLine: {'line': b'-- Symlinking: /home/deepak/electronic_ws/install/lslidar_msgs/include/lslidar_msgs/srv/power_control.h\n'}
[76.440031] (lslidar_msgs) StdoutLine: {'line': b'-- Symlinking: /home/deepak/electronic_ws/install/lslidar_msgs/include/lslidar_msgs/srv/rfd_removal.h\n'}
[76.449951] (lslidar_msgs) StdoutLine: {'line': b'-- Symlinking: /home/deepak/electronic_ws/install/lslidar_msgs/include/lslidar_msgs/srv/standby_mode.h\n'}
[76.457935] (-) TimerEvent: {}
[76.459127] (lslidar_msgs) StdoutLine: {'line': b'-- Symlinking: /home/deepak/electronic_ws/install/lslidar_msgs/include/lslidar_msgs/srv/tail_removal.h\n'}
[76.460654] (rtabmap_msgs) StdoutLine: {'line': b'[ 95%] \x1b[32mBuilding C object CMakeFiles/rtabmap_msgs__python.dir/rosidl_generator_py/rtabmap_msgs/srv/_add_link_s.c.o\x1b[0m\n'}
[76.468020] (lslidar_msgs) StdoutLine: {'line': b'-- Symlinking: /home/deepak/electronic_ws/install/lslidar_msgs/include/lslidar_msgs/srv/time_mode.h\n'}
[76.477323] (lslidar_msgs) StdoutLine: {'line': b'-- Symlinking: /home/deepak/electronic_ws/install/lslidar_msgs/share/lslidar_msgs/environment/library_path.sh\n'}
[76.486730] (lslidar_msgs) StdoutLine: {'line': b'-- Symlinking: /home/deepak/electronic_ws/install/lslidar_msgs/share/lslidar_msgs/environment/library_path.dsv\n'}
[76.496895] (lslidar_msgs) StdoutLine: {'line': b'-- Symlinking: /home/deepak/electronic_ws/install/lslidar_msgs/include/lslidar_msgs/msg/detail/lslidar_information__rosidl_typesupport_fastrtps_c.h\n'}
[76.506125] (lslidar_msgs) StdoutLine: {'line': b'-- Symlinking: /home/deepak/electronic_ws/install/lslidar_msgs/include/lslidar_msgs/msg/detail/lslidar_packet__rosidl_typesupport_fastrtps_c.h\n'}
[76.515759] (lslidar_msgs) StdoutLine: {'line': b'-- Symlinking: /home/deepak/electronic_ws/install/lslidar_msgs/include/lslidar_msgs/msg/rosidl_typesupport_fastrtps_c__visibility_control.h\n'}
[76.525211] (lslidar_msgs) StdoutLine: {'line': b'-- Symlinking: /home/deepak/electronic_ws/install/lslidar_msgs/include/lslidar_msgs/srv/detail/angle_distortion_correction__rosidl_typesupport_fastrtps_c.h\n'}
[76.534439] (lslidar_msgs) StdoutLine: {'line': b'-- Symlinking: /home/deepak/electronic_ws/install/lslidar_msgs/include/lslidar_msgs/srv/detail/frame_rate__rosidl_typesupport_fastrtps_c.h\n'}
[76.543876] (lslidar_msgs) StdoutLine: {'line': b'-- Symlinking: /home/deepak/electronic_ws/install/lslidar_msgs/include/lslidar_msgs/srv/detail/invalid_data__rosidl_typesupport_fastrtps_c.h\n'}
[76.549972] (rtabmap_msgs) StdoutLine: {'line': b'[ 95%] \x1b[32mBuilding C object CMakeFiles/rtabmap_msgs__python.dir/rosidl_generator_py/rtabmap_msgs/srv/_get_node_data_s.c.o\x1b[0m\n'}
[76.552067] (lslidar_msgs) StdoutLine: {'line': b'-- Symlinking: /home/deepak/electronic_ws/install/lslidar_msgs/include/lslidar_msgs/srv/detail/ip_and_port__rosidl_typesupport_fastrtps_c.h\n'}
[76.558062] (-) TimerEvent: {}
[76.561148] (lslidar_msgs) StdoutLine: {'line': b'-- Symlinking: /home/deepak/electronic_ws/install/lslidar_msgs/include/lslidar_msgs/srv/detail/motor_control__rosidl_typesupport_fastrtps_c.h\n'}
[76.570193] (lslidar_msgs) StdoutLine: {'line': b'-- Symlinking: /home/deepak/electronic_ws/install/lslidar_msgs/include/lslidar_msgs/srv/detail/motor_speed__rosidl_typesupport_fastrtps_c.h\n'}
[76.578940] (lslidar_msgs) StdoutLine: {'line': b'-- Symlinking: /home/deepak/electronic_ws/install/lslidar_msgs/include/lslidar_msgs/srv/detail/power_control__rosidl_typesupport_fastrtps_c.h\n'}
[76.587792] (lslidar_msgs) StdoutLine: {'line': b'-- Symlinking: /home/deepak/electronic_ws/install/lslidar_msgs/include/lslidar_msgs/srv/detail/rfd_removal__rosidl_typesupport_fastrtps_c.h\n'}
[76.596894] (lslidar_msgs) StdoutLine: {'line': b'-- Symlinking: /home/deepak/electronic_ws/install/lslidar_msgs/include/lslidar_msgs/srv/detail/standby_mode__rosidl_typesupport_fastrtps_c.h\n'}
[76.605836] (lslidar_msgs) StdoutLine: {'line': b'-- Symlinking: /home/deepak/electronic_ws/install/lslidar_msgs/include/lslidar_msgs/srv/detail/tail_removal__rosidl_typesupport_fastrtps_c.h\n'}
[76.615143] (lslidar_msgs) StdoutLine: {'line': b'-- Symlinking: /home/deepak/electronic_ws/install/lslidar_msgs/include/lslidar_msgs/srv/detail/time_mode__rosidl_typesupport_fastrtps_c.h\n'}
[76.624575] (lslidar_msgs) StdoutLine: {'line': b'-- Symlinking: /home/deepak/electronic_ws/install/lslidar_msgs/lib/liblslidar_msgs__rosidl_typesupport_fastrtps_c.so\n'}
[76.634605] (lslidar_msgs) StdoutLine: {'line': b'-- Symlinking: /home/deepak/electronic_ws/install/lslidar_msgs/include/lslidar_msgs/msg/detail/lslidar_information__rosidl_typesupport_fastrtps_cpp.hpp\n'}
[76.644142] (lslidar_msgs) StdoutLine: {'line': b'-- Symlinking: /home/deepak/electronic_ws/install/lslidar_msgs/include/lslidar_msgs/msg/detail/lslidar_packet__rosidl_typesupport_fastrtps_cpp.hpp\n'}
[76.650381] (rtabmap_msgs) StdoutLine: {'line': b'[ 95%] \x1b[32mBuilding C object CMakeFiles/rtabmap_msgs__python.dir/rosidl_generator_py/rtabmap_msgs/srv/_get_nodes_in_radius_s.c.o\x1b[0m\n'}
[76.652445] (lslidar_msgs) StdoutLine: {'line': b'-- Symlinking: /home/deepak/electronic_ws/install/lslidar_msgs/include/lslidar_msgs/msg/rosidl_typesupport_fastrtps_cpp__visibility_control.h\n'}
[76.658177] (-) TimerEvent: {}
[76.661679] (lslidar_msgs) StdoutLine: {'line': b'-- Symlinking: /home/deepak/electronic_ws/install/lslidar_msgs/include/lslidar_msgs/srv/detail/angle_distortion_correction__rosidl_typesupport_fastrtps_cpp.hpp\n'}
[76.670800] (lslidar_msgs) StdoutLine: {'line': b'-- Symlinking: /home/deepak/electronic_ws/install/lslidar_msgs/include/lslidar_msgs/srv/detail/frame_rate__rosidl_typesupport_fastrtps_cpp.hpp\n'}
[76.679449] (lslidar_msgs) StdoutLine: {'line': b'-- Symlinking: /home/deepak/electronic_ws/install/lslidar_msgs/include/lslidar_msgs/srv/detail/invalid_data__rosidl_typesupport_fastrtps_cpp.hpp\n'}
[76.688696] (lslidar_msgs) StdoutLine: {'line': b'-- Symlinking: /home/deepak/electronic_ws/install/lslidar_msgs/include/lslidar_msgs/srv/detail/ip_and_port__rosidl_typesupport_fastrtps_cpp.hpp\n'}
[76.697498] (lslidar_msgs) StdoutLine: {'line': b'-- Symlinking: /home/deepak/electronic_ws/install/lslidar_msgs/include/lslidar_msgs/srv/detail/motor_control__rosidl_typesupport_fastrtps_cpp.hpp\n'}
[76.706403] (lslidar_msgs) StdoutLine: {'line': b'-- Symlinking: /home/deepak/electronic_ws/install/lslidar_msgs/include/lslidar_msgs/srv/detail/motor_speed__rosidl_typesupport_fastrtps_cpp.hpp\n'}
[76.715985] (lslidar_msgs) StdoutLine: {'line': b'-- Symlinking: /home/deepak/electronic_ws/install/lslidar_msgs/include/lslidar_msgs/srv/detail/power_control__rosidl_typesupport_fastrtps_cpp.hpp\n'}
[76.725419] (lslidar_msgs) StdoutLine: {'line': b'-- Symlinking: /home/deepak/electronic_ws/install/lslidar_msgs/include/lslidar_msgs/srv/detail/rfd_removal__rosidl_typesupport_fastrtps_cpp.hpp\n'}
[76.734285] (lslidar_msgs) StdoutLine: {'line': b'-- Symlinking: /home/deepak/electronic_ws/install/lslidar_msgs/include/lslidar_msgs/srv/detail/standby_mode__rosidl_typesupport_fastrtps_cpp.hpp\n'}
[76.743548] (lslidar_msgs) StdoutLine: {'line': b'-- Symlinking: /home/deepak/electronic_ws/install/lslidar_msgs/include/lslidar_msgs/srv/detail/tail_removal__rosidl_typesupport_fastrtps_cpp.hpp\n'}
[76.752408] (lslidar_msgs) StdoutLine: {'line': b'-- Symlinking: /home/deepak/electronic_ws/install/lslidar_msgs/include/lslidar_msgs/srv/detail/time_mode__rosidl_typesupport_fastrtps_cpp.hpp\n'}
[76.755515] (rtabmap_msgs) StdoutLine: {'line': b'[ 96%] \x1b[32mBuilding C object CMakeFiles/rtabmap_msgs__python.dir/rosidl_generator_py/rtabmap_msgs/srv/_load_database_s.c.o\x1b[0m\n'}
[76.758286] (-) TimerEvent: {}
[76.761696] (lslidar_msgs) StdoutLine: {'line': b'-- Symlinking: /home/deepak/electronic_ws/install/lslidar_msgs/lib/liblslidar_msgs__rosidl_typesupport_fastrtps_cpp.so\n'}
[76.771209] (lslidar_msgs) StdoutLine: {'line': b'-- Symlinking: /home/deepak/electronic_ws/install/lslidar_msgs/include/lslidar_msgs/msg/detail/lslidar_information__rosidl_typesupport_introspection_c.h\n'}
[76.780027] (lslidar_msgs) StdoutLine: {'line': b'-- Symlinking: /home/deepak/electronic_ws/install/lslidar_msgs/include/lslidar_msgs/msg/detail/lslidar_packet__rosidl_typesupport_introspection_c.h\n'}
[76.789172] (lslidar_msgs) StdoutLine: {'line': b'-- Symlinking: /home/deepak/electronic_ws/install/lslidar_msgs/include/lslidar_msgs/msg/rosidl_typesupport_introspection_c__visibility_control.h\n'}
[76.798363] (lslidar_msgs) StdoutLine: {'line': b'-- Symlinking: /home/deepak/electronic_ws/install/lslidar_msgs/include/lslidar_msgs/srv/detail/angle_distortion_correction__rosidl_typesupport_introspection_c.h\n'}
[76.807733] (lslidar_msgs) StdoutLine: {'line': b'-- Symlinking: /home/deepak/electronic_ws/install/lslidar_msgs/include/lslidar_msgs/srv/detail/frame_rate__rosidl_typesupport_introspection_c.h\n'}
[76.817258] (lslidar_msgs) StdoutLine: {'line': b'-- Symlinking: /home/deepak/electronic_ws/install/lslidar_msgs/include/lslidar_msgs/srv/detail/invalid_data__rosidl_typesupport_introspection_c.h\n'}
[76.826428] (lslidar_msgs) StdoutLine: {'line': b'-- Symlinking: /home/deepak/electronic_ws/install/lslidar_msgs/include/lslidar_msgs/srv/detail/ip_and_port__rosidl_typesupport_introspection_c.h\n'}
[76.836173] (lslidar_msgs) StdoutLine: {'line': b'-- Symlinking: /home/deepak/electronic_ws/install/lslidar_msgs/include/lslidar_msgs/srv/detail/motor_control__rosidl_typesupport_introspection_c.h\n'}
[76.843579] (rtabmap_msgs) StdoutLine: {'line': b'[ 96%] \x1b[32mBuilding C object CMakeFiles/rtabmap_msgs__python.dir/rosidl_generator_py/rtabmap_msgs/srv/_detect_more_loop_closures_s.c.o\x1b[0m\n'}
[76.844573] (lslidar_msgs) StdoutLine: {'line': b'-- Symlinking: /home/deepak/electronic_ws/install/lslidar_msgs/include/lslidar_msgs/srv/detail/motor_speed__rosidl_typesupport_introspection_c.h\n'}
[76.853550] (lslidar_msgs) StdoutLine: {'line': b'-- Symlinking: /home/deepak/electronic_ws/install/lslidar_msgs/include/lslidar_msgs/srv/detail/power_control__rosidl_typesupport_introspection_c.h\n'}
[76.858401] (-) TimerEvent: {}
[76.862546] (lslidar_msgs) StdoutLine: {'line': b'-- Symlinking: /home/deepak/electronic_ws/install/lslidar_msgs/include/lslidar_msgs/srv/detail/rfd_removal__rosidl_typesupport_introspection_c.h\n'}
[76.871508] (lslidar_msgs) StdoutLine: {'line': b'-- Symlinking: /home/deepak/electronic_ws/install/lslidar_msgs/include/lslidar_msgs/srv/detail/standby_mode__rosidl_typesupport_introspection_c.h\n'}
[76.880616] (lslidar_msgs) StdoutLine: {'line': b'-- Symlinking: /home/deepak/electronic_ws/install/lslidar_msgs/include/lslidar_msgs/srv/detail/tail_removal__rosidl_typesupport_introspection_c.h\n'}
[76.890282] (lslidar_msgs) StdoutLine: {'line': b'-- Symlinking: /home/deepak/electronic_ws/install/lslidar_msgs/include/lslidar_msgs/srv/detail/time_mode__rosidl_typesupport_introspection_c.h\n'}
[76.901094] (lslidar_msgs) StdoutLine: {'line': b'-- Symlinking: /home/deepak/electronic_ws/install/lslidar_msgs/include/lslidar_msgs/msg/detail/lslidar_information__builder.hpp\n'}
[76.910709] (lslidar_msgs) StdoutLine: {'line': b'-- Symlinking: /home/deepak/electronic_ws/install/lslidar_msgs/include/lslidar_msgs/msg/detail/lslidar_information__struct.hpp\n'}
[76.919915] (lslidar_msgs) StdoutLine: {'line': b'-- Symlinking: /home/deepak/electronic_ws/install/lslidar_msgs/include/lslidar_msgs/msg/detail/lslidar_information__traits.hpp\n'}
[76.929198] (lslidar_msgs) StdoutLine: {'line': b'-- Symlinking: /home/deepak/electronic_ws/install/lslidar_msgs/include/lslidar_msgs/msg/detail/lslidar_information__type_support.hpp\n'}
[76.936440] (rtabmap_msgs) StdoutLine: {'line': b'[ 96%] \x1b[32mBuilding C object CMakeFiles/rtabmap_msgs__python.dir/rosidl_generator_py/rtabmap_msgs/srv/_global_bundle_adjustment_s.c.o\x1b[0m\n'}
[76.937644] (lslidar_msgs) StdoutLine: {'line': b'-- Symlinking: /home/deepak/electronic_ws/install/lslidar_msgs/include/lslidar_msgs/msg/detail/lslidar_packet__builder.hpp\n'}
[76.946370] (lslidar_msgs) StdoutLine: {'line': b'-- Symlinking: /home/deepak/electronic_ws/install/lslidar_msgs/include/lslidar_msgs/msg/detail/lslidar_packet__struct.hpp\n'}
[76.955111] (lslidar_msgs) StdoutLine: {'line': b'-- Symlinking: /home/deepak/electronic_ws/install/lslidar_msgs/include/lslidar_msgs/msg/detail/lslidar_packet__traits.hpp\n'}
[76.958575] (-) TimerEvent: {}
[76.963916] (lslidar_msgs) StdoutLine: {'line': b'-- Symlinking: /home/deepak/electronic_ws/install/lslidar_msgs/include/lslidar_msgs/msg/detail/lslidar_packet__type_support.hpp\n'}
[76.972848] (lslidar_msgs) StdoutLine: {'line': b'-- Symlinking: /home/deepak/electronic_ws/install/lslidar_msgs/include/lslidar_msgs/msg/lslidar_information.hpp\n'}
[76.982076] (lslidar_msgs) StdoutLine: {'line': b'-- Symlinking: /home/deepak/electronic_ws/install/lslidar_msgs/include/lslidar_msgs/msg/lslidar_packet.hpp\n'}
[76.991149] (lslidar_msgs) StdoutLine: {'line': b'-- Symlinking: /home/deepak/electronic_ws/install/lslidar_msgs/include/lslidar_msgs/msg/rosidl_generator_cpp__visibility_control.hpp\n'}
[77.000527] (lslidar_msgs) StdoutLine: {'line': b'-- Symlinking: /home/deepak/electronic_ws/install/lslidar_msgs/include/lslidar_msgs/srv/angle_distortion_correction.hpp\n'}
[77.009662] (lslidar_msgs) StdoutLine: {'line': b'-- Symlinking: /home/deepak/electronic_ws/install/lslidar_msgs/include/lslidar_msgs/srv/detail/angle_distortion_correction__builder.hpp\n'}
[77.019322] (lslidar_msgs) StdoutLine: {'line': b'-- Symlinking: /home/deepak/electronic_ws/install/lslidar_msgs/include/lslidar_msgs/srv/detail/angle_distortion_correction__struct.hpp\n'}
[77.023711] (rtabmap_msgs) StdoutLine: {'line': b'[ 97%] \x1b[32mBuilding C object CMakeFiles/rtabmap_msgs__python.dir/rosidl_generator_py/rtabmap_msgs/srv/_cleanup_local_grids_s.c.o\x1b[0m\n'}
[77.028121] (lslidar_msgs) StdoutLine: {'line': b'-- Symlinking: /home/deepak/electronic_ws/install/lslidar_msgs/include/lslidar_msgs/srv/detail/angle_distortion_correction__traits.hpp\n'}
[77.036839] (lslidar_msgs) StdoutLine: {'line': b'-- Symlinking: /home/deepak/electronic_ws/install/lslidar_msgs/include/lslidar_msgs/srv/detail/angle_distortion_correction__type_support.hpp\n'}
[77.045709] (lslidar_msgs) StdoutLine: {'line': b'-- Symlinking: /home/deepak/electronic_ws/install/lslidar_msgs/include/lslidar_msgs/srv/detail/frame_rate__builder.hpp\n'}
[77.054619] (lslidar_msgs) StdoutLine: {'line': b'-- Symlinking: /home/deepak/electronic_ws/install/lslidar_msgs/include/lslidar_msgs/srv/detail/frame_rate__struct.hpp\n'}
[77.058762] (-) TimerEvent: {}
[77.063630] (lslidar_msgs) StdoutLine: {'line': b'-- Symlinking: /home/deepak/electronic_ws/install/lslidar_msgs/include/lslidar_msgs/srv/detail/frame_rate__traits.hpp\n'}
[77.072787] (lslidar_msgs) StdoutLine: {'line': b'-- Symlinking: /home/deepak/electronic_ws/install/lslidar_msgs/include/lslidar_msgs/srv/detail/frame_rate__type_support.hpp\n'}
[77.082292] (lslidar_msgs) StdoutLine: {'line': b'-- Symlinking: /home/deepak/electronic_ws/install/lslidar_msgs/include/lslidar_msgs/srv/detail/invalid_data__builder.hpp\n'}
[77.091575] (lslidar_msgs) StdoutLine: {'line': b'-- Symlinking: /home/deepak/electronic_ws/install/lslidar_msgs/include/lslidar_msgs/srv/detail/invalid_data__struct.hpp\n'}
[77.101307] (lslidar_msgs) StdoutLine: {'line': b'-- Symlinking: /home/deepak/electronic_ws/install/lslidar_msgs/include/lslidar_msgs/srv/detail/invalid_data__traits.hpp\n'}
[77.110629] (lslidar_msgs) StdoutLine: {'line': b'-- Symlinking: /home/deepak/electronic_ws/install/lslidar_msgs/include/lslidar_msgs/srv/detail/invalid_data__type_support.hpp\n'}
[77.110862] (rtabmap_msgs) StdoutLine: {'line': b'[ 97%] \x1b[32mBuilding C object CMakeFiles/rtabmap_msgs__python.dir/rosidl_generator_py/rtabmap_msgs/msg/_node_data_s.c.o\x1b[0m\n'}
[77.119351] (lslidar_msgs) StdoutLine: {'line': b'-- Symlinking: /home/deepak/electronic_ws/install/lslidar_msgs/include/lslidar_msgs/srv/detail/ip_and_port__builder.hpp\n'}
[77.128341] (lslidar_msgs) StdoutLine: {'line': b'-- Symlinking: /home/deepak/electronic_ws/install/lslidar_msgs/include/lslidar_msgs/srv/detail/ip_and_port__struct.hpp\n'}
[77.137312] (lslidar_msgs) StdoutLine: {'line': b'-- Symlinking: /home/deepak/electronic_ws/install/lslidar_msgs/include/lslidar_msgs/srv/detail/ip_and_port__traits.hpp\n'}
[77.146228] (lslidar_msgs) StdoutLine: {'line': b'-- Symlinking: /home/deepak/electronic_ws/install/lslidar_msgs/include/lslidar_msgs/srv/detail/ip_and_port__type_support.hpp\n'}
[77.155046] (lslidar_msgs) StdoutLine: {'line': b'-- Symlinking: /home/deepak/electronic_ws/install/lslidar_msgs/include/lslidar_msgs/srv/detail/motor_control__builder.hpp\n'}
[77.158876] (-) TimerEvent: {}
[77.163964] (lslidar_msgs) StdoutLine: {'line': b'-- Symlinking: /home/deepak/electronic_ws/install/lslidar_msgs/include/lslidar_msgs/srv/detail/motor_control__struct.hpp\n'}
[77.173226] (lslidar_msgs) StdoutLine: {'line': b'-- Symlinking: /home/deepak/electronic_ws/install/lslidar_msgs/include/lslidar_msgs/srv/detail/motor_control__traits.hpp\n'}
[77.181879] (lslidar_msgs) StdoutLine: {'line': b'-- Symlinking: /home/deepak/electronic_ws/install/lslidar_msgs/include/lslidar_msgs/srv/detail/motor_control__type_support.hpp\n'}
[77.191160] (lslidar_msgs) StdoutLine: {'line': b'-- Symlinking: /home/deepak/electronic_ws/install/lslidar_msgs/include/lslidar_msgs/srv/detail/motor_speed__builder.hpp\n'}
[77.200698] (lslidar_msgs) StdoutLine: {'line': b'-- Symlinking: /home/deepak/electronic_ws/install/lslidar_msgs/include/lslidar_msgs/srv/detail/motor_speed__struct.hpp\n'}
[77.209964] (lslidar_msgs) StdoutLine: {'line': b'-- Symlinking: /home/deepak/electronic_ws/install/lslidar_msgs/include/lslidar_msgs/srv/detail/motor_speed__traits.hpp\n'}
[77.219018] (lslidar_msgs) StdoutLine: {'line': b'-- Symlinking: /home/deepak/electronic_ws/install/lslidar_msgs/include/lslidar_msgs/srv/detail/motor_speed__type_support.hpp\n'}
[77.228396] (lslidar_msgs) StdoutLine: {'line': b'-- Symlinking: /home/deepak/electronic_ws/install/lslidar_msgs/include/lslidar_msgs/srv/detail/power_control__builder.hpp\n'}
[77.237909] (lslidar_msgs) StdoutLine: {'line': b'-- Symlinking: /home/deepak/electronic_ws/install/lslidar_msgs/include/lslidar_msgs/srv/detail/power_control__struct.hpp\n'}
[77.247345] (lslidar_msgs) StdoutLine: {'line': b'-- Symlinking: /home/deepak/electronic_ws/install/lslidar_msgs/include/lslidar_msgs/srv/detail/power_control__traits.hpp\n'}
[77.256635] (lslidar_msgs) StdoutLine: {'line': b'-- Symlinking: /home/deepak/electronic_ws/install/lslidar_msgs/include/lslidar_msgs/srv/detail/power_control__type_support.hpp\n'}
[77.259063] (-) TimerEvent: {}
[77.266065] (lslidar_msgs) StdoutLine: {'line': b'-- Symlinking: /home/deepak/electronic_ws/install/lslidar_msgs/include/lslidar_msgs/srv/detail/rfd_removal__builder.hpp\n'}
[77.275746] (lslidar_msgs) StdoutLine: {'line': b'-- Symlinking: /home/deepak/electronic_ws/install/lslidar_msgs/include/lslidar_msgs/srv/detail/rfd_removal__struct.hpp\n'}
[77.285062] (lslidar_msgs) StdoutLine: {'line': b'-- Symlinking: /home/deepak/electronic_ws/install/lslidar_msgs/include/lslidar_msgs/srv/detail/rfd_removal__traits.hpp\n'}
[77.294841] (lslidar_msgs) StdoutLine: {'line': b'-- Symlinking: /home/deepak/electronic_ws/install/lslidar_msgs/include/lslidar_msgs/srv/detail/rfd_removal__type_support.hpp\n'}
[77.304160] (lslidar_msgs) StdoutLine: {'line': b'-- Symlinking: /home/deepak/electronic_ws/install/lslidar_msgs/include/lslidar_msgs/srv/detail/standby_mode__builder.hpp\n'}
[77.313047] (lslidar_msgs) StdoutLine: {'line': b'-- Symlinking: /home/deepak/electronic_ws/install/lslidar_msgs/include/lslidar_msgs/srv/detail/standby_mode__struct.hpp\n'}
[77.318249] (rtabmap_msgs) StdoutLine: {'line': b'[ 97%] \x1b[32mBuilding C object CMakeFiles/rtabmap_msgs__python.dir/rosidl_generator_py/rtabmap_msgs/msg/_map_graph_s.c.o\x1b[0m\n'}
[77.321846] (lslidar_msgs) StdoutLine: {'line': b'-- Symlinking: /home/deepak/electronic_ws/install/lslidar_msgs/include/lslidar_msgs/srv/detail/standby_mode__traits.hpp\n'}
[77.330668] (lslidar_msgs) StdoutLine: {'line': b'-- Symlinking: /home/deepak/electronic_ws/install/lslidar_msgs/include/lslidar_msgs/srv/detail/standby_mode__type_support.hpp\n'}
[77.339508] (lslidar_msgs) StdoutLine: {'line': b'-- Symlinking: /home/deepak/electronic_ws/install/lslidar_msgs/include/lslidar_msgs/srv/detail/tail_removal__builder.hpp\n'}
[77.348359] (lslidar_msgs) StdoutLine: {'line': b'-- Symlinking: /home/deepak/electronic_ws/install/lslidar_msgs/include/lslidar_msgs/srv/detail/tail_removal__struct.hpp\n'}
[77.357438] (lslidar_msgs) StdoutLine: {'line': b'-- Symlinking: /home/deepak/electronic_ws/install/lslidar_msgs/include/lslidar_msgs/srv/detail/tail_removal__traits.hpp\n'}
[77.359158] (-) TimerEvent: {}
[77.366406] (lslidar_msgs) StdoutLine: {'line': b'-- Symlinking: /home/deepak/electronic_ws/install/lslidar_msgs/include/lslidar_msgs/srv/detail/tail_removal__type_support.hpp\n'}
[77.375938] (lslidar_msgs) StdoutLine: {'line': b'-- Symlinking: /home/deepak/electronic_ws/install/lslidar_msgs/include/lslidar_msgs/srv/detail/time_mode__builder.hpp\n'}
[77.385371] (lslidar_msgs) StdoutLine: {'line': b'-- Symlinking: /home/deepak/electronic_ws/install/lslidar_msgs/include/lslidar_msgs/srv/detail/time_mode__struct.hpp\n'}
[77.394655] (lslidar_msgs) StdoutLine: {'line': b'-- Symlinking: /home/deepak/electronic_ws/install/lslidar_msgs/include/lslidar_msgs/srv/detail/time_mode__traits.hpp\n'}
[77.404033] (lslidar_msgs) StdoutLine: {'line': b'-- Symlinking: /home/deepak/electronic_ws/install/lslidar_msgs/include/lslidar_msgs/srv/detail/time_mode__type_support.hpp\n'}
[77.413153] (lslidar_msgs) StdoutLine: {'line': b'-- Symlinking: /home/deepak/electronic_ws/install/lslidar_msgs/include/lslidar_msgs/srv/frame_rate.hpp\n'}
[77.415136] (rtabmap_msgs) StdoutLine: {'line': b'[ 98%] \x1b[32mBuilding C object CMakeFiles/rtabmap_msgs__python.dir/rosidl_generator_py/rtabmap_msgs/msg/_map_data_s.c.o\x1b[0m\n'}
[77.422155] (lslidar_msgs) StdoutLine: {'line': b'-- Symlinking: /home/deepak/electronic_ws/install/lslidar_msgs/include/lslidar_msgs/srv/invalid_data.hpp\n'}
[77.430901] (lslidar_msgs) StdoutLine: {'line': b'-- Symlinking: /home/deepak/electronic_ws/install/lslidar_msgs/include/lslidar_msgs/srv/ip_and_port.hpp\n'}
[77.439950] (lslidar_msgs) StdoutLine: {'line': b'-- Symlinking: /home/deepak/electronic_ws/install/lslidar_msgs/include/lslidar_msgs/srv/motor_control.hpp\n'}
[77.449041] (lslidar_msgs) StdoutLine: {'line': b'-- Symlinking: /home/deepak/electronic_ws/install/lslidar_msgs/include/lslidar_msgs/srv/motor_speed.hpp\n'}
[77.458445] (lslidar_msgs) StdoutLine: {'line': b'-- Symlinking: /home/deepak/electronic_ws/install/lslidar_msgs/include/lslidar_msgs/srv/power_control.hpp\n'}
[77.459244] (-) TimerEvent: {}
[77.467611] (lslidar_msgs) StdoutLine: {'line': b'-- Symlinking: /home/deepak/electronic_ws/install/lslidar_msgs/include/lslidar_msgs/srv/rfd_removal.hpp\n'}
[77.476836] (lslidar_msgs) StdoutLine: {'line': b'-- Symlinking: /home/deepak/electronic_ws/install/lslidar_msgs/include/lslidar_msgs/srv/standby_mode.hpp\n'}
[77.485787] (lslidar_msgs) StdoutLine: {'line': b'-- Symlinking: /home/deepak/electronic_ws/install/lslidar_msgs/include/lslidar_msgs/srv/tail_removal.hpp\n'}
[77.495438] (lslidar_msgs) StdoutLine: {'line': b'-- Symlinking: /home/deepak/electronic_ws/install/lslidar_msgs/include/lslidar_msgs/srv/time_mode.hpp\n'}
[77.503240] (rtabmap_msgs) StdoutLine: {'line': b'[ 98%] \x1b[32mBuilding C object CMakeFiles/rtabmap_msgs__python.dir/rosidl_generator_py/rtabmap_msgs/msg/_scan_descriptor_s.c.o\x1b[0m\n'}
[77.504971] (lslidar_msgs) StdoutLine: {'line': b'-- Symlinking: /home/deepak/electronic_ws/install/lslidar_msgs/include/lslidar_msgs/msg/detail/lslidar_information__rosidl_typesupport_introspection_cpp.hpp\n'}
[77.514042] (lslidar_msgs) StdoutLine: {'line': b'-- Symlinking: /home/deepak/electronic_ws/install/lslidar_msgs/include/lslidar_msgs/msg/detail/lslidar_packet__rosidl_typesupport_introspection_cpp.hpp\n'}
[77.523163] (lslidar_msgs) StdoutLine: {'line': b'-- Symlinking: /home/deepak/electronic_ws/install/lslidar_msgs/include/lslidar_msgs/srv/detail/angle_distortion_correction__rosidl_typesupport_introspection_cpp.hpp\n'}
[77.532161] (lslidar_msgs) StdoutLine: {'line': b'-- Symlinking: /home/deepak/electronic_ws/install/lslidar_msgs/include/lslidar_msgs/srv/detail/frame_rate__rosidl_typesupport_introspection_cpp.hpp\n'}
[77.541149] (lslidar_msgs) StdoutLine: {'line': b'-- Symlinking: /home/deepak/electronic_ws/install/lslidar_msgs/include/lslidar_msgs/srv/detail/invalid_data__rosidl_typesupport_introspection_cpp.hpp\n'}
[77.550271] (lslidar_msgs) StdoutLine: {'line': b'-- Symlinking: /home/deepak/electronic_ws/install/lslidar_msgs/include/lslidar_msgs/srv/detail/ip_and_port__rosidl_typesupport_introspection_cpp.hpp\n'}
[77.559391] (lslidar_msgs) StdoutLine: {'line': b'-- Symlinking: /home/deepak/electronic_ws/install/lslidar_msgs/include/lslidar_msgs/srv/detail/motor_control__rosidl_typesupport_introspection_cpp.hpp\n'}
[77.559759] (-) TimerEvent: {}
[77.569038] (lslidar_msgs) StdoutLine: {'line': b'-- Symlinking: /home/deepak/electronic_ws/install/lslidar_msgs/include/lslidar_msgs/srv/detail/motor_speed__rosidl_typesupport_introspection_cpp.hpp\n'}
[77.578427] (lslidar_msgs) StdoutLine: {'line': b'-- Symlinking: /home/deepak/electronic_ws/install/lslidar_msgs/include/lslidar_msgs/srv/detail/power_control__rosidl_typesupport_introspection_cpp.hpp\n'}
[77.587063] (rtabmap_msgs) StdoutLine: {'line': b'[ 98%] \x1b[32mBuilding C object CMakeFiles/rtabmap_msgs__python.dir/rosidl_generator_py/rtabmap_msgs/msg/_global_descriptor_s.c.o\x1b[0m\n'}
[77.588045] (lslidar_msgs) StdoutLine: {'line': b'-- Symlinking: /home/deepak/electronic_ws/install/lslidar_msgs/include/lslidar_msgs/srv/detail/rfd_removal__rosidl_typesupport_introspection_cpp.hpp\n'}
[77.597102] (lslidar_msgs) StdoutLine: {'line': b'-- Symlinking: /home/deepak/electronic_ws/install/lslidar_msgs/include/lslidar_msgs/srv/detail/standby_mode__rosidl_typesupport_introspection_cpp.hpp\n'}
[77.606346] (lslidar_msgs) StdoutLine: {'line': b'-- Symlinking: /home/deepak/electronic_ws/install/lslidar_msgs/include/lslidar_msgs/srv/detail/tail_removal__rosidl_typesupport_introspection_cpp.hpp\n'}
[77.615522] (lslidar_msgs) StdoutLine: {'line': b'-- Symlinking: /home/deepak/electronic_ws/install/lslidar_msgs/include/lslidar_msgs/srv/detail/time_mode__rosidl_typesupport_introspection_cpp.hpp\n'}
[77.625429] (lslidar_msgs) StdoutLine: {'line': b'-- Symlinking: /home/deepak/electronic_ws/install/lslidar_msgs/share/lslidar_msgs/environment/pythonpath.sh\n'}
[77.635016] (lslidar_msgs) StdoutLine: {'line': b'-- Symlinking: /home/deepak/electronic_ws/install/lslidar_msgs/share/lslidar_msgs/environment/pythonpath.dsv\n'}
[77.644944] (lslidar_msgs) StdoutLine: {'line': b'-- Symlinking: /home/deepak/electronic_ws/install/lslidar_msgs/lib/python3.8/site-packages/lslidar_msgs/__init__.py\n'}
[77.655191] (lslidar_msgs) StdoutLine: {'line': b'-- Symlinking: /home/deepak/electronic_ws/install/lslidar_msgs/lib/python3.8/site-packages/lslidar_msgs/msg/__init__.py\n'}
[77.659988] (-) TimerEvent: {}
[77.664372] (lslidar_msgs) StdoutLine: {'line': b'-- Symlinking: /home/deepak/electronic_ws/install/lslidar_msgs/lib/python3.8/site-packages/lslidar_msgs/msg/_lslidar_information.py\n'}
[77.674044] (lslidar_msgs) StdoutLine: {'line': b'-- Symlinking: /home/deepak/electronic_ws/install/lslidar_msgs/lib/python3.8/site-packages/lslidar_msgs/msg/_lslidar_packet.py\n'}
[77.681984] (rtabmap_msgs) StdoutLine: {'line': b'[ 99%] \x1b[32mBuilding C object CMakeFiles/rtabmap_msgs__python.dir/rosidl_generator_py/rtabmap_msgs/msg/_key_point_s.c.o\x1b[0m\n'}
[77.683658] (lslidar_msgs) StdoutLine: {'line': b'-- Symlinking: /home/deepak/electronic_ws/install/lslidar_msgs/lib/python3.8/site-packages/lslidar_msgs/srv/__init__.py\n'}
[77.692875] (lslidar_msgs) StdoutLine: {'line': b'-- Symlinking: /home/deepak/electronic_ws/install/lslidar_msgs/lib/python3.8/site-packages/lslidar_msgs/srv/_angle_distortion_correction.py\n'}
[77.702056] (lslidar_msgs) StdoutLine: {'line': b'-- Symlinking: /home/deepak/electronic_ws/install/lslidar_msgs/lib/python3.8/site-packages/lslidar_msgs/srv/_frame_rate.py\n'}
[77.711329] (lslidar_msgs) StdoutLine: {'line': b'-- Symlinking: /home/deepak/electronic_ws/install/lslidar_msgs/lib/python3.8/site-packages/lslidar_msgs/srv/_invalid_data.py\n'}
[77.720587] (lslidar_msgs) StdoutLine: {'line': b'-- Symlinking: /home/deepak/electronic_ws/install/lslidar_msgs/lib/python3.8/site-packages/lslidar_msgs/srv/_ip_and_port.py\n'}
[77.729616] (lslidar_msgs) StdoutLine: {'line': b'-- Symlinking: /home/deepak/electronic_ws/install/lslidar_msgs/lib/python3.8/site-packages/lslidar_msgs/srv/_motor_control.py\n'}
[77.738994] (lslidar_msgs) StdoutLine: {'line': b'-- Symlinking: /home/deepak/electronic_ws/install/lslidar_msgs/lib/python3.8/site-packages/lslidar_msgs/srv/_motor_speed.py\n'}
[77.748078] (lslidar_msgs) StdoutLine: {'line': b'-- Symlinking: /home/deepak/electronic_ws/install/lslidar_msgs/lib/python3.8/site-packages/lslidar_msgs/srv/_power_control.py\n'}
[77.757749] (lslidar_msgs) StdoutLine: {'line': b'-- Symlinking: /home/deepak/electronic_ws/install/lslidar_msgs/lib/python3.8/site-packages/lslidar_msgs/srv/_rfd_removal.py\n'}
[77.760084] (-) TimerEvent: {}
[77.765607] (rtabmap_msgs) StdoutLine: {'line': b'[ 99%] \x1b[32m\x1b[1mLinking C shared library rosidl_generator_py/rtabmap_msgs/librtabmap_msgs__python.so\x1b[0m\n'}
[77.766749] (lslidar_msgs) StdoutLine: {'line': b'-- Symlinking: /home/deepak/electronic_ws/install/lslidar_msgs/lib/python3.8/site-packages/lslidar_msgs/srv/_standby_mode.py\n'}
[77.775379] (lslidar_msgs) StdoutLine: {'line': b'-- Symlinking: /home/deepak/electronic_ws/install/lslidar_msgs/lib/python3.8/site-packages/lslidar_msgs/srv/_tail_removal.py\n'}
[77.784543] (lslidar_msgs) StdoutLine: {'line': b'-- Symlinking: /home/deepak/electronic_ws/install/lslidar_msgs/lib/python3.8/site-packages/lslidar_msgs/srv/_time_mode.py\n'}
[77.794672] (lslidar_msgs) StdoutLine: {'line': b'-- Symlinking: /home/deepak/electronic_ws/install/lslidar_msgs/lib/python3.8/site-packages/lslidar_msgs/lslidar_msgs_s__rosidl_typesupport_fastrtps_c.cpython-38-x86_64-linux-gnu.so\n'}
[77.805016] (lslidar_msgs) StdoutLine: {'line': b'-- Symlinking: /home/deepak/electronic_ws/install/lslidar_msgs/lib/python3.8/site-packages/lslidar_msgs/lslidar_msgs_s__rosidl_typesupport_introspection_c.cpython-38-x86_64-linux-gnu.so\n'}
[77.815087] (lslidar_msgs) StdoutLine: {'line': b'-- Symlinking: /home/deepak/electronic_ws/install/lslidar_msgs/lib/python3.8/site-packages/lslidar_msgs/lslidar_msgs_s__rosidl_typesupport_c.cpython-38-x86_64-linux-gnu.so\n'}
[77.825022] (lslidar_msgs) StdoutLine: {'line': b'-- Symlinking: /home/deepak/electronic_ws/install/lslidar_msgs/lib/liblslidar_msgs__python.so\n'}
[77.825959] (rtabmap_msgs) StdoutLine: {'line': b'[ 99%] Built target rtabmap_msgs__python\n'}
[77.834760] (lslidar_msgs) StdoutLine: {'line': b'-- Symlinking: /home/deepak/electronic_ws/install/lslidar_msgs/share/lslidar_msgs/msg/LslidarInformation.idl\n'}
[77.835855] (rtabmap_msgs) StdoutLine: {'line': b'\x1b[35m\x1b[1mScanning dependencies of target rtabmap_msgs__rosidl_typesupport_c__pyext\x1b[0m\n'}
[77.843902] (lslidar_msgs) StdoutLine: {'line': b'-- Symlinking: /home/deepak/electronic_ws/install/lslidar_msgs/share/lslidar_msgs/msg/LslidarPacket.idl\n'}
[77.853332] (lslidar_msgs) StdoutLine: {'line': b'-- Symlinking: /home/deepak/electronic_ws/install/lslidar_msgs/share/lslidar_msgs/srv/AngleDistortionCorrection.idl\n'}
[77.860302] (-) TimerEvent: {}
[77.860571] (rtabmap_msgs) StdoutLine: {'line': b'[100%] \x1b[32mBuilding C object CMakeFiles/rtabmap_msgs__rosidl_typesupport_c__pyext.dir/rosidl_generator_py/rtabmap_msgs/_rtabmap_msgs_s.ep.rosidl_typesupport_c.c.o\x1b[0m\n'}
[77.861985] (lslidar_msgs) StdoutLine: {'line': b'-- Symlinking: /home/deepak/electronic_ws/install/lslidar_msgs/share/lslidar_msgs/srv/FrameRate.idl\n'}
[77.871493] (lslidar_msgs) StdoutLine: {'line': b'-- Symlinking: /home/deepak/electronic_ws/install/lslidar_msgs/share/lslidar_msgs/srv/InvalidData.idl\n'}
[77.880828] (lslidar_msgs) StdoutLine: {'line': b'-- Symlinking: /home/deepak/electronic_ws/install/lslidar_msgs/share/lslidar_msgs/srv/IpAndPort.idl\n'}
[77.890607] (lslidar_msgs) StdoutLine: {'line': b'-- Symlinking: /home/deepak/electronic_ws/install/lslidar_msgs/share/lslidar_msgs/srv/MotorControl.idl\n'}
[77.900207] (lslidar_msgs) StdoutLine: {'line': b'-- Symlinking: /home/deepak/electronic_ws/install/lslidar_msgs/share/lslidar_msgs/srv/MotorSpeed.idl\n'}
[77.910072] (lslidar_msgs) StdoutLine: {'line': b'-- Symlinking: /home/deepak/electronic_ws/install/lslidar_msgs/share/lslidar_msgs/srv/PowerControl.idl\n'}
[77.919444] (lslidar_msgs) StdoutLine: {'line': b'-- Symlinking: /home/deepak/electronic_ws/install/lslidar_msgs/share/lslidar_msgs/srv/RfdRemoval.idl\n'}
[77.928969] (lslidar_msgs) StdoutLine: {'line': b'-- Symlinking: /home/deepak/electronic_ws/install/lslidar_msgs/share/lslidar_msgs/srv/StandbyMode.idl\n'}
[77.938466] (lslidar_msgs) StdoutLine: {'line': b'-- Symlinking: /home/deepak/electronic_ws/install/lslidar_msgs/share/lslidar_msgs/srv/TailRemoval.idl\n'}
[77.948646] (lslidar_msgs) StdoutLine: {'line': b'-- Symlinking: /home/deepak/electronic_ws/install/lslidar_msgs/share/lslidar_msgs/srv/TimeMode.idl\n'}
[77.958265] (lslidar_msgs) StdoutLine: {'line': b'-- Symlinking: /home/deepak/electronic_ws/install/lslidar_msgs/share/lslidar_msgs/msg/LslidarInformation.msg\n'}
[77.960399] (-) TimerEvent: {}
[77.967903] (lslidar_msgs) StdoutLine: {'line': b'-- Symlinking: /home/deepak/electronic_ws/install/lslidar_msgs/share/lslidar_msgs/msg/LslidarPacket.msg\n'}
[77.977566] (lslidar_msgs) StdoutLine: {'line': b'-- Symlinking: /home/deepak/electronic_ws/install/lslidar_msgs/share/lslidar_msgs/srv/AngleDistortionCorrection.srv\n'}
[77.987314] (lslidar_msgs) StdoutLine: {'line': b'-- Symlinking: /home/deepak/electronic_ws/install/lslidar_msgs/share/lslidar_msgs/srv/AngleDistortionCorrection_Request.msg\n'}
[77.997178] (lslidar_msgs) StdoutLine: {'line': b'-- Symlinking: /home/deepak/electronic_ws/install/lslidar_msgs/share/lslidar_msgs/srv/AngleDistortionCorrection_Response.msg\n'}
[78.006894] (lslidar_msgs) StdoutLine: {'line': b'-- Symlinking: /home/deepak/electronic_ws/install/lslidar_msgs/share/lslidar_msgs/srv/FrameRate.srv\n'}
[78.016254] (lslidar_msgs) StdoutLine: {'line': b'-- Symlinking: /home/deepak/electronic_ws/install/lslidar_msgs/share/lslidar_msgs/srv/FrameRate_Request.msg\n'}
[78.025803] (lslidar_msgs) StdoutLine: {'line': b'-- Symlinking: /home/deepak/electronic_ws/install/lslidar_msgs/share/lslidar_msgs/srv/FrameRate_Response.msg\n'}
[78.035516] (lslidar_msgs) StdoutLine: {'line': b'-- Symlinking: /home/deepak/electronic_ws/install/lslidar_msgs/share/lslidar_msgs/srv/InvalidData.srv\n'}
[78.044695] (lslidar_msgs) StdoutLine: {'line': b'-- Symlinking: /home/deepak/electronic_ws/install/lslidar_msgs/share/lslidar_msgs/srv/InvalidData_Request.msg\n'}
[78.054206] (lslidar_msgs) StdoutLine: {'line': b'-- Symlinking: /home/deepak/electronic_ws/install/lslidar_msgs/share/lslidar_msgs/srv/InvalidData_Response.msg\n'}
[78.060612] (-) TimerEvent: {}
[78.063728] (lslidar_msgs) StdoutLine: {'line': b'-- Symlinking: /home/deepak/electronic_ws/install/lslidar_msgs/share/lslidar_msgs/srv/IpAndPort.srv\n'}
[78.073711] (lslidar_msgs) StdoutLine: {'line': b'-- Symlinking: /home/deepak/electronic_ws/install/lslidar_msgs/share/lslidar_msgs/srv/IpAndPort_Request.msg\n'}
[78.082991] (lslidar_msgs) StdoutLine: {'line': b'-- Symlinking: /home/deepak/electronic_ws/install/lslidar_msgs/share/lslidar_msgs/srv/IpAndPort_Response.msg\n'}
[78.092946] (lslidar_msgs) StdoutLine: {'line': b'-- Symlinking: /home/deepak/electronic_ws/install/lslidar_msgs/share/lslidar_msgs/srv/MotorControl.srv\n'}
[78.093864] (rtabmap_msgs) StdoutLine: {'line': b'[100%] \x1b[32m\x1b[1mLinking C shared library rosidl_generator_py/rtabmap_msgs/rtabmap_msgs_s__rosidl_typesupport_c.cpython-38-x86_64-linux-gnu.so\x1b[0m\n'}
[78.102461] (lslidar_msgs) StdoutLine: {'line': b'-- Symlinking: /home/deepak/electronic_ws/install/lslidar_msgs/share/lslidar_msgs/srv/MotorControl_Request.msg\n'}
[78.112715] (lslidar_msgs) StdoutLine: {'line': b'-- Symlinking: /home/deepak/electronic_ws/install/lslidar_msgs/share/lslidar_msgs/srv/MotorControl_Response.msg\n'}
[78.122837] (lslidar_msgs) StdoutLine: {'line': b'-- Symlinking: /home/deepak/electronic_ws/install/lslidar_msgs/share/lslidar_msgs/srv/MotorSpeed.srv\n'}
[78.132571] (lslidar_msgs) StdoutLine: {'line': b'-- Symlinking: /home/deepak/electronic_ws/install/lslidar_msgs/share/lslidar_msgs/srv/MotorSpeed_Request.msg\n'}
[78.141818] (rtabmap_msgs) StdoutLine: {'line': b'[100%] Built target rtabmap_msgs__rosidl_typesupport_c__pyext\n'}
[78.142292] (lslidar_msgs) StdoutLine: {'line': b'-- Symlinking: /home/deepak/electronic_ws/install/lslidar_msgs/share/lslidar_msgs/srv/MotorSpeed_Response.msg\n'}
[78.151671] (lslidar_msgs) StdoutLine: {'line': b'-- Symlinking: /home/deepak/electronic_ws/install/lslidar_msgs/share/lslidar_msgs/srv/PowerControl.srv\n'}
[78.151945] (rtabmap_msgs) StdoutLine: {'line': b'\x1b[35m\x1b[1mScanning dependencies of target rtabmap_msgs__rosidl_typesupport_fastrtps_c__pyext\x1b[0m\n'}
[78.160812] (-) TimerEvent: {}
[78.161171] (lslidar_msgs) StdoutLine: {'line': b'-- Symlinking: /home/deepak/electronic_ws/install/lslidar_msgs/share/lslidar_msgs/srv/PowerControl_Request.msg\n'}
[78.170360] (lslidar_msgs) StdoutLine: {'line': b'-- Symlinking: /home/deepak/electronic_ws/install/lslidar_msgs/share/lslidar_msgs/srv/PowerControl_Response.msg\n'}
[78.178491] (rtabmap_msgs) StdoutLine: {'line': b'[100%] \x1b[32mBuilding C object CMakeFiles/rtabmap_msgs__rosidl_typesupport_fastrtps_c__pyext.dir/rosidl_generator_py/rtabmap_msgs/_rtabmap_msgs_s.ep.rosidl_typesupport_fastrtps_c.c.o\x1b[0m\n'}
[78.179834] (lslidar_msgs) StdoutLine: {'line': b'-- Symlinking: /home/deepak/electronic_ws/install/lslidar_msgs/share/lslidar_msgs/srv/RfdRemoval.srv\n'}
[78.189653] (lslidar_msgs) StdoutLine: {'line': b'-- Symlinking: /home/deepak/electronic_ws/install/lslidar_msgs/share/lslidar_msgs/srv/RfdRemoval_Request.msg\n'}
[78.199557] (lslidar_msgs) StdoutLine: {'line': b'-- Symlinking: /home/deepak/electronic_ws/install/lslidar_msgs/share/lslidar_msgs/srv/RfdRemoval_Response.msg\n'}
[78.209373] (lslidar_msgs) StdoutLine: {'line': b'-- Symlinking: /home/deepak/electronic_ws/install/lslidar_msgs/share/lslidar_msgs/srv/StandbyMode.srv\n'}
[78.219158] (lslidar_msgs) StdoutLine: {'line': b'-- Symlinking: /home/deepak/electronic_ws/install/lslidar_msgs/share/lslidar_msgs/srv/StandbyMode_Request.msg\n'}
[78.228827] (lslidar_msgs) StdoutLine: {'line': b'-- Symlinking: /home/deepak/electronic_ws/install/lslidar_msgs/share/lslidar_msgs/srv/StandbyMode_Response.msg\n'}
[78.238280] (lslidar_msgs) StdoutLine: {'line': b'-- Symlinking: /home/deepak/electronic_ws/install/lslidar_msgs/share/lslidar_msgs/srv/TailRemoval.srv\n'}
[78.247737] (lslidar_msgs) StdoutLine: {'line': b'-- Symlinking: /home/deepak/electronic_ws/install/lslidar_msgs/share/lslidar_msgs/srv/TailRemoval_Request.msg\n'}
[78.257216] (lslidar_msgs) StdoutLine: {'line': b'-- Symlinking: /home/deepak/electronic_ws/install/lslidar_msgs/share/lslidar_msgs/srv/TailRemoval_Response.msg\n'}
[78.260937] (-) TimerEvent: {}
[78.267267] (lslidar_msgs) StdoutLine: {'line': b'-- Symlinking: /home/deepak/electronic_ws/install/lslidar_msgs/share/lslidar_msgs/srv/TimeMode.srv\n'}
[78.277449] (lslidar_msgs) StdoutLine: {'line': b'-- Symlinking: /home/deepak/electronic_ws/install/lslidar_msgs/share/lslidar_msgs/srv/TimeMode_Request.msg\n'}
[78.287159] (lslidar_msgs) StdoutLine: {'line': b'-- Symlinking: /home/deepak/electronic_ws/install/lslidar_msgs/share/lslidar_msgs/srv/TimeMode_Response.msg\n'}
[78.297403] (lslidar_msgs) StdoutLine: {'line': b'-- Symlinking: /home/deepak/electronic_ws/install/lslidar_msgs/share/ament_index/resource_index/package_run_dependencies/lslidar_msgs\n'}
[78.307593] (lslidar_msgs) StdoutLine: {'line': b'-- Symlinking: /home/deepak/electronic_ws/install/lslidar_msgs/share/ament_index/resource_index/parent_prefix_path/lslidar_msgs\n'}
[78.317292] (lslidar_msgs) StdoutLine: {'line': b'-- Symlinking: /home/deepak/electronic_ws/install/lslidar_msgs/share/lslidar_msgs/environment/ament_prefix_path.sh\n'}
[78.326484] (lslidar_msgs) StdoutLine: {'line': b'-- Symlinking: /home/deepak/electronic_ws/install/lslidar_msgs/share/lslidar_msgs/environment/ament_prefix_path.dsv\n'}
[78.336324] (lslidar_msgs) StdoutLine: {'line': b'-- Symlinking: /home/deepak/electronic_ws/install/lslidar_msgs/share/lslidar_msgs/environment/path.sh\n'}
[78.346214] (lslidar_msgs) StdoutLine: {'line': b'-- Symlinking: /home/deepak/electronic_ws/install/lslidar_msgs/share/lslidar_msgs/environment/path.dsv\n'}
[78.355996] (lslidar_msgs) StdoutLine: {'line': b'-- Symlinking: /home/deepak/electronic_ws/install/lslidar_msgs/share/lslidar_msgs/local_setup.bash\n'}
[78.361061] (-) TimerEvent: {}
[78.365662] (lslidar_msgs) StdoutLine: {'line': b'-- Symlinking: /home/deepak/electronic_ws/install/lslidar_msgs/share/lslidar_msgs/local_setup.sh\n'}
[78.375360] (lslidar_msgs) StdoutLine: {'line': b'-- Symlinking: /home/deepak/electronic_ws/install/lslidar_msgs/share/lslidar_msgs/local_setup.zsh\n'}
[78.385052] (lslidar_msgs) StdoutLine: {'line': b'-- Symlinking: /home/deepak/electronic_ws/install/lslidar_msgs/share/lslidar_msgs/local_setup.dsv\n'}
[78.395711] (lslidar_msgs) StdoutLine: {'line': b'-- Symlinking: /home/deepak/electronic_ws/install/lslidar_msgs/share/lslidar_msgs/package.dsv\n'}
[78.405736] (lslidar_msgs) StdoutLine: {'line': b'-- Symlinking: /home/deepak/electronic_ws/install/lslidar_msgs/share/ament_index/resource_index/packages/lslidar_msgs\n'}
[78.416949] (lslidar_msgs) StdoutLine: {'line': b'-- Symlinking: /home/deepak/electronic_ws/install/lslidar_msgs/share/lslidar_msgs/cmake/rosidl_cmake-extras.cmake\n'}
[78.418066] (rtabmap_msgs) StdoutLine: {'line': b'[100%] \x1b[32m\x1b[1mLinking CXX shared library rosidl_generator_py/rtabmap_msgs/rtabmap_msgs_s__rosidl_typesupport_fastrtps_c.cpython-38-x86_64-linux-gnu.so\x1b[0m\n'}
[78.428793] (lslidar_msgs) StdoutLine: {'line': b'-- Symlinking: /home/deepak/electronic_ws/install/lslidar_msgs/share/lslidar_msgs/cmake/ament_cmake_export_dependencies-extras.cmake\n'}
[78.439714] (lslidar_msgs) StdoutLine: {'line': b'-- Symlinking: /home/deepak/electronic_ws/install/lslidar_msgs/share/lslidar_msgs/cmake/ament_cmake_export_libraries-extras.cmake\n'}
[78.449771] (lslidar_msgs) StdoutLine: {'line': b'-- Symlinking: /home/deepak/electronic_ws/install/lslidar_msgs/share/lslidar_msgs/cmake/ament_cmake_export_targets-extras.cmake\n'}
[78.459531] (lslidar_msgs) StdoutLine: {'line': b'-- Symlinking: /home/deepak/electronic_ws/install/lslidar_msgs/share/lslidar_msgs/cmake/ament_cmake_export_include_directories-extras.cmake\n'}
[78.461147] (-) TimerEvent: {}
[78.469311] (lslidar_msgs) StdoutLine: {'line': b'-- Symlinking: /home/deepak/electronic_ws/install/lslidar_msgs/share/lslidar_msgs/cmake/rosidl_cmake_export_typesupport_libraries-extras.cmake\n'}
[78.479073] (lslidar_msgs) StdoutLine: {'line': b'-- Symlinking: /home/deepak/electronic_ws/install/lslidar_msgs/share/lslidar_msgs/cmake/rosidl_cmake_export_typesupport_targets-extras.cmake\n'}
[78.488867] (lslidar_msgs) StdoutLine: {'line': b'-- Symlinking: /home/deepak/electronic_ws/install/lslidar_msgs/share/lslidar_msgs/cmake/lslidar_msgsConfig.cmake\n'}
[78.498698] (lslidar_msgs) StdoutLine: {'line': b'-- Symlinking: /home/deepak/electronic_ws/install/lslidar_msgs/share/lslidar_msgs/cmake/lslidar_msgsConfig-version.cmake\n'}
[78.503856] (rtabmap_msgs) StdoutLine: {'line': b'[100%] Built target rtabmap_msgs__rosidl_typesupport_fastrtps_c__pyext\n'}
[78.507583] (lslidar_msgs) StdoutLine: {'line': b'-- Symlinking: /home/deepak/electronic_ws/install/lslidar_msgs/share/lslidar_msgs/package.xml\n'}
[78.514621] (rtabmap_msgs) StdoutLine: {'line': b'\x1b[35m\x1b[1mScanning dependencies of target rtabmap_msgs__rosidl_typesupport_introspection_c__pyext\x1b[0m\n'}
[78.516463] (lslidar_msgs) StdoutLine: {'line': b'-- Installing: /home/deepak/electronic_ws/install/lslidar_msgs/lib/liblslidar_msgs__rosidl_generator_c.so\n'}
[78.517154] (lslidar_msgs) StdoutLine: {'line': b'-- Set runtime path of "/home/deepak/electronic_ws/install/lslidar_msgs/lib/liblslidar_msgs__rosidl_generator_c.so" to ""\n'}
[78.517395] (lslidar_msgs) StdoutLine: {'line': b'-- Installing: /home/deepak/electronic_ws/install/lslidar_msgs/lib/liblslidar_msgs__rosidl_typesupport_introspection_c.so\n'}
[78.517905] (lslidar_msgs) StdoutLine: {'line': b'-- Set runtime path of "/home/deepak/electronic_ws/install/lslidar_msgs/lib/liblslidar_msgs__rosidl_typesupport_introspection_c.so" to ""\n'}
[78.518035] (lslidar_msgs) StdoutLine: {'line': b'-- Installing: /home/deepak/electronic_ws/install/lslidar_msgs/lib/liblslidar_msgs__rosidl_typesupport_c.so\n'}
[78.518367] (lslidar_msgs) StdoutLine: {'line': b'-- Set runtime path of "/home/deepak/electronic_ws/install/lslidar_msgs/lib/liblslidar_msgs__rosidl_typesupport_c.so" to ""\n'}
[78.518532] (lslidar_msgs) StdoutLine: {'line': b'-- Installing: /home/deepak/electronic_ws/install/lslidar_msgs/lib/liblslidar_msgs__rosidl_typesupport_introspection_cpp.so\n'}
[78.519140] (lslidar_msgs) StdoutLine: {'line': b'-- Set runtime path of "/home/deepak/electronic_ws/install/lslidar_msgs/lib/liblslidar_msgs__rosidl_typesupport_introspection_cpp.so" to ""\n'}
[78.519268] (lslidar_msgs) StdoutLine: {'line': b'-- Installing: /home/deepak/electronic_ws/install/lslidar_msgs/lib/liblslidar_msgs__rosidl_typesupport_cpp.so\n'}
[78.519777] (lslidar_msgs) StdoutLine: {'line': b'-- Set runtime path of "/home/deepak/electronic_ws/install/lslidar_msgs/lib/liblslidar_msgs__rosidl_typesupport_cpp.so" to ""\n'}
[78.540269] (rtabmap_msgs) StdoutLine: {'line': b'[100%] \x1b[32mBuilding C object CMakeFiles/rtabmap_msgs__rosidl_typesupport_introspection_c__pyext.dir/rosidl_generator_py/rtabmap_msgs/_rtabmap_msgs_s.ep.rosidl_typesupport_introspection_c.c.o\x1b[0m\n'}
[78.549172] (lslidar_msgs) StdoutLine: {'line': b"Compiling '/home/deepak/electronic_ws/install/lslidar_msgs/lib/python3.8/site-packages/lslidar_msgs/__init__.py'...\n"}
[78.553637] (lslidar_msgs) StdoutLine: {'line': b'-- Installing: /home/deepak/electronic_ws/install/lslidar_msgs/share/lslidar_msgs/cmake/lslidar_msgs__rosidl_generator_cExport.cmake\n'}
[78.553952] (lslidar_msgs) StdoutLine: {'line': b'-- Installing: /home/deepak/electronic_ws/install/lslidar_msgs/share/lslidar_msgs/cmake/lslidar_msgs__rosidl_generator_cExport-noconfig.cmake\n'}
[78.554121] (lslidar_msgs) StdoutLine: {'line': b'-- Installing: /home/deepak/electronic_ws/install/lslidar_msgs/share/lslidar_msgs/cmake/lslidar_msgs__rosidl_typesupport_introspection_cExport.cmake\n'}
[78.554264] (lslidar_msgs) StdoutLine: {'line': b'-- Installing: /home/deepak/electronic_ws/install/lslidar_msgs/share/lslidar_msgs/cmake/lslidar_msgs__rosidl_typesupport_introspection_cExport-noconfig.cmake\n'}
[78.554478] (lslidar_msgs) StdoutLine: {'line': b'-- Installing: /home/deepak/electronic_ws/install/lslidar_msgs/share/lslidar_msgs/cmake/lslidar_msgs__rosidl_typesupport_cExport.cmake\n'}
[78.554664] (lslidar_msgs) StdoutLine: {'line': b'-- Installing: /home/deepak/electronic_ws/install/lslidar_msgs/share/lslidar_msgs/cmake/lslidar_msgs__rosidl_typesupport_cExport-noconfig.cmake\n'}
[78.554833] (lslidar_msgs) StdoutLine: {'line': b'-- Installing: /home/deepak/electronic_ws/install/lslidar_msgs/share/lslidar_msgs/cmake/lslidar_msgs__rosidl_generator_cppExport.cmake\n'}
[78.555098] (lslidar_msgs) StdoutLine: {'line': b'-- Installing: /home/deepak/electronic_ws/install/lslidar_msgs/share/lslidar_msgs/cmake/lslidar_msgs__rosidl_typesupport_introspection_cppExport.cmake\n'}
[78.555284] (lslidar_msgs) StdoutLine: {'line': b'-- Installing: /home/deepak/electronic_ws/install/lslidar_msgs/share/lslidar_msgs/cmake/lslidar_msgs__rosidl_typesupport_introspection_cppExport-noconfig.cmake\n'}
[78.555537] (lslidar_msgs) StdoutLine: {'line': b'-- Installing: /home/deepak/electronic_ws/install/lslidar_msgs/share/lslidar_msgs/cmake/lslidar_msgs__rosidl_typesupport_cppExport.cmake\n'}
[78.555710] (lslidar_msgs) StdoutLine: {'line': b'-- Installing: /home/deepak/electronic_ws/install/lslidar_msgs/share/lslidar_msgs/cmake/lslidar_msgs__rosidl_typesupport_cppExport-noconfig.cmake\n'}
[78.558914] (lslidar_msgs) CommandEnded: {'returncode': 0}
[78.561417] (-) TimerEvent: {}
[78.575784] (lslidar_msgs) JobEnded: {'identifier': 'lslidar_msgs', 'rc': 0}
[78.577071] (rtabmap_python) JobStarted: {'identifier': 'rtabmap_python'}
[78.661697] (-) TimerEvent: {}
[78.762234] (-) TimerEvent: {}
[78.773506] (rtabmap_msgs) StdoutLine: {'line': b'[100%] \x1b[32m\x1b[1mLinking C shared library rosidl_generator_py/rtabmap_msgs/rtabmap_msgs_s__rosidl_typesupport_introspection_c.cpython-38-x86_64-linux-gnu.so\x1b[0m\n'}
[78.823585] (rtabmap_msgs) StdoutLine: {'line': b'[100%] Built target rtabmap_msgs__rosidl_typesupport_introspection_c__pyext\n'}
[78.837681] (rtabmap_msgs) CommandEnded: {'returncode': 0}
[78.838887] (rtabmap_msgs) JobProgress: {'identifier': 'rtabmap_msgs', 'progress': 'install'}
[78.839189] (rtabmap_msgs) Command: {'cmd': ['/usr/bin/cmake', '--install', '/home/deepak/electronic_ws/build/rtabmap_msgs'], 'cwd': '/home/deepak/electronic_ws/build/rtabmap_msgs', 'env': OrderedDict([('LESSOPEN', '| /usr/bin/lesspipe %s'), ('LANGUAGE', 'en_GB:en'), ('USER', 'deepak'), ('SSH_AGENT_PID', '2164'), ('XDG_SESSION_TYPE', 'x11'), ('SHLVL', '1'), ('LD_LIBRARY_PATH', '/usr/lib/x86_64-linux-gnu/gazebo-11/plugins:/opt/ros/foxy/opt/yaml_cpp_vendor/lib:/opt/ros/foxy/opt/rviz_ogre_vendor/lib:/opt/ros/foxy/lib/x86_64-linux-gnu:/opt/ros/foxy/lib'), ('HOME', '/home/deepak'), ('OLDPWD', '/home/deepak/electronic_ws/src'), ('DESKTOP_SESSION', 'ubuntu'), ('NVM_BIN', '/home/deepak/.nvm/versions/node/v18.20.8/bin'), ('NVM_INC', '/home/deepak/.nvm/versions/node/v18.20.8/include/node'), ('ROS_PYTHON_VERSION', '3'), ('GNOME_SHELL_SESSION_MODE', 'ubuntu'), ('GTK_MODULES', 'gail:atk-bridge'), ('MANAGERPID', '2067'), ('DBUS_SESSION_BUS_ADDRESS', 'unix:path=/run/user/1000/bus'), ('COLORTERM', 'truecolor'), ('TERMINATOR_DBUS_NAME', 'net.tenshu.Terminator21a9d5db22c73a993ff0b42f64b396873'), ('GIO_LAUNCHED_DESKTOP_FILE_PID', '4123'), ('NVM_DIR', '/home/deepak/.nvm'), ('IM_CONFIG_PHASE', '1'), ('ROS_DISTRO', 'foxy'), ('LOGNAME', 'deepak'), ('JOURNAL_STREAM', '8:55426'), ('_', '/usr/bin/colcon'), ('ROS_VERSION', '2'), ('XDG_SESSION_CLASS', 'user'), ('USERNAME', 'deepak'), ('TERM', 'xterm-256color'), ('GNOME_DESKTOP_SESSION_ID', 'this-is-deprecated'), ('ROS_LOCALHOST_ONLY', '0'), ('WINDOWPATH', '2'), ('PATH', '/opt/ros/foxy/bin:/home/deepak/.nvm/versions/node/v18.20.8/bin:/home/deepak/.local/bin:/usr/local/sbin:/usr/local/bin:/usr/sbin:/usr/bin:/sbin:/bin:/usr/games:/usr/local/games:/snap/bin'), ('SESSION_MANAGER', 'local/deepak-Inspiron-3501:@/tmp/.ICE-unix/2204,unix/deepak-Inspiron-3501:/tmp/.ICE-unix/2204'), ('INVOCATION_ID', 'da85f2b1d8074d13affb1bf44f8be6dd'), ('XDG_MENU_PREFIX', 'gnome-'), ('XDG_RUNTIME_DIR', '/run/user/1000'), ('DISPLAY', ':0'), ('TERMINATOR_DBUS_PATH', '/net/tenshu/Terminator2'), ('LANG', 'en_US.UTF-8'), ('XDG_CURRENT_DESKTOP', 'ubuntu:GNOME'), ('XMODIFIERS', '@im=ibus'), ('XDG_SESSION_DESKTOP', 'ubuntu'), ('XAUTHORITY', '/run/user/1000/gdm/Xauthority'), ('LS_COLORS', 'rs=0:di=01;34:ln=01;36:mh=00:pi=40;33:so=01;35:do=01;35:bd=40;33;01:cd=40;33;01:or=40;31;01:mi=00:su=37;41:sg=30;43:ca=30;41:tw=30;42:ow=34;42:st=37;44:ex=01;32:*.tar=01;31:*.tgz=01;31:*.arc=01;31:*.arj=01;31:*.taz=01;31:*.lha=01;31:*.lz4=01;31:*.lzh=01;31:*.lzma=01;31:*.tlz=01;31:*.txz=01;31:*.tzo=01;31:*.t7z=01;31:*.zip=01;31:*.z=01;31:*.dz=01;31:*.gz=01;31:*.lrz=01;31:*.lz=01;31:*.lzo=01;31:*.xz=01;31:*.zst=01;31:*.tzst=01;31:*.bz2=01;31:*.bz=01;31:*.tbz=01;31:*.tbz2=01;31:*.tz=01;31:*.deb=01;31:*.rpm=01;31:*.jar=01;31:*.war=01;31:*.ear=01;31:*.sar=01;31:*.rar=01;31:*.alz=01;31:*.ace=01;31:*.zoo=01;31:*.cpio=01;31:*.7z=01;31:*.rz=01;31:*.cab=01;31:*.wim=01;31:*.swm=01;31:*.dwm=01;31:*.esd=01;31:*.jpg=01;35:*.jpeg=01;35:*.mjpg=01;35:*.mjpeg=01;35:*.gif=01;35:*.bmp=01;35:*.pbm=01;35:*.pgm=01;35:*.ppm=01;35:*.tga=01;35:*.xbm=01;35:*.xpm=01;35:*.tif=01;35:*.tiff=01;35:*.png=01;35:*.svg=01;35:*.svgz=01;35:*.mng=01;35:*.pcx=01;35:*.mov=01;35:*.mpg=01;35:*.mpeg=01;35:*.m2v=01;35:*.mkv=01;35:*.webm=01;35:*.ogm=01;35:*.mp4=01;35:*.m4v=01;35:*.mp4v=01;35:*.vob=01;35:*.qt=01;35:*.nuv=01;35:*.wmv=01;35:*.asf=01;35:*.rm=01;35:*.rmvb=01;35:*.flc=01;35:*.avi=01;35:*.fli=01;35:*.flv=01;35:*.gl=01;35:*.dl=01;35:*.xcf=01;35:*.xwd=01;35:*.yuv=01;35:*.cgm=01;35:*.emf=01;35:*.ogv=01;35:*.ogx=01;35:*.aac=00;36:*.au=00;36:*.flac=00;36:*.m4a=00;36:*.mid=00;36:*.midi=00;36:*.mka=00;36:*.mp3=00;36:*.mpc=00;36:*.ogg=00;36:*.ra=00;36:*.wav=00;36:*.oga=00;36:*.opus=00;36:*.spx=00;36:*.xspf=00;36:'), ('SSH_AUTH_SOCK', '/run/user/1000/keyring/ssh'), ('AMENT_PREFIX_PATH', '/opt/ros/foxy'), ('SHELL', '/bin/bash'), ('TERMINATOR_UUID', 'urn:uuid:fcc518c1-d712-42cf-a147-6525ef5360a1'), ('QT_ACCESSIBILITY', '1'), ('GDMSESSION', 'ubuntu'), ('LESSCLOSE', '/usr/bin/lesspipe %s %s'), ('GPG_AGENT_INFO', '/run/user/1000/gnupg/S.gpg-agent:0:1'), ('QT_IM_MODULE', 'ibus'), ('PWD', '/home/deepak/electronic_ws/build/rtabmap_msgs'), ('LC_ALL', 'en_US.UTF-8'), ('XDG_CONFIG_DIRS', '/etc/xdg/xdg-ubuntu:/etc/xdg'), ('NVM_CD_FLAGS', ''), ('XDG_DATA_DIRS', '/usr/share/ubuntu:/usr/local/share/:/usr/share/:/var/lib/snapd/desktop'), ('PYTHONPATH', '/opt/ros/foxy/lib/python3.8/site-packages'), ('COLCON', '1'), ('VTE_VERSION', '6003')]), 'shell': False}
[78.851200] (rtabmap_msgs) StdoutLine: {'line': b'-- Install configuration: ""\n'}
[78.851453] (rtabmap_msgs) StdoutLine: {'line': b'-- Installing: /home/deepak/electronic_ws/install/rtabmap_msgs/share/ament_index/resource_index/rosidl_interfaces/rtabmap_msgs\n'}
[78.851598] (rtabmap_msgs) StdoutLine: {'line': b'-- Installing: /home/deepak/electronic_ws/install/rtabmap_msgs/include/rtabmap_msgs\n'}
[78.851676] (rtabmap_msgs) StdoutLine: {'line': b'-- Installing: /home/deepak/electronic_ws/install/rtabmap_msgs/include/rtabmap_msgs/msg\n'}
[78.851750] (rtabmap_msgs) StdoutLine: {'line': b'-- Installing: /home/deepak/electronic_ws/install/rtabmap_msgs/include/rtabmap_msgs/msg/global_descriptor.h\n'}
[78.851854] (rtabmap_msgs) StdoutLine: {'line': b'-- Installing: /home/deepak/electronic_ws/install/rtabmap_msgs/include/rtabmap_msgs/msg/gps.h\n'}
[78.851974] (rtabmap_msgs) StdoutLine: {'line': b'-- Installing: /home/deepak/electronic_ws/install/rtabmap_msgs/include/rtabmap_msgs/msg/info.h\n'}
[78.852065] (rtabmap_msgs) StdoutLine: {'line': b'-- Installing: /home/deepak/electronic_ws/install/rtabmap_msgs/include/rtabmap_msgs/msg/camera_model.h\n'}
[78.852143] (rtabmap_msgs) StdoutLine: {'line': b'-- Installing: /home/deepak/electronic_ws/install/rtabmap_msgs/include/rtabmap_msgs/msg/scan_descriptor.h\n'}
[78.852256] (rtabmap_msgs) StdoutLine: {'line': b'-- Installing: /home/deepak/electronic_ws/install/rtabmap_msgs/include/rtabmap_msgs/msg/camera_models.h\n'}
[78.852352] (rtabmap_msgs) StdoutLine: {'line': b'-- Installing: /home/deepak/electronic_ws/install/rtabmap_msgs/include/rtabmap_msgs/msg/goal.h\n'}
[78.852430] (rtabmap_msgs) StdoutLine: {'line': b'-- Installing: /home/deepak/electronic_ws/install/rtabmap_msgs/include/rtabmap_msgs/msg/env_sensor.h\n'}
[78.852506] (rtabmap_msgs) StdoutLine: {'line': b'-- Installing: /home/deepak/electronic_ws/install/rtabmap_msgs/include/rtabmap_msgs/msg/rgbd_images.h\n'}
[78.852582] (rtabmap_msgs) StdoutLine: {'line': b'-- Installing: /home/deepak/electronic_ws/install/rtabmap_msgs/include/rtabmap_msgs/msg/detail\n'}
[78.852648] (rtabmap_msgs) StdoutLine: {'line': b'-- Installing: /home/deepak/electronic_ws/install/rtabmap_msgs/include/rtabmap_msgs/msg/detail/env_sensor__type_support.h\n'}
[78.852733] (rtabmap_msgs) StdoutLine: {'line': b'-- Installing: /home/deepak/electronic_ws/install/rtabmap_msgs/include/rtabmap_msgs/msg/detail/user_data__struct.h\n'}
[78.852856] (rtabmap_msgs) StdoutLine: {'line': b'-- Installing: /home/deepak/electronic_ws/install/rtabmap_msgs/include/rtabmap_msgs/msg/detail/path__type_support.h\n'}
[78.852965] (rtabmap_msgs) StdoutLine: {'line': b'-- Installing: /home/deepak/electronic_ws/install/rtabmap_msgs/include/rtabmap_msgs/msg/detail/odom_info__functions.h\n'}
[78.853040] (rtabmap_msgs) StdoutLine: {'line': b'-- Installing: /home/deepak/electronic_ws/install/rtabmap_msgs/include/rtabmap_msgs/msg/detail/point2f__functions.h\n'}
[78.853105] (rtabmap_msgs) StdoutLine: {'line': b'-- Installing: /home/deepak/electronic_ws/install/rtabmap_msgs/include/rtabmap_msgs/msg/detail/camera_models__functions.h\n'}
[78.853192] (rtabmap_msgs) StdoutLine: {'line': b'-- Installing: /home/deepak/electronic_ws/install/rtabmap_msgs/include/rtabmap_msgs/msg/detail/link__type_support.h\n'}
[78.853256] (rtabmap_msgs) StdoutLine: {'line': b'-- Installing: /home/deepak/electronic_ws/install/rtabmap_msgs/include/rtabmap_msgs/msg/detail/scan_descriptor__functions.h\n'}
[78.853322] (rtabmap_msgs) StdoutLine: {'line': b'-- Installing: /home/deepak/electronic_ws/install/rtabmap_msgs/include/rtabmap_msgs/msg/detail/map_data__type_support.h\n'}
[78.853420] (rtabmap_msgs) StdoutLine: {'line': b'-- Installing: /home/deepak/electronic_ws/install/rtabmap_msgs/include/rtabmap_msgs/msg/detail/rgbd_image__functions.c\n'}
[78.853495] (rtabmap_msgs) StdoutLine: {'line': b'-- Installing: /home/deepak/electronic_ws/install/rtabmap_msgs/include/rtabmap_msgs/msg/detail/global_descriptor__functions.h\n'}
[78.853585] (rtabmap_msgs) StdoutLine: {'line': b'-- Installing: /home/deepak/electronic_ws/install/rtabmap_msgs/include/rtabmap_msgs/msg/detail/key_point__functions.h\n'}
[78.853649] (rtabmap_msgs) StdoutLine: {'line': b'-- Installing: /home/deepak/electronic_ws/install/rtabmap_msgs/include/rtabmap_msgs/msg/detail/map_graph__struct.h\n'}
[78.853712] (rtabmap_msgs) StdoutLine: {'line': b'-- Installing: /home/deepak/electronic_ws/install/rtabmap_msgs/include/rtabmap_msgs/msg/detail/rgbd_images__struct.h\n'}
[78.853776] (rtabmap_msgs) StdoutLine: {'line': b'-- Installing: /home/deepak/electronic_ws/install/rtabmap_msgs/include/rtabmap_msgs/msg/detail/info__functions.c\n'}
[78.853842] (rtabmap_msgs) StdoutLine: {'line': b'-- Installing: /home/deepak/electronic_ws/install/rtabmap_msgs/include/rtabmap_msgs/msg/detail/user_data__functions.c\n'}
[78.853905] (rtabmap_msgs) StdoutLine: {'line': b'-- Installing: /home/deepak/electronic_ws/install/rtabmap_msgs/include/rtabmap_msgs/msg/detail/rgbd_image__functions.h\n'}
[78.853969] (rtabmap_msgs) StdoutLine: {'line': b'-- Installing: /home/deepak/electronic_ws/install/rtabmap_msgs/include/rtabmap_msgs/msg/detail/scan_descriptor__struct.h\n'}
[78.854032] (rtabmap_msgs) StdoutLine: {'line': b'-- Installing: /home/deepak/electronic_ws/install/rtabmap_msgs/include/rtabmap_msgs/msg/detail/point3f__struct.h\n'}
[78.854113] (rtabmap_msgs) StdoutLine: {'line': b'-- Installing: /home/deepak/electronic_ws/install/rtabmap_msgs/include/rtabmap_msgs/msg/detail/map_data__struct.h\n'}
[78.854177] (rtabmap_msgs) StdoutLine: {'line': b'-- Installing: /home/deepak/electronic_ws/install/rtabmap_msgs/include/rtabmap_msgs/msg/detail/map_data__functions.c\n'}
[78.854239] (rtabmap_msgs) StdoutLine: {'line': b'-- Installing: /home/deepak/electronic_ws/install/rtabmap_msgs/include/rtabmap_msgs/msg/detail/map_graph__functions.c\n'}
[78.854302] (rtabmap_msgs) StdoutLine: {'line': b'-- Installing: /home/deepak/electronic_ws/install/rtabmap_msgs/include/rtabmap_msgs/msg/detail/point2f__functions.c\n'}
[78.854397] (rtabmap_msgs) StdoutLine: {'line': b'-- Installing: /home/deepak/electronic_ws/install/rtabmap_msgs/include/rtabmap_msgs/msg/detail/odom_info__struct.h\n'}
[78.854462] (rtabmap_msgs) StdoutLine: {'line': b'-- Installing: /home/deepak/electronic_ws/install/rtabmap_msgs/include/rtabmap_msgs/msg/detail/key_point__functions.c\n'}
[78.854526] (rtabmap_msgs) StdoutLine: {'line': b'-- Installing: /home/deepak/electronic_ws/install/rtabmap_msgs/include/rtabmap_msgs/msg/detail/env_sensor__functions.h\n'}
[78.854588] (rtabmap_msgs) StdoutLine: {'line': b'-- Installing: /home/deepak/electronic_ws/install/rtabmap_msgs/include/rtabmap_msgs/msg/detail/gps__functions.c\n'}
[78.854652] (rtabmap_msgs) StdoutLine: {'line': b'-- Installing: /home/deepak/electronic_ws/install/rtabmap_msgs/include/rtabmap_msgs/msg/detail/node_data__functions.c\n'}
[78.854745] (rtabmap_msgs) StdoutLine: {'line': b'-- Installing: /home/deepak/electronic_ws/install/rtabmap_msgs/include/rtabmap_msgs/msg/detail/link__struct.h\n'}
[78.854847] (rtabmap_msgs) StdoutLine: {'line': b'-- Installing: /home/deepak/electronic_ws/install/rtabmap_msgs/include/rtabmap_msgs/msg/detail/camera_model__struct.h\n'}
[78.854912] (rtabmap_msgs) StdoutLine: {'line': b'-- Installing: /home/deepak/electronic_ws/install/rtabmap_msgs/include/rtabmap_msgs/msg/detail/info__type_support.h\n'}
[78.855003] (rtabmap_msgs) StdoutLine: {'line': b'-- Installing: /home/deepak/electronic_ws/install/rtabmap_msgs/include/rtabmap_msgs/msg/detail/global_descriptor__struct.h\n'}
[78.855070] (rtabmap_msgs) StdoutLine: {'line': b'-- Installing: /home/deepak/electronic_ws/install/rtabmap_msgs/include/rtabmap_msgs/msg/detail/camera_model__type_support.h\n'}
[78.855156] (rtabmap_msgs) StdoutLine: {'line': b'-- Installing: /home/deepak/electronic_ws/install/rtabmap_msgs/include/rtabmap_msgs/msg/detail/gps__functions.h\n'}
[78.855222] (rtabmap_msgs) StdoutLine: {'line': b'-- Installing: /home/deepak/electronic_ws/install/rtabmap_msgs/include/rtabmap_msgs/msg/detail/goal__functions.c\n'}
[78.855308] (rtabmap_msgs) StdoutLine: {'line': b'-- Installing: /home/deepak/electronic_ws/install/rtabmap_msgs/include/rtabmap_msgs/msg/detail/path__struct.h\n'}
[78.855398] (rtabmap_msgs) StdoutLine: {'line': b'-- Installing: /home/deepak/electronic_ws/install/rtabmap_msgs/include/rtabmap_msgs/msg/detail/goal__struct.h\n'}
[78.855463] (rtabmap_msgs) StdoutLine: {'line': b'-- Installing: /home/deepak/electronic_ws/install/rtabmap_msgs/include/rtabmap_msgs/msg/detail/rgbd_image__struct.h\n'}
[78.855562] (rtabmap_msgs) StdoutLine: {'line': b'-- Installing: /home/deepak/electronic_ws/install/rtabmap_msgs/include/rtabmap_msgs/msg/detail/map_graph__functions.h\n'}
[78.855629] (rtabmap_msgs) StdoutLine: {'line': b'-- Installing: /home/deepak/electronic_ws/install/rtabmap_msgs/include/rtabmap_msgs/msg/detail/map_graph__type_support.h\n'}
[78.855693] (rtabmap_msgs) StdoutLine: {'line': b'-- Installing: /home/deepak/electronic_ws/install/rtabmap_msgs/include/rtabmap_msgs/msg/detail/link__functions.h\n'}
[78.855757] (rtabmap_msgs) StdoutLine: {'line': b'-- Installing: /home/deepak/electronic_ws/install/rtabmap_msgs/include/rtabmap_msgs/msg/detail/scan_descriptor__type_support.h\n'}
[78.855822] (rtabmap_msgs) StdoutLine: {'line': b'-- Installing: /home/deepak/electronic_ws/install/rtabmap_msgs/include/rtabmap_msgs/msg/detail/scan_descriptor__functions.c\n'}
[78.855901] (rtabmap_msgs) StdoutLine: {'line': b'-- Installing: /home/deepak/electronic_ws/install/rtabmap_msgs/include/rtabmap_msgs/msg/detail/info__functions.h\n'}
[78.855965] (rtabmap_msgs) StdoutLine: {'line': b'-- Installing: /home/deepak/electronic_ws/install/rtabmap_msgs/include/rtabmap_msgs/msg/detail/point2f__type_support.h\n'}
[78.856029] (rtabmap_msgs) StdoutLine: {'line': b'-- Installing: /home/deepak/electronic_ws/install/rtabmap_msgs/include/rtabmap_msgs/msg/detail/point3f__functions.c\n'}
[78.856137] (rtabmap_msgs) StdoutLine: {'line': b'-- Installing: /home/deepak/electronic_ws/install/rtabmap_msgs/include/rtabmap_msgs/msg/detail/rgbd_images__functions.c\n'}
[78.856202] (rtabmap_msgs) StdoutLine: {'line': b'-- Installing: /home/deepak/electronic_ws/install/rtabmap_msgs/include/rtabmap_msgs/msg/detail/camera_model__functions.c\n'}
[78.856290] (rtabmap_msgs) StdoutLine: {'line': b'-- Installing: /home/deepak/electronic_ws/install/rtabmap_msgs/include/rtabmap_msgs/msg/detail/odom_info__functions.c\n'}
[78.856362] (rtabmap_msgs) StdoutLine: {'line': b'-- Installing: /home/deepak/electronic_ws/install/rtabmap_msgs/include/rtabmap_msgs/msg/detail/point3f__functions.h\n'}
[78.856433] (rtabmap_msgs) StdoutLine: {'line': b'-- Installing: /home/deepak/electronic_ws/install/rtabmap_msgs/include/rtabmap_msgs/msg/detail/key_point__struct.h\n'}
[78.856499] (rtabmap_msgs) StdoutLine: {'line': b'-- Installing: /home/deepak/electronic_ws/install/rtabmap_msgs/include/rtabmap_msgs/msg/detail/rgbd_images__type_support.h\n'}
[78.856565] (rtabmap_msgs) StdoutLine: {'line': b'-- Installing: /home/deepak/electronic_ws/install/rtabmap_msgs/include/rtabmap_msgs/msg/detail/odom_info__type_support.h\n'}
[78.856628] (rtabmap_msgs) StdoutLine: {'line': b'-- Installing: /home/deepak/electronic_ws/install/rtabmap_msgs/include/rtabmap_msgs/msg/detail/point2f__struct.h\n'}
[78.856692] (rtabmap_msgs) StdoutLine: {'line': b'-- Installing: /home/deepak/electronic_ws/install/rtabmap_msgs/include/rtabmap_msgs/msg/detail/info__struct.h\n'}
[78.856755] (rtabmap_msgs) StdoutLine: {'line': b'-- Installing: /home/deepak/electronic_ws/install/rtabmap_msgs/include/rtabmap_msgs/msg/detail/global_descriptor__type_support.h\n'}
[78.856818] (rtabmap_msgs) StdoutLine: {'line': b'-- Installing: /home/deepak/electronic_ws/install/rtabmap_msgs/include/rtabmap_msgs/msg/detail/map_data__functions.h\n'}
[78.856879] (rtabmap_msgs) StdoutLine: {'line': b'-- Installing: /home/deepak/electronic_ws/install/rtabmap_msgs/include/rtabmap_msgs/msg/detail/camera_models__functions.c\n'}
[78.857264] (rtabmap_msgs) StdoutLine: {'line': b'-- Installing: /home/deepak/electronic_ws/install/rtabmap_msgs/include/rtabmap_msgs/msg/detail/env_sensor__struct.h\n'}
[78.857334] (rtabmap_msgs) StdoutLine: {'line': b'-- Installing: /home/deepak/electronic_ws/install/rtabmap_msgs/include/rtabmap_msgs/msg/detail/node_data__type_support.h\n'}
[78.857419] (rtabmap_msgs) StdoutLine: {'line': b'-- Installing: /home/deepak/electronic_ws/install/rtabmap_msgs/include/rtabmap_msgs/msg/detail/rgbd_image__type_support.h\n'}
[78.857484] (rtabmap_msgs) StdoutLine: {'line': b'-- Installing: /home/deepak/electronic_ws/install/rtabmap_msgs/include/rtabmap_msgs/msg/detail/goal__functions.h\n'}
[78.857545] (rtabmap_msgs) StdoutLine: {'line': b'-- Installing: /home/deepak/electronic_ws/install/rtabmap_msgs/include/rtabmap_msgs/msg/detail/path__functions.h\n'}
[78.857614] (rtabmap_msgs) StdoutLine: {'line': b'-- Installing: /home/deepak/electronic_ws/install/rtabmap_msgs/include/rtabmap_msgs/msg/detail/global_descriptor__functions.c\n'}
[78.857714] (rtabmap_msgs) StdoutLine: {'line': b'-- Installing: /home/deepak/electronic_ws/install/rtabmap_msgs/include/rtabmap_msgs/msg/detail/camera_models__type_support.h\n'}
[78.857779] (rtabmap_msgs) StdoutLine: {'line': b'-- Installing: /home/deepak/electronic_ws/install/rtabmap_msgs/include/rtabmap_msgs/msg/detail/camera_model__functions.h\n'}
[78.857881] (rtabmap_msgs) StdoutLine: {'line': b'-- Installing: /home/deepak/electronic_ws/install/rtabmap_msgs/include/rtabmap_msgs/msg/detail/rgbd_images__functions.h\n'}
[78.857956] (rtabmap_msgs) StdoutLine: {'line': b'-- Installing: /home/deepak/electronic_ws/install/rtabmap_msgs/include/rtabmap_msgs/msg/detail/gps__type_support.h\n'}
[78.858023] (rtabmap_msgs) StdoutLine: {'line': b'-- Installing: /home/deepak/electronic_ws/install/rtabmap_msgs/include/rtabmap_msgs/msg/detail/node_data__struct.h\n'}
[78.858111] (rtabmap_msgs) StdoutLine: {'line': b'-- Installing: /home/deepak/electronic_ws/install/rtabmap_msgs/include/rtabmap_msgs/msg/detail/user_data__functions.h\n'}
[78.858176] (rtabmap_msgs) StdoutLine: {'line': b'-- Installing: /home/deepak/electronic_ws/install/rtabmap_msgs/include/rtabmap_msgs/msg/detail/key_point__type_support.h\n'}
[78.858241] (rtabmap_msgs) StdoutLine: {'line': b'-- Installing: /home/deepak/electronic_ws/install/rtabmap_msgs/include/rtabmap_msgs/msg/detail/path__functions.c\n'}
[78.858304] (rtabmap_msgs) StdoutLine: {'line': b'-- Installing: /home/deepak/electronic_ws/install/rtabmap_msgs/include/rtabmap_msgs/msg/detail/env_sensor__functions.c\n'}
[78.858405] (rtabmap_msgs) StdoutLine: {'line': b'-- Installing: /home/deepak/electronic_ws/install/rtabmap_msgs/include/rtabmap_msgs/msg/detail/user_data__type_support.h\n'}
[78.858483] (rtabmap_msgs) StdoutLine: {'line': b'-- Installing: /home/deepak/electronic_ws/install/rtabmap_msgs/include/rtabmap_msgs/msg/detail/node_data__functions.h\n'}
[78.858551] (rtabmap_msgs) StdoutLine: {'line': b'-- Installing: /home/deepak/electronic_ws/install/rtabmap_msgs/include/rtabmap_msgs/msg/detail/camera_models__struct.h\n'}
[78.858620] (rtabmap_msgs) StdoutLine: {'line': b'-- Installing: /home/deepak/electronic_ws/install/rtabmap_msgs/include/rtabmap_msgs/msg/detail/link__functions.c\n'}
[78.858685] (rtabmap_msgs) StdoutLine: {'line': b'-- Installing: /home/deepak/electronic_ws/install/rtabmap_msgs/include/rtabmap_msgs/msg/detail/goal__type_support.h\n'}
[78.858748] (rtabmap_msgs) StdoutLine: {'line': b'-- Installing: /home/deepak/electronic_ws/install/rtabmap_msgs/include/rtabmap_msgs/msg/detail/point3f__type_support.h\n'}
[78.858812] (rtabmap_msgs) StdoutLine: {'line': b'-- Installing: /home/deepak/electronic_ws/install/rtabmap_msgs/include/rtabmap_msgs/msg/detail/gps__struct.h\n'}
[78.858875] (rtabmap_msgs) StdoutLine: {'line': b'-- Installing: /home/deepak/electronic_ws/install/rtabmap_msgs/include/rtabmap_msgs/msg/node_data.h\n'}
[78.858938] (rtabmap_msgs) StdoutLine: {'line': b'-- Installing: /home/deepak/electronic_ws/install/rtabmap_msgs/include/rtabmap_msgs/msg/link.h\n'}
[78.859014] (rtabmap_msgs) StdoutLine: {'line': b'-- Installing: /home/deepak/electronic_ws/install/rtabmap_msgs/include/rtabmap_msgs/msg/map_graph.h\n'}
[78.859077] (rtabmap_msgs) StdoutLine: {'line': b'-- Installing: /home/deepak/electronic_ws/install/rtabmap_msgs/include/rtabmap_msgs/msg/user_data.h\n'}
[78.859138] (rtabmap_msgs) StdoutLine: {'line': b'-- Installing: /home/deepak/electronic_ws/install/rtabmap_msgs/include/rtabmap_msgs/msg/rosidl_generator_c__visibility_control.h\n'}
[78.859242] (rtabmap_msgs) StdoutLine: {'line': b'-- Installing: /home/deepak/electronic_ws/install/rtabmap_msgs/include/rtabmap_msgs/msg/point2f.h\n'}
[78.859305] (rtabmap_msgs) StdoutLine: {'line': b'-- Installing: /home/deepak/electronic_ws/install/rtabmap_msgs/include/rtabmap_msgs/msg/path.h\n'}
[78.859382] (rtabmap_msgs) StdoutLine: {'line': b'-- Installing: /home/deepak/electronic_ws/install/rtabmap_msgs/include/rtabmap_msgs/msg/point3f.h\n'}
[78.859448] (rtabmap_msgs) StdoutLine: {'line': b'-- Installing: /home/deepak/electronic_ws/install/rtabmap_msgs/include/rtabmap_msgs/msg/map_data.h\n'}
[78.859510] (rtabmap_msgs) StdoutLine: {'line': b'-- Installing: /home/deepak/electronic_ws/install/rtabmap_msgs/include/rtabmap_msgs/msg/key_point.h\n'}
[78.859571] (rtabmap_msgs) StdoutLine: {'line': b'-- Installing: /home/deepak/electronic_ws/install/rtabmap_msgs/include/rtabmap_msgs/msg/rgbd_image.h\n'}
[78.859666] (rtabmap_msgs) StdoutLine: {'line': b'-- Installing: /home/deepak/electronic_ws/install/rtabmap_msgs/include/rtabmap_msgs/msg/odom_info.h\n'}
[78.859729] (rtabmap_msgs) StdoutLine: {'line': b'-- Installing: /home/deepak/electronic_ws/install/rtabmap_msgs/include/rtabmap_msgs/srv\n'}
[78.859790] (rtabmap_msgs) StdoutLine: {'line': b'-- Installing: /home/deepak/electronic_ws/install/rtabmap_msgs/include/rtabmap_msgs/srv/get_map2.h\n'}
[78.859878] (rtabmap_msgs) StdoutLine: {'line': b'-- Installing: /home/deepak/electronic_ws/install/rtabmap_msgs/include/rtabmap_msgs/srv/add_link.h\n'}
[78.859943] (rtabmap_msgs) StdoutLine: {'line': b'-- Installing: /home/deepak/electronic_ws/install/rtabmap_msgs/include/rtabmap_msgs/srv/get_nodes_in_radius.h\n'}
[78.860027] (rtabmap_msgs) StdoutLine: {'line': b'-- Installing: /home/deepak/electronic_ws/install/rtabmap_msgs/include/rtabmap_msgs/srv/global_bundle_adjustment.h\n'}
[78.860090] (rtabmap_msgs) StdoutLine: {'line': b'-- Installing: /home/deepak/electronic_ws/install/rtabmap_msgs/include/rtabmap_msgs/srv/get_plan.h\n'}
[78.860151] (rtabmap_msgs) StdoutLine: {'line': b'-- Installing: /home/deepak/electronic_ws/install/rtabmap_msgs/include/rtabmap_msgs/srv/load_database.h\n'}
[78.860213] (rtabmap_msgs) StdoutLine: {'line': b'-- Installing: /home/deepak/electronic_ws/install/rtabmap_msgs/include/rtabmap_msgs/srv/detect_more_loop_closures.h\n'}
[78.860275] (rtabmap_msgs) StdoutLine: {'line': b'-- Installing: /home/deepak/electronic_ws/install/rtabmap_msgs/include/rtabmap_msgs/srv/get_node_data.h\n'}
[78.860335] (rtabmap_msgs) StdoutLine: {'line': b'-- Installing: /home/deepak/electronic_ws/install/rtabmap_msgs/include/rtabmap_msgs/srv/detail\n'}
[78.860397] (rtabmap_msgs) StdoutLine: {'line': b'-- Installing: /home/deepak/electronic_ws/install/rtabmap_msgs/include/rtabmap_msgs/srv/detail/get_map__functions.h\n'}
[78.860472] (rtabmap_msgs) StdoutLine: {'line': b'-- Installing: /home/deepak/electronic_ws/install/rtabmap_msgs/include/rtabmap_msgs/srv/detail/get_map__struct.h\n'}
[78.860534] (rtabmap_msgs) StdoutLine: {'line': b'-- Installing: /home/deepak/electronic_ws/install/rtabmap_msgs/include/rtabmap_msgs/srv/detail/set_label__struct.h\n'}
[78.860595] (rtabmap_msgs) StdoutLine: {'line': b'-- Installing: /home/deepak/electronic_ws/install/rtabmap_msgs/include/rtabmap_msgs/srv/detail/cleanup_local_grids__struct.h\n'}
[78.860657] (rtabmap_msgs) StdoutLine: {'line': b'-- Installing: /home/deepak/electronic_ws/install/rtabmap_msgs/include/rtabmap_msgs/srv/detail/set_goal__functions.h\n'}
[78.860719] (rtabmap_msgs) StdoutLine: {'line': b'-- Installing: /home/deepak/electronic_ws/install/rtabmap_msgs/include/rtabmap_msgs/srv/detail/load_database__functions.h\n'}
[78.860840] (rtabmap_msgs) StdoutLine: {'line': b'-- Installing: /home/deepak/electronic_ws/install/rtabmap_msgs/include/rtabmap_msgs/srv/detail/get_map2__type_support.h\n'}
[78.860921] (rtabmap_msgs) StdoutLine: {'line': b'-- Installing: /home/deepak/electronic_ws/install/rtabmap_msgs/include/rtabmap_msgs/srv/detail/reset_pose__functions.h\n'}
[78.860981] (rtabmap_msgs) StdoutLine: {'line': b'-- Installing: /home/deepak/electronic_ws/install/rtabmap_msgs/include/rtabmap_msgs/srv/detail/load_database__struct.h\n'}
[78.861034] (rtabmap_msgs) StdoutLine: {'line': b'-- Installing: /home/deepak/electronic_ws/install/rtabmap_msgs/include/rtabmap_msgs/srv/detail/remove_label__functions.h\n'}
[78.861105] (rtabmap_msgs) StdoutLine: {'line': b'-- Installing: /home/deepak/electronic_ws/install/rtabmap_msgs/include/rtabmap_msgs/srv/detail/set_label__type_support.h\n'}
[78.861165] (rtabmap_msgs) StdoutLine: {'line': b'-- Installing: /home/deepak/electronic_ws/install/rtabmap_msgs/include/rtabmap_msgs/srv/detail/get_nodes_in_radius__type_support.h\n'}
[78.861247] (rtabmap_msgs) StdoutLine: {'line': b'-- Installing: /home/deepak/electronic_ws/install/rtabmap_msgs/include/rtabmap_msgs/srv/detail/load_database__type_support.h\n'}
[78.861311] (rtabmap_msgs) StdoutLine: {'line': b'-- Installing: /home/deepak/electronic_ws/install/rtabmap_msgs/include/rtabmap_msgs/srv/detail/get_node_data__functions.h\n'}
[78.861373] (rtabmap_msgs) StdoutLine: {'line': b'-- Installing: /home/deepak/electronic_ws/install/rtabmap_msgs/include/rtabmap_msgs/srv/detail/publish_map__functions.h\n'}
[78.861454] (rtabmap_msgs) StdoutLine: {'line': b'-- Installing: /home/deepak/electronic_ws/install/rtabmap_msgs/include/rtabmap_msgs/srv/detail/global_bundle_adjustment__type_support.h\n'}
[78.861525] (rtabmap_msgs) StdoutLine: {'line': b'-- Installing: /home/deepak/electronic_ws/install/rtabmap_msgs/include/rtabmap_msgs/srv/detail/get_node_data__functions.c\n'}
[78.861587] (rtabmap_msgs) StdoutLine: {'line': b'-- Installing: /home/deepak/electronic_ws/install/rtabmap_msgs/include/rtabmap_msgs/srv/detail/reset_pose__functions.c\n'}
[78.861647] (rtabmap_msgs) StdoutLine: {'line': b'-- Installing: /home/deepak/electronic_ws/install/rtabmap_msgs/include/rtabmap_msgs/srv/detail/remove_label__type_support.h\n'}
[78.861708] (rtabmap_msgs) StdoutLine: {'line': b'-- Installing: /home/deepak/electronic_ws/install/rtabmap_msgs/include/rtabmap_msgs/srv/detail/get_nodes_in_radius__struct.h\n'}
[78.861772] (rtabmap_msgs) StdoutLine: {'line': b'-- Installing: /home/deepak/electronic_ws/install/rtabmap_msgs/include/rtabmap_msgs/srv/detail/global_bundle_adjustment__functions.h\n'}
[78.861834] (rtabmap_msgs) StdoutLine: {'line': b'-- Installing: /home/deepak/electronic_ws/install/rtabmap_msgs/include/rtabmap_msgs/srv/detail/publish_map__functions.c\n'}
[78.861943] (rtabmap_msgs) StdoutLine: {'line': b'-- Installing: /home/deepak/electronic_ws/install/rtabmap_msgs/include/rtabmap_msgs/srv/detail/set_goal__functions.c\n'}
[78.862000] (rtabmap_msgs) StdoutLine: {'line': b'-- Installing: /home/deepak/electronic_ws/install/rtabmap_msgs/include/rtabmap_msgs/srv/detail/get_plan__struct.h\n'}
[78.862087] (rtabmap_msgs) StdoutLine: {'line': b'-- Installing: /home/deepak/electronic_ws/install/rtabmap_msgs/include/rtabmap_msgs/srv/detail/list_labels__type_support.h\n'}
[78.862147] (rtabmap_msgs) StdoutLine: {'line': b'-- Installing: /home/deepak/electronic_ws/install/rtabmap_msgs/include/rtabmap_msgs/srv/detail/publish_map__struct.h\n'}
[78.862226] (-) TimerEvent: {}
[78.862400] (rtabmap_msgs) StdoutLine: {'line': b'-- Installing: /home/deepak/electronic_ws/install/rtabmap_msgs/include/rtabmap_msgs/srv/detail/global_bundle_adjustment__functions.c\n'}
[78.862488] (rtabmap_msgs) StdoutLine: {'line': b'-- Installing: /home/deepak/electronic_ws/install/rtabmap_msgs/include/rtabmap_msgs/srv/detail/get_map__type_support.h\n'}
[78.862560] (rtabmap_msgs) StdoutLine: {'line': b'-- Installing: /home/deepak/electronic_ws/install/rtabmap_msgs/include/rtabmap_msgs/srv/detail/add_link__functions.h\n'}
[78.862638] (rtabmap_msgs) StdoutLine: {'line': b'-- Installing: /home/deepak/electronic_ws/install/rtabmap_msgs/include/rtabmap_msgs/srv/detail/remove_label__struct.h\n'}
[78.862702] (rtabmap_msgs) StdoutLine: {'line': b'-- Installing: /home/deepak/electronic_ws/install/rtabmap_msgs/include/rtabmap_msgs/srv/detail/get_nodes_in_radius__functions.c\n'}
[78.862787] (rtabmap_msgs) StdoutLine: {'line': b'-- Installing: /home/deepak/electronic_ws/install/rtabmap_msgs/include/rtabmap_msgs/srv/detail/set_goal__type_support.h\n'}
[78.862851] (rtabmap_msgs) StdoutLine: {'line': b'-- Installing: /home/deepak/electronic_ws/install/rtabmap_msgs/include/rtabmap_msgs/srv/detail/get_node_data__type_support.h\n'}
[78.862915] (rtabmap_msgs) StdoutLine: {'line': b'-- Installing: /home/deepak/electronic_ws/install/rtabmap_msgs/include/rtabmap_msgs/srv/detail/reset_pose__type_support.h\n'}
[78.862978] (rtabmap_msgs) StdoutLine: {'line': b'-- Installing: /home/deepak/electronic_ws/install/rtabmap_msgs/include/rtabmap_msgs/srv/detail/cleanup_local_grids__functions.c\n'}
[78.863042] (rtabmap_msgs) StdoutLine: {'line': b'-- Installing: /home/deepak/electronic_ws/install/rtabmap_msgs/include/rtabmap_msgs/srv/detail/load_database__functions.c\n'}
[78.863104] (rtabmap_msgs) StdoutLine: {'line': b'-- Installing: /home/deepak/electronic_ws/install/rtabmap_msgs/include/rtabmap_msgs/srv/detail/get_map2__functions.c\n'}
[78.863203] (rtabmap_msgs) StdoutLine: {'line': b'-- Installing: /home/deepak/electronic_ws/install/rtabmap_msgs/include/rtabmap_msgs/srv/detail/detect_more_loop_closures__type_support.h\n'}
[78.863258] (rtabmap_msgs) StdoutLine: {'line': b'-- Installing: /home/deepak/electronic_ws/install/rtabmap_msgs/include/rtabmap_msgs/srv/detail/set_label__functions.h\n'}
[78.863310] (rtabmap_msgs) StdoutLine: {'line': b'-- Installing: /home/deepak/electronic_ws/install/rtabmap_msgs/include/rtabmap_msgs/srv/detail/detect_more_loop_closures__functions.c\n'}
[78.863380] (rtabmap_msgs) StdoutLine: {'line': b'-- Installing: /home/deepak/electronic_ws/install/rtabmap_msgs/include/rtabmap_msgs/srv/detail/global_bundle_adjustment__struct.h\n'}
[78.863435] (rtabmap_msgs) StdoutLine: {'line': b'-- Installing: /home/deepak/electronic_ws/install/rtabmap_msgs/include/rtabmap_msgs/srv/detail/reset_pose__struct.h\n'}
[78.863493] (rtabmap_msgs) StdoutLine: {'line': b'-- Installing: /home/deepak/electronic_ws/install/rtabmap_msgs/include/rtabmap_msgs/srv/detail/publish_map__type_support.h\n'}
[78.863568] (rtabmap_msgs) StdoutLine: {'line': b'-- Installing: /home/deepak/electronic_ws/install/rtabmap_msgs/include/rtabmap_msgs/srv/detail/get_map2__functions.h\n'}
[78.863621] (rtabmap_msgs) StdoutLine: {'line': b'-- Installing: /home/deepak/electronic_ws/install/rtabmap_msgs/include/rtabmap_msgs/srv/detail/list_labels__struct.h\n'}
[78.863684] (rtabmap_msgs) StdoutLine: {'line': b'-- Installing: /home/deepak/electronic_ws/install/rtabmap_msgs/include/rtabmap_msgs/srv/detail/get_node_data__struct.h\n'}
[78.863749] (rtabmap_msgs) StdoutLine: {'line': b'-- Installing: /home/deepak/electronic_ws/install/rtabmap_msgs/include/rtabmap_msgs/srv/detail/get_plan__functions.c\n'}
[78.863813] (rtabmap_msgs) StdoutLine: {'line': b'-- Installing: /home/deepak/electronic_ws/install/rtabmap_msgs/include/rtabmap_msgs/srv/detail/set_label__functions.c\n'}
[78.863878] (rtabmap_msgs) StdoutLine: {'line': b'-- Installing: /home/deepak/electronic_ws/install/rtabmap_msgs/include/rtabmap_msgs/srv/detail/list_labels__functions.h\n'}
[78.863942] (rtabmap_msgs) StdoutLine: {'line': b'-- Installing: /home/deepak/electronic_ws/install/rtabmap_msgs/include/rtabmap_msgs/srv/detail/cleanup_local_grids__functions.h\n'}
[78.864006] (rtabmap_msgs) StdoutLine: {'line': b'-- Installing: /home/deepak/electronic_ws/install/rtabmap_msgs/include/rtabmap_msgs/srv/detail/cleanup_local_grids__type_support.h\n'}
[78.864069] (rtabmap_msgs) StdoutLine: {'line': b'-- Installing: /home/deepak/electronic_ws/install/rtabmap_msgs/include/rtabmap_msgs/srv/detail/list_labels__functions.c\n'}
[78.864144] (rtabmap_msgs) StdoutLine: {'line': b'-- Installing: /home/deepak/electronic_ws/install/rtabmap_msgs/include/rtabmap_msgs/srv/detail/remove_label__functions.c\n'}
[78.864209] (rtabmap_msgs) StdoutLine: {'line': b'-- Installing: /home/deepak/electronic_ws/install/rtabmap_msgs/include/rtabmap_msgs/srv/detail/add_link__functions.c\n'}
[78.864274] (rtabmap_msgs) StdoutLine: {'line': b'-- Installing: /home/deepak/electronic_ws/install/rtabmap_msgs/include/rtabmap_msgs/srv/detail/get_map2__struct.h\n'}
[78.864370] (rtabmap_msgs) StdoutLine: {'line': b'-- Installing: /home/deepak/electronic_ws/install/rtabmap_msgs/include/rtabmap_msgs/srv/detail/add_link__struct.h\n'}
[78.864446] (rtabmap_msgs) StdoutLine: {'line': b'-- Installing: /home/deepak/electronic_ws/install/rtabmap_msgs/include/rtabmap_msgs/srv/detail/detect_more_loop_closures__struct.h\n'}
[78.864529] (rtabmap_msgs) StdoutLine: {'line': b'-- Installing: /home/deepak/electronic_ws/install/rtabmap_msgs/include/rtabmap_msgs/srv/detail/get_nodes_in_radius__functions.h\n'}
[78.864609] (rtabmap_msgs) StdoutLine: {'line': b'-- Installing: /home/deepak/electronic_ws/install/rtabmap_msgs/include/rtabmap_msgs/srv/detail/get_map__functions.c\n'}
[78.864674] (rtabmap_msgs) StdoutLine: {'line': b'-- Installing: /home/deepak/electronic_ws/install/rtabmap_msgs/include/rtabmap_msgs/srv/detail/get_plan__functions.h\n'}
[78.864773] (rtabmap_msgs) StdoutLine: {'line': b'-- Installing: /home/deepak/electronic_ws/install/rtabmap_msgs/include/rtabmap_msgs/srv/detail/add_link__type_support.h\n'}
[78.864843] (rtabmap_msgs) StdoutLine: {'line': b'-- Installing: /home/deepak/electronic_ws/install/rtabmap_msgs/include/rtabmap_msgs/srv/detail/get_plan__type_support.h\n'}
[78.864946] (rtabmap_msgs) StdoutLine: {'line': b'-- Installing: /home/deepak/electronic_ws/install/rtabmap_msgs/include/rtabmap_msgs/srv/detail/set_goal__struct.h\n'}
[78.865021] (rtabmap_msgs) StdoutLine: {'line': b'-- Installing: /home/deepak/electronic_ws/install/rtabmap_msgs/include/rtabmap_msgs/srv/detail/detect_more_loop_closures__functions.h\n'}
[78.865096] (rtabmap_msgs) StdoutLine: {'line': b'-- Installing: /home/deepak/electronic_ws/install/rtabmap_msgs/include/rtabmap_msgs/srv/get_map.h\n'}
[78.865182] (rtabmap_msgs) StdoutLine: {'line': b'-- Installing: /home/deepak/electronic_ws/install/rtabmap_msgs/include/rtabmap_msgs/srv/cleanup_local_grids.h\n'}
[78.865248] (rtabmap_msgs) StdoutLine: {'line': b'-- Installing: /home/deepak/electronic_ws/install/rtabmap_msgs/include/rtabmap_msgs/srv/publish_map.h\n'}
[78.865326] (rtabmap_msgs) StdoutLine: {'line': b'-- Installing: /home/deepak/electronic_ws/install/rtabmap_msgs/include/rtabmap_msgs/srv/remove_label.h\n'}
[78.865426] (rtabmap_msgs) StdoutLine: {'line': b'-- Installing: /home/deepak/electronic_ws/install/rtabmap_msgs/include/rtabmap_msgs/srv/reset_pose.h\n'}
[78.865499] (rtabmap_msgs) StdoutLine: {'line': b'-- Installing: /home/deepak/electronic_ws/install/rtabmap_msgs/include/rtabmap_msgs/srv/set_goal.h\n'}
[78.865577] (rtabmap_msgs) StdoutLine: {'line': b'-- Installing: /home/deepak/electronic_ws/install/rtabmap_msgs/include/rtabmap_msgs/srv/set_label.h\n'}
[78.865643] (rtabmap_msgs) StdoutLine: {'line': b'-- Installing: /home/deepak/electronic_ws/install/rtabmap_msgs/include/rtabmap_msgs/srv/list_labels.h\n'}
[78.865709] (rtabmap_msgs) StdoutLine: {'line': b'-- Installing: /home/deepak/electronic_ws/install/rtabmap_msgs/share/rtabmap_msgs/environment/library_path.sh\n'}
[78.865792] (rtabmap_msgs) StdoutLine: {'line': b'-- Installing: /home/deepak/electronic_ws/install/rtabmap_msgs/share/rtabmap_msgs/environment/library_path.dsv\n'}
[78.865857] (rtabmap_msgs) StdoutLine: {'line': b'-- Installing: /home/deepak/electronic_ws/install/rtabmap_msgs/lib/librtabmap_msgs__rosidl_generator_c.so\n'}
[78.865922] (rtabmap_msgs) StdoutLine: {'line': b'-- Set runtime path of "/home/deepak/electronic_ws/install/rtabmap_msgs/lib/librtabmap_msgs__rosidl_generator_c.so" to ""\n'}
[78.865985] (rtabmap_msgs) StdoutLine: {'line': b'-- Up-to-date: /home/deepak/electronic_ws/install/rtabmap_msgs/include/rtabmap_msgs\n'}
[78.866106] (rtabmap_msgs) StdoutLine: {'line': b'-- Up-to-date: /home/deepak/electronic_ws/install/rtabmap_msgs/include/rtabmap_msgs/msg\n'}
[78.866181] (rtabmap_msgs) StdoutLine: {'line': b'-- Up-to-date: /home/deepak/electronic_ws/install/rtabmap_msgs/include/rtabmap_msgs/msg/detail\n'}
[78.866258] (rtabmap_msgs) StdoutLine: {'line': b'-- Installing: /home/deepak/electronic_ws/install/rtabmap_msgs/include/rtabmap_msgs/msg/detail/link__rosidl_typesupport_fastrtps_c.h\n'}
[78.866336] (rtabmap_msgs) StdoutLine: {'line': b'-- Installing: /home/deepak/electronic_ws/install/rtabmap_msgs/include/rtabmap_msgs/msg/detail/point2f__rosidl_typesupport_fastrtps_c.h\n'}
[78.866419] (rtabmap_msgs) StdoutLine: {'line': b'-- Installing: /home/deepak/electronic_ws/install/rtabmap_msgs/include/rtabmap_msgs/msg/detail/point3f__rosidl_typesupport_fastrtps_c.h\n'}
[78.866484] (rtabmap_msgs) StdoutLine: {'line': b'-- Installing: /home/deepak/electronic_ws/install/rtabmap_msgs/include/rtabmap_msgs/msg/detail/camera_model__rosidl_typesupport_fastrtps_c.h\n'}
[78.866549] (rtabmap_msgs) StdoutLine: {'line': b'-- Installing: /home/deepak/electronic_ws/install/rtabmap_msgs/include/rtabmap_msgs/msg/detail/user_data__rosidl_typesupport_fastrtps_c.h\n'}
[78.866648] (rtabmap_msgs) StdoutLine: {'line': b'-- Installing: /home/deepak/electronic_ws/install/rtabmap_msgs/include/rtabmap_msgs/msg/detail/scan_descriptor__rosidl_typesupport_fastrtps_c.h\n'}
[78.866703] (rtabmap_msgs) StdoutLine: {'line': b'-- Installing: /home/deepak/electronic_ws/install/rtabmap_msgs/include/rtabmap_msgs/msg/detail/map_data__rosidl_typesupport_fastrtps_c.h\n'}
[78.866753] (rtabmap_msgs) StdoutLine: {'line': b'-- Installing: /home/deepak/electronic_ws/install/rtabmap_msgs/include/rtabmap_msgs/msg/detail/global_descriptor__rosidl_typesupport_fastrtps_c.h\n'}
[78.866833] (rtabmap_msgs) StdoutLine: {'line': b'-- Installing: /home/deepak/electronic_ws/install/rtabmap_msgs/include/rtabmap_msgs/msg/detail/key_point__rosidl_typesupport_fastrtps_c.h\n'}
[78.866886] (rtabmap_msgs) StdoutLine: {'line': b'-- Installing: /home/deepak/electronic_ws/install/rtabmap_msgs/include/rtabmap_msgs/msg/detail/gps__rosidl_typesupport_fastrtps_c.h\n'}
[78.866936] (rtabmap_msgs) StdoutLine: {'line': b'-- Installing: /home/deepak/electronic_ws/install/rtabmap_msgs/include/rtabmap_msgs/msg/detail/rgbd_images__rosidl_typesupport_fastrtps_c.h\n'}
[78.866987] (rtabmap_msgs) StdoutLine: {'line': b'-- Installing: /home/deepak/electronic_ws/install/rtabmap_msgs/include/rtabmap_msgs/msg/detail/map_graph__rosidl_typesupport_fastrtps_c.h\n'}
[78.867036] (rtabmap_msgs) StdoutLine: {'line': b'-- Installing: /home/deepak/electronic_ws/install/rtabmap_msgs/include/rtabmap_msgs/msg/detail/env_sensor__rosidl_typesupport_fastrtps_c.h\n'}
[78.867085] (rtabmap_msgs) StdoutLine: {'line': b'-- Installing: /home/deepak/electronic_ws/install/rtabmap_msgs/include/rtabmap_msgs/msg/detail/path__rosidl_typesupport_fastrtps_c.h\n'}
[78.867134] (rtabmap_msgs) StdoutLine: {'line': b'-- Installing: /home/deepak/electronic_ws/install/rtabmap_msgs/include/rtabmap_msgs/msg/detail/info__rosidl_typesupport_fastrtps_c.h\n'}
[78.867182] (rtabmap_msgs) StdoutLine: {'line': b'-- Installing: /home/deepak/electronic_ws/install/rtabmap_msgs/include/rtabmap_msgs/msg/detail/node_data__rosidl_typesupport_fastrtps_c.h\n'}
[78.867234] (rtabmap_msgs) StdoutLine: {'line': b'-- Installing: /home/deepak/electronic_ws/install/rtabmap_msgs/include/rtabmap_msgs/msg/detail/camera_models__rosidl_typesupport_fastrtps_c.h\n'}
[78.867298] (rtabmap_msgs) StdoutLine: {'line': b'-- Installing: /home/deepak/electronic_ws/install/rtabmap_msgs/include/rtabmap_msgs/msg/detail/odom_info__rosidl_typesupport_fastrtps_c.h\n'}
[78.867360] (rtabmap_msgs) StdoutLine: {'line': b'-- Installing: /home/deepak/electronic_ws/install/rtabmap_msgs/include/rtabmap_msgs/msg/detail/goal__rosidl_typesupport_fastrtps_c.h\n'}
[78.867472] (rtabmap_msgs) StdoutLine: {'line': b'-- Installing: /home/deepak/electronic_ws/install/rtabmap_msgs/include/rtabmap_msgs/msg/detail/rgbd_image__rosidl_typesupport_fastrtps_c.h\n'}
[78.867542] (rtabmap_msgs) StdoutLine: {'line': b'-- Installing: /home/deepak/electronic_ws/install/rtabmap_msgs/include/rtabmap_msgs/msg/rosidl_typesupport_fastrtps_c__visibility_control.h\n'}
[78.867607] (rtabmap_msgs) StdoutLine: {'line': b'-- Up-to-date: /home/deepak/electronic_ws/install/rtabmap_msgs/include/rtabmap_msgs/srv\n'}
[78.867720] (rtabmap_msgs) StdoutLine: {'line': b'-- Up-to-date: /home/deepak/electronic_ws/install/rtabmap_msgs/include/rtabmap_msgs/srv/detail\n'}
[78.867780] (rtabmap_msgs) StdoutLine: {'line': b'-- Installing: /home/deepak/electronic_ws/install/rtabmap_msgs/include/rtabmap_msgs/srv/detail/cleanup_local_grids__rosidl_typesupport_fastrtps_c.h\n'}
[78.867844] (rtabmap_msgs) StdoutLine: {'line': b'-- Installing: /home/deepak/electronic_ws/install/rtabmap_msgs/include/rtabmap_msgs/srv/detail/get_map__rosidl_typesupport_fastrtps_c.h\n'}
[78.867929] (rtabmap_msgs) StdoutLine: {'line': b'-- Installing: /home/deepak/electronic_ws/install/rtabmap_msgs/include/rtabmap_msgs/srv/detail/add_link__rosidl_typesupport_fastrtps_c.h\n'}
[78.867992] (rtabmap_msgs) StdoutLine: {'line': b'-- Installing: /home/deepak/electronic_ws/install/rtabmap_msgs/include/rtabmap_msgs/srv/detail/list_labels__rosidl_typesupport_fastrtps_c.h\n'}
[78.868055] (rtabmap_msgs) StdoutLine: {'line': b'-- Installing: /home/deepak/electronic_ws/install/rtabmap_msgs/include/rtabmap_msgs/srv/detail/get_plan__rosidl_typesupport_fastrtps_c.h\n'}
[78.868116] (rtabmap_msgs) StdoutLine: {'line': b'-- Installing: /home/deepak/electronic_ws/install/rtabmap_msgs/include/rtabmap_msgs/srv/detail/publish_map__rosidl_typesupport_fastrtps_c.h\n'}
[78.868215] (rtabmap_msgs) StdoutLine: {'line': b'-- Installing: /home/deepak/electronic_ws/install/rtabmap_msgs/include/rtabmap_msgs/srv/detail/get_node_data__rosidl_typesupport_fastrtps_c.h\n'}
[78.868288] (rtabmap_msgs) StdoutLine: {'line': b'-- Installing: /home/deepak/electronic_ws/install/rtabmap_msgs/include/rtabmap_msgs/srv/detail/set_goal__rosidl_typesupport_fastrtps_c.h\n'}
[78.868352] (rtabmap_msgs) StdoutLine: {'line': b'-- Installing: /home/deepak/electronic_ws/install/rtabmap_msgs/include/rtabmap_msgs/srv/detail/remove_label__rosidl_typesupport_fastrtps_c.h\n'}
[78.868415] (rtabmap_msgs) StdoutLine: {'line': b'-- Installing: /home/deepak/electronic_ws/install/rtabmap_msgs/include/rtabmap_msgs/srv/detail/get_map2__rosidl_typesupport_fastrtps_c.h\n'}
[78.868476] (rtabmap_msgs) StdoutLine: {'line': b'-- Installing: /home/deepak/electronic_ws/install/rtabmap_msgs/include/rtabmap_msgs/srv/detail/set_label__rosidl_typesupport_fastrtps_c.h\n'}
[78.868573] (rtabmap_msgs) StdoutLine: {'line': b'-- Installing: /home/deepak/electronic_ws/install/rtabmap_msgs/include/rtabmap_msgs/srv/detail/load_database__rosidl_typesupport_fastrtps_c.h\n'}
[78.868637] (rtabmap_msgs) StdoutLine: {'line': b'-- Installing: /home/deepak/electronic_ws/install/rtabmap_msgs/include/rtabmap_msgs/srv/detail/detect_more_loop_closures__rosidl_typesupport_fastrtps_c.h\n'}
[78.868726] (rtabmap_msgs) StdoutLine: {'line': b'-- Installing: /home/deepak/electronic_ws/install/rtabmap_msgs/include/rtabmap_msgs/srv/detail/get_nodes_in_radius__rosidl_typesupport_fastrtps_c.h\n'}
[78.868812] (rtabmap_msgs) StdoutLine: {'line': b'-- Installing: /home/deepak/electronic_ws/install/rtabmap_msgs/include/rtabmap_msgs/srv/detail/global_bundle_adjustment__rosidl_typesupport_fastrtps_c.h\n'}
[78.868905] (rtabmap_msgs) StdoutLine: {'line': b'-- Installing: /home/deepak/electronic_ws/install/rtabmap_msgs/include/rtabmap_msgs/srv/detail/reset_pose__rosidl_typesupport_fastrtps_c.h\n'}
[78.868962] (rtabmap_msgs) StdoutLine: {'line': b'-- Installing: /home/deepak/electronic_ws/install/rtabmap_msgs/lib/librtabmap_msgs__rosidl_typesupport_fastrtps_c.so\n'}
[78.869019] (rtabmap_msgs) StdoutLine: {'line': b'-- Set runtime path of "/home/deepak/electronic_ws/install/rtabmap_msgs/lib/librtabmap_msgs__rosidl_typesupport_fastrtps_c.so" to ""\n'}
[78.869080] (rtabmap_msgs) StdoutLine: {'line': b'-- Up-to-date: /home/deepak/electronic_ws/install/rtabmap_msgs/include/rtabmap_msgs\n'}
[78.869177] (rtabmap_msgs) StdoutLine: {'line': b'-- Up-to-date: /home/deepak/electronic_ws/install/rtabmap_msgs/include/rtabmap_msgs/msg\n'}
[78.869239] (rtabmap_msgs) StdoutLine: {'line': b'-- Installing: /home/deepak/electronic_ws/install/rtabmap_msgs/include/rtabmap_msgs/msg/rosidl_typesupport_fastrtps_cpp__visibility_control.h\n'}
[78.869304] (rtabmap_msgs) StdoutLine: {'line': b'-- Up-to-date: /home/deepak/electronic_ws/install/rtabmap_msgs/include/rtabmap_msgs/msg/detail\n'}
[78.869365] (rtabmap_msgs) StdoutLine: {'line': b'-- Installing: /home/deepak/electronic_ws/install/rtabmap_msgs/include/rtabmap_msgs/msg/detail/odom_info__rosidl_typesupport_fastrtps_cpp.hpp\n'}
[78.869426] (rtabmap_msgs) StdoutLine: {'line': b'-- Installing: /home/deepak/electronic_ws/install/rtabmap_msgs/include/rtabmap_msgs/msg/detail/scan_descriptor__rosidl_typesupport_fastrtps_cpp.hpp\n'}
[78.869488] (rtabmap_msgs) StdoutLine: {'line': b'-- Installing: /home/deepak/electronic_ws/install/rtabmap_msgs/include/rtabmap_msgs/msg/detail/node_data__rosidl_typesupport_fastrtps_cpp.hpp\n'}
[78.869586] (rtabmap_msgs) StdoutLine: {'line': b'-- Installing: /home/deepak/electronic_ws/install/rtabmap_msgs/include/rtabmap_msgs/msg/detail/user_data__rosidl_typesupport_fastrtps_cpp.hpp\n'}
[78.869655] (rtabmap_msgs) StdoutLine: {'line': b'-- Installing: /home/deepak/electronic_ws/install/rtabmap_msgs/include/rtabmap_msgs/msg/detail/goal__rosidl_typesupport_fastrtps_cpp.hpp\n'}
[78.869719] (rtabmap_msgs) StdoutLine: {'line': b'-- Installing: /home/deepak/electronic_ws/install/rtabmap_msgs/include/rtabmap_msgs/msg/detail/env_sensor__rosidl_typesupport_fastrtps_cpp.hpp\n'}
[78.869805] (rtabmap_msgs) StdoutLine: {'line': b'-- Installing: /home/deepak/electronic_ws/install/rtabmap_msgs/include/rtabmap_msgs/msg/detail/global_descriptor__rosidl_typesupport_fastrtps_cpp.hpp\n'}
[78.869874] (rtabmap_msgs) StdoutLine: {'line': b'-- Installing: /home/deepak/electronic_ws/install/rtabmap_msgs/include/rtabmap_msgs/msg/detail/point3f__rosidl_typesupport_fastrtps_cpp.hpp\n'}
[78.869939] (rtabmap_msgs) StdoutLine: {'line': b'-- Installing: /home/deepak/electronic_ws/install/rtabmap_msgs/include/rtabmap_msgs/msg/detail/point2f__rosidl_typesupport_fastrtps_cpp.hpp\n'}
[78.870001] (rtabmap_msgs) StdoutLine: {'line': b'-- Installing: /home/deepak/electronic_ws/install/rtabmap_msgs/include/rtabmap_msgs/msg/detail/camera_models__rosidl_typesupport_fastrtps_cpp.hpp\n'}
[78.870062] (rtabmap_msgs) StdoutLine: {'line': b'-- Installing: /home/deepak/electronic_ws/install/rtabmap_msgs/include/rtabmap_msgs/msg/detail/rgbd_image__rosidl_typesupport_fastrtps_cpp.hpp\n'}
[78.870138] (rtabmap_msgs) StdoutLine: {'line': b'-- Installing: /home/deepak/electronic_ws/install/rtabmap_msgs/include/rtabmap_msgs/msg/detail/dds_fastrtps\n'}
[78.870212] (rtabmap_msgs) StdoutLine: {'line': b'-- Installing: /home/deepak/electronic_ws/install/rtabmap_msgs/include/rtabmap_msgs/msg/detail/link__rosidl_typesupport_fastrtps_cpp.hpp\n'}
[78.870264] (rtabmap_msgs) StdoutLine: {'line': b'-- Installing: /home/deepak/electronic_ws/install/rtabmap_msgs/include/rtabmap_msgs/msg/detail/info__rosidl_typesupport_fastrtps_cpp.hpp\n'}
[78.870314] (rtabmap_msgs) StdoutLine: {'line': b'-- Installing: /home/deepak/electronic_ws/install/rtabmap_msgs/include/rtabmap_msgs/msg/detail/map_graph__rosidl_typesupport_fastrtps_cpp.hpp\n'}
[78.870367] (rtabmap_msgs) StdoutLine: {'line': b'-- Installing: /home/deepak/electronic_ws/install/rtabmap_msgs/include/rtabmap_msgs/msg/detail/rgbd_images__rosidl_typesupport_fastrtps_cpp.hpp\n'}
[78.870420] (rtabmap_msgs) StdoutLine: {'line': b'-- Installing: /home/deepak/electronic_ws/install/rtabmap_msgs/include/rtabmap_msgs/msg/detail/gps__rosidl_typesupport_fastrtps_cpp.hpp\n'}
[78.870471] (rtabmap_msgs) StdoutLine: {'line': b'-- Installing: /home/deepak/electronic_ws/install/rtabmap_msgs/include/rtabmap_msgs/msg/detail/map_data__rosidl_typesupport_fastrtps_cpp.hpp\n'}
[78.870522] (rtabmap_msgs) StdoutLine: {'line': b'-- Installing: /home/deepak/electronic_ws/install/rtabmap_msgs/include/rtabmap_msgs/msg/detail/key_point__rosidl_typesupport_fastrtps_cpp.hpp\n'}
[78.870571] (rtabmap_msgs) StdoutLine: {'line': b'-- Installing: /home/deepak/electronic_ws/install/rtabmap_msgs/include/rtabmap_msgs/msg/detail/camera_model__rosidl_typesupport_fastrtps_cpp.hpp\n'}
[78.870624] (rtabmap_msgs) StdoutLine: {'line': b'-- Installing: /home/deepak/electronic_ws/install/rtabmap_msgs/include/rtabmap_msgs/msg/detail/path__rosidl_typesupport_fastrtps_cpp.hpp\n'}
[78.870673] (rtabmap_msgs) StdoutLine: {'line': b'-- Up-to-date: /home/deepak/electronic_ws/install/rtabmap_msgs/include/rtabmap_msgs/srv\n'}
[78.870723] (rtabmap_msgs) StdoutLine: {'line': b'-- Up-to-date: /home/deepak/electronic_ws/install/rtabmap_msgs/include/rtabmap_msgs/srv/detail\n'}
[78.870772] (rtabmap_msgs) StdoutLine: {'line': b'-- Installing: /home/deepak/electronic_ws/install/rtabmap_msgs/include/rtabmap_msgs/srv/detail/get_node_data__rosidl_typesupport_fastrtps_cpp.hpp\n'}
[78.870822] (rtabmap_msgs) StdoutLine: {'line': b'-- Installing: /home/deepak/electronic_ws/install/rtabmap_msgs/include/rtabmap_msgs/srv/detail/list_labels__rosidl_typesupport_fastrtps_cpp.hpp\n'}
[78.870872] (rtabmap_msgs) StdoutLine: {'line': b'-- Installing: /home/deepak/electronic_ws/install/rtabmap_msgs/include/rtabmap_msgs/srv/detail/get_map__rosidl_typesupport_fastrtps_cpp.hpp\n'}
[78.870921] (rtabmap_msgs) StdoutLine: {'line': b'-- Installing: /home/deepak/electronic_ws/install/rtabmap_msgs/include/rtabmap_msgs/srv/detail/publish_map__rosidl_typesupport_fastrtps_cpp.hpp\n'}
[78.870970] (rtabmap_msgs) StdoutLine: {'line': b'-- Installing: /home/deepak/electronic_ws/install/rtabmap_msgs/include/rtabmap_msgs/srv/detail/global_bundle_adjustment__rosidl_typesupport_fastrtps_cpp.hpp\n'}
[78.871020] (rtabmap_msgs) StdoutLine: {'line': b'-- Installing: /home/deepak/electronic_ws/install/rtabmap_msgs/include/rtabmap_msgs/srv/detail/get_map2__rosidl_typesupport_fastrtps_cpp.hpp\n'}
[78.871075] (rtabmap_msgs) StdoutLine: {'line': b'-- Installing: /home/deepak/electronic_ws/install/rtabmap_msgs/include/rtabmap_msgs/srv/detail/load_database__rosidl_typesupport_fastrtps_cpp.hpp\n'}
[78.871188] (rtabmap_msgs) StdoutLine: {'line': b'-- Installing: /home/deepak/electronic_ws/install/rtabmap_msgs/include/rtabmap_msgs/srv/detail/dds_fastrtps\n'}
[78.871261] (rtabmap_msgs) StdoutLine: {'line': b'-- Installing: /home/deepak/electronic_ws/install/rtabmap_msgs/include/rtabmap_msgs/srv/detail/set_goal__rosidl_typesupport_fastrtps_cpp.hpp\n'}
[78.871323] (rtabmap_msgs) StdoutLine: {'line': b'-- Installing: /home/deepak/electronic_ws/install/rtabmap_msgs/include/rtabmap_msgs/srv/detail/set_label__rosidl_typesupport_fastrtps_cpp.hpp\n'}
[78.871386] (rtabmap_msgs) StdoutLine: {'line': b'-- Installing: /home/deepak/electronic_ws/install/rtabmap_msgs/include/rtabmap_msgs/srv/detail/add_link__rosidl_typesupport_fastrtps_cpp.hpp\n'}
[78.871450] (rtabmap_msgs) StdoutLine: {'line': b'-- Installing: /home/deepak/electronic_ws/install/rtabmap_msgs/include/rtabmap_msgs/srv/detail/detect_more_loop_closures__rosidl_typesupport_fastrtps_cpp.hpp\n'}
[78.871555] (rtabmap_msgs) StdoutLine: {'line': b'-- Installing: /home/deepak/electronic_ws/install/rtabmap_msgs/include/rtabmap_msgs/srv/detail/get_nodes_in_radius__rosidl_typesupport_fastrtps_cpp.hpp\n'}
[78.871619] (rtabmap_msgs) StdoutLine: {'line': b'-- Installing: /home/deepak/electronic_ws/install/rtabmap_msgs/include/rtabmap_msgs/srv/detail/get_plan__rosidl_typesupport_fastrtps_cpp.hpp\n'}
[78.871702] (rtabmap_msgs) StdoutLine: {'line': b'-- Installing: /home/deepak/electronic_ws/install/rtabmap_msgs/include/rtabmap_msgs/srv/detail/cleanup_local_grids__rosidl_typesupport_fastrtps_cpp.hpp\n'}
[78.871769] (rtabmap_msgs) StdoutLine: {'line': b'-- Installing: /home/deepak/electronic_ws/install/rtabmap_msgs/include/rtabmap_msgs/srv/detail/reset_pose__rosidl_typesupport_fastrtps_cpp.hpp\n'}
[78.871850] (rtabmap_msgs) StdoutLine: {'line': b'-- Installing: /home/deepak/electronic_ws/install/rtabmap_msgs/include/rtabmap_msgs/srv/detail/remove_label__rosidl_typesupport_fastrtps_cpp.hpp\n'}
[78.871940] (rtabmap_msgs) StdoutLine: {'line': b'-- Installing: /home/deepak/electronic_ws/install/rtabmap_msgs/lib/librtabmap_msgs__rosidl_typesupport_fastrtps_cpp.so\n'}
[78.872015] (rtabmap_msgs) StdoutLine: {'line': b'-- Set runtime path of "/home/deepak/electronic_ws/install/rtabmap_msgs/lib/librtabmap_msgs__rosidl_typesupport_fastrtps_cpp.so" to ""\n'}
[78.872078] (rtabmap_msgs) StdoutLine: {'line': b'-- Up-to-date: /home/deepak/electronic_ws/install/rtabmap_msgs/include/rtabmap_msgs\n'}
[78.872140] (rtabmap_msgs) StdoutLine: {'line': b'-- Up-to-date: /home/deepak/electronic_ws/install/rtabmap_msgs/include/rtabmap_msgs/msg\n'}
[78.872226] (rtabmap_msgs) StdoutLine: {'line': b'-- Up-to-date: /home/deepak/electronic_ws/install/rtabmap_msgs/include/rtabmap_msgs/msg/detail\n'}
[78.872303] (rtabmap_msgs) StdoutLine: {'line': b'-- Installing: /home/deepak/electronic_ws/install/rtabmap_msgs/include/rtabmap_msgs/msg/detail/rgbd_image__rosidl_typesupport_introspection_c.h\n'}
[78.872375] (rtabmap_msgs) StdoutLine: {'line': b'-- Installing: /home/deepak/electronic_ws/install/rtabmap_msgs/include/rtabmap_msgs/msg/detail/global_descriptor__type_support.c\n'}
[78.872438] (rtabmap_msgs) StdoutLine: {'line': b'-- Installing: /home/deepak/electronic_ws/install/rtabmap_msgs/include/rtabmap_msgs/msg/detail/goal__rosidl_typesupport_introspection_c.h\n'}
[78.872502] (rtabmap_msgs) StdoutLine: {'line': b'-- Installing: /home/deepak/electronic_ws/install/rtabmap_msgs/include/rtabmap_msgs/msg/detail/map_data__type_support.c\n'}
[78.872592] (rtabmap_msgs) StdoutLine: {'line': b'-- Installing: /home/deepak/electronic_ws/install/rtabmap_msgs/include/rtabmap_msgs/msg/detail/camera_model__type_support.c\n'}
[78.872654] (rtabmap_msgs) StdoutLine: {'line': b'-- Installing: /home/deepak/electronic_ws/install/rtabmap_msgs/include/rtabmap_msgs/msg/detail/env_sensor__type_support.c\n'}
[78.872737] (rtabmap_msgs) StdoutLine: {'line': b'-- Installing: /home/deepak/electronic_ws/install/rtabmap_msgs/include/rtabmap_msgs/msg/detail/path__type_support.c\n'}
[78.872798] (rtabmap_msgs) StdoutLine: {'line': b'-- Installing: /home/deepak/electronic_ws/install/rtabmap_msgs/include/rtabmap_msgs/msg/detail/camera_models__rosidl_typesupport_introspection_c.h\n'}
[78.872873] (rtabmap_msgs) StdoutLine: {'line': b'-- Installing: /home/deepak/electronic_ws/install/rtabmap_msgs/include/rtabmap_msgs/msg/detail/user_data__rosidl_typesupport_introspection_c.h\n'}
[78.872954] (rtabmap_msgs) StdoutLine: {'line': b'-- Installing: /home/deepak/electronic_ws/install/rtabmap_msgs/include/rtabmap_msgs/msg/detail/point2f__type_support.c\n'}
[78.873020] (rtabmap_msgs) StdoutLine: {'line': b'-- Installing: /home/deepak/electronic_ws/install/rtabmap_msgs/include/rtabmap_msgs/msg/detail/key_point__type_support.c\n'}
[78.873082] (rtabmap_msgs) StdoutLine: {'line': b'-- Installing: /home/deepak/electronic_ws/install/rtabmap_msgs/include/rtabmap_msgs/msg/detail/gps__rosidl_typesupport_introspection_c.h\n'}
[78.873144] (rtabmap_msgs) StdoutLine: {'line': b'-- Installing: /home/deepak/electronic_ws/install/rtabmap_msgs/include/rtabmap_msgs/msg/detail/env_sensor__rosidl_typesupport_introspection_c.h\n'}
[78.873235] (rtabmap_msgs) StdoutLine: {'line': b'-- Installing: /home/deepak/electronic_ws/install/rtabmap_msgs/include/rtabmap_msgs/msg/detail/info__type_support.c\n'}
[78.873295] (rtabmap_msgs) StdoutLine: {'line': b'-- Installing: /home/deepak/electronic_ws/install/rtabmap_msgs/include/rtabmap_msgs/msg/detail/node_data__type_support.c\n'}
[78.873357] (rtabmap_msgs) StdoutLine: {'line': b'-- Installing: /home/deepak/electronic_ws/install/rtabmap_msgs/include/rtabmap_msgs/msg/detail/info__rosidl_typesupport_introspection_c.h\n'}
[78.873442] (rtabmap_msgs) StdoutLine: {'line': b'-- Installing: /home/deepak/electronic_ws/install/rtabmap_msgs/include/rtabmap_msgs/msg/detail/path__rosidl_typesupport_introspection_c.h\n'}
[78.873504] (rtabmap_msgs) StdoutLine: {'line': b'-- Installing: /home/deepak/electronic_ws/install/rtabmap_msgs/include/rtabmap_msgs/msg/detail/camera_models__type_support.c\n'}
[78.873603] (rtabmap_msgs) StdoutLine: {'line': b'-- Installing: /home/deepak/electronic_ws/install/rtabmap_msgs/include/rtabmap_msgs/msg/detail/map_graph__type_support.c\n'}
[78.873674] (rtabmap_msgs) StdoutLine: {'line': b'-- Installing: /home/deepak/electronic_ws/install/rtabmap_msgs/include/rtabmap_msgs/msg/detail/camera_model__rosidl_typesupport_introspection_c.h\n'}
[78.873743] (rtabmap_msgs) StdoutLine: {'line': b'-- Installing: /home/deepak/electronic_ws/install/rtabmap_msgs/include/rtabmap_msgs/msg/detail/scan_descriptor__rosidl_typesupport_introspection_c.h\n'}
[78.873805] (rtabmap_msgs) StdoutLine: {'line': b'-- Installing: /home/deepak/electronic_ws/install/rtabmap_msgs/include/rtabmap_msgs/msg/detail/rgbd_image__type_support.c\n'}
[78.873867] (rtabmap_msgs) StdoutLine: {'line': b'-- Installing: /home/deepak/electronic_ws/install/rtabmap_msgs/include/rtabmap_msgs/msg/detail/link__rosidl_typesupport_introspection_c.h\n'}
[78.873928] (rtabmap_msgs) StdoutLine: {'line': b'-- Installing: /home/deepak/electronic_ws/install/rtabmap_msgs/include/rtabmap_msgs/msg/detail/rgbd_images__type_support.c\n'}
[78.873989] (rtabmap_msgs) StdoutLine: {'line': b'-- Installing: /home/deepak/electronic_ws/install/rtabmap_msgs/include/rtabmap_msgs/msg/detail/node_data__rosidl_typesupport_introspection_c.h\n'}
[78.874049] (rtabmap_msgs) StdoutLine: {'line': b'-- Installing: /home/deepak/electronic_ws/install/rtabmap_msgs/include/rtabmap_msgs/msg/detail/scan_descriptor__type_support.c\n'}
[78.874159] (rtabmap_msgs) StdoutLine: {'line': b'-- Installing: /home/deepak/electronic_ws/install/rtabmap_msgs/include/rtabmap_msgs/msg/detail/gps__type_support.c\n'}
[78.874220] (rtabmap_msgs) StdoutLine: {'line': b'-- Installing: /home/deepak/electronic_ws/install/rtabmap_msgs/include/rtabmap_msgs/msg/detail/point3f__rosidl_typesupport_introspection_c.h\n'}
[78.874307] (rtabmap_msgs) StdoutLine: {'line': b'-- Installing: /home/deepak/electronic_ws/install/rtabmap_msgs/include/rtabmap_msgs/msg/detail/goal__type_support.c\n'}
[78.874370] (rtabmap_msgs) StdoutLine: {'line': b'-- Installing: /home/deepak/electronic_ws/install/rtabmap_msgs/include/rtabmap_msgs/msg/detail/key_point__rosidl_typesupport_introspection_c.h\n'}
[78.874449] (rtabmap_msgs) StdoutLine: {'line': b'-- Installing: /home/deepak/electronic_ws/install/rtabmap_msgs/include/rtabmap_msgs/msg/detail/link__type_support.c\n'}
[78.874529] (rtabmap_msgs) StdoutLine: {'line': b'-- Installing: /home/deepak/electronic_ws/install/rtabmap_msgs/include/rtabmap_msgs/msg/detail/rgbd_images__rosidl_typesupport_introspection_c.h\n'}
[78.874612] (rtabmap_msgs) StdoutLine: {'line': b'-- Installing: /home/deepak/electronic_ws/install/rtabmap_msgs/include/rtabmap_msgs/msg/detail/map_data__rosidl_typesupport_introspection_c.h\n'}
[78.874690] (rtabmap_msgs) StdoutLine: {'line': b'-- Installing: /home/deepak/electronic_ws/install/rtabmap_msgs/include/rtabmap_msgs/msg/detail/point2f__rosidl_typesupport_introspection_c.h\n'}
[78.874755] (rtabmap_msgs) StdoutLine: {'line': b'-- Installing: /home/deepak/electronic_ws/install/rtabmap_msgs/include/rtabmap_msgs/msg/detail/odom_info__type_support.c\n'}
[78.874827] (rtabmap_msgs) StdoutLine: {'line': b'-- Installing: /home/deepak/electronic_ws/install/rtabmap_msgs/include/rtabmap_msgs/msg/detail/odom_info__rosidl_typesupport_introspection_c.h\n'}
[78.874891] (rtabmap_msgs) StdoutLine: {'line': b'-- Installing: /home/deepak/electronic_ws/install/rtabmap_msgs/include/rtabmap_msgs/msg/detail/map_graph__rosidl_typesupport_introspection_c.h\n'}
[78.874954] (rtabmap_msgs) StdoutLine: {'line': b'-- Installing: /home/deepak/electronic_ws/install/rtabmap_msgs/include/rtabmap_msgs/msg/detail/global_descriptor__rosidl_typesupport_introspection_c.h\n'}
[78.875054] (rtabmap_msgs) StdoutLine: {'line': b'-- Installing: /home/deepak/electronic_ws/install/rtabmap_msgs/include/rtabmap_msgs/msg/detail/point3f__type_support.c\n'}
[78.875125] (rtabmap_msgs) StdoutLine: {'line': b'-- Installing: /home/deepak/electronic_ws/install/rtabmap_msgs/include/rtabmap_msgs/msg/detail/user_data__type_support.c\n'}
[78.875190] (rtabmap_msgs) StdoutLine: {'line': b'-- Installing: /home/deepak/electronic_ws/install/rtabmap_msgs/include/rtabmap_msgs/msg/rosidl_typesupport_introspection_c__visibility_control.h\n'}
[78.875251] (rtabmap_msgs) StdoutLine: {'line': b'-- Up-to-date: /home/deepak/electronic_ws/install/rtabmap_msgs/include/rtabmap_msgs/srv\n'}
[78.875339] (rtabmap_msgs) StdoutLine: {'line': b'-- Up-to-date: /home/deepak/electronic_ws/install/rtabmap_msgs/include/rtabmap_msgs/srv/detail\n'}
[78.875420] (rtabmap_msgs) StdoutLine: {'line': b'-- Installing: /home/deepak/electronic_ws/install/rtabmap_msgs/include/rtabmap_msgs/srv/detail/cleanup_local_grids__type_support.c\n'}
[78.875494] (rtabmap_msgs) StdoutLine: {'line': b'-- Installing: /home/deepak/electronic_ws/install/rtabmap_msgs/include/rtabmap_msgs/srv/detail/detect_more_loop_closures__type_support.c\n'}
[78.875573] (rtabmap_msgs) StdoutLine: {'line': b'-- Installing: /home/deepak/electronic_ws/install/rtabmap_msgs/include/rtabmap_msgs/srv/detail/get_nodes_in_radius__rosidl_typesupport_introspection_c.h\n'}
[78.875642] (rtabmap_msgs) StdoutLine: {'line': b'-- Installing: /home/deepak/electronic_ws/install/rtabmap_msgs/include/rtabmap_msgs/srv/detail/load_database__type_support.c\n'}
[78.875705] (rtabmap_msgs) StdoutLine: {'line': b'-- Installing: /home/deepak/electronic_ws/install/rtabmap_msgs/include/rtabmap_msgs/srv/detail/list_labels__rosidl_typesupport_introspection_c.h\n'}
[78.875786] (rtabmap_msgs) StdoutLine: {'line': b'-- Installing: /home/deepak/electronic_ws/install/rtabmap_msgs/include/rtabmap_msgs/srv/detail/get_map2__rosidl_typesupport_introspection_c.h\n'}
[78.875850] (rtabmap_msgs) StdoutLine: {'line': b'-- Installing: /home/deepak/electronic_ws/install/rtabmap_msgs/include/rtabmap_msgs/srv/detail/publish_map__rosidl_typesupport_introspection_c.h\n'}
[78.875914] (rtabmap_msgs) StdoutLine: {'line': b'-- Installing: /home/deepak/electronic_ws/install/rtabmap_msgs/include/rtabmap_msgs/srv/detail/global_bundle_adjustment__type_support.c\n'}
[78.875976] (rtabmap_msgs) StdoutLine: {'line': b'-- Installing: /home/deepak/electronic_ws/install/rtabmap_msgs/include/rtabmap_msgs/srv/detail/get_plan__type_support.c\n'}
[78.876057] (rtabmap_msgs) StdoutLine: {'line': b'-- Installing: /home/deepak/electronic_ws/install/rtabmap_msgs/include/rtabmap_msgs/srv/detail/reset_pose__rosidl_typesupport_introspection_c.h\n'}
[78.876107] (rtabmap_msgs) StdoutLine: {'line': b'-- Installing: /home/deepak/electronic_ws/install/rtabmap_msgs/include/rtabmap_msgs/srv/detail/get_map__rosidl_typesupport_introspection_c.h\n'}
[78.876176] (rtabmap_msgs) StdoutLine: {'line': b'-- Installing: /home/deepak/electronic_ws/install/rtabmap_msgs/include/rtabmap_msgs/srv/detail/publish_map__type_support.c\n'}
[78.876224] (rtabmap_msgs) StdoutLine: {'line': b'-- Installing: /home/deepak/electronic_ws/install/rtabmap_msgs/include/rtabmap_msgs/srv/detail/list_labels__type_support.c\n'}
[78.876274] (rtabmap_msgs) StdoutLine: {'line': b'-- Installing: /home/deepak/electronic_ws/install/rtabmap_msgs/include/rtabmap_msgs/srv/detail/add_link__rosidl_typesupport_introspection_c.h\n'}
[78.876323] (rtabmap_msgs) StdoutLine: {'line': b'-- Installing: /home/deepak/electronic_ws/install/rtabmap_msgs/include/rtabmap_msgs/srv/detail/reset_pose__type_support.c\n'}
[78.876374] (rtabmap_msgs) StdoutLine: {'line': b'-- Installing: /home/deepak/electronic_ws/install/rtabmap_msgs/include/rtabmap_msgs/srv/detail/global_bundle_adjustment__rosidl_typesupport_introspection_c.h\n'}
[78.876421] (rtabmap_msgs) StdoutLine: {'line': b'-- Installing: /home/deepak/electronic_ws/install/rtabmap_msgs/include/rtabmap_msgs/srv/detail/load_database__rosidl_typesupport_introspection_c.h\n'}
[78.876469] (rtabmap_msgs) StdoutLine: {'line': b'-- Installing: /home/deepak/electronic_ws/install/rtabmap_msgs/include/rtabmap_msgs/srv/detail/get_plan__rosidl_typesupport_introspection_c.h\n'}
[78.876524] (rtabmap_msgs) StdoutLine: {'line': b'-- Installing: /home/deepak/electronic_ws/install/rtabmap_msgs/include/rtabmap_msgs/srv/detail/get_node_data__type_support.c\n'}
[78.876581] (rtabmap_msgs) StdoutLine: {'line': b'-- Installing: /home/deepak/electronic_ws/install/rtabmap_msgs/include/rtabmap_msgs/srv/detail/get_nodes_in_radius__type_support.c\n'}
[78.876661] (rtabmap_msgs) StdoutLine: {'line': b'-- Installing: /home/deepak/electronic_ws/install/rtabmap_msgs/include/rtabmap_msgs/srv/detail/set_goal__type_support.c\n'}
[78.876725] (rtabmap_msgs) StdoutLine: {'line': b'-- Installing: /home/deepak/electronic_ws/install/rtabmap_msgs/include/rtabmap_msgs/srv/detail/get_node_data__rosidl_typesupport_introspection_c.h\n'}
[78.876789] (rtabmap_msgs) StdoutLine: {'line': b'-- Installing: /home/deepak/electronic_ws/install/rtabmap_msgs/include/rtabmap_msgs/srv/detail/get_map2__type_support.c\n'}
[78.876851] (rtabmap_msgs) StdoutLine: {'line': b'-- Installing: /home/deepak/electronic_ws/install/rtabmap_msgs/include/rtabmap_msgs/srv/detail/remove_label__rosidl_typesupport_introspection_c.h\n'}
[78.876944] (rtabmap_msgs) StdoutLine: {'line': b'-- Installing: /home/deepak/electronic_ws/install/rtabmap_msgs/include/rtabmap_msgs/srv/detail/set_label__rosidl_typesupport_introspection_c.h\n'}
[78.876994] (rtabmap_msgs) StdoutLine: {'line': b'-- Installing: /home/deepak/electronic_ws/install/rtabmap_msgs/include/rtabmap_msgs/srv/detail/get_map__type_support.c\n'}
[78.877061] (rtabmap_msgs) StdoutLine: {'line': b'-- Installing: /home/deepak/electronic_ws/install/rtabmap_msgs/include/rtabmap_msgs/srv/detail/cleanup_local_grids__rosidl_typesupport_introspection_c.h\n'}
[78.877154] (rtabmap_msgs) StdoutLine: {'line': b'-- Installing: /home/deepak/electronic_ws/install/rtabmap_msgs/include/rtabmap_msgs/srv/detail/set_goal__rosidl_typesupport_introspection_c.h\n'}
[78.877213] (rtabmap_msgs) StdoutLine: {'line': b'-- Installing: /home/deepak/electronic_ws/install/rtabmap_msgs/include/rtabmap_msgs/srv/detail/detect_more_loop_closures__rosidl_typesupport_introspection_c.h\n'}
[78.877275] (rtabmap_msgs) StdoutLine: {'line': b'-- Installing: /home/deepak/electronic_ws/install/rtabmap_msgs/include/rtabmap_msgs/srv/detail/add_link__type_support.c\n'}
[78.877367] (rtabmap_msgs) StdoutLine: {'line': b'-- Installing: /home/deepak/electronic_ws/install/rtabmap_msgs/include/rtabmap_msgs/srv/detail/set_label__type_support.c\n'}
[78.877449] (rtabmap_msgs) StdoutLine: {'line': b'-- Installing: /home/deepak/electronic_ws/install/rtabmap_msgs/include/rtabmap_msgs/srv/detail/remove_label__type_support.c\n'}
[78.877514] (rtabmap_msgs) StdoutLine: {'line': b'-- Installing: /home/deepak/electronic_ws/install/rtabmap_msgs/lib/librtabmap_msgs__rosidl_typesupport_introspection_c.so\n'}
[78.877575] (rtabmap_msgs) StdoutLine: {'line': b'-- Set runtime path of "/home/deepak/electronic_ws/install/rtabmap_msgs/lib/librtabmap_msgs__rosidl_typesupport_introspection_c.so" to ""\n'}
[78.877634] (rtabmap_msgs) StdoutLine: {'line': b'-- Installing: /home/deepak/electronic_ws/install/rtabmap_msgs/lib/librtabmap_msgs__rosidl_typesupport_c.so\n'}
[78.877696] (rtabmap_msgs) StdoutLine: {'line': b'-- Set runtime path of "/home/deepak/electronic_ws/install/rtabmap_msgs/lib/librtabmap_msgs__rosidl_typesupport_c.so" to ""\n'}
[78.877757] (rtabmap_msgs) StdoutLine: {'line': b'-- Up-to-date: /home/deepak/electronic_ws/install/rtabmap_msgs/include/rtabmap_msgs\n'}
[78.877861] (rtabmap_msgs) StdoutLine: {'line': b'-- Up-to-date: /home/deepak/electronic_ws/install/rtabmap_msgs/include/rtabmap_msgs/msg\n'}
[78.877928] (rtabmap_msgs) StdoutLine: {'line': b'-- Installing: /home/deepak/electronic_ws/install/rtabmap_msgs/include/rtabmap_msgs/msg/rosidl_generator_cpp__visibility_control.hpp\n'}
[78.877991] (rtabmap_msgs) StdoutLine: {'line': b'-- Installing: /home/deepak/electronic_ws/install/rtabmap_msgs/include/rtabmap_msgs/msg/rgbd_image.hpp\n'}
[78.878052] (rtabmap_msgs) StdoutLine: {'line': b'-- Installing: /home/deepak/electronic_ws/install/rtabmap_msgs/include/rtabmap_msgs/msg/key_point.hpp\n'}
[78.878139] (rtabmap_msgs) StdoutLine: {'line': b'-- Installing: /home/deepak/electronic_ws/install/rtabmap_msgs/include/rtabmap_msgs/msg/goal.hpp\n'}
[78.878205] (rtabmap_msgs) StdoutLine: {'line': b'-- Installing: /home/deepak/electronic_ws/install/rtabmap_msgs/include/rtabmap_msgs/msg/gps.hpp\n'}
[78.878267] (rtabmap_msgs) StdoutLine: {'line': b'-- Installing: /home/deepak/electronic_ws/install/rtabmap_msgs/include/rtabmap_msgs/msg/point2f.hpp\n'}
[78.878327] (rtabmap_msgs) StdoutLine: {'line': b'-- Installing: /home/deepak/electronic_ws/install/rtabmap_msgs/include/rtabmap_msgs/msg/camera_models.hpp\n'}
[78.878388] (rtabmap_msgs) StdoutLine: {'line': b'-- Installing: /home/deepak/electronic_ws/install/rtabmap_msgs/include/rtabmap_msgs/msg/map_graph.hpp\n'}
[78.878449] (rtabmap_msgs) StdoutLine: {'line': b'-- Up-to-date: /home/deepak/electronic_ws/install/rtabmap_msgs/include/rtabmap_msgs/msg/detail\n'}
[78.878551] (rtabmap_msgs) StdoutLine: {'line': b'-- Installing: /home/deepak/electronic_ws/install/rtabmap_msgs/include/rtabmap_msgs/msg/detail/rgbd_image__traits.hpp\n'}
[78.878623] (rtabmap_msgs) StdoutLine: {'line': b'-- Installing: /home/deepak/electronic_ws/install/rtabmap_msgs/include/rtabmap_msgs/msg/detail/key_point__type_support.hpp\n'}
[78.878686] (rtabmap_msgs) StdoutLine: {'line': b'-- Installing: /home/deepak/electronic_ws/install/rtabmap_msgs/include/rtabmap_msgs/msg/detail/camera_models__builder.hpp\n'}
[78.878771] (rtabmap_msgs) StdoutLine: {'line': b'-- Installing: /home/deepak/electronic_ws/install/rtabmap_msgs/include/rtabmap_msgs/msg/detail/point2f__traits.hpp\n'}
[78.878838] (rtabmap_msgs) StdoutLine: {'line': b'-- Installing: /home/deepak/electronic_ws/install/rtabmap_msgs/include/rtabmap_msgs/msg/detail/path__builder.hpp\n'}
[78.878922] (rtabmap_msgs) StdoutLine: {'line': b'-- Installing: /home/deepak/electronic_ws/install/rtabmap_msgs/include/rtabmap_msgs/msg/detail/user_data__struct.hpp\n'}
[78.878988] (rtabmap_msgs) StdoutLine: {'line': b'-- Installing: /home/deepak/electronic_ws/install/rtabmap_msgs/include/rtabmap_msgs/msg/detail/info__struct.hpp\n'}
[78.879047] (rtabmap_msgs) StdoutLine: {'line': b'-- Installing: /home/deepak/electronic_ws/install/rtabmap_msgs/include/rtabmap_msgs/msg/detail/user_data__traits.hpp\n'}
[78.879123] (rtabmap_msgs) StdoutLine: {'line': b'-- Installing: /home/deepak/electronic_ws/install/rtabmap_msgs/include/rtabmap_msgs/msg/detail/global_descriptor__traits.hpp\n'}
[78.879186] (rtabmap_msgs) StdoutLine: {'line': b'-- Installing: /home/deepak/electronic_ws/install/rtabmap_msgs/include/rtabmap_msgs/msg/detail/global_descriptor__struct.hpp\n'}
[78.879252] (rtabmap_msgs) StdoutLine: {'line': b'-- Installing: /home/deepak/electronic_ws/install/rtabmap_msgs/include/rtabmap_msgs/msg/detail/key_point__struct.hpp\n'}
[78.879349] (rtabmap_msgs) StdoutLine: {'line': b'-- Installing: /home/deepak/electronic_ws/install/rtabmap_msgs/include/rtabmap_msgs/msg/detail/global_descriptor__type_support.hpp\n'}
[78.879414] (rtabmap_msgs) StdoutLine: {'line': b'-- Installing: /home/deepak/electronic_ws/install/rtabmap_msgs/include/rtabmap_msgs/msg/detail/map_data__struct.hpp\n'}
[78.879483] (rtabmap_msgs) StdoutLine: {'line': b'-- Installing: /home/deepak/electronic_ws/install/rtabmap_msgs/include/rtabmap_msgs/msg/detail/point2f__builder.hpp\n'}
[78.879546] (rtabmap_msgs) StdoutLine: {'line': b'-- Installing: /home/deepak/electronic_ws/install/rtabmap_msgs/include/rtabmap_msgs/msg/detail/scan_descriptor__struct.hpp\n'}
[78.879637] (rtabmap_msgs) StdoutLine: {'line': b'-- Installing: /home/deepak/electronic_ws/install/rtabmap_msgs/include/rtabmap_msgs/msg/detail/rgbd_image__type_support.hpp\n'}
[78.879707] (rtabmap_msgs) StdoutLine: {'line': b'-- Installing: /home/deepak/electronic_ws/install/rtabmap_msgs/include/rtabmap_msgs/msg/detail/gps__builder.hpp\n'}
[78.879771] (rtabmap_msgs) StdoutLine: {'line': b'-- Installing: /home/deepak/electronic_ws/install/rtabmap_msgs/include/rtabmap_msgs/msg/detail/camera_model__builder.hpp\n'}
[78.879849] (rtabmap_msgs) StdoutLine: {'line': b'-- Installing: /home/deepak/electronic_ws/install/rtabmap_msgs/include/rtabmap_msgs/msg/detail/odom_info__builder.hpp\n'}
[78.879926] (rtabmap_msgs) StdoutLine: {'line': b'-- Installing: /home/deepak/electronic_ws/install/rtabmap_msgs/include/rtabmap_msgs/msg/detail/key_point__traits.hpp\n'}
[78.879987] (rtabmap_msgs) StdoutLine: {'line': b'-- Installing: /home/deepak/electronic_ws/install/rtabmap_msgs/include/rtabmap_msgs/msg/detail/user_data__type_support.hpp\n'}
[78.880048] (rtabmap_msgs) StdoutLine: {'line': b'-- Installing: /home/deepak/electronic_ws/install/rtabmap_msgs/include/rtabmap_msgs/msg/detail/odom_info__struct.hpp\n'}
[78.880109] (rtabmap_msgs) StdoutLine: {'line': b'-- Installing: /home/deepak/electronic_ws/install/rtabmap_msgs/include/rtabmap_msgs/msg/detail/rgbd_images__struct.hpp\n'}
[78.880170] (rtabmap_msgs) StdoutLine: {'line': b'-- Installing: /home/deepak/electronic_ws/install/rtabmap_msgs/include/rtabmap_msgs/msg/detail/env_sensor__builder.hpp\n'}
[78.880230] (rtabmap_msgs) StdoutLine: {'line': b'-- Installing: /home/deepak/electronic_ws/install/rtabmap_msgs/include/rtabmap_msgs/msg/detail/gps__type_support.hpp\n'}
[78.880290] (rtabmap_msgs) StdoutLine: {'line': b'-- Installing: /home/deepak/electronic_ws/install/rtabmap_msgs/include/rtabmap_msgs/msg/detail/point3f__traits.hpp\n'}
[78.880351] (rtabmap_msgs) StdoutLine: {'line': b'-- Installing: /home/deepak/electronic_ws/install/rtabmap_msgs/include/rtabmap_msgs/msg/detail/link__type_support.hpp\n'}
[78.880429] (rtabmap_msgs) StdoutLine: {'line': b'-- Installing: /home/deepak/electronic_ws/install/rtabmap_msgs/include/rtabmap_msgs/msg/detail/node_data__struct.hpp\n'}
[78.880520] (rtabmap_msgs) StdoutLine: {'line': b'-- Installing: /home/deepak/electronic_ws/install/rtabmap_msgs/include/rtabmap_msgs/msg/detail/odom_info__traits.hpp\n'}
[78.880584] (rtabmap_msgs) StdoutLine: {'line': b'-- Installing: /home/deepak/electronic_ws/install/rtabmap_msgs/include/rtabmap_msgs/msg/detail/scan_descriptor__type_support.hpp\n'}
[78.880647] (rtabmap_msgs) StdoutLine: {'line': b'-- Installing: /home/deepak/electronic_ws/install/rtabmap_msgs/include/rtabmap_msgs/msg/detail/scan_descriptor__builder.hpp\n'}
[78.880709] (rtabmap_msgs) StdoutLine: {'line': b'-- Installing: /home/deepak/electronic_ws/install/rtabmap_msgs/include/rtabmap_msgs/msg/detail/point2f__struct.hpp\n'}
[78.880770] (rtabmap_msgs) StdoutLine: {'line': b'-- Installing: /home/deepak/electronic_ws/install/rtabmap_msgs/include/rtabmap_msgs/msg/detail/rgbd_image__builder.hpp\n'}
[78.880831] (rtabmap_msgs) StdoutLine: {'line': b'-- Installing: /home/deepak/electronic_ws/install/rtabmap_msgs/include/rtabmap_msgs/msg/detail/gps__traits.hpp\n'}
[78.880957] (rtabmap_msgs) StdoutLine: {'line': b'-- Installing: /home/deepak/electronic_ws/install/rtabmap_msgs/include/rtabmap_msgs/msg/detail/node_data__type_support.hpp\n'}
[78.881036] (rtabmap_msgs) StdoutLine: {'line': b'-- Installing: /home/deepak/electronic_ws/install/rtabmap_msgs/include/rtabmap_msgs/msg/detail/map_data__builder.hpp\n'}
[78.881105] (rtabmap_msgs) StdoutLine: {'line': b'-- Installing: /home/deepak/electronic_ws/install/rtabmap_msgs/include/rtabmap_msgs/msg/detail/link__builder.hpp\n'}
[78.881175] (rtabmap_msgs) StdoutLine: {'line': b'-- Installing: /home/deepak/electronic_ws/install/rtabmap_msgs/include/rtabmap_msgs/msg/detail/user_data__builder.hpp\n'}
[78.881232] (rtabmap_msgs) StdoutLine: {'line': b'-- Installing: /home/deepak/electronic_ws/install/rtabmap_msgs/include/rtabmap_msgs/msg/detail/info__builder.hpp\n'}
[78.881294] (rtabmap_msgs) StdoutLine: {'line': b'-- Installing: /home/deepak/electronic_ws/install/rtabmap_msgs/include/rtabmap_msgs/msg/detail/rgbd_images__traits.hpp\n'}
[78.881350] (rtabmap_msgs) StdoutLine: {'line': b'-- Installing: /home/deepak/electronic_ws/install/rtabmap_msgs/include/rtabmap_msgs/msg/detail/point3f__type_support.hpp\n'}
[78.881451] (rtabmap_msgs) StdoutLine: {'line': b'-- Installing: /home/deepak/electronic_ws/install/rtabmap_msgs/include/rtabmap_msgs/msg/detail/map_graph__builder.hpp\n'}
[78.881571] (rtabmap_msgs) StdoutLine: {'line': b'-- Installing: /home/deepak/electronic_ws/install/rtabmap_msgs/include/rtabmap_msgs/msg/detail/node_data__traits.hpp\n'}
[78.881643] (rtabmap_msgs) StdoutLine: {'line': b'-- Installing: /home/deepak/electronic_ws/install/rtabmap_msgs/include/rtabmap_msgs/msg/detail/map_graph__struct.hpp\n'}
[78.881705] (rtabmap_msgs) StdoutLine: {'line': b'-- Installing: /home/deepak/electronic_ws/install/rtabmap_msgs/include/rtabmap_msgs/msg/detail/camera_model__struct.hpp\n'}
[78.881764] (rtabmap_msgs) StdoutLine: {'line': b'-- Installing: /home/deepak/electronic_ws/install/rtabmap_msgs/include/rtabmap_msgs/msg/detail/node_data__builder.hpp\n'}
[78.881820] (rtabmap_msgs) StdoutLine: {'line': b'-- Installing: /home/deepak/electronic_ws/install/rtabmap_msgs/include/rtabmap_msgs/msg/detail/camera_models__traits.hpp\n'}
[78.881875] (rtabmap_msgs) StdoutLine: {'line': b'-- Installing: /home/deepak/electronic_ws/install/rtabmap_msgs/include/rtabmap_msgs/msg/detail/camera_models__struct.hpp\n'}
[78.881927] (rtabmap_msgs) StdoutLine: {'line': b'-- Installing: /home/deepak/electronic_ws/install/rtabmap_msgs/include/rtabmap_msgs/msg/detail/point2f__type_support.hpp\n'}
[78.881983] (rtabmap_msgs) StdoutLine: {'line': b'-- Installing: /home/deepak/electronic_ws/install/rtabmap_msgs/include/rtabmap_msgs/msg/detail/info__traits.hpp\n'}
[78.882039] (rtabmap_msgs) StdoutLine: {'line': b'-- Installing: /home/deepak/electronic_ws/install/rtabmap_msgs/include/rtabmap_msgs/msg/detail/camera_model__traits.hpp\n'}
[78.882097] (rtabmap_msgs) StdoutLine: {'line': b'-- Installing: /home/deepak/electronic_ws/install/rtabmap_msgs/include/rtabmap_msgs/msg/detail/map_data__type_support.hpp\n'}
[78.882153] (rtabmap_msgs) StdoutLine: {'line': b'-- Installing: /home/deepak/electronic_ws/install/rtabmap_msgs/include/rtabmap_msgs/msg/detail/path__traits.hpp\n'}
[78.882210] (rtabmap_msgs) StdoutLine: {'line': b'-- Installing: /home/deepak/electronic_ws/install/rtabmap_msgs/include/rtabmap_msgs/msg/detail/goal__type_support.hpp\n'}
[78.882266] (rtabmap_msgs) StdoutLine: {'line': b'-- Installing: /home/deepak/electronic_ws/install/rtabmap_msgs/include/rtabmap_msgs/msg/detail/env_sensor__type_support.hpp\n'}
[78.882322] (rtabmap_msgs) StdoutLine: {'line': b'-- Installing: /home/deepak/electronic_ws/install/rtabmap_msgs/include/rtabmap_msgs/msg/detail/map_data__traits.hpp\n'}
[78.882378] (rtabmap_msgs) StdoutLine: {'line': b'-- Installing: /home/deepak/electronic_ws/install/rtabmap_msgs/include/rtabmap_msgs/msg/detail/path__struct.hpp\n'}
[78.882434] (rtabmap_msgs) StdoutLine: {'line': b'-- Installing: /home/deepak/electronic_ws/install/rtabmap_msgs/include/rtabmap_msgs/msg/detail/link__struct.hpp\n'}
[78.882488] (rtabmap_msgs) StdoutLine: {'line': b'-- Installing: /home/deepak/electronic_ws/install/rtabmap_msgs/include/rtabmap_msgs/msg/detail/link__traits.hpp\n'}
[78.882544] (rtabmap_msgs) StdoutLine: {'line': b'-- Installing: /home/deepak/electronic_ws/install/rtabmap_msgs/include/rtabmap_msgs/msg/detail/odom_info__type_support.hpp\n'}
[78.882600] (rtabmap_msgs) StdoutLine: {'line': b'-- Installing: /home/deepak/electronic_ws/install/rtabmap_msgs/include/rtabmap_msgs/msg/detail/goal__struct.hpp\n'}
[78.882655] (rtabmap_msgs) StdoutLine: {'line': b'-- Installing: /home/deepak/electronic_ws/install/rtabmap_msgs/include/rtabmap_msgs/msg/detail/camera_models__type_support.hpp\n'}
[78.882763] (rtabmap_msgs) StdoutLine: {'line': b'-- Installing: /home/deepak/electronic_ws/install/rtabmap_msgs/include/rtabmap_msgs/msg/detail/point3f__struct.hpp\n'}
[78.882920] (rtabmap_msgs) StdoutLine: {'line': b'-- Installing: /home/deepak/electronic_ws/install/rtabmap_msgs/include/rtabmap_msgs/msg/detail/path__type_support.hpp\n'}
[78.882979] (rtabmap_msgs) StdoutLine: {'line': b'-- Installing: /home/deepak/electronic_ws/install/rtabmap_msgs/include/rtabmap_msgs/msg/detail/key_point__builder.hpp\n'}
[78.883032] (rtabmap_msgs) StdoutLine: {'line': b'-- Installing: /home/deepak/electronic_ws/install/rtabmap_msgs/include/rtabmap_msgs/msg/detail/env_sensor__traits.hpp\n'}
[78.883118] (rtabmap_msgs) StdoutLine: {'line': b'-- Installing: /home/deepak/electronic_ws/install/rtabmap_msgs/include/rtabmap_msgs/msg/detail/global_descriptor__builder.hpp\n'}
[78.883211] (rtabmap_msgs) StdoutLine: {'line': b'-- Installing: /home/deepak/electronic_ws/install/rtabmap_msgs/include/rtabmap_msgs/msg/detail/rgbd_images__type_support.hpp\n'}
[78.883266] (rtabmap_msgs) StdoutLine: {'line': b'-- Installing: /home/deepak/electronic_ws/install/rtabmap_msgs/include/rtabmap_msgs/msg/detail/rgbd_image__struct.hpp\n'}
[78.883319] (rtabmap_msgs) StdoutLine: {'line': b'-- Installing: /home/deepak/electronic_ws/install/rtabmap_msgs/include/rtabmap_msgs/msg/detail/map_graph__traits.hpp\n'}
[78.883371] (rtabmap_msgs) StdoutLine: {'line': b'-- Installing: /home/deepak/electronic_ws/install/rtabmap_msgs/include/rtabmap_msgs/msg/detail/scan_descriptor__traits.hpp\n'}
[78.883425] (rtabmap_msgs) StdoutLine: {'line': b'-- Installing: /home/deepak/electronic_ws/install/rtabmap_msgs/include/rtabmap_msgs/msg/detail/goal__builder.hpp\n'}
[78.883476] (rtabmap_msgs) StdoutLine: {'line': b'-- Installing: /home/deepak/electronic_ws/install/rtabmap_msgs/include/rtabmap_msgs/msg/detail/info__type_support.hpp\n'}
[78.883529] (rtabmap_msgs) StdoutLine: {'line': b'-- Installing: /home/deepak/electronic_ws/install/rtabmap_msgs/include/rtabmap_msgs/msg/detail/point3f__builder.hpp\n'}
[78.883581] (rtabmap_msgs) StdoutLine: {'line': b'-- Installing: /home/deepak/electronic_ws/install/rtabmap_msgs/include/rtabmap_msgs/msg/detail/map_graph__type_support.hpp\n'}
[78.883633] (rtabmap_msgs) StdoutLine: {'line': b'-- Installing: /home/deepak/electronic_ws/install/rtabmap_msgs/include/rtabmap_msgs/msg/detail/goal__traits.hpp\n'}
[78.883715] (rtabmap_msgs) StdoutLine: {'line': b'-- Installing: /home/deepak/electronic_ws/install/rtabmap_msgs/include/rtabmap_msgs/msg/detail/gps__struct.hpp\n'}
[78.883838] (rtabmap_msgs) StdoutLine: {'line': b'-- Installing: /home/deepak/electronic_ws/install/rtabmap_msgs/include/rtabmap_msgs/msg/detail/rgbd_images__builder.hpp\n'}
[78.883892] (rtabmap_msgs) StdoutLine: {'line': b'-- Installing: /home/deepak/electronic_ws/install/rtabmap_msgs/include/rtabmap_msgs/msg/detail/camera_model__type_support.hpp\n'}
[78.883944] (rtabmap_msgs) StdoutLine: {'line': b'-- Installing: /home/deepak/electronic_ws/install/rtabmap_msgs/include/rtabmap_msgs/msg/detail/env_sensor__struct.hpp\n'}
[78.883996] (rtabmap_msgs) StdoutLine: {'line': b'-- Installing: /home/deepak/electronic_ws/install/rtabmap_msgs/include/rtabmap_msgs/msg/point3f.hpp\n'}
[78.884048] (rtabmap_msgs) StdoutLine: {'line': b'-- Installing: /home/deepak/electronic_ws/install/rtabmap_msgs/include/rtabmap_msgs/msg/scan_descriptor.hpp\n'}
[78.884102] (rtabmap_msgs) StdoutLine: {'line': b'-- Installing: /home/deepak/electronic_ws/install/rtabmap_msgs/include/rtabmap_msgs/msg/user_data.hpp\n'}
[78.884154] (rtabmap_msgs) StdoutLine: {'line': b'-- Installing: /home/deepak/electronic_ws/install/rtabmap_msgs/include/rtabmap_msgs/msg/camera_model.hpp\n'}
[78.884207] (rtabmap_msgs) StdoutLine: {'line': b'-- Installing: /home/deepak/electronic_ws/install/rtabmap_msgs/include/rtabmap_msgs/msg/path.hpp\n'}
[78.884261] (rtabmap_msgs) StdoutLine: {'line': b'-- Installing: /home/deepak/electronic_ws/install/rtabmap_msgs/include/rtabmap_msgs/msg/rgbd_images.hpp\n'}
[78.884313] (rtabmap_msgs) StdoutLine: {'line': b'-- Installing: /home/deepak/electronic_ws/install/rtabmap_msgs/include/rtabmap_msgs/msg/node_data.hpp\n'}
[78.884366] (rtabmap_msgs) StdoutLine: {'line': b'-- Installing: /home/deepak/electronic_ws/install/rtabmap_msgs/include/rtabmap_msgs/msg/odom_info.hpp\n'}
[78.884417] (rtabmap_msgs) StdoutLine: {'line': b'-- Installing: /home/deepak/electronic_ws/install/rtabmap_msgs/include/rtabmap_msgs/msg/map_data.hpp\n'}
[78.884469] (rtabmap_msgs) StdoutLine: {'line': b'-- Installing: /home/deepak/electronic_ws/install/rtabmap_msgs/include/rtabmap_msgs/msg/env_sensor.hpp\n'}
[78.884522] (rtabmap_msgs) StdoutLine: {'line': b'-- Installing: /home/deepak/electronic_ws/install/rtabmap_msgs/include/rtabmap_msgs/msg/link.hpp\n'}
[78.884603] (rtabmap_msgs) StdoutLine: {'line': b'-- Installing: /home/deepak/electronic_ws/install/rtabmap_msgs/include/rtabmap_msgs/msg/info.hpp\n'}
[78.884655] (rtabmap_msgs) StdoutLine: {'line': b'-- Installing: /home/deepak/electronic_ws/install/rtabmap_msgs/include/rtabmap_msgs/msg/global_descriptor.hpp\n'}
[78.884707] (rtabmap_msgs) StdoutLine: {'line': b'-- Up-to-date: /home/deepak/electronic_ws/install/rtabmap_msgs/include/rtabmap_msgs/srv\n'}
[78.884760] (rtabmap_msgs) StdoutLine: {'line': b'-- Installing: /home/deepak/electronic_ws/install/rtabmap_msgs/include/rtabmap_msgs/srv/global_bundle_adjustment.hpp\n'}
[78.884814] (rtabmap_msgs) StdoutLine: {'line': b'-- Installing: /home/deepak/electronic_ws/install/rtabmap_msgs/include/rtabmap_msgs/srv/list_labels.hpp\n'}
[78.884868] (rtabmap_msgs) StdoutLine: {'line': b'-- Installing: /home/deepak/electronic_ws/install/rtabmap_msgs/include/rtabmap_msgs/srv/get_node_data.hpp\n'}
[78.884939] (rtabmap_msgs) StdoutLine: {'line': b'-- Up-to-date: /home/deepak/electronic_ws/install/rtabmap_msgs/include/rtabmap_msgs/srv/detail\n'}
[78.884993] (rtabmap_msgs) StdoutLine: {'line': b'-- Installing: /home/deepak/electronic_ws/install/rtabmap_msgs/include/rtabmap_msgs/srv/detail/get_map2__type_support.hpp\n'}
[78.885045] (rtabmap_msgs) StdoutLine: {'line': b'-- Installing: /home/deepak/electronic_ws/install/rtabmap_msgs/include/rtabmap_msgs/srv/detail/get_node_data__traits.hpp\n'}
[78.885097] (rtabmap_msgs) StdoutLine: {'line': b'-- Installing: /home/deepak/electronic_ws/install/rtabmap_msgs/include/rtabmap_msgs/srv/detail/add_link__builder.hpp\n'}
[78.885223] (rtabmap_msgs) StdoutLine: {'line': b'-- Installing: /home/deepak/electronic_ws/install/rtabmap_msgs/include/rtabmap_msgs/srv/detail/list_labels__traits.hpp\n'}
[78.885278] (rtabmap_msgs) StdoutLine: {'line': b'-- Installing: /home/deepak/electronic_ws/install/rtabmap_msgs/include/rtabmap_msgs/srv/detail/add_link__traits.hpp\n'}
[78.885332] (rtabmap_msgs) StdoutLine: {'line': b'-- Installing: /home/deepak/electronic_ws/install/rtabmap_msgs/include/rtabmap_msgs/srv/detail/get_nodes_in_radius__traits.hpp\n'}
[78.885387] (rtabmap_msgs) StdoutLine: {'line': b'-- Installing: /home/deepak/electronic_ws/install/rtabmap_msgs/include/rtabmap_msgs/srv/detail/list_labels__struct.hpp\n'}
[78.885438] (rtabmap_msgs) StdoutLine: {'line': b'-- Installing: /home/deepak/electronic_ws/install/rtabmap_msgs/include/rtabmap_msgs/srv/detail/load_database__traits.hpp\n'}
[78.885494] (rtabmap_msgs) StdoutLine: {'line': b'-- Installing: /home/deepak/electronic_ws/install/rtabmap_msgs/include/rtabmap_msgs/srv/detail/cleanup_local_grids__traits.hpp\n'}
[78.885549] (rtabmap_msgs) StdoutLine: {'line': b'-- Installing: /home/deepak/electronic_ws/install/rtabmap_msgs/include/rtabmap_msgs/srv/detail/add_link__type_support.hpp\n'}
[78.885602] (rtabmap_msgs) StdoutLine: {'line': b'-- Installing: /home/deepak/electronic_ws/install/rtabmap_msgs/include/rtabmap_msgs/srv/detail/set_label__struct.hpp\n'}
[78.885655] (rtabmap_msgs) StdoutLine: {'line': b'-- Installing: /home/deepak/electronic_ws/install/rtabmap_msgs/include/rtabmap_msgs/srv/detail/list_labels__type_support.hpp\n'}
[78.885710] (rtabmap_msgs) StdoutLine: {'line': b'-- Installing: /home/deepak/electronic_ws/install/rtabmap_msgs/include/rtabmap_msgs/srv/detail/remove_label__struct.hpp\n'}
[78.885765] (rtabmap_msgs) StdoutLine: {'line': b'-- Installing: /home/deepak/electronic_ws/install/rtabmap_msgs/include/rtabmap_msgs/srv/detail/get_map__type_support.hpp\n'}
[78.885820] (rtabmap_msgs) StdoutLine: {'line': b'-- Installing: /home/deepak/electronic_ws/install/rtabmap_msgs/include/rtabmap_msgs/srv/detail/get_plan__type_support.hpp\n'}
[78.885930] (rtabmap_msgs) StdoutLine: {'line': b'-- Installing: /home/deepak/electronic_ws/install/rtabmap_msgs/include/rtabmap_msgs/srv/detail/get_plan__traits.hpp\n'}
[78.886051] (rtabmap_msgs) StdoutLine: {'line': b'-- Installing: /home/deepak/electronic_ws/install/rtabmap_msgs/include/rtabmap_msgs/srv/detail/add_link__struct.hpp\n'}
[78.886158] (rtabmap_msgs) StdoutLine: {'line': b'-- Installing: /home/deepak/electronic_ws/install/rtabmap_msgs/include/rtabmap_msgs/srv/detail/cleanup_local_grids__builder.hpp\n'}
[78.886216] (rtabmap_msgs) StdoutLine: {'line': b'-- Installing: /home/deepak/electronic_ws/install/rtabmap_msgs/include/rtabmap_msgs/srv/detail/remove_label__traits.hpp\n'}
[78.886272] (rtabmap_msgs) StdoutLine: {'line': b'-- Installing: /home/deepak/electronic_ws/install/rtabmap_msgs/include/rtabmap_msgs/srv/detail/get_node_data__builder.hpp\n'}
[78.886326] (rtabmap_msgs) StdoutLine: {'line': b'-- Installing: /home/deepak/electronic_ws/install/rtabmap_msgs/include/rtabmap_msgs/srv/detail/global_bundle_adjustment__type_support.hpp\n'}
[78.886382] (rtabmap_msgs) StdoutLine: {'line': b'-- Installing: /home/deepak/electronic_ws/install/rtabmap_msgs/include/rtabmap_msgs/srv/detail/get_map__traits.hpp\n'}
[78.886436] (rtabmap_msgs) StdoutLine: {'line': b'-- Installing: /home/deepak/electronic_ws/install/rtabmap_msgs/include/rtabmap_msgs/srv/detail/cleanup_local_grids__type_support.hpp\n'}
[78.886491] (rtabmap_msgs) StdoutLine: {'line': b'-- Installing: /home/deepak/electronic_ws/install/rtabmap_msgs/include/rtabmap_msgs/srv/detail/get_plan__builder.hpp\n'}
[78.886547] (rtabmap_msgs) StdoutLine: {'line': b'-- Installing: /home/deepak/electronic_ws/install/rtabmap_msgs/include/rtabmap_msgs/srv/detail/reset_pose__struct.hpp\n'}
[78.886600] (rtabmap_msgs) StdoutLine: {'line': b'-- Installing: /home/deepak/electronic_ws/install/rtabmap_msgs/include/rtabmap_msgs/srv/detail/global_bundle_adjustment__traits.hpp\n'}
[78.886655] (rtabmap_msgs) StdoutLine: {'line': b'-- Installing: /home/deepak/electronic_ws/install/rtabmap_msgs/include/rtabmap_msgs/srv/detail/reset_pose__builder.hpp\n'}
[78.886708] (rtabmap_msgs) StdoutLine: {'line': b'-- Installing: /home/deepak/electronic_ws/install/rtabmap_msgs/include/rtabmap_msgs/srv/detail/reset_pose__type_support.hpp\n'}
[78.886764] (rtabmap_msgs) StdoutLine: {'line': b'-- Installing: /home/deepak/electronic_ws/install/rtabmap_msgs/include/rtabmap_msgs/srv/detail/set_label__type_support.hpp\n'}
[78.886819] (rtabmap_msgs) StdoutLine: {'line': b'-- Installing: /home/deepak/electronic_ws/install/rtabmap_msgs/include/rtabmap_msgs/srv/detail/get_map2__traits.hpp\n'}
[78.886874] (rtabmap_msgs) StdoutLine: {'line': b'-- Installing: /home/deepak/electronic_ws/install/rtabmap_msgs/include/rtabmap_msgs/srv/detail/load_database__builder.hpp\n'}
[78.886928] (rtabmap_msgs) StdoutLine: {'line': b'-- Installing: /home/deepak/electronic_ws/install/rtabmap_msgs/include/rtabmap_msgs/srv/detail/remove_label__builder.hpp\n'}
[78.887012] (rtabmap_msgs) StdoutLine: {'line': b'-- Installing: /home/deepak/electronic_ws/install/rtabmap_msgs/include/rtabmap_msgs/srv/detail/set_goal__type_support.hpp\n'}
[78.887063] (rtabmap_msgs) StdoutLine: {'line': b'-- Installing: /home/deepak/electronic_ws/install/rtabmap_msgs/include/rtabmap_msgs/srv/detail/detect_more_loop_closures__struct.hpp\n'}
[78.887212] (rtabmap_msgs) StdoutLine: {'line': b'-- Installing: /home/deepak/electronic_ws/install/rtabmap_msgs/include/rtabmap_msgs/srv/detail/get_nodes_in_radius__type_support.hpp\n'}
[78.887267] (rtabmap_msgs) StdoutLine: {'line': b'-- Installing: /home/deepak/electronic_ws/install/rtabmap_msgs/include/rtabmap_msgs/srv/detail/publish_map__struct.hpp\n'}
[78.887320] (rtabmap_msgs) StdoutLine: {'line': b'-- Installing: /home/deepak/electronic_ws/install/rtabmap_msgs/include/rtabmap_msgs/srv/detail/list_labels__builder.hpp\n'}
[78.887373] (rtabmap_msgs) StdoutLine: {'line': b'-- Installing: /home/deepak/electronic_ws/install/rtabmap_msgs/include/rtabmap_msgs/srv/detail/reset_pose__traits.hpp\n'}
[78.887427] (rtabmap_msgs) StdoutLine: {'line': b'-- Installing: /home/deepak/electronic_ws/install/rtabmap_msgs/include/rtabmap_msgs/srv/detail/get_node_data__struct.hpp\n'}
[78.887479] (rtabmap_msgs) StdoutLine: {'line': b'-- Installing: /home/deepak/electronic_ws/install/rtabmap_msgs/include/rtabmap_msgs/srv/detail/detect_more_loop_closures__type_support.hpp\n'}
[78.887558] (rtabmap_msgs) StdoutLine: {'line': b'-- Installing: /home/deepak/electronic_ws/install/rtabmap_msgs/include/rtabmap_msgs/srv/detail/global_bundle_adjustment__builder.hpp\n'}
[78.887614] (rtabmap_msgs) StdoutLine: {'line': b'-- Installing: /home/deepak/electronic_ws/install/rtabmap_msgs/include/rtabmap_msgs/srv/detail/get_map__builder.hpp\n'}
[78.887668] (rtabmap_msgs) StdoutLine: {'line': b'-- Installing: /home/deepak/electronic_ws/install/rtabmap_msgs/include/rtabmap_msgs/srv/detail/get_nodes_in_radius__builder.hpp\n'}
[78.887721] (rtabmap_msgs) StdoutLine: {'line': b'-- Installing: /home/deepak/electronic_ws/install/rtabmap_msgs/include/rtabmap_msgs/srv/detail/set_goal__traits.hpp\n'}
[78.887776] (rtabmap_msgs) StdoutLine: {'line': b'-- Installing: /home/deepak/electronic_ws/install/rtabmap_msgs/include/rtabmap_msgs/srv/detail/set_goal__struct.hpp\n'}
[78.887831] (rtabmap_msgs) StdoutLine: {'line': b'-- Installing: /home/deepak/electronic_ws/install/rtabmap_msgs/include/rtabmap_msgs/srv/detail/set_goal__builder.hpp\n'}
[78.887884] (rtabmap_msgs) StdoutLine: {'line': b'-- Installing: /home/deepak/electronic_ws/install/rtabmap_msgs/include/rtabmap_msgs/srv/detail/get_map2__struct.hpp\n'}
[78.887936] (rtabmap_msgs) StdoutLine: {'line': b'-- Installing: /home/deepak/electronic_ws/install/rtabmap_msgs/include/rtabmap_msgs/srv/detail/load_database__type_support.hpp\n'}
[78.887993] (rtabmap_msgs) StdoutLine: {'line': b'-- Installing: /home/deepak/electronic_ws/install/rtabmap_msgs/include/rtabmap_msgs/srv/detail/set_label__builder.hpp\n'}
[78.888050] (rtabmap_msgs) StdoutLine: {'line': b'-- Installing: /home/deepak/electronic_ws/install/rtabmap_msgs/include/rtabmap_msgs/srv/detail/detect_more_loop_closures__builder.hpp\n'}
[78.888103] (rtabmap_msgs) StdoutLine: {'line': b'-- Installing: /home/deepak/electronic_ws/install/rtabmap_msgs/include/rtabmap_msgs/srv/detail/load_database__struct.hpp\n'}
[78.888154] (rtabmap_msgs) StdoutLine: {'line': b'-- Installing: /home/deepak/electronic_ws/install/rtabmap_msgs/include/rtabmap_msgs/srv/detail/get_map2__builder.hpp\n'}
[78.888207] (rtabmap_msgs) StdoutLine: {'line': b'-- Installing: /home/deepak/electronic_ws/install/rtabmap_msgs/include/rtabmap_msgs/srv/detail/detect_more_loop_closures__traits.hpp\n'}
[78.888259] (rtabmap_msgs) StdoutLine: {'line': b'-- Installing: /home/deepak/electronic_ws/install/rtabmap_msgs/include/rtabmap_msgs/srv/detail/get_map__struct.hpp\n'}
[78.888311] (rtabmap_msgs) StdoutLine: {'line': b'-- Installing: /home/deepak/electronic_ws/install/rtabmap_msgs/include/rtabmap_msgs/srv/detail/publish_map__traits.hpp\n'}
[78.888363] (rtabmap_msgs) StdoutLine: {'line': b'-- Installing: /home/deepak/electronic_ws/install/rtabmap_msgs/include/rtabmap_msgs/srv/detail/cleanup_local_grids__struct.hpp\n'}
[78.888441] (rtabmap_msgs) StdoutLine: {'line': b'-- Installing: /home/deepak/electronic_ws/install/rtabmap_msgs/include/rtabmap_msgs/srv/detail/publish_map__type_support.hpp\n'}
[78.888515] (rtabmap_msgs) StdoutLine: {'line': b'-- Installing: /home/deepak/electronic_ws/install/rtabmap_msgs/include/rtabmap_msgs/srv/detail/get_nodes_in_radius__struct.hpp\n'}
[78.888674] (rtabmap_msgs) StdoutLine: {'line': b'-- Installing: /home/deepak/electronic_ws/install/rtabmap_msgs/include/rtabmap_msgs/srv/detail/remove_label__type_support.hpp\n'}
[78.888764] (rtabmap_msgs) StdoutLine: {'line': b'-- Installing: /home/deepak/electronic_ws/install/rtabmap_msgs/include/rtabmap_msgs/srv/detail/set_label__traits.hpp\n'}
[78.888842] (rtabmap_msgs) StdoutLine: {'line': b'-- Installing: /home/deepak/electronic_ws/install/rtabmap_msgs/include/rtabmap_msgs/srv/detail/get_plan__struct.hpp\n'}
[78.889030] (rtabmap_msgs) StdoutLine: {'line': b'-- Installing: /home/deepak/electronic_ws/install/rtabmap_msgs/include/rtabmap_msgs/srv/detail/get_node_data__type_support.hpp\n'}
[78.889087] (rtabmap_msgs) StdoutLine: {'line': b'-- Installing: /home/deepak/electronic_ws/install/rtabmap_msgs/include/rtabmap_msgs/srv/detail/global_bundle_adjustment__struct.hpp\n'}
[78.889184] (rtabmap_msgs) StdoutLine: {'line': b'-- Installing: /home/deepak/electronic_ws/install/rtabmap_msgs/include/rtabmap_msgs/srv/detail/publish_map__builder.hpp\n'}
[78.889237] (rtabmap_msgs) StdoutLine: {'line': b'-- Installing: /home/deepak/electronic_ws/install/rtabmap_msgs/include/rtabmap_msgs/srv/cleanup_local_grids.hpp\n'}
[78.889318] (rtabmap_msgs) StdoutLine: {'line': b'-- Installing: /home/deepak/electronic_ws/install/rtabmap_msgs/include/rtabmap_msgs/srv/load_database.hpp\n'}
[78.889372] (rtabmap_msgs) StdoutLine: {'line': b'-- Installing: /home/deepak/electronic_ws/install/rtabmap_msgs/include/rtabmap_msgs/srv/reset_pose.hpp\n'}
[78.889423] (rtabmap_msgs) StdoutLine: {'line': b'-- Installing: /home/deepak/electronic_ws/install/rtabmap_msgs/include/rtabmap_msgs/srv/detect_more_loop_closures.hpp\n'}
[78.889473] (rtabmap_msgs) StdoutLine: {'line': b'-- Installing: /home/deepak/electronic_ws/install/rtabmap_msgs/include/rtabmap_msgs/srv/get_plan.hpp\n'}
[78.889524] (rtabmap_msgs) StdoutLine: {'line': b'-- Installing: /home/deepak/electronic_ws/install/rtabmap_msgs/include/rtabmap_msgs/srv/set_label.hpp\n'}
[78.889573] (rtabmap_msgs) StdoutLine: {'line': b'-- Installing: /home/deepak/electronic_ws/install/rtabmap_msgs/include/rtabmap_msgs/srv/add_link.hpp\n'}
[78.889622] (rtabmap_msgs) StdoutLine: {'line': b'-- Installing: /home/deepak/electronic_ws/install/rtabmap_msgs/include/rtabmap_msgs/srv/get_map2.hpp\n'}
[78.889672] (rtabmap_msgs) StdoutLine: {'line': b'-- Installing: /home/deepak/electronic_ws/install/rtabmap_msgs/include/rtabmap_msgs/srv/get_nodes_in_radius.hpp\n'}
[78.889723] (rtabmap_msgs) StdoutLine: {'line': b'-- Installing: /home/deepak/electronic_ws/install/rtabmap_msgs/include/rtabmap_msgs/srv/remove_label.hpp\n'}
[78.889778] (rtabmap_msgs) StdoutLine: {'line': b'-- Installing: /home/deepak/electronic_ws/install/rtabmap_msgs/include/rtabmap_msgs/srv/get_map.hpp\n'}
[78.889831] (rtabmap_msgs) StdoutLine: {'line': b'-- Installing: /home/deepak/electronic_ws/install/rtabmap_msgs/include/rtabmap_msgs/srv/publish_map.hpp\n'}
[78.889885] (rtabmap_msgs) StdoutLine: {'line': b'-- Installing: /home/deepak/electronic_ws/install/rtabmap_msgs/include/rtabmap_msgs/srv/set_goal.hpp\n'}
[78.889937] (rtabmap_msgs) StdoutLine: {'line': b'-- Up-to-date: /home/deepak/electronic_ws/install/rtabmap_msgs/include/rtabmap_msgs\n'}
[78.889991] (rtabmap_msgs) StdoutLine: {'line': b'-- Up-to-date: /home/deepak/electronic_ws/install/rtabmap_msgs/include/rtabmap_msgs/msg\n'}
[78.890044] (rtabmap_msgs) StdoutLine: {'line': b'-- Up-to-date: /home/deepak/electronic_ws/install/rtabmap_msgs/include/rtabmap_msgs/msg/detail\n'}
[78.890096] (rtabmap_msgs) StdoutLine: {'line': b'-- Installing: /home/deepak/electronic_ws/install/rtabmap_msgs/include/rtabmap_msgs/msg/detail/gps__rosidl_typesupport_introspection_cpp.hpp\n'}
[78.890151] (rtabmap_msgs) StdoutLine: {'line': b'-- Installing: /home/deepak/electronic_ws/install/rtabmap_msgs/include/rtabmap_msgs/msg/detail/point3f__type_support.cpp\n'}
[78.890205] (rtabmap_msgs) StdoutLine: {'line': b'-- Installing: /home/deepak/electronic_ws/install/rtabmap_msgs/include/rtabmap_msgs/msg/detail/camera_models__type_support.cpp\n'}
[78.890258] (rtabmap_msgs) StdoutLine: {'line': b'-- Installing: /home/deepak/electronic_ws/install/rtabmap_msgs/include/rtabmap_msgs/msg/detail/node_data__rosidl_typesupport_introspection_cpp.hpp\n'}
[78.890337] (rtabmap_msgs) StdoutLine: {'line': b'-- Installing: /home/deepak/electronic_ws/install/rtabmap_msgs/include/rtabmap_msgs/msg/detail/env_sensor__type_support.cpp\n'}
[78.890491] (rtabmap_msgs) StdoutLine: {'line': b'-- Installing: /home/deepak/electronic_ws/install/rtabmap_msgs/include/rtabmap_msgs/msg/detail/map_graph__rosidl_typesupport_introspection_cpp.hpp\n'}
[78.890559] (rtabmap_msgs) StdoutLine: {'line': b'-- Installing: /home/deepak/electronic_ws/install/rtabmap_msgs/include/rtabmap_msgs/msg/detail/point3f__rosidl_typesupport_introspection_cpp.hpp\n'}
[78.890613] (rtabmap_msgs) StdoutLine: {'line': b'-- Installing: /home/deepak/electronic_ws/install/rtabmap_msgs/include/rtabmap_msgs/msg/detail/camera_model__rosidl_typesupport_introspection_cpp.hpp\n'}
[78.890695] (rtabmap_msgs) StdoutLine: {'line': b'-- Installing: /home/deepak/electronic_ws/install/rtabmap_msgs/include/rtabmap_msgs/msg/detail/info__type_support.cpp\n'}
[78.890747] (rtabmap_msgs) StdoutLine: {'line': b'-- Installing: /home/deepak/electronic_ws/install/rtabmap_msgs/include/rtabmap_msgs/msg/detail/scan_descriptor__rosidl_typesupport_introspection_cpp.hpp\n'}
[78.890798] (rtabmap_msgs) StdoutLine: {'line': b'-- Installing: /home/deepak/electronic_ws/install/rtabmap_msgs/include/rtabmap_msgs/msg/detail/node_data__type_support.cpp\n'}
[78.890848] (rtabmap_msgs) StdoutLine: {'line': b'-- Installing: /home/deepak/electronic_ws/install/rtabmap_msgs/include/rtabmap_msgs/msg/detail/rgbd_images__type_support.cpp\n'}
[78.890898] (rtabmap_msgs) StdoutLine: {'line': b'-- Installing: /home/deepak/electronic_ws/install/rtabmap_msgs/include/rtabmap_msgs/msg/detail/scan_descriptor__type_support.cpp\n'}
[78.890950] (rtabmap_msgs) StdoutLine: {'line': b'-- Installing: /home/deepak/electronic_ws/install/rtabmap_msgs/include/rtabmap_msgs/msg/detail/link__type_support.cpp\n'}
[78.891001] (rtabmap_msgs) StdoutLine: {'line': b'-- Installing: /home/deepak/electronic_ws/install/rtabmap_msgs/include/rtabmap_msgs/msg/detail/odom_info__rosidl_typesupport_introspection_cpp.hpp\n'}
[78.891051] (rtabmap_msgs) StdoutLine: {'line': b'-- Installing: /home/deepak/electronic_ws/install/rtabmap_msgs/include/rtabmap_msgs/msg/detail/path__rosidl_typesupport_introspection_cpp.hpp\n'}
[78.891122] (rtabmap_msgs) StdoutLine: {'line': b'-- Installing: /home/deepak/electronic_ws/install/rtabmap_msgs/include/rtabmap_msgs/msg/detail/goal__type_support.cpp\n'}
[78.891175] (rtabmap_msgs) StdoutLine: {'line': b'-- Installing: /home/deepak/electronic_ws/install/rtabmap_msgs/include/rtabmap_msgs/msg/detail/goal__rosidl_typesupport_introspection_cpp.hpp\n'}
[78.891226] (rtabmap_msgs) StdoutLine: {'line': b'-- Installing: /home/deepak/electronic_ws/install/rtabmap_msgs/include/rtabmap_msgs/msg/detail/point2f__type_support.cpp\n'}
[78.891276] (rtabmap_msgs) StdoutLine: {'line': b'-- Installing: /home/deepak/electronic_ws/install/rtabmap_msgs/include/rtabmap_msgs/msg/detail/map_data__rosidl_typesupport_introspection_cpp.hpp\n'}
[78.891325] (rtabmap_msgs) StdoutLine: {'line': b'-- Installing: /home/deepak/electronic_ws/install/rtabmap_msgs/include/rtabmap_msgs/msg/detail/rgbd_image__type_support.cpp\n'}
[78.891374] (rtabmap_msgs) StdoutLine: {'line': b'-- Installing: /home/deepak/electronic_ws/install/rtabmap_msgs/include/rtabmap_msgs/msg/detail/global_descriptor__type_support.cpp\n'}
[78.891424] (rtabmap_msgs) StdoutLine: {'line': b'-- Installing: /home/deepak/electronic_ws/install/rtabmap_msgs/include/rtabmap_msgs/msg/detail/camera_models__rosidl_typesupport_introspection_cpp.hpp\n'}
[78.891473] (rtabmap_msgs) StdoutLine: {'line': b'-- Installing: /home/deepak/electronic_ws/install/rtabmap_msgs/include/rtabmap_msgs/msg/detail/map_data__type_support.cpp\n'}
[78.891523] (rtabmap_msgs) StdoutLine: {'line': b'-- Installing: /home/deepak/electronic_ws/install/rtabmap_msgs/include/rtabmap_msgs/msg/detail/key_point__type_support.cpp\n'}
[78.891572] (rtabmap_msgs) StdoutLine: {'line': b'-- Installing: /home/deepak/electronic_ws/install/rtabmap_msgs/include/rtabmap_msgs/msg/detail/info__rosidl_typesupport_introspection_cpp.hpp\n'}
[78.891622] (rtabmap_msgs) StdoutLine: {'line': b'-- Installing: /home/deepak/electronic_ws/install/rtabmap_msgs/include/rtabmap_msgs/msg/detail/env_sensor__rosidl_typesupport_introspection_cpp.hpp\n'}
[78.891673] (rtabmap_msgs) StdoutLine: {'line': b'-- Installing: /home/deepak/electronic_ws/install/rtabmap_msgs/include/rtabmap_msgs/msg/detail/rgbd_images__rosidl_typesupport_introspection_cpp.hpp\n'}
[78.891723] (rtabmap_msgs) StdoutLine: {'line': b'-- Installing: /home/deepak/electronic_ws/install/rtabmap_msgs/include/rtabmap_msgs/msg/detail/user_data__type_support.cpp\n'}
[78.891826] (rtabmap_msgs) StdoutLine: {'line': b'-- Installing: /home/deepak/electronic_ws/install/rtabmap_msgs/include/rtabmap_msgs/msg/detail/global_descriptor__rosidl_typesupport_introspection_cpp.hpp\n'}
[78.891965] (rtabmap_msgs) StdoutLine: {'line': b'-- Installing: /home/deepak/electronic_ws/install/rtabmap_msgs/include/rtabmap_msgs/msg/detail/point2f__rosidl_typesupport_introspection_cpp.hpp\n'}
[78.892017] (rtabmap_msgs) StdoutLine: {'line': b'-- Installing: /home/deepak/electronic_ws/install/rtabmap_msgs/include/rtabmap_msgs/msg/detail/rgbd_image__rosidl_typesupport_introspection_cpp.hpp\n'}
[78.892068] (rtabmap_msgs) StdoutLine: {'line': b'-- Installing: /home/deepak/electronic_ws/install/rtabmap_msgs/include/rtabmap_msgs/msg/detail/map_graph__type_support.cpp\n'}
[78.892118] (rtabmap_msgs) StdoutLine: {'line': b'-- Installing: /home/deepak/electronic_ws/install/rtabmap_msgs/include/rtabmap_msgs/msg/detail/user_data__rosidl_typesupport_introspection_cpp.hpp\n'}
[78.892187] (rtabmap_msgs) StdoutLine: {'line': b'-- Installing: /home/deepak/electronic_ws/install/rtabmap_msgs/include/rtabmap_msgs/msg/detail/camera_model__type_support.cpp\n'}
[78.892278] (rtabmap_msgs) StdoutLine: {'line': b'-- Installing: /home/deepak/electronic_ws/install/rtabmap_msgs/include/rtabmap_msgs/msg/detail/odom_info__type_support.cpp\n'}
[78.892328] (rtabmap_msgs) StdoutLine: {'line': b'-- Installing: /home/deepak/electronic_ws/install/rtabmap_msgs/include/rtabmap_msgs/msg/detail/link__rosidl_typesupport_introspection_cpp.hpp\n'}
[78.892379] (rtabmap_msgs) StdoutLine: {'line': b'-- Installing: /home/deepak/electronic_ws/install/rtabmap_msgs/include/rtabmap_msgs/msg/detail/key_point__rosidl_typesupport_introspection_cpp.hpp\n'}
[78.892428] (rtabmap_msgs) StdoutLine: {'line': b'-- Installing: /home/deepak/electronic_ws/install/rtabmap_msgs/include/rtabmap_msgs/msg/detail/path__type_support.cpp\n'}
[78.892477] (rtabmap_msgs) StdoutLine: {'line': b'-- Installing: /home/deepak/electronic_ws/install/rtabmap_msgs/include/rtabmap_msgs/msg/detail/gps__type_support.cpp\n'}
[78.892528] (rtabmap_msgs) StdoutLine: {'line': b'-- Up-to-date: /home/deepak/electronic_ws/install/rtabmap_msgs/include/rtabmap_msgs/srv\n'}
[78.892579] (rtabmap_msgs) StdoutLine: {'line': b'-- Up-to-date: /home/deepak/electronic_ws/install/rtabmap_msgs/include/rtabmap_msgs/srv/detail\n'}
[78.892630] (rtabmap_msgs) StdoutLine: {'line': b'-- Installing: /home/deepak/electronic_ws/install/rtabmap_msgs/include/rtabmap_msgs/srv/detail/reset_pose__rosidl_typesupport_introspection_cpp.hpp\n'}
[78.892681] (rtabmap_msgs) StdoutLine: {'line': b'-- Installing: /home/deepak/electronic_ws/install/rtabmap_msgs/include/rtabmap_msgs/srv/detail/get_map2__type_support.cpp\n'}
[78.892731] (rtabmap_msgs) StdoutLine: {'line': b'-- Installing: /home/deepak/electronic_ws/install/rtabmap_msgs/include/rtabmap_msgs/srv/detail/get_plan__rosidl_typesupport_introspection_cpp.hpp\n'}
[78.892801] (rtabmap_msgs) StdoutLine: {'line': b'-- Installing: /home/deepak/electronic_ws/install/rtabmap_msgs/include/rtabmap_msgs/srv/detail/list_labels__rosidl_typesupport_introspection_cpp.hpp\n'}
[78.892853] (rtabmap_msgs) StdoutLine: {'line': b'-- Installing: /home/deepak/electronic_ws/install/rtabmap_msgs/include/rtabmap_msgs/srv/detail/detect_more_loop_closures__type_support.cpp\n'}
[78.892919] (rtabmap_msgs) StdoutLine: {'line': b'-- Installing: /home/deepak/electronic_ws/install/rtabmap_msgs/include/rtabmap_msgs/srv/detail/cleanup_local_grids__type_support.cpp\n'}
[78.892972] (rtabmap_msgs) StdoutLine: {'line': b'-- Installing: /home/deepak/electronic_ws/install/rtabmap_msgs/include/rtabmap_msgs/srv/detail/get_node_data__rosidl_typesupport_introspection_cpp.hpp\n'}
[78.893022] (rtabmap_msgs) StdoutLine: {'line': b'-- Installing: /home/deepak/electronic_ws/install/rtabmap_msgs/include/rtabmap_msgs/srv/detail/cleanup_local_grids__rosidl_typesupport_introspection_cpp.hpp\n'}
[78.893073] (rtabmap_msgs) StdoutLine: {'line': b'-- Installing: /home/deepak/electronic_ws/install/rtabmap_msgs/include/rtabmap_msgs/srv/detail/get_node_data__type_support.cpp\n'}
[78.893122] (rtabmap_msgs) StdoutLine: {'line': b'-- Installing: /home/deepak/electronic_ws/install/rtabmap_msgs/include/rtabmap_msgs/srv/detail/get_nodes_in_radius__type_support.cpp\n'}
[78.893228] (rtabmap_msgs) StdoutLine: {'line': b'-- Installing: /home/deepak/electronic_ws/install/rtabmap_msgs/include/rtabmap_msgs/srv/detail/reset_pose__type_support.cpp\n'}
[78.893279] (rtabmap_msgs) StdoutLine: {'line': b'-- Installing: /home/deepak/electronic_ws/install/rtabmap_msgs/include/rtabmap_msgs/srv/detail/load_database__rosidl_typesupport_introspection_cpp.hpp\n'}
[78.893328] (rtabmap_msgs) StdoutLine: {'line': b'-- Installing: /home/deepak/electronic_ws/install/rtabmap_msgs/include/rtabmap_msgs/srv/detail/add_link__rosidl_typesupport_introspection_cpp.hpp\n'}
[78.893379] (rtabmap_msgs) StdoutLine: {'line': b'-- Installing: /home/deepak/electronic_ws/install/rtabmap_msgs/include/rtabmap_msgs/srv/detail/global_bundle_adjustment__type_support.cpp\n'}
[78.893428] (rtabmap_msgs) StdoutLine: {'line': b'-- Installing: /home/deepak/electronic_ws/install/rtabmap_msgs/include/rtabmap_msgs/srv/detail/get_map__rosidl_typesupport_introspection_cpp.hpp\n'}
[78.893478] (rtabmap_msgs) StdoutLine: {'line': b'-- Installing: /home/deepak/electronic_ws/install/rtabmap_msgs/include/rtabmap_msgs/srv/detail/set_goal__type_support.cpp\n'}
[78.893530] (rtabmap_msgs) StdoutLine: {'line': b'-- Installing: /home/deepak/electronic_ws/install/rtabmap_msgs/include/rtabmap_msgs/srv/detail/global_bundle_adjustment__rosidl_typesupport_introspection_cpp.hpp\n'}
[78.893580] (rtabmap_msgs) StdoutLine: {'line': b'-- Installing: /home/deepak/electronic_ws/install/rtabmap_msgs/include/rtabmap_msgs/srv/detail/set_goal__rosidl_typesupport_introspection_cpp.hpp\n'}
[78.893630] (rtabmap_msgs) StdoutLine: {'line': b'-- Installing: /home/deepak/electronic_ws/install/rtabmap_msgs/include/rtabmap_msgs/srv/detail/set_label__type_support.cpp\n'}
[78.893680] (rtabmap_msgs) StdoutLine: {'line': b'-- Installing: /home/deepak/electronic_ws/install/rtabmap_msgs/include/rtabmap_msgs/srv/detail/list_labels__type_support.cpp\n'}
[78.893784] (rtabmap_msgs) StdoutLine: {'line': b'-- Installing: /home/deepak/electronic_ws/install/rtabmap_msgs/include/rtabmap_msgs/srv/detail/remove_label__type_support.cpp\n'}
[78.893845] (rtabmap_msgs) StdoutLine: {'line': b'-- Installing: /home/deepak/electronic_ws/install/rtabmap_msgs/include/rtabmap_msgs/srv/detail/set_label__rosidl_typesupport_introspection_cpp.hpp\n'}
[78.893949] (rtabmap_msgs) StdoutLine: {'line': b'-- Installing: /home/deepak/electronic_ws/install/rtabmap_msgs/include/rtabmap_msgs/srv/detail/remove_label__rosidl_typesupport_introspection_cpp.hpp\n'}
[78.894004] (rtabmap_msgs) StdoutLine: {'line': b'-- Installing: /home/deepak/electronic_ws/install/rtabmap_msgs/include/rtabmap_msgs/srv/detail/detect_more_loop_closures__rosidl_typesupport_introspection_cpp.hpp\n'}
[78.894057] (rtabmap_msgs) StdoutLine: {'line': b'-- Installing: /home/deepak/electronic_ws/install/rtabmap_msgs/include/rtabmap_msgs/srv/detail/add_link__type_support.cpp\n'}
[78.894109] (rtabmap_msgs) StdoutLine: {'line': b'-- Installing: /home/deepak/electronic_ws/install/rtabmap_msgs/include/rtabmap_msgs/srv/detail/get_nodes_in_radius__rosidl_typesupport_introspection_cpp.hpp\n'}
[78.894162] (rtabmap_msgs) StdoutLine: {'line': b'-- Installing: /home/deepak/electronic_ws/install/rtabmap_msgs/include/rtabmap_msgs/srv/detail/load_database__type_support.cpp\n'}
[78.894213] (rtabmap_msgs) StdoutLine: {'line': b'-- Installing: /home/deepak/electronic_ws/install/rtabmap_msgs/include/rtabmap_msgs/srv/detail/get_map__type_support.cpp\n'}
[78.894265] (rtabmap_msgs) StdoutLine: {'line': b'-- Installing: /home/deepak/electronic_ws/install/rtabmap_msgs/include/rtabmap_msgs/srv/detail/get_map2__rosidl_typesupport_introspection_cpp.hpp\n'}
[78.894313] (rtabmap_msgs) StdoutLine: {'line': b'-- Installing: /home/deepak/electronic_ws/install/rtabmap_msgs/include/rtabmap_msgs/srv/detail/publish_map__rosidl_typesupport_introspection_cpp.hpp\n'}
[78.894363] (rtabmap_msgs) StdoutLine: {'line': b'-- Installing: /home/deepak/electronic_ws/install/rtabmap_msgs/include/rtabmap_msgs/srv/detail/publish_map__type_support.cpp\n'}
[78.894418] (rtabmap_msgs) StdoutLine: {'line': b'-- Installing: /home/deepak/electronic_ws/install/rtabmap_msgs/include/rtabmap_msgs/srv/detail/get_plan__type_support.cpp\n'}
[78.894465] (rtabmap_msgs) StdoutLine: {'line': b'-- Installing: /home/deepak/electronic_ws/install/rtabmap_msgs/lib/librtabmap_msgs__rosidl_typesupport_introspection_cpp.so\n'}
[78.894918] (rtabmap_msgs) StdoutLine: {'line': b'-- Set runtime path of "/home/deepak/electronic_ws/install/rtabmap_msgs/lib/librtabmap_msgs__rosidl_typesupport_introspection_cpp.so" to ""\n'}
[78.895027] (rtabmap_msgs) StdoutLine: {'line': b'-- Installing: /home/deepak/electronic_ws/install/rtabmap_msgs/lib/librtabmap_msgs__rosidl_typesupport_cpp.so\n'}
[78.895419] (rtabmap_msgs) StdoutLine: {'line': b'-- Set runtime path of "/home/deepak/electronic_ws/install/rtabmap_msgs/lib/librtabmap_msgs__rosidl_typesupport_cpp.so" to ""\n'}
[78.895504] (rtabmap_msgs) StdoutLine: {'line': b'-- Installing: /home/deepak/electronic_ws/install/rtabmap_msgs/share/rtabmap_msgs/environment/pythonpath.sh\n'}
[78.895636] (rtabmap_msgs) StdoutLine: {'line': b'-- Installing: /home/deepak/electronic_ws/install/rtabmap_msgs/share/rtabmap_msgs/environment/pythonpath.dsv\n'}
[78.895846] (rtabmap_msgs) StdoutLine: {'line': b'-- Installing: /home/deepak/electronic_ws/install/rtabmap_msgs/lib/python3.8/site-packages/rtabmap_msgs/__init__.py\n'}
[78.924744] (rtabmap_msgs) StdoutLine: {'line': b"Compiling '/home/deepak/electronic_ws/install/rtabmap_msgs/lib/python3.8/site-packages/rtabmap_msgs/__init__.py'...\n"}
[78.929528] (rtabmap_msgs) StdoutLine: {'line': b'-- Installing: /home/deepak/electronic_ws/install/rtabmap_msgs/lib/python3.8/site-packages/rtabmap_msgs/msg\n'}
[78.929971] (rtabmap_msgs) StdoutLine: {'line': b'-- Installing: /home/deepak/electronic_ws/install/rtabmap_msgs/lib/python3.8/site-packages/rtabmap_msgs/msg/_user_data.py\n'}
[78.930054] (rtabmap_msgs) StdoutLine: {'line': b'-- Installing: /home/deepak/electronic_ws/install/rtabmap_msgs/lib/python3.8/site-packages/rtabmap_msgs/msg/_link.py\n'}
[78.930118] (rtabmap_msgs) StdoutLine: {'line': b'-- Installing: /home/deepak/electronic_ws/install/rtabmap_msgs/lib/python3.8/site-packages/rtabmap_msgs/msg/_key_point_s.c\n'}
[78.930178] (rtabmap_msgs) StdoutLine: {'line': b'-- Installing: /home/deepak/electronic_ws/install/rtabmap_msgs/lib/python3.8/site-packages/rtabmap_msgs/msg/_camera_model_s.c\n'}
[78.930337] (rtabmap_msgs) StdoutLine: {'line': b'-- Installing: /home/deepak/electronic_ws/install/rtabmap_msgs/lib/python3.8/site-packages/rtabmap_msgs/msg/_goal.py\n'}
[78.930448] (rtabmap_msgs) StdoutLine: {'line': b'-- Installing: /home/deepak/electronic_ws/install/rtabmap_msgs/lib/python3.8/site-packages/rtabmap_msgs/msg/_rgbd_image.py\n'}
[78.930518] (rtabmap_msgs) StdoutLine: {'line': b'-- Installing: /home/deepak/electronic_ws/install/rtabmap_msgs/lib/python3.8/site-packages/rtabmap_msgs/msg/_path_s.c\n'}
[78.930579] (rtabmap_msgs) StdoutLine: {'line': b'-- Installing: /home/deepak/electronic_ws/install/rtabmap_msgs/lib/python3.8/site-packages/rtabmap_msgs/msg/_node_data_s.c\n'}
[78.930667] (rtabmap_msgs) StdoutLine: {'line': b'-- Installing: /home/deepak/electronic_ws/install/rtabmap_msgs/lib/python3.8/site-packages/rtabmap_msgs/msg/_odom_info_s.c\n'}
[78.930758] (rtabmap_msgs) StdoutLine: {'line': b'-- Installing: /home/deepak/electronic_ws/install/rtabmap_msgs/lib/python3.8/site-packages/rtabmap_msgs/msg/_map_graph_s.c\n'}
[78.930816] (rtabmap_msgs) StdoutLine: {'line': b'-- Installing: /home/deepak/electronic_ws/install/rtabmap_msgs/lib/python3.8/site-packages/rtabmap_msgs/msg/_node_data.py\n'}
[78.930908] (rtabmap_msgs) StdoutLine: {'line': b'-- Installing: /home/deepak/electronic_ws/install/rtabmap_msgs/lib/python3.8/site-packages/rtabmap_msgs/msg/_user_data_s.c\n'}
[78.930964] (rtabmap_msgs) StdoutLine: {'line': b'-- Installing: /home/deepak/electronic_ws/install/rtabmap_msgs/lib/python3.8/site-packages/rtabmap_msgs/msg/_path.py\n'}
[78.931041] (rtabmap_msgs) StdoutLine: {'line': b'-- Installing: /home/deepak/electronic_ws/install/rtabmap_msgs/lib/python3.8/site-packages/rtabmap_msgs/msg/_global_descriptor_s.c\n'}
[78.931117] (rtabmap_msgs) StdoutLine: {'line': b'-- Installing: /home/deepak/electronic_ws/install/rtabmap_msgs/lib/python3.8/site-packages/rtabmap_msgs/msg/_camera_models_s.c\n'}
[78.931193] (rtabmap_msgs) StdoutLine: {'line': b'-- Installing: /home/deepak/electronic_ws/install/rtabmap_msgs/lib/python3.8/site-packages/rtabmap_msgs/msg/_point2f_s.c\n'}
[78.931276] (rtabmap_msgs) StdoutLine: {'line': b'-- Installing: /home/deepak/electronic_ws/install/rtabmap_msgs/lib/python3.8/site-packages/rtabmap_msgs/msg/_link_s.c\n'}
[78.931361] (rtabmap_msgs) StdoutLine: {'line': b'-- Installing: /home/deepak/electronic_ws/install/rtabmap_msgs/lib/python3.8/site-packages/rtabmap_msgs/msg/_rgbd_images.py\n'}
[78.931446] (rtabmap_msgs) StdoutLine: {'line': b'-- Installing: /home/deepak/electronic_ws/install/rtabmap_msgs/lib/python3.8/site-packages/rtabmap_msgs/msg/__init__.py\n'}
[78.931532] (rtabmap_msgs) StdoutLine: {'line': b'-- Installing: /home/deepak/electronic_ws/install/rtabmap_msgs/lib/python3.8/site-packages/rtabmap_msgs/msg/_gps_s.c\n'}
[78.931613] (rtabmap_msgs) StdoutLine: {'line': b'-- Installing: /home/deepak/electronic_ws/install/rtabmap_msgs/lib/python3.8/site-packages/rtabmap_msgs/msg/_point3f_s.c\n'}
[78.931690] (rtabmap_msgs) StdoutLine: {'line': b'-- Installing: /home/deepak/electronic_ws/install/rtabmap_msgs/lib/python3.8/site-packages/rtabmap_msgs/msg/_camera_models.py\n'}
[78.931776] (rtabmap_msgs) StdoutLine: {'line': b'-- Installing: /home/deepak/electronic_ws/install/rtabmap_msgs/lib/python3.8/site-packages/rtabmap_msgs/msg/_env_sensor_s.c\n'}
[78.931857] (rtabmap_msgs) StdoutLine: {'line': b'-- Installing: /home/deepak/electronic_ws/install/rtabmap_msgs/lib/python3.8/site-packages/rtabmap_msgs/msg/_info.py\n'}
[78.931939] (rtabmap_msgs) StdoutLine: {'line': b'-- Installing: /home/deepak/electronic_ws/install/rtabmap_msgs/lib/python3.8/site-packages/rtabmap_msgs/msg/_camera_model.py\n'}
[78.932018] (rtabmap_msgs) StdoutLine: {'line': b'-- Installing: /home/deepak/electronic_ws/install/rtabmap_msgs/lib/python3.8/site-packages/rtabmap_msgs/msg/_global_descriptor.py\n'}
[78.932098] (rtabmap_msgs) StdoutLine: {'line': b'-- Installing: /home/deepak/electronic_ws/install/rtabmap_msgs/lib/python3.8/site-packages/rtabmap_msgs/msg/_point3f.py\n'}
[78.932178] (rtabmap_msgs) StdoutLine: {'line': b'-- Installing: /home/deepak/electronic_ws/install/rtabmap_msgs/lib/python3.8/site-packages/rtabmap_msgs/msg/_info_s.c\n'}
[78.932283] (rtabmap_msgs) StdoutLine: {'line': b'-- Installing: /home/deepak/electronic_ws/install/rtabmap_msgs/lib/python3.8/site-packages/rtabmap_msgs/msg/_rgbd_image_s.c\n'}
[78.932375] (rtabmap_msgs) StdoutLine: {'line': b'-- Installing: /home/deepak/electronic_ws/install/rtabmap_msgs/lib/python3.8/site-packages/rtabmap_msgs/msg/_map_graph.py\n'}
[78.932450] (rtabmap_msgs) StdoutLine: {'line': b'-- Installing: /home/deepak/electronic_ws/install/rtabmap_msgs/lib/python3.8/site-packages/rtabmap_msgs/msg/_goal_s.c\n'}
[78.932527] (rtabmap_msgs) StdoutLine: {'line': b'-- Installing: /home/deepak/electronic_ws/install/rtabmap_msgs/lib/python3.8/site-packages/rtabmap_msgs/msg/_map_data.py\n'}
[78.932603] (rtabmap_msgs) StdoutLine: {'line': b'-- Installing: /home/deepak/electronic_ws/install/rtabmap_msgs/lib/python3.8/site-packages/rtabmap_msgs/msg/_env_sensor.py\n'}
[78.932685] (rtabmap_msgs) StdoutLine: {'line': b'-- Installing: /home/deepak/electronic_ws/install/rtabmap_msgs/lib/python3.8/site-packages/rtabmap_msgs/msg/_point2f.py\n'}
[78.932756] (rtabmap_msgs) StdoutLine: {'line': b'-- Installing: /home/deepak/electronic_ws/install/rtabmap_msgs/lib/python3.8/site-packages/rtabmap_msgs/msg/_scan_descriptor.py\n'}
[78.932829] (rtabmap_msgs) StdoutLine: {'line': b'-- Installing: /home/deepak/electronic_ws/install/rtabmap_msgs/lib/python3.8/site-packages/rtabmap_msgs/msg/_gps.py\n'}
[78.932918] (rtabmap_msgs) StdoutLine: {'line': b'-- Installing: /home/deepak/electronic_ws/install/rtabmap_msgs/lib/python3.8/site-packages/rtabmap_msgs/msg/_odom_info.py\n'}
[78.933025] (rtabmap_msgs) StdoutLine: {'line': b'-- Installing: /home/deepak/electronic_ws/install/rtabmap_msgs/lib/python3.8/site-packages/rtabmap_msgs/msg/_scan_descriptor_s.c\n'}
[78.933100] (rtabmap_msgs) StdoutLine: {'line': b'-- Installing: /home/deepak/electronic_ws/install/rtabmap_msgs/lib/python3.8/site-packages/rtabmap_msgs/msg/_rgbd_images_s.c\n'}
[78.933176] (rtabmap_msgs) StdoutLine: {'line': b'-- Installing: /home/deepak/electronic_ws/install/rtabmap_msgs/lib/python3.8/site-packages/rtabmap_msgs/msg/_key_point.py\n'}
[78.933250] (rtabmap_msgs) StdoutLine: {'line': b'-- Installing: /home/deepak/electronic_ws/install/rtabmap_msgs/lib/python3.8/site-packages/rtabmap_msgs/msg/_map_data_s.c\n'}
[78.933464] (rtabmap_msgs) StdoutLine: {'line': b'-- Installing: /home/deepak/electronic_ws/install/rtabmap_msgs/lib/python3.8/site-packages/rtabmap_msgs/srv\n'}
[78.933559] (rtabmap_msgs) StdoutLine: {'line': b'-- Installing: /home/deepak/electronic_ws/install/rtabmap_msgs/lib/python3.8/site-packages/rtabmap_msgs/srv/_get_plan.py\n'}
[78.933682] (rtabmap_msgs) StdoutLine: {'line': b'-- Installing: /home/deepak/electronic_ws/install/rtabmap_msgs/lib/python3.8/site-packages/rtabmap_msgs/srv/_remove_label_s.c\n'}
[78.933759] (rtabmap_msgs) StdoutLine: {'line': b'-- Installing: /home/deepak/electronic_ws/install/rtabmap_msgs/lib/python3.8/site-packages/rtabmap_msgs/srv/_global_bundle_adjustment.py\n'}
[78.933843] (rtabmap_msgs) StdoutLine: {'line': b'-- Installing: /home/deepak/electronic_ws/install/rtabmap_msgs/lib/python3.8/site-packages/rtabmap_msgs/srv/_add_link.py\n'}
[78.933921] (rtabmap_msgs) StdoutLine: {'line': b'-- Installing: /home/deepak/electronic_ws/install/rtabmap_msgs/lib/python3.8/site-packages/rtabmap_msgs/srv/_get_plan_s.c\n'}
[78.934008] (rtabmap_msgs) StdoutLine: {'line': b'-- Installing: /home/deepak/electronic_ws/install/rtabmap_msgs/lib/python3.8/site-packages/rtabmap_msgs/srv/_set_label_s.c\n'}
[78.934089] (rtabmap_msgs) StdoutLine: {'line': b'-- Installing: /home/deepak/electronic_ws/install/rtabmap_msgs/lib/python3.8/site-packages/rtabmap_msgs/srv/_remove_label.py\n'}
[78.934176] (rtabmap_msgs) StdoutLine: {'line': b'-- Installing: /home/deepak/electronic_ws/install/rtabmap_msgs/lib/python3.8/site-packages/rtabmap_msgs/srv/_get_map2.py\n'}
[78.934259] (rtabmap_msgs) StdoutLine: {'line': b'-- Installing: /home/deepak/electronic_ws/install/rtabmap_msgs/lib/python3.8/site-packages/rtabmap_msgs/srv/_get_map.py\n'}
[78.934342] (rtabmap_msgs) StdoutLine: {'line': b'-- Installing: /home/deepak/electronic_ws/install/rtabmap_msgs/lib/python3.8/site-packages/rtabmap_msgs/srv/_get_nodes_in_radius_s.c\n'}
[78.934427] (rtabmap_msgs) StdoutLine: {'line': b'-- Installing: /home/deepak/electronic_ws/install/rtabmap_msgs/lib/python3.8/site-packages/rtabmap_msgs/srv/_cleanup_local_grids.py\n'}
[78.934511] (rtabmap_msgs) StdoutLine: {'line': b'-- Installing: /home/deepak/electronic_ws/install/rtabmap_msgs/lib/python3.8/site-packages/rtabmap_msgs/srv/_publish_map.py\n'}
[78.934588] (rtabmap_msgs) StdoutLine: {'line': b'-- Installing: /home/deepak/electronic_ws/install/rtabmap_msgs/lib/python3.8/site-packages/rtabmap_msgs/srv/_reset_pose_s.c\n'}
[78.934670] (rtabmap_msgs) StdoutLine: {'line': b'-- Installing: /home/deepak/electronic_ws/install/rtabmap_msgs/lib/python3.8/site-packages/rtabmap_msgs/srv/_get_node_data_s.c\n'}
[78.934757] (rtabmap_msgs) StdoutLine: {'line': b'-- Installing: /home/deepak/electronic_ws/install/rtabmap_msgs/lib/python3.8/site-packages/rtabmap_msgs/srv/_get_map2_s.c\n'}
[78.934839] (rtabmap_msgs) StdoutLine: {'line': b'-- Installing: /home/deepak/electronic_ws/install/rtabmap_msgs/lib/python3.8/site-packages/rtabmap_msgs/srv/_get_map_s.c\n'}
[78.934924] (rtabmap_msgs) StdoutLine: {'line': b'-- Installing: /home/deepak/electronic_ws/install/rtabmap_msgs/lib/python3.8/site-packages/rtabmap_msgs/srv/__init__.py\n'}
[78.935006] (rtabmap_msgs) StdoutLine: {'line': b'-- Installing: /home/deepak/electronic_ws/install/rtabmap_msgs/lib/python3.8/site-packages/rtabmap_msgs/srv/_list_labels.py\n'}
[78.935084] (rtabmap_msgs) StdoutLine: {'line': b'-- Installing: /home/deepak/electronic_ws/install/rtabmap_msgs/lib/python3.8/site-packages/rtabmap_msgs/srv/_get_nodes_in_radius.py\n'}
[78.935160] (rtabmap_msgs) StdoutLine: {'line': b'-- Installing: /home/deepak/electronic_ws/install/rtabmap_msgs/lib/python3.8/site-packages/rtabmap_msgs/srv/_global_bundle_adjustment_s.c\n'}
[78.935236] (rtabmap_msgs) StdoutLine: {'line': b'-- Installing: /home/deepak/electronic_ws/install/rtabmap_msgs/lib/python3.8/site-packages/rtabmap_msgs/srv/_set_goal.py\n'}
[78.935323] (rtabmap_msgs) StdoutLine: {'line': b'-- Installing: /home/deepak/electronic_ws/install/rtabmap_msgs/lib/python3.8/site-packages/rtabmap_msgs/srv/_detect_more_loop_closures.py\n'}
[78.935406] (rtabmap_msgs) StdoutLine: {'line': b'-- Installing: /home/deepak/electronic_ws/install/rtabmap_msgs/lib/python3.8/site-packages/rtabmap_msgs/srv/_cleanup_local_grids_s.c\n'}
[78.935484] (rtabmap_msgs) StdoutLine: {'line': b'-- Installing: /home/deepak/electronic_ws/install/rtabmap_msgs/lib/python3.8/site-packages/rtabmap_msgs/srv/_add_link_s.c\n'}
[78.935568] (rtabmap_msgs) StdoutLine: {'line': b'-- Installing: /home/deepak/electronic_ws/install/rtabmap_msgs/lib/python3.8/site-packages/rtabmap_msgs/srv/_publish_map_s.c\n'}
[78.935653] (rtabmap_msgs) StdoutLine: {'line': b'-- Installing: /home/deepak/electronic_ws/install/rtabmap_msgs/lib/python3.8/site-packages/rtabmap_msgs/srv/_set_label.py\n'}
[78.935738] (rtabmap_msgs) StdoutLine: {'line': b'-- Installing: /home/deepak/electronic_ws/install/rtabmap_msgs/lib/python3.8/site-packages/rtabmap_msgs/srv/_list_labels_s.c\n'}
[78.935820] (rtabmap_msgs) StdoutLine: {'line': b'-- Installing: /home/deepak/electronic_ws/install/rtabmap_msgs/lib/python3.8/site-packages/rtabmap_msgs/srv/_set_goal_s.c\n'}
[78.935897] (rtabmap_msgs) StdoutLine: {'line': b'-- Installing: /home/deepak/electronic_ws/install/rtabmap_msgs/lib/python3.8/site-packages/rtabmap_msgs/srv/_load_database.py\n'}
[78.935973] (rtabmap_msgs) StdoutLine: {'line': b'-- Installing: /home/deepak/electronic_ws/install/rtabmap_msgs/lib/python3.8/site-packages/rtabmap_msgs/srv/_get_node_data.py\n'}
[78.936047] (rtabmap_msgs) StdoutLine: {'line': b'-- Installing: /home/deepak/electronic_ws/install/rtabmap_msgs/lib/python3.8/site-packages/rtabmap_msgs/srv/_reset_pose.py\n'}
[78.936123] (rtabmap_msgs) StdoutLine: {'line': b'-- Installing: /home/deepak/electronic_ws/install/rtabmap_msgs/lib/python3.8/site-packages/rtabmap_msgs/srv/_detect_more_loop_closures_s.c\n'}
[78.936208] (rtabmap_msgs) StdoutLine: {'line': b'-- Installing: /home/deepak/electronic_ws/install/rtabmap_msgs/lib/python3.8/site-packages/rtabmap_msgs/srv/_load_database_s.c\n'}
[78.936571] (rtabmap_msgs) StdoutLine: {'line': b'-- Installing: /home/deepak/electronic_ws/install/rtabmap_msgs/lib/python3.8/site-packages/rtabmap_msgs/rtabmap_msgs_s__rosidl_typesupport_fastrtps_c.cpython-38-x86_64-linux-gnu.so\n'}
[78.937176] (rtabmap_msgs) StdoutLine: {'line': b'-- Set runtime path of "/home/deepak/electronic_ws/install/rtabmap_msgs/lib/python3.8/site-packages/rtabmap_msgs/rtabmap_msgs_s__rosidl_typesupport_fastrtps_c.cpython-38-x86_64-linux-gnu.so" to ""\n'}
[78.937389] (rtabmap_msgs) StdoutLine: {'line': b'-- Installing: /home/deepak/electronic_ws/install/rtabmap_msgs/lib/python3.8/site-packages/rtabmap_msgs/rtabmap_msgs_s__rosidl_typesupport_introspection_c.cpython-38-x86_64-linux-gnu.so\n'}
[78.938028] (rtabmap_msgs) StdoutLine: {'line': b'-- Set runtime path of "/home/deepak/electronic_ws/install/rtabmap_msgs/lib/python3.8/site-packages/rtabmap_msgs/rtabmap_msgs_s__rosidl_typesupport_introspection_c.cpython-38-x86_64-linux-gnu.so" to ""\n'}
[78.938192] (rtabmap_msgs) StdoutLine: {'line': b'-- Installing: /home/deepak/electronic_ws/install/rtabmap_msgs/lib/python3.8/site-packages/rtabmap_msgs/rtabmap_msgs_s__rosidl_typesupport_c.cpython-38-x86_64-linux-gnu.so\n'}
[78.938749] (rtabmap_msgs) StdoutLine: {'line': b'-- Set runtime path of "/home/deepak/electronic_ws/install/rtabmap_msgs/lib/python3.8/site-packages/rtabmap_msgs/rtabmap_msgs_s__rosidl_typesupport_c.cpython-38-x86_64-linux-gnu.so" to ""\n'}
[78.938835] (rtabmap_msgs) StdoutLine: {'line': b'-- Installing: /home/deepak/electronic_ws/install/rtabmap_msgs/lib/librtabmap_msgs__python.so\n'}
[78.939474] (rtabmap_msgs) StdoutLine: {'line': b'-- Set runtime path of "/home/deepak/electronic_ws/install/rtabmap_msgs/lib/librtabmap_msgs__python.so" to ""\n'}
[78.939564] (rtabmap_msgs) StdoutLine: {'line': b'-- Installing: /home/deepak/electronic_ws/install/rtabmap_msgs/share/rtabmap_msgs/msg/Info.idl\n'}
[78.939710] (rtabmap_msgs) StdoutLine: {'line': b'-- Installing: /home/deepak/electronic_ws/install/rtabmap_msgs/share/rtabmap_msgs/msg/KeyPoint.idl\n'}
[78.939858] (rtabmap_msgs) StdoutLine: {'line': b'-- Installing: /home/deepak/electronic_ws/install/rtabmap_msgs/share/rtabmap_msgs/msg/GlobalDescriptor.idl\n'}
[78.939984] (rtabmap_msgs) StdoutLine: {'line': b'-- Installing: /home/deepak/electronic_ws/install/rtabmap_msgs/share/rtabmap_msgs/msg/ScanDescriptor.idl\n'}
[78.940120] (rtabmap_msgs) StdoutLine: {'line': b'-- Installing: /home/deepak/electronic_ws/install/rtabmap_msgs/share/rtabmap_msgs/msg/MapData.idl\n'}
[78.940247] (rtabmap_msgs) StdoutLine: {'line': b'-- Installing: /home/deepak/electronic_ws/install/rtabmap_msgs/share/rtabmap_msgs/msg/MapGraph.idl\n'}
[78.940386] (rtabmap_msgs) StdoutLine: {'line': b'-- Installing: /home/deepak/electronic_ws/install/rtabmap_msgs/share/rtabmap_msgs/msg/NodeData.idl\n'}
[78.940514] (rtabmap_msgs) StdoutLine: {'line': b'-- Installing: /home/deepak/electronic_ws/install/rtabmap_msgs/share/rtabmap_msgs/msg/Link.idl\n'}
[78.940648] (rtabmap_msgs) StdoutLine: {'line': b'-- Installing: /home/deepak/electronic_ws/install/rtabmap_msgs/share/rtabmap_msgs/msg/OdomInfo.idl\n'}
[78.940775] (rtabmap_msgs) StdoutLine: {'line': b'-- Installing: /home/deepak/electronic_ws/install/rtabmap_msgs/share/rtabmap_msgs/msg/Point2f.idl\n'}
[78.940929] (rtabmap_msgs) StdoutLine: {'line': b'-- Installing: /home/deepak/electronic_ws/install/rtabmap_msgs/share/rtabmap_msgs/msg/Point3f.idl\n'}
[78.941046] (rtabmap_msgs) StdoutLine: {'line': b'-- Installing: /home/deepak/electronic_ws/install/rtabmap_msgs/share/rtabmap_msgs/msg/Goal.idl\n'}
[78.941190] (rtabmap_msgs) StdoutLine: {'line': b'-- Installing: /home/deepak/electronic_ws/install/rtabmap_msgs/share/rtabmap_msgs/msg/RGBDImage.idl\n'}
[78.941314] (rtabmap_msgs) StdoutLine: {'line': b'-- Installing: /home/deepak/electronic_ws/install/rtabmap_msgs/share/rtabmap_msgs/msg/RGBDImages.idl\n'}
[78.941452] (rtabmap_msgs) StdoutLine: {'line': b'-- Installing: /home/deepak/electronic_ws/install/rtabmap_msgs/share/rtabmap_msgs/msg/UserData.idl\n'}
[78.941577] (rtabmap_msgs) StdoutLine: {'line': b'-- Installing: /home/deepak/electronic_ws/install/rtabmap_msgs/share/rtabmap_msgs/msg/GPS.idl\n'}
[78.941712] (rtabmap_msgs) StdoutLine: {'line': b'-- Installing: /home/deepak/electronic_ws/install/rtabmap_msgs/share/rtabmap_msgs/msg/Path.idl\n'}
[78.941835] (rtabmap_msgs) StdoutLine: {'line': b'-- Installing: /home/deepak/electronic_ws/install/rtabmap_msgs/share/rtabmap_msgs/msg/EnvSensor.idl\n'}
[78.941970] (rtabmap_msgs) StdoutLine: {'line': b'-- Installing: /home/deepak/electronic_ws/install/rtabmap_msgs/share/rtabmap_msgs/msg/CameraModel.idl\n'}
[78.942087] (rtabmap_msgs) StdoutLine: {'line': b'-- Installing: /home/deepak/electronic_ws/install/rtabmap_msgs/share/rtabmap_msgs/msg/CameraModels.idl\n'}
[78.942255] (rtabmap_msgs) StdoutLine: {'line': b'-- Installing: /home/deepak/electronic_ws/install/rtabmap_msgs/share/rtabmap_msgs/srv/GetMap.idl\n'}
[78.942378] (rtabmap_msgs) StdoutLine: {'line': b'-- Installing: /home/deepak/electronic_ws/install/rtabmap_msgs/share/rtabmap_msgs/srv/GetMap2.idl\n'}
[78.942516] (rtabmap_msgs) StdoutLine: {'line': b'-- Installing: /home/deepak/electronic_ws/install/rtabmap_msgs/share/rtabmap_msgs/srv/ListLabels.idl\n'}
[78.942632] (rtabmap_msgs) StdoutLine: {'line': b'-- Installing: /home/deepak/electronic_ws/install/rtabmap_msgs/share/rtabmap_msgs/srv/PublishMap.idl\n'}
[78.942776] (rtabmap_msgs) StdoutLine: {'line': b'-- Installing: /home/deepak/electronic_ws/install/rtabmap_msgs/share/rtabmap_msgs/srv/ResetPose.idl\n'}
[78.942897] (rtabmap_msgs) StdoutLine: {'line': b'-- Installing: /home/deepak/electronic_ws/install/rtabmap_msgs/share/rtabmap_msgs/srv/SetGoal.idl\n'}
[78.943032] (rtabmap_msgs) StdoutLine: {'line': b'-- Installing: /home/deepak/electronic_ws/install/rtabmap_msgs/share/rtabmap_msgs/srv/SetLabel.idl\n'}
[78.943148] (rtabmap_msgs) StdoutLine: {'line': b'-- Installing: /home/deepak/electronic_ws/install/rtabmap_msgs/share/rtabmap_msgs/srv/RemoveLabel.idl\n'}
[78.943282] (rtabmap_msgs) StdoutLine: {'line': b'-- Installing: /home/deepak/electronic_ws/install/rtabmap_msgs/share/rtabmap_msgs/srv/GetPlan.idl\n'}
[78.943399] (rtabmap_msgs) StdoutLine: {'line': b'-- Installing: /home/deepak/electronic_ws/install/rtabmap_msgs/share/rtabmap_msgs/srv/AddLink.idl\n'}
[78.943538] (rtabmap_msgs) StdoutLine: {'line': b'-- Installing: /home/deepak/electronic_ws/install/rtabmap_msgs/share/rtabmap_msgs/srv/GetNodeData.idl\n'}
[78.943662] (rtabmap_msgs) StdoutLine: {'line': b'-- Installing: /home/deepak/electronic_ws/install/rtabmap_msgs/share/rtabmap_msgs/srv/GetNodesInRadius.idl\n'}
[78.943798] (rtabmap_msgs) StdoutLine: {'line': b'-- Installing: /home/deepak/electronic_ws/install/rtabmap_msgs/share/rtabmap_msgs/srv/LoadDatabase.idl\n'}
[78.943917] (rtabmap_msgs) StdoutLine: {'line': b'-- Installing: /home/deepak/electronic_ws/install/rtabmap_msgs/share/rtabmap_msgs/srv/DetectMoreLoopClosures.idl\n'}
[78.944058] (rtabmap_msgs) StdoutLine: {'line': b'-- Installing: /home/deepak/electronic_ws/install/rtabmap_msgs/share/rtabmap_msgs/srv/GlobalBundleAdjustment.idl\n'}
[78.944181] (rtabmap_msgs) StdoutLine: {'line': b'-- Installing: /home/deepak/electronic_ws/install/rtabmap_msgs/share/rtabmap_msgs/srv/CleanupLocalGrids.idl\n'}
[78.944320] (rtabmap_msgs) StdoutLine: {'line': b'-- Installing: /home/deepak/electronic_ws/install/rtabmap_msgs/share/rtabmap_msgs/msg/Info.msg\n'}
[78.944443] (rtabmap_msgs) StdoutLine: {'line': b'-- Installing: /home/deepak/electronic_ws/install/rtabmap_msgs/share/rtabmap_msgs/msg/KeyPoint.msg\n'}
[78.944582] (rtabmap_msgs) StdoutLine: {'line': b'-- Installing: /home/deepak/electronic_ws/install/rtabmap_msgs/share/rtabmap_msgs/msg/GlobalDescriptor.msg\n'}
[78.944701] (rtabmap_msgs) StdoutLine: {'line': b'-- Installing: /home/deepak/electronic_ws/install/rtabmap_msgs/share/rtabmap_msgs/msg/ScanDescriptor.msg\n'}
[78.944841] (rtabmap_msgs) StdoutLine: {'line': b'-- Installing: /home/deepak/electronic_ws/install/rtabmap_msgs/share/rtabmap_msgs/msg/MapData.msg\n'}
[78.944974] (rtabmap_msgs) StdoutLine: {'line': b'-- Installing: /home/deepak/electronic_ws/install/rtabmap_msgs/share/rtabmap_msgs/msg/MapGraph.msg\n'}
[78.945114] (rtabmap_msgs) StdoutLine: {'line': b'-- Installing: /home/deepak/electronic_ws/install/rtabmap_msgs/share/rtabmap_msgs/msg/NodeData.msg\n'}
[78.945236] (rtabmap_msgs) StdoutLine: {'line': b'-- Installing: /home/deepak/electronic_ws/install/rtabmap_msgs/share/rtabmap_msgs/msg/Link.msg\n'}
[78.945377] (rtabmap_msgs) StdoutLine: {'line': b'-- Installing: /home/deepak/electronic_ws/install/rtabmap_msgs/share/rtabmap_msgs/msg/OdomInfo.msg\n'}
[78.945500] (rtabmap_msgs) StdoutLine: {'line': b'-- Installing: /home/deepak/electronic_ws/install/rtabmap_msgs/share/rtabmap_msgs/msg/Point2f.msg\n'}
[78.945640] (rtabmap_msgs) StdoutLine: {'line': b'-- Installing: /home/deepak/electronic_ws/install/rtabmap_msgs/share/rtabmap_msgs/msg/Point3f.msg\n'}
[78.945761] (rtabmap_msgs) StdoutLine: {'line': b'-- Installing: /home/deepak/electronic_ws/install/rtabmap_msgs/share/rtabmap_msgs/msg/Goal.msg\n'}
[78.945900] (rtabmap_msgs) StdoutLine: {'line': b'-- Installing: /home/deepak/electronic_ws/install/rtabmap_msgs/share/rtabmap_msgs/msg/RGBDImage.msg\n'}
[78.946022] (rtabmap_msgs) StdoutLine: {'line': b'-- Installing: /home/deepak/electronic_ws/install/rtabmap_msgs/share/rtabmap_msgs/msg/RGBDImages.msg\n'}
[78.946162] (rtabmap_msgs) StdoutLine: {'line': b'-- Installing: /home/deepak/electronic_ws/install/rtabmap_msgs/share/rtabmap_msgs/msg/UserData.msg\n'}
[78.946281] (rtabmap_msgs) StdoutLine: {'line': b'-- Installing: /home/deepak/electronic_ws/install/rtabmap_msgs/share/rtabmap_msgs/msg/GPS.msg\n'}
[78.946419] (rtabmap_msgs) StdoutLine: {'line': b'-- Installing: /home/deepak/electronic_ws/install/rtabmap_msgs/share/rtabmap_msgs/msg/Path.msg\n'}
[78.946539] (rtabmap_msgs) StdoutLine: {'line': b'-- Installing: /home/deepak/electronic_ws/install/rtabmap_msgs/share/rtabmap_msgs/msg/EnvSensor.msg\n'}
[78.946687] (rtabmap_msgs) StdoutLine: {'line': b'-- Installing: /home/deepak/electronic_ws/install/rtabmap_msgs/share/rtabmap_msgs/msg/CameraModel.msg\n'}
[78.946814] (rtabmap_msgs) StdoutLine: {'line': b'-- Installing: /home/deepak/electronic_ws/install/rtabmap_msgs/share/rtabmap_msgs/msg/CameraModels.msg\n'}
[78.946954] (rtabmap_msgs) StdoutLine: {'line': b'-- Installing: /home/deepak/electronic_ws/install/rtabmap_msgs/share/rtabmap_msgs/srv/GetMap.srv\n'}
[78.947075] (rtabmap_msgs) StdoutLine: {'line': b'-- Installing: /home/deepak/electronic_ws/install/rtabmap_msgs/share/rtabmap_msgs/srv/GetMap_Request.msg\n'}
[78.947218] (rtabmap_msgs) StdoutLine: {'line': b'-- Installing: /home/deepak/electronic_ws/install/rtabmap_msgs/share/rtabmap_msgs/srv/GetMap_Response.msg\n'}
[78.947337] (rtabmap_msgs) StdoutLine: {'line': b'-- Installing: /home/deepak/electronic_ws/install/rtabmap_msgs/share/rtabmap_msgs/srv/GetMap2.srv\n'}
[78.947476] (rtabmap_msgs) StdoutLine: {'line': b'-- Installing: /home/deepak/electronic_ws/install/rtabmap_msgs/share/rtabmap_msgs/srv/GetMap2_Request.msg\n'}
[78.947595] (rtabmap_msgs) StdoutLine: {'line': b'-- Installing: /home/deepak/electronic_ws/install/rtabmap_msgs/share/rtabmap_msgs/srv/GetMap2_Response.msg\n'}
[78.947734] (rtabmap_msgs) StdoutLine: {'line': b'-- Installing: /home/deepak/electronic_ws/install/rtabmap_msgs/share/rtabmap_msgs/srv/ListLabels.srv\n'}
[78.947853] (rtabmap_msgs) StdoutLine: {'line': b'-- Installing: /home/deepak/electronic_ws/install/rtabmap_msgs/share/rtabmap_msgs/srv/ListLabels_Request.msg\n'}
[78.947993] (rtabmap_msgs) StdoutLine: {'line': b'-- Installing: /home/deepak/electronic_ws/install/rtabmap_msgs/share/rtabmap_msgs/srv/ListLabels_Response.msg\n'}
[78.948112] (rtabmap_msgs) StdoutLine: {'line': b'-- Installing: /home/deepak/electronic_ws/install/rtabmap_msgs/share/rtabmap_msgs/srv/PublishMap.srv\n'}
[78.948252] (rtabmap_msgs) StdoutLine: {'line': b'-- Installing: /home/deepak/electronic_ws/install/rtabmap_msgs/share/rtabmap_msgs/srv/PublishMap_Request.msg\n'}
[78.948371] (rtabmap_msgs) StdoutLine: {'line': b'-- Installing: /home/deepak/electronic_ws/install/rtabmap_msgs/share/rtabmap_msgs/srv/PublishMap_Response.msg\n'}
[78.948510] (rtabmap_msgs) StdoutLine: {'line': b'-- Installing: /home/deepak/electronic_ws/install/rtabmap_msgs/share/rtabmap_msgs/srv/ResetPose.srv\n'}
[78.948629] (rtabmap_msgs) StdoutLine: {'line': b'-- Installing: /home/deepak/electronic_ws/install/rtabmap_msgs/share/rtabmap_msgs/srv/ResetPose_Request.msg\n'}
[78.948772] (rtabmap_msgs) StdoutLine: {'line': b'-- Installing: /home/deepak/electronic_ws/install/rtabmap_msgs/share/rtabmap_msgs/srv/ResetPose_Response.msg\n'}
[78.948900] (rtabmap_msgs) StdoutLine: {'line': b'-- Installing: /home/deepak/electronic_ws/install/rtabmap_msgs/share/rtabmap_msgs/srv/SetGoal.srv\n'}
[78.949044] (rtabmap_msgs) StdoutLine: {'line': b'-- Installing: /home/deepak/electronic_ws/install/rtabmap_msgs/share/rtabmap_msgs/srv/SetGoal_Request.msg\n'}
[78.949164] (rtabmap_msgs) StdoutLine: {'line': b'-- Installing: /home/deepak/electronic_ws/install/rtabmap_msgs/share/rtabmap_msgs/srv/SetGoal_Response.msg\n'}
[78.949306] (rtabmap_msgs) StdoutLine: {'line': b'-- Installing: /home/deepak/electronic_ws/install/rtabmap_msgs/share/rtabmap_msgs/srv/SetLabel.srv\n'}
[78.949427] (rtabmap_msgs) StdoutLine: {'line': b'-- Installing: /home/deepak/electronic_ws/install/rtabmap_msgs/share/rtabmap_msgs/srv/SetLabel_Request.msg\n'}
[78.949568] (rtabmap_msgs) StdoutLine: {'line': b'-- Installing: /home/deepak/electronic_ws/install/rtabmap_msgs/share/rtabmap_msgs/srv/SetLabel_Response.msg\n'}
[78.949695] (rtabmap_msgs) StdoutLine: {'line': b'-- Installing: /home/deepak/electronic_ws/install/rtabmap_msgs/share/rtabmap_msgs/srv/RemoveLabel.srv\n'}
[78.949833] (rtabmap_msgs) StdoutLine: {'line': b'-- Installing: /home/deepak/electronic_ws/install/rtabmap_msgs/share/rtabmap_msgs/srv/RemoveLabel_Request.msg\n'}
[78.949951] (rtabmap_msgs) StdoutLine: {'line': b'-- Installing: /home/deepak/electronic_ws/install/rtabmap_msgs/share/rtabmap_msgs/srv/RemoveLabel_Response.msg\n'}
[78.950094] (rtabmap_msgs) StdoutLine: {'line': b'-- Installing: /home/deepak/electronic_ws/install/rtabmap_msgs/share/rtabmap_msgs/srv/GetPlan.srv\n'}
[78.950214] (rtabmap_msgs) StdoutLine: {'line': b'-- Installing: /home/deepak/electronic_ws/install/rtabmap_msgs/share/rtabmap_msgs/srv/GetPlan_Request.msg\n'}
[78.950357] (rtabmap_msgs) StdoutLine: {'line': b'-- Installing: /home/deepak/electronic_ws/install/rtabmap_msgs/share/rtabmap_msgs/srv/GetPlan_Response.msg\n'}
[78.950480] (rtabmap_msgs) StdoutLine: {'line': b'-- Installing: /home/deepak/electronic_ws/install/rtabmap_msgs/share/rtabmap_msgs/srv/AddLink.srv\n'}
[78.950622] (rtabmap_msgs) StdoutLine: {'line': b'-- Installing: /home/deepak/electronic_ws/install/rtabmap_msgs/share/rtabmap_msgs/srv/AddLink_Request.msg\n'}
[78.950745] (rtabmap_msgs) StdoutLine: {'line': b'-- Installing: /home/deepak/electronic_ws/install/rtabmap_msgs/share/rtabmap_msgs/srv/AddLink_Response.msg\n'}
[78.950892] (rtabmap_msgs) StdoutLine: {'line': b'-- Installing: /home/deepak/electronic_ws/install/rtabmap_msgs/share/rtabmap_msgs/srv/GetNodeData.srv\n'}
[78.951012] (rtabmap_msgs) StdoutLine: {'line': b'-- Installing: /home/deepak/electronic_ws/install/rtabmap_msgs/share/rtabmap_msgs/srv/GetNodeData_Request.msg\n'}
[78.951155] (rtabmap_msgs) StdoutLine: {'line': b'-- Installing: /home/deepak/electronic_ws/install/rtabmap_msgs/share/rtabmap_msgs/srv/GetNodeData_Response.msg\n'}
[78.951279] (rtabmap_msgs) StdoutLine: {'line': b'-- Installing: /home/deepak/electronic_ws/install/rtabmap_msgs/share/rtabmap_msgs/srv/GetNodesInRadius.srv\n'}
[78.951424] (rtabmap_msgs) StdoutLine: {'line': b'-- Installing: /home/deepak/electronic_ws/install/rtabmap_msgs/share/rtabmap_msgs/srv/GetNodesInRadius_Request.msg\n'}
[78.951546] (rtabmap_msgs) StdoutLine: {'line': b'-- Installing: /home/deepak/electronic_ws/install/rtabmap_msgs/share/rtabmap_msgs/srv/GetNodesInRadius_Response.msg\n'}
[78.951692] (rtabmap_msgs) StdoutLine: {'line': b'-- Installing: /home/deepak/electronic_ws/install/rtabmap_msgs/share/rtabmap_msgs/srv/LoadDatabase.srv\n'}
[78.951812] (rtabmap_msgs) StdoutLine: {'line': b'-- Installing: /home/deepak/electronic_ws/install/rtabmap_msgs/share/rtabmap_msgs/srv/LoadDatabase_Request.msg\n'}
[78.951958] (rtabmap_msgs) StdoutLine: {'line': b'-- Installing: /home/deepak/electronic_ws/install/rtabmap_msgs/share/rtabmap_msgs/srv/LoadDatabase_Response.msg\n'}
[78.952083] (rtabmap_msgs) StdoutLine: {'line': b'-- Installing: /home/deepak/electronic_ws/install/rtabmap_msgs/share/rtabmap_msgs/srv/DetectMoreLoopClosures.srv\n'}
[78.952228] (rtabmap_msgs) StdoutLine: {'line': b'-- Installing: /home/deepak/electronic_ws/install/rtabmap_msgs/share/rtabmap_msgs/srv/DetectMoreLoopClosures_Request.msg\n'}
[78.952352] (rtabmap_msgs) StdoutLine: {'line': b'-- Installing: /home/deepak/electronic_ws/install/rtabmap_msgs/share/rtabmap_msgs/srv/DetectMoreLoopClosures_Response.msg\n'}
[78.952497] (rtabmap_msgs) StdoutLine: {'line': b'-- Installing: /home/deepak/electronic_ws/install/rtabmap_msgs/share/rtabmap_msgs/srv/GlobalBundleAdjustment.srv\n'}
[78.952629] (rtabmap_msgs) StdoutLine: {'line': b'-- Installing: /home/deepak/electronic_ws/install/rtabmap_msgs/share/rtabmap_msgs/srv/GlobalBundleAdjustment_Request.msg\n'}
[78.952778] (rtabmap_msgs) StdoutLine: {'line': b'-- Installing: /home/deepak/electronic_ws/install/rtabmap_msgs/share/rtabmap_msgs/srv/GlobalBundleAdjustment_Response.msg\n'}
[78.952914] (rtabmap_msgs) StdoutLine: {'line': b'-- Installing: /home/deepak/electronic_ws/install/rtabmap_msgs/share/rtabmap_msgs/srv/CleanupLocalGrids.srv\n'}
[78.953065] (rtabmap_msgs) StdoutLine: {'line': b'-- Installing: /home/deepak/electronic_ws/install/rtabmap_msgs/share/rtabmap_msgs/srv/CleanupLocalGrids_Request.msg\n'}
[78.953189] (rtabmap_msgs) StdoutLine: {'line': b'-- Installing: /home/deepak/electronic_ws/install/rtabmap_msgs/share/rtabmap_msgs/srv/CleanupLocalGrids_Response.msg\n'}
[78.953390] (rtabmap_msgs) StdoutLine: {'line': b'-- Installing: /home/deepak/electronic_ws/install/rtabmap_msgs/share/ament_index/resource_index/package_run_dependencies/rtabmap_msgs\n'}
[78.953551] (rtabmap_msgs) StdoutLine: {'line': b'-- Installing: /home/deepak/electronic_ws/install/rtabmap_msgs/share/ament_index/resource_index/parent_prefix_path/rtabmap_msgs\n'}
[78.953709] (rtabmap_msgs) StdoutLine: {'line': b'-- Installing: /home/deepak/electronic_ws/install/rtabmap_msgs/share/rtabmap_msgs/environment/ament_prefix_path.sh\n'}
[78.953833] (rtabmap_msgs) StdoutLine: {'line': b'-- Installing: /home/deepak/electronic_ws/install/rtabmap_msgs/share/rtabmap_msgs/environment/ament_prefix_path.dsv\n'}
[78.953985] (rtabmap_msgs) StdoutLine: {'line': b'-- Installing: /home/deepak/electronic_ws/install/rtabmap_msgs/share/rtabmap_msgs/environment/path.sh\n'}
[78.954107] (rtabmap_msgs) StdoutLine: {'line': b'-- Installing: /home/deepak/electronic_ws/install/rtabmap_msgs/share/rtabmap_msgs/environment/path.dsv\n'}
[78.954252] (rtabmap_msgs) StdoutLine: {'line': b'-- Installing: /home/deepak/electronic_ws/install/rtabmap_msgs/share/rtabmap_msgs/local_setup.bash\n'}
[78.954371] (rtabmap_msgs) StdoutLine: {'line': b'-- Installing: /home/deepak/electronic_ws/install/rtabmap_msgs/share/rtabmap_msgs/local_setup.sh\n'}
[78.954519] (rtabmap_msgs) StdoutLine: {'line': b'-- Installing: /home/deepak/electronic_ws/install/rtabmap_msgs/share/rtabmap_msgs/local_setup.zsh\n'}
[78.954644] (rtabmap_msgs) StdoutLine: {'line': b'-- Installing: /home/deepak/electronic_ws/install/rtabmap_msgs/share/rtabmap_msgs/local_setup.dsv\n'}
[78.954789] (rtabmap_msgs) StdoutLine: {'line': b'-- Installing: /home/deepak/electronic_ws/install/rtabmap_msgs/share/rtabmap_msgs/package.dsv\n'}
[78.954944] (rtabmap_msgs) StdoutLine: {'line': b'-- Installing: /home/deepak/electronic_ws/install/rtabmap_msgs/share/ament_index/resource_index/packages/rtabmap_msgs\n'}
[78.955160] (rtabmap_msgs) StdoutLine: {'line': b'-- Installing: /home/deepak/electronic_ws/install/rtabmap_msgs/share/rtabmap_msgs/cmake/rtabmap_msgs__rosidl_generator_cExport.cmake\n'}
[78.955301] (rtabmap_msgs) StdoutLine: {'line': b'-- Installing: /home/deepak/electronic_ws/install/rtabmap_msgs/share/rtabmap_msgs/cmake/rtabmap_msgs__rosidl_generator_cExport-noconfig.cmake\n'}
[78.955506] (rtabmap_msgs) StdoutLine: {'line': b'-- Installing: /home/deepak/electronic_ws/install/rtabmap_msgs/share/rtabmap_msgs/cmake/rtabmap_msgs__rosidl_typesupport_introspection_cExport.cmake\n'}
[78.955637] (rtabmap_msgs) StdoutLine: {'line': b'-- Installing: /home/deepak/electronic_ws/install/rtabmap_msgs/share/rtabmap_msgs/cmake/rtabmap_msgs__rosidl_typesupport_introspection_cExport-noconfig.cmake\n'}
[78.955829] (rtabmap_msgs) StdoutLine: {'line': b'-- Installing: /home/deepak/electronic_ws/install/rtabmap_msgs/share/rtabmap_msgs/cmake/rtabmap_msgs__rosidl_typesupport_cExport.cmake\n'}
[78.955970] (rtabmap_msgs) StdoutLine: {'line': b'-- Installing: /home/deepak/electronic_ws/install/rtabmap_msgs/share/rtabmap_msgs/cmake/rtabmap_msgs__rosidl_typesupport_cExport-noconfig.cmake\n'}
[78.956163] (rtabmap_msgs) StdoutLine: {'line': b'-- Installing: /home/deepak/electronic_ws/install/rtabmap_msgs/share/rtabmap_msgs/cmake/rtabmap_msgs__rosidl_generator_cppExport.cmake\n'}
[78.956339] (rtabmap_msgs) StdoutLine: {'line': b'-- Installing: /home/deepak/electronic_ws/install/rtabmap_msgs/share/rtabmap_msgs/cmake/rtabmap_msgs__rosidl_typesupport_introspection_cppExport.cmake\n'}
[78.956497] (rtabmap_msgs) StdoutLine: {'line': b'-- Installing: /home/deepak/electronic_ws/install/rtabmap_msgs/share/rtabmap_msgs/cmake/rtabmap_msgs__rosidl_typesupport_introspection_cppExport-noconfig.cmake\n'}
[78.956661] (rtabmap_msgs) StdoutLine: {'line': b'-- Installing: /home/deepak/electronic_ws/install/rtabmap_msgs/share/rtabmap_msgs/cmake/rtabmap_msgs__rosidl_typesupport_cppExport.cmake\n'}
[78.956819] (rtabmap_msgs) StdoutLine: {'line': b'-- Installing: /home/deepak/electronic_ws/install/rtabmap_msgs/share/rtabmap_msgs/cmake/rtabmap_msgs__rosidl_typesupport_cppExport-noconfig.cmake\n'}
[78.956956] (rtabmap_msgs) StdoutLine: {'line': b'-- Installing: /home/deepak/electronic_ws/install/rtabmap_msgs/share/rtabmap_msgs/cmake/rosidl_cmake-extras.cmake\n'}
[78.957107] (rtabmap_msgs) StdoutLine: {'line': b'-- Installing: /home/deepak/electronic_ws/install/rtabmap_msgs/share/rtabmap_msgs/cmake/ament_cmake_export_dependencies-extras.cmake\n'}
[78.957235] (rtabmap_msgs) StdoutLine: {'line': b'-- Installing: /home/deepak/electronic_ws/install/rtabmap_msgs/share/rtabmap_msgs/cmake/ament_cmake_export_libraries-extras.cmake\n'}
[78.957388] (rtabmap_msgs) StdoutLine: {'line': b'-- Installing: /home/deepak/electronic_ws/install/rtabmap_msgs/share/rtabmap_msgs/cmake/ament_cmake_export_targets-extras.cmake\n'}
[78.957512] (rtabmap_msgs) StdoutLine: {'line': b'-- Installing: /home/deepak/electronic_ws/install/rtabmap_msgs/share/rtabmap_msgs/cmake/ament_cmake_export_include_directories-extras.cmake\n'}
[78.957662] (rtabmap_msgs) StdoutLine: {'line': b'-- Installing: /home/deepak/electronic_ws/install/rtabmap_msgs/share/rtabmap_msgs/cmake/rosidl_cmake_export_typesupport_libraries-extras.cmake\n'}
[78.957787] (rtabmap_msgs) StdoutLine: {'line': b'-- Installing: /home/deepak/electronic_ws/install/rtabmap_msgs/share/rtabmap_msgs/cmake/rosidl_cmake_export_typesupport_targets-extras.cmake\n'}
[78.957937] (rtabmap_msgs) StdoutLine: {'line': b'-- Installing: /home/deepak/electronic_ws/install/rtabmap_msgs/share/rtabmap_msgs/cmake/rtabmap_msgsConfig.cmake\n'}
[78.958023] (rtabmap_msgs) StdoutLine: {'line': b'-- Installing: /home/deepak/electronic_ws/install/rtabmap_msgs/share/rtabmap_msgs/cmake/rtabmap_msgsConfig-version.cmake\n'}
[78.958137] (rtabmap_msgs) StdoutLine: {'line': b'-- Installing: /home/deepak/electronic_ws/install/rtabmap_msgs/share/rtabmap_msgs/package.xml\n'}
[78.960540] (rtabmap_msgs) CommandEnded: {'returncode': 0}
[78.962364] (-) TimerEvent: {}
[78.980004] (rtabmap_msgs) JobEnded: {'identifier': 'rtabmap_msgs', 'rc': 0}
[78.981258] (backward_ros) JobStarted: {'identifier': 'backward_ros'}
[78.987290] (backward_ros) JobProgress: {'identifier': 'backward_ros', 'progress': 'cmake'}
[78.987767] (backward_ros) Command: {'cmd': ['/usr/bin/cmake', '/home/deepak/electronic_ws/src/backward_ros', '-DCMAKE_INSTALL_PREFIX=/home/deepak/electronic_ws/install/backward_ros'], 'cwd': '/home/deepak/electronic_ws/build/backward_ros', 'env': OrderedDict([('LESSOPEN', '| /usr/bin/lesspipe %s'), ('LANGUAGE', 'en_GB:en'), ('USER', 'deepak'), ('SSH_AGENT_PID', '2164'), ('XDG_SESSION_TYPE', 'x11'), ('SHLVL', '1'), ('LD_LIBRARY_PATH', '/usr/lib/x86_64-linux-gnu/gazebo-11/plugins:/opt/ros/foxy/opt/yaml_cpp_vendor/lib:/opt/ros/foxy/opt/rviz_ogre_vendor/lib:/opt/ros/foxy/lib/x86_64-linux-gnu:/opt/ros/foxy/lib'), ('HOME', '/home/deepak'), ('OLDPWD', '/home/deepak/electronic_ws/src'), ('DESKTOP_SESSION', 'ubuntu'), ('NVM_BIN', '/home/deepak/.nvm/versions/node/v18.20.8/bin'), ('NVM_INC', '/home/deepak/.nvm/versions/node/v18.20.8/include/node'), ('ROS_PYTHON_VERSION', '3'), ('GNOME_SHELL_SESSION_MODE', 'ubuntu'), ('GTK_MODULES', 'gail:atk-bridge'), ('MANAGERPID', '2067'), ('DBUS_SESSION_BUS_ADDRESS', 'unix:path=/run/user/1000/bus'), ('COLORTERM', 'truecolor'), ('TERMINATOR_DBUS_NAME', 'net.tenshu.Terminator21a9d5db22c73a993ff0b42f64b396873'), ('GIO_LAUNCHED_DESKTOP_FILE_PID', '4123'), ('NVM_DIR', '/home/deepak/.nvm'), ('IM_CONFIG_PHASE', '1'), ('ROS_DISTRO', 'foxy'), ('LOGNAME', 'deepak'), ('JOURNAL_STREAM', '8:55426'), ('_', '/usr/bin/colcon'), ('ROS_VERSION', '2'), ('XDG_SESSION_CLASS', 'user'), ('USERNAME', 'deepak'), ('TERM', 'xterm-256color'), ('GNOME_DESKTOP_SESSION_ID', 'this-is-deprecated'), ('ROS_LOCALHOST_ONLY', '0'), ('WINDOWPATH', '2'), ('PATH', '/opt/ros/foxy/bin:/home/deepak/.nvm/versions/node/v18.20.8/bin:/home/deepak/.local/bin:/usr/local/sbin:/usr/local/bin:/usr/sbin:/usr/bin:/sbin:/bin:/usr/games:/usr/local/games:/snap/bin'), ('SESSION_MANAGER', 'local/deepak-Inspiron-3501:@/tmp/.ICE-unix/2204,unix/deepak-Inspiron-3501:/tmp/.ICE-unix/2204'), ('INVOCATION_ID', 'da85f2b1d8074d13affb1bf44f8be6dd'), ('XDG_MENU_PREFIX', 'gnome-'), ('XDG_RUNTIME_DIR', '/run/user/1000'), ('DISPLAY', ':0'), ('TERMINATOR_DBUS_PATH', '/net/tenshu/Terminator2'), ('LANG', 'en_US.UTF-8'), ('XDG_CURRENT_DESKTOP', 'ubuntu:GNOME'), ('XMODIFIERS', '@im=ibus'), ('XDG_SESSION_DESKTOP', 'ubuntu'), ('XAUTHORITY', '/run/user/1000/gdm/Xauthority'), ('LS_COLORS', 'rs=0:di=01;34:ln=01;36:mh=00:pi=40;33:so=01;35:do=01;35:bd=40;33;01:cd=40;33;01:or=40;31;01:mi=00:su=37;41:sg=30;43:ca=30;41:tw=30;42:ow=34;42:st=37;44:ex=01;32:*.tar=01;31:*.tgz=01;31:*.arc=01;31:*.arj=01;31:*.taz=01;31:*.lha=01;31:*.lz4=01;31:*.lzh=01;31:*.lzma=01;31:*.tlz=01;31:*.txz=01;31:*.tzo=01;31:*.t7z=01;31:*.zip=01;31:*.z=01;31:*.dz=01;31:*.gz=01;31:*.lrz=01;31:*.lz=01;31:*.lzo=01;31:*.xz=01;31:*.zst=01;31:*.tzst=01;31:*.bz2=01;31:*.bz=01;31:*.tbz=01;31:*.tbz2=01;31:*.tz=01;31:*.deb=01;31:*.rpm=01;31:*.jar=01;31:*.war=01;31:*.ear=01;31:*.sar=01;31:*.rar=01;31:*.alz=01;31:*.ace=01;31:*.zoo=01;31:*.cpio=01;31:*.7z=01;31:*.rz=01;31:*.cab=01;31:*.wim=01;31:*.swm=01;31:*.dwm=01;31:*.esd=01;31:*.jpg=01;35:*.jpeg=01;35:*.mjpg=01;35:*.mjpeg=01;35:*.gif=01;35:*.bmp=01;35:*.pbm=01;35:*.pgm=01;35:*.ppm=01;35:*.tga=01;35:*.xbm=01;35:*.xpm=01;35:*.tif=01;35:*.tiff=01;35:*.png=01;35:*.svg=01;35:*.svgz=01;35:*.mng=01;35:*.pcx=01;35:*.mov=01;35:*.mpg=01;35:*.mpeg=01;35:*.m2v=01;35:*.mkv=01;35:*.webm=01;35:*.ogm=01;35:*.mp4=01;35:*.m4v=01;35:*.mp4v=01;35:*.vob=01;35:*.qt=01;35:*.nuv=01;35:*.wmv=01;35:*.asf=01;35:*.rm=01;35:*.rmvb=01;35:*.flc=01;35:*.avi=01;35:*.fli=01;35:*.flv=01;35:*.gl=01;35:*.dl=01;35:*.xcf=01;35:*.xwd=01;35:*.yuv=01;35:*.cgm=01;35:*.emf=01;35:*.ogv=01;35:*.ogx=01;35:*.aac=00;36:*.au=00;36:*.flac=00;36:*.m4a=00;36:*.mid=00;36:*.midi=00;36:*.mka=00;36:*.mp3=00;36:*.mpc=00;36:*.ogg=00;36:*.ra=00;36:*.wav=00;36:*.oga=00;36:*.opus=00;36:*.spx=00;36:*.xspf=00;36:'), ('SSH_AUTH_SOCK', '/run/user/1000/keyring/ssh'), ('AMENT_PREFIX_PATH', '/opt/ros/foxy'), ('SHELL', '/bin/bash'), ('TERMINATOR_UUID', 'urn:uuid:fcc518c1-d712-42cf-a147-6525ef5360a1'), ('QT_ACCESSIBILITY', '1'), ('GDMSESSION', 'ubuntu'), ('LESSCLOSE', '/usr/bin/lesspipe %s %s'), ('GPG_AGENT_INFO', '/run/user/1000/gnupg/S.gpg-agent:0:1'), ('QT_IM_MODULE', 'ibus'), ('PWD', '/home/deepak/electronic_ws/build/backward_ros'), ('LC_ALL', 'en_US.UTF-8'), ('XDG_CONFIG_DIRS', '/etc/xdg/xdg-ubuntu:/etc/xdg'), ('NVM_CD_FLAGS', ''), ('XDG_DATA_DIRS', '/usr/share/ubuntu:/usr/local/share/:/usr/share/:/var/lib/snapd/desktop'), ('PYTHONPATH', '/opt/ros/foxy/lib/python3.8/site-packages'), ('COLCON', '1'), ('VTE_VERSION', '6003'), ('CMAKE_PREFIX_PATH', '/opt/ros/foxy')]), 'shell': False}
[79.043451] (backward_ros) StdoutLine: {'line': b'-- The C compiler identification is GNU 9.4.0\n'}
[79.062597] (-) TimerEvent: {}
[79.098296] (backward_ros) StdoutLine: {'line': b'-- The CXX compiler identification is GNU 9.4.0\n'}
[79.102503] (backward_ros) StdoutLine: {'line': b'-- Check for working C compiler: /usr/bin/cc\n'}
[79.162692] (-) TimerEvent: {}
[79.169544] (backward_ros) StdoutLine: {'line': b'-- Check for working C compiler: /usr/bin/cc -- works\n'}
[79.170469] (backward_ros) StdoutLine: {'line': b'-- Detecting C compiler ABI info\n'}
[79.238046] (backward_ros) StdoutLine: {'line': b'-- Detecting C compiler ABI info - done\n'}
[79.253082] (backward_ros) StdoutLine: {'line': b'-- Detecting C compile features\n'}
[79.253518] (backward_ros) StdoutLine: {'line': b'-- Detecting C compile features - done\n'}
[79.256530] (backward_ros) StdoutLine: {'line': b'-- Check for working CXX compiler: /usr/bin/c++\n'}
[79.262776] (-) TimerEvent: {}
[79.337406] (backward_ros) StdoutLine: {'line': b'-- Check for working CXX compiler: /usr/bin/c++ -- works\n'}
[79.339424] (backward_ros) StdoutLine: {'line': b'-- Detecting CXX compiler ABI info\n'}
[79.362989] (-) TimerEvent: {}
[79.386264] (rtabmap_python) Command: {'cmd': ['/usr/bin/python3', '-W', 'ignore:setup.py install is deprecated', '-W', 'ignore:easy_install command is deprecated', 'setup.py', 'develop', '--editable', '--build-directory', '/home/deepak/electronic_ws/build/rtabmap_python/build', '--no-deps', 'symlink_data'], 'cwd': '/home/deepak/electronic_ws/build/rtabmap_python', 'env': {'LESSOPEN': '| /usr/bin/lesspipe %s', 'LANGUAGE': 'en_GB:en', 'USER': 'deepak', 'SSH_AGENT_PID': '2164', 'XDG_SESSION_TYPE': 'x11', 'SHLVL': '1', 'LD_LIBRARY_PATH': '/usr/lib/x86_64-linux-gnu/gazebo-11/plugins:/opt/ros/foxy/opt/yaml_cpp_vendor/lib:/opt/ros/foxy/opt/rviz_ogre_vendor/lib:/opt/ros/foxy/lib/x86_64-linux-gnu:/opt/ros/foxy/lib', 'HOME': '/home/deepak', 'OLDPWD': '/home/deepak/electronic_ws/src', 'DESKTOP_SESSION': 'ubuntu', 'NVM_BIN': '/home/deepak/.nvm/versions/node/v18.20.8/bin', 'NVM_INC': '/home/deepak/.nvm/versions/node/v18.20.8/include/node', 'ROS_PYTHON_VERSION': '3', 'GNOME_SHELL_SESSION_MODE': 'ubuntu', 'GTK_MODULES': 'gail:atk-bridge', 'MANAGERPID': '2067', 'DBUS_SESSION_BUS_ADDRESS': 'unix:path=/run/user/1000/bus', 'COLORTERM': 'truecolor', 'TERMINATOR_DBUS_NAME': 'net.tenshu.Terminator21a9d5db22c73a993ff0b42f64b396873', 'GIO_LAUNCHED_DESKTOP_FILE_PID': '4123', 'NVM_DIR': '/home/deepak/.nvm', 'IM_CONFIG_PHASE': '1', 'ROS_DISTRO': 'foxy', 'LOGNAME': 'deepak', 'JOURNAL_STREAM': '8:55426', '_': '/usr/bin/colcon', 'ROS_VERSION': '2', 'XDG_SESSION_CLASS': 'user', 'USERNAME': 'deepak', 'TERM': 'xterm-256color', 'GNOME_DESKTOP_SESSION_ID': 'this-is-deprecated', 'ROS_LOCALHOST_ONLY': '0', 'WINDOWPATH': '2', 'PATH': '/opt/ros/foxy/bin:/home/deepak/.nvm/versions/node/v18.20.8/bin:/home/deepak/.local/bin:/usr/local/sbin:/usr/local/bin:/usr/sbin:/usr/bin:/sbin:/bin:/usr/games:/usr/local/games:/snap/bin', 'SESSION_MANAGER': 'local/deepak-Inspiron-3501:@/tmp/.ICE-unix/2204,unix/deepak-Inspiron-3501:/tmp/.ICE-unix/2204', 'INVOCATION_ID': 'da85f2b1d8074d13affb1bf44f8be6dd', 'XDG_MENU_PREFIX': 'gnome-', 'XDG_RUNTIME_DIR': '/run/user/1000', 'DISPLAY': ':0', 'TERMINATOR_DBUS_PATH': '/net/tenshu/Terminator2', 'LANG': 'en_US.UTF-8', 'XDG_CURRENT_DESKTOP': 'ubuntu:GNOME', 'XMODIFIERS': '@im=ibus', 'XDG_SESSION_DESKTOP': 'ubuntu', 'XAUTHORITY': '/run/user/1000/gdm/Xauthority', 'LS_COLORS': 'rs=0:di=01;34:ln=01;36:mh=00:pi=40;33:so=01;35:do=01;35:bd=40;33;01:cd=40;33;01:or=40;31;01:mi=00:su=37;41:sg=30;43:ca=30;41:tw=30;42:ow=34;42:st=37;44:ex=01;32:*.tar=01;31:*.tgz=01;31:*.arc=01;31:*.arj=01;31:*.taz=01;31:*.lha=01;31:*.lz4=01;31:*.lzh=01;31:*.lzma=01;31:*.tlz=01;31:*.txz=01;31:*.tzo=01;31:*.t7z=01;31:*.zip=01;31:*.z=01;31:*.dz=01;31:*.gz=01;31:*.lrz=01;31:*.lz=01;31:*.lzo=01;31:*.xz=01;31:*.zst=01;31:*.tzst=01;31:*.bz2=01;31:*.bz=01;31:*.tbz=01;31:*.tbz2=01;31:*.tz=01;31:*.deb=01;31:*.rpm=01;31:*.jar=01;31:*.war=01;31:*.ear=01;31:*.sar=01;31:*.rar=01;31:*.alz=01;31:*.ace=01;31:*.zoo=01;31:*.cpio=01;31:*.7z=01;31:*.rz=01;31:*.cab=01;31:*.wim=01;31:*.swm=01;31:*.dwm=01;31:*.esd=01;31:*.jpg=01;35:*.jpeg=01;35:*.mjpg=01;35:*.mjpeg=01;35:*.gif=01;35:*.bmp=01;35:*.pbm=01;35:*.pgm=01;35:*.ppm=01;35:*.tga=01;35:*.xbm=01;35:*.xpm=01;35:*.tif=01;35:*.tiff=01;35:*.png=01;35:*.svg=01;35:*.svgz=01;35:*.mng=01;35:*.pcx=01;35:*.mov=01;35:*.mpg=01;35:*.mpeg=01;35:*.m2v=01;35:*.mkv=01;35:*.webm=01;35:*.ogm=01;35:*.mp4=01;35:*.m4v=01;35:*.mp4v=01;35:*.vob=01;35:*.qt=01;35:*.nuv=01;35:*.wmv=01;35:*.asf=01;35:*.rm=01;35:*.rmvb=01;35:*.flc=01;35:*.avi=01;35:*.fli=01;35:*.flv=01;35:*.gl=01;35:*.dl=01;35:*.xcf=01;35:*.xwd=01;35:*.yuv=01;35:*.cgm=01;35:*.emf=01;35:*.ogv=01;35:*.ogx=01;35:*.aac=00;36:*.au=00;36:*.flac=00;36:*.m4a=00;36:*.mid=00;36:*.midi=00;36:*.mka=00;36:*.mp3=00;36:*.mpc=00;36:*.ogg=00;36:*.ra=00;36:*.wav=00;36:*.oga=00;36:*.opus=00;36:*.spx=00;36:*.xspf=00;36:', 'SSH_AUTH_SOCK': '/run/user/1000/keyring/ssh', 'AMENT_PREFIX_PATH': '/opt/ros/foxy', 'SHELL': '/bin/bash', 'TERMINATOR_UUID': 'urn:uuid:fcc518c1-d712-42cf-a147-6525ef5360a1', 'QT_ACCESSIBILITY': '1', 'GDMSESSION': 'ubuntu', 'LESSCLOSE': '/usr/bin/lesspipe %s %s', 'GPG_AGENT_INFO': '/run/user/1000/gnupg/S.gpg-agent:0:1', 'QT_IM_MODULE': 'ibus', 'PWD': '/home/deepak/electronic_ws/build/rtabmap_python', 'LC_ALL': 'en_US.UTF-8', 'XDG_CONFIG_DIRS': '/etc/xdg/xdg-ubuntu:/etc/xdg', 'NVM_CD_FLAGS': '', 'XDG_DATA_DIRS': '/usr/share/ubuntu:/usr/local/share/:/usr/share/:/var/lib/snapd/desktop', 'PYTHONPATH': '/home/deepak/electronic_ws/build/rtabmap_python/prefix_override:/usr/lib/python3/dist-packages/colcon_core/task/python/colcon_distutils_commands:/home/deepak/electronic_ws/install/rtabmap_python/lib/python3.8/site-packages:/opt/ros/foxy/lib/python3.8/site-packages', 'COLCON': '1', 'VTE_VERSION': '6003'}, 'shell': False}
[79.423574] (backward_ros) StdoutLine: {'line': b'-- Detecting CXX compiler ABI info - done\n'}
[79.434350] (backward_ros) StdoutLine: {'line': b'-- Detecting CXX compile features\n'}
[79.434795] (backward_ros) StdoutLine: {'line': b'-- Detecting CXX compile features - done\n'}
[79.445598] (backward_ros) StdoutLine: {'line': b'-- Found libdw: /usr/lib/x86_64-linux-gnu/libdw.so  \n'}
[79.452842] (backward_ros) StdoutLine: {'line': b'-- Could NOT find libbfd (missing: LIBBFD_LIBRARY LIBBFD_INCLUDE_DIR) \n'}
[79.453125] (backward_ros) StdoutLine: {'line': b'-- BACKWARD_HAS_UNWIND=1\n'}
[79.453206] (backward_ros) StdoutLine: {'line': b'-- BACKWARD_HAS_BACKTRACE=0\n'}
[79.453272] (backward_ros) StdoutLine: {'line': b'-- BACKWARD_HAS_BACKTRACE_SYMBOL=0\n'}
[79.453339] (backward_ros) StdoutLine: {'line': b'-- BACKWARD_HAS_DW=1\n'}
[79.453402] (backward_ros) StdoutLine: {'line': b'-- BACKWARD_HAS_BFD=0\n'}
[79.453719] (backward_ros) StdoutLine: {'line': b'-- Found Backward: /home/deepak/electronic_ws/src/backward_ros/cmake  \n'}
[79.455664] (backward_ros) StdoutLine: {'line': b'-- Configuring done\n'}
[79.459975] (backward_ros) StdoutLine: {'line': b'-- Generating done\n'}
[79.461258] (backward_ros) StdoutLine: {'line': b'-- Build files have been written to: /home/deepak/electronic_ws/build/backward_ros\n'}
[79.463069] (-) TimerEvent: {}
[79.465222] (backward_ros) CommandEnded: {'returncode': 0}
[79.465898] (backward_ros) JobProgress: {'identifier': 'backward_ros', 'progress': 'build'}
[79.466191] (backward_ros) Command: {'cmd': ['/usr/bin/cmake', '--build', '/home/deepak/electronic_ws/build/backward_ros', '--', '-j8', '-l8'], 'cwd': '/home/deepak/electronic_ws/build/backward_ros', 'env': OrderedDict([('LESSOPEN', '| /usr/bin/lesspipe %s'), ('LANGUAGE', 'en_GB:en'), ('USER', 'deepak'), ('SSH_AGENT_PID', '2164'), ('XDG_SESSION_TYPE', 'x11'), ('SHLVL', '1'), ('LD_LIBRARY_PATH', '/usr/lib/x86_64-linux-gnu/gazebo-11/plugins:/opt/ros/foxy/opt/yaml_cpp_vendor/lib:/opt/ros/foxy/opt/rviz_ogre_vendor/lib:/opt/ros/foxy/lib/x86_64-linux-gnu:/opt/ros/foxy/lib'), ('HOME', '/home/deepak'), ('OLDPWD', '/home/deepak/electronic_ws/src'), ('DESKTOP_SESSION', 'ubuntu'), ('NVM_BIN', '/home/deepak/.nvm/versions/node/v18.20.8/bin'), ('NVM_INC', '/home/deepak/.nvm/versions/node/v18.20.8/include/node'), ('ROS_PYTHON_VERSION', '3'), ('GNOME_SHELL_SESSION_MODE', 'ubuntu'), ('GTK_MODULES', 'gail:atk-bridge'), ('MANAGERPID', '2067'), ('DBUS_SESSION_BUS_ADDRESS', 'unix:path=/run/user/1000/bus'), ('COLORTERM', 'truecolor'), ('TERMINATOR_DBUS_NAME', 'net.tenshu.Terminator21a9d5db22c73a993ff0b42f64b396873'), ('GIO_LAUNCHED_DESKTOP_FILE_PID', '4123'), ('NVM_DIR', '/home/deepak/.nvm'), ('IM_CONFIG_PHASE', '1'), ('ROS_DISTRO', 'foxy'), ('LOGNAME', 'deepak'), ('JOURNAL_STREAM', '8:55426'), ('_', '/usr/bin/colcon'), ('ROS_VERSION', '2'), ('XDG_SESSION_CLASS', 'user'), ('USERNAME', 'deepak'), ('TERM', 'xterm-256color'), ('GNOME_DESKTOP_SESSION_ID', 'this-is-deprecated'), ('ROS_LOCALHOST_ONLY', '0'), ('WINDOWPATH', '2'), ('PATH', '/opt/ros/foxy/bin:/home/deepak/.nvm/versions/node/v18.20.8/bin:/home/deepak/.local/bin:/usr/local/sbin:/usr/local/bin:/usr/sbin:/usr/bin:/sbin:/bin:/usr/games:/usr/local/games:/snap/bin'), ('SESSION_MANAGER', 'local/deepak-Inspiron-3501:@/tmp/.ICE-unix/2204,unix/deepak-Inspiron-3501:/tmp/.ICE-unix/2204'), ('INVOCATION_ID', 'da85f2b1d8074d13affb1bf44f8be6dd'), ('XDG_MENU_PREFIX', 'gnome-'), ('XDG_RUNTIME_DIR', '/run/user/1000'), ('DISPLAY', ':0'), ('TERMINATOR_DBUS_PATH', '/net/tenshu/Terminator2'), ('LANG', 'en_US.UTF-8'), ('XDG_CURRENT_DESKTOP', 'ubuntu:GNOME'), ('XMODIFIERS', '@im=ibus'), ('XDG_SESSION_DESKTOP', 'ubuntu'), ('XAUTHORITY', '/run/user/1000/gdm/Xauthority'), ('LS_COLORS', 'rs=0:di=01;34:ln=01;36:mh=00:pi=40;33:so=01;35:do=01;35:bd=40;33;01:cd=40;33;01:or=40;31;01:mi=00:su=37;41:sg=30;43:ca=30;41:tw=30;42:ow=34;42:st=37;44:ex=01;32:*.tar=01;31:*.tgz=01;31:*.arc=01;31:*.arj=01;31:*.taz=01;31:*.lha=01;31:*.lz4=01;31:*.lzh=01;31:*.lzma=01;31:*.tlz=01;31:*.txz=01;31:*.tzo=01;31:*.t7z=01;31:*.zip=01;31:*.z=01;31:*.dz=01;31:*.gz=01;31:*.lrz=01;31:*.lz=01;31:*.lzo=01;31:*.xz=01;31:*.zst=01;31:*.tzst=01;31:*.bz2=01;31:*.bz=01;31:*.tbz=01;31:*.tbz2=01;31:*.tz=01;31:*.deb=01;31:*.rpm=01;31:*.jar=01;31:*.war=01;31:*.ear=01;31:*.sar=01;31:*.rar=01;31:*.alz=01;31:*.ace=01;31:*.zoo=01;31:*.cpio=01;31:*.7z=01;31:*.rz=01;31:*.cab=01;31:*.wim=01;31:*.swm=01;31:*.dwm=01;31:*.esd=01;31:*.jpg=01;35:*.jpeg=01;35:*.mjpg=01;35:*.mjpeg=01;35:*.gif=01;35:*.bmp=01;35:*.pbm=01;35:*.pgm=01;35:*.ppm=01;35:*.tga=01;35:*.xbm=01;35:*.xpm=01;35:*.tif=01;35:*.tiff=01;35:*.png=01;35:*.svg=01;35:*.svgz=01;35:*.mng=01;35:*.pcx=01;35:*.mov=01;35:*.mpg=01;35:*.mpeg=01;35:*.m2v=01;35:*.mkv=01;35:*.webm=01;35:*.ogm=01;35:*.mp4=01;35:*.m4v=01;35:*.mp4v=01;35:*.vob=01;35:*.qt=01;35:*.nuv=01;35:*.wmv=01;35:*.asf=01;35:*.rm=01;35:*.rmvb=01;35:*.flc=01;35:*.avi=01;35:*.fli=01;35:*.flv=01;35:*.gl=01;35:*.dl=01;35:*.xcf=01;35:*.xwd=01;35:*.yuv=01;35:*.cgm=01;35:*.emf=01;35:*.ogv=01;35:*.ogx=01;35:*.aac=00;36:*.au=00;36:*.flac=00;36:*.m4a=00;36:*.mid=00;36:*.midi=00;36:*.mka=00;36:*.mp3=00;36:*.mpc=00;36:*.ogg=00;36:*.ra=00;36:*.wav=00;36:*.oga=00;36:*.opus=00;36:*.spx=00;36:*.xspf=00;36:'), ('SSH_AUTH_SOCK', '/run/user/1000/keyring/ssh'), ('AMENT_PREFIX_PATH', '/opt/ros/foxy'), ('SHELL', '/bin/bash'), ('TERMINATOR_UUID', 'urn:uuid:fcc518c1-d712-42cf-a147-6525ef5360a1'), ('QT_ACCESSIBILITY', '1'), ('GDMSESSION', 'ubuntu'), ('LESSCLOSE', '/usr/bin/lesspipe %s %s'), ('GPG_AGENT_INFO', '/run/user/1000/gnupg/S.gpg-agent:0:1'), ('QT_IM_MODULE', 'ibus'), ('PWD', '/home/deepak/electronic_ws/build/backward_ros'), ('LC_ALL', 'en_US.UTF-8'), ('XDG_CONFIG_DIRS', '/etc/xdg/xdg-ubuntu:/etc/xdg'), ('NVM_CD_FLAGS', ''), ('XDG_DATA_DIRS', '/usr/share/ubuntu:/usr/local/share/:/usr/share/:/var/lib/snapd/desktop'), ('PYTHONPATH', '/opt/ros/foxy/lib/python3.8/site-packages'), ('COLCON', '1'), ('VTE_VERSION', '6003'), ('CMAKE_PREFIX_PATH', '/opt/ros/foxy')]), 'shell': False}
[79.506401] (backward_ros) StdoutLine: {'line': b'\x1b[35m\x1b[1mScanning dependencies of target backward\x1b[0m\n'}
[79.506707] (backward_ros) StdoutLine: {'line': b'\x1b[35m\x1b[1mScanning dependencies of target backward_object\x1b[0m\n'}
[79.519615] (backward_ros) StdoutLine: {'line': b'[ 33%] \x1b[32mBuilding CXX object CMakeFiles/backward_object.dir/src/backward.cpp.o\x1b[0m\n'}
[79.522553] (backward_ros) StdoutLine: {'line': b'[ 66%] \x1b[32mBuilding CXX object CMakeFiles/backward.dir/src/backward.cpp.o\x1b[0m\n'}
[79.563208] (-) TimerEvent: {}
[79.613585] (rtabmap_python) StdoutLine: {'line': b'running develop\n'}
[79.663338] (-) TimerEvent: {}
[79.665357] (rtabmap) StdoutLine: {'line': b'[ 13%] \x1b[32mBuilding CXX object corelib/src/CMakeFiles/rtabmap_core.dir/camera/CameraRealSense.cpp.o\x1b[0m\n'}
[79.665648] (rtabmap) StdoutLine: {'line': b'[ 13%] \x1b[32mBuilding CXX object corelib/src/CMakeFiles/rtabmap_core.dir/camera/CameraRGBDImages.cpp.o\x1b[0m\n'}
[79.763470] (-) TimerEvent: {}
[79.780115] (rtabmap_python) StdoutLine: {'line': b'running egg_info\n'}
[79.780433] (rtabmap_python) StdoutLine: {'line': b'creating rtabmap_python.egg-info\n'}
[79.780545] (rtabmap_python) StdoutLine: {'line': b'writing rtabmap_python.egg-info/PKG-INFO\n'}
[79.780684] (rtabmap_python) StdoutLine: {'line': b'writing dependency_links to rtabmap_python.egg-info/dependency_links.txt\n'}
[79.780805] (rtabmap_python) StdoutLine: {'line': b'writing entry points to rtabmap_python.egg-info/entry_points.txt\n'}
[79.781358] (rtabmap_python) StdoutLine: {'line': b'writing requirements to rtabmap_python.egg-info/requires.txt\n'}
[79.781567] (rtabmap_python) StdoutLine: {'line': b'writing top-level names to rtabmap_python.egg-info/top_level.txt\n'}
[79.784983] (rtabmap_python) StdoutLine: {'line': b"writing manifest file 'rtabmap_python.egg-info/SOURCES.txt'\n"}
[79.838701] (rtabmap_python) StdoutLine: {'line': b"reading manifest file 'rtabmap_python.egg-info/SOURCES.txt'\n"}
[79.839623] (rtabmap_python) StdoutLine: {'line': b"writing manifest file 'rtabmap_python.egg-info/SOURCES.txt'\n"}
[79.863600] (-) TimerEvent: {}
[79.894911] (rtabmap_python) StdoutLine: {'line': b'running build_ext\n'}
[79.895597] (rtabmap_python) StdoutLine: {'line': b'Creating /home/deepak/electronic_ws/install/rtabmap_python/lib/python3.8/site-packages/site.py\n'}
[79.898788] (rtabmap_python) StdoutLine: {'line': b'Creating /home/deepak/electronic_ws/install/rtabmap_python/lib/python3.8/site-packages/rtabmap-python.egg-link (link to .)\n'}
[79.899875] (rtabmap_python) StdoutLine: {'line': b'\n'}
[79.900122] (rtabmap_python) StdoutLine: {'line': b'Installed /home/deepak/electronic_ws/build/rtabmap_python\n'}
[79.900319] (rtabmap_python) StdoutLine: {'line': b'running symlink_data\n'}
[79.900435] (rtabmap_python) StdoutLine: {'line': b'creating /home/deepak/electronic_ws/install/rtabmap_python/share/ament_index\n'}
[79.900542] (rtabmap_python) StdoutLine: {'line': b'creating /home/deepak/electronic_ws/install/rtabmap_python/share/ament_index/resource_index\n'}
[79.900641] (rtabmap_python) StdoutLine: {'line': b'creating /home/deepak/electronic_ws/install/rtabmap_python/share/ament_index/resource_index/packages\n'}
[79.900744] (rtabmap_python) StdoutLine: {'line': b'symbolically linking /home/deepak/electronic_ws/build/rtabmap_python/resource/rtabmap_python -> /home/deepak/electronic_ws/install/rtabmap_python/share/ament_index/resource_index/packages\n'}
[79.900954] (rtabmap_python) StdoutLine: {'line': b'symbolically linking /home/deepak/electronic_ws/build/rtabmap_python/package.xml -> /home/deepak/electronic_ws/install/rtabmap_python/share/rtabmap_python\n'}
[79.955656] (rtabmap_python) CommandEnded: {'returncode': 0}
[79.963943] (-) TimerEvent: {}
[79.969815] (rtabmap_python) JobEnded: {'identifier': 'rtabmap_python', 'rc': 0}
[79.971947] (astra_camera) JobStarted: {'identifier': 'astra_camera'}
[79.987996] (astra_camera) JobProgress: {'identifier': 'astra_camera', 'progress': 'cmake'}
[79.988878] (astra_camera) Command: {'cmd': ['/usr/bin/cmake', '/home/deepak/electronic_ws/src/ros2_astra_camera/astra_camera', '-DAMENT_CMAKE_SYMLINK_INSTALL=1', '-DCMAKE_INSTALL_PREFIX=/home/deepak/electronic_ws/install/astra_camera'], 'cwd': '/home/deepak/electronic_ws/build/astra_camera', 'env': OrderedDict([('LESSOPEN', '| /usr/bin/lesspipe %s'), ('LANGUAGE', 'en_GB:en'), ('USER', 'deepak'), ('SSH_AGENT_PID', '2164'), ('XDG_SESSION_TYPE', 'x11'), ('SHLVL', '1'), ('LD_LIBRARY_PATH', '/home/deepak/electronic_ws/install/astra_camera_msgs/lib:/usr/lib/x86_64-linux-gnu/gazebo-11/plugins:/opt/ros/foxy/opt/yaml_cpp_vendor/lib:/opt/ros/foxy/opt/rviz_ogre_vendor/lib:/opt/ros/foxy/lib/x86_64-linux-gnu:/opt/ros/foxy/lib'), ('HOME', '/home/deepak'), ('OLDPWD', '/home/deepak/electronic_ws/src'), ('DESKTOP_SESSION', 'ubuntu'), ('NVM_BIN', '/home/deepak/.nvm/versions/node/v18.20.8/bin'), ('NVM_INC', '/home/deepak/.nvm/versions/node/v18.20.8/include/node'), ('ROS_PYTHON_VERSION', '3'), ('GNOME_SHELL_SESSION_MODE', 'ubuntu'), ('GTK_MODULES', 'gail:atk-bridge'), ('MANAGERPID', '2067'), ('DBUS_SESSION_BUS_ADDRESS', 'unix:path=/run/user/1000/bus'), ('COLORTERM', 'truecolor'), ('TERMINATOR_DBUS_NAME', 'net.tenshu.Terminator21a9d5db22c73a993ff0b42f64b396873'), ('GIO_LAUNCHED_DESKTOP_FILE_PID', '4123'), ('NVM_DIR', '/home/deepak/.nvm'), ('IM_CONFIG_PHASE', '1'), ('ROS_DISTRO', 'foxy'), ('LOGNAME', 'deepak'), ('JOURNAL_STREAM', '8:55426'), ('_', '/usr/bin/colcon'), ('ROS_VERSION', '2'), ('XDG_SESSION_CLASS', 'user'), ('USERNAME', 'deepak'), ('TERM', 'xterm-256color'), ('GNOME_DESKTOP_SESSION_ID', 'this-is-deprecated'), ('ROS_LOCALHOST_ONLY', '0'), ('WINDOWPATH', '2'), ('PATH', '/opt/ros/foxy/bin:/home/deepak/.nvm/versions/node/v18.20.8/bin:/home/deepak/.local/bin:/usr/local/sbin:/usr/local/bin:/usr/sbin:/usr/bin:/sbin:/bin:/usr/games:/usr/local/games:/snap/bin'), ('SESSION_MANAGER', 'local/deepak-Inspiron-3501:@/tmp/.ICE-unix/2204,unix/deepak-Inspiron-3501:/tmp/.ICE-unix/2204'), ('INVOCATION_ID', 'da85f2b1d8074d13affb1bf44f8be6dd'), ('XDG_MENU_PREFIX', 'gnome-'), ('XDG_RUNTIME_DIR', '/run/user/1000'), ('DISPLAY', ':0'), ('TERMINATOR_DBUS_PATH', '/net/tenshu/Terminator2'), ('LANG', 'en_US.UTF-8'), ('XDG_CURRENT_DESKTOP', 'ubuntu:GNOME'), ('XMODIFIERS', '@im=ibus'), ('XDG_SESSION_DESKTOP', 'ubuntu'), ('XAUTHORITY', '/run/user/1000/gdm/Xauthority'), ('LS_COLORS', 'rs=0:di=01;34:ln=01;36:mh=00:pi=40;33:so=01;35:do=01;35:bd=40;33;01:cd=40;33;01:or=40;31;01:mi=00:su=37;41:sg=30;43:ca=30;41:tw=30;42:ow=34;42:st=37;44:ex=01;32:*.tar=01;31:*.tgz=01;31:*.arc=01;31:*.arj=01;31:*.taz=01;31:*.lha=01;31:*.lz4=01;31:*.lzh=01;31:*.lzma=01;31:*.tlz=01;31:*.txz=01;31:*.tzo=01;31:*.t7z=01;31:*.zip=01;31:*.z=01;31:*.dz=01;31:*.gz=01;31:*.lrz=01;31:*.lz=01;31:*.lzo=01;31:*.xz=01;31:*.zst=01;31:*.tzst=01;31:*.bz2=01;31:*.bz=01;31:*.tbz=01;31:*.tbz2=01;31:*.tz=01;31:*.deb=01;31:*.rpm=01;31:*.jar=01;31:*.war=01;31:*.ear=01;31:*.sar=01;31:*.rar=01;31:*.alz=01;31:*.ace=01;31:*.zoo=01;31:*.cpio=01;31:*.7z=01;31:*.rz=01;31:*.cab=01;31:*.wim=01;31:*.swm=01;31:*.dwm=01;31:*.esd=01;31:*.jpg=01;35:*.jpeg=01;35:*.mjpg=01;35:*.mjpeg=01;35:*.gif=01;35:*.bmp=01;35:*.pbm=01;35:*.pgm=01;35:*.ppm=01;35:*.tga=01;35:*.xbm=01;35:*.xpm=01;35:*.tif=01;35:*.tiff=01;35:*.png=01;35:*.svg=01;35:*.svgz=01;35:*.mng=01;35:*.pcx=01;35:*.mov=01;35:*.mpg=01;35:*.mpeg=01;35:*.m2v=01;35:*.mkv=01;35:*.webm=01;35:*.ogm=01;35:*.mp4=01;35:*.m4v=01;35:*.mp4v=01;35:*.vob=01;35:*.qt=01;35:*.nuv=01;35:*.wmv=01;35:*.asf=01;35:*.rm=01;35:*.rmvb=01;35:*.flc=01;35:*.avi=01;35:*.fli=01;35:*.flv=01;35:*.gl=01;35:*.dl=01;35:*.xcf=01;35:*.xwd=01;35:*.yuv=01;35:*.cgm=01;35:*.emf=01;35:*.ogv=01;35:*.ogx=01;35:*.aac=00;36:*.au=00;36:*.flac=00;36:*.m4a=00;36:*.mid=00;36:*.midi=00;36:*.mka=00;36:*.mp3=00;36:*.mpc=00;36:*.ogg=00;36:*.ra=00;36:*.wav=00;36:*.oga=00;36:*.opus=00;36:*.spx=00;36:*.xspf=00;36:'), ('SSH_AUTH_SOCK', '/run/user/1000/keyring/ssh'), ('AMENT_PREFIX_PATH', '/home/deepak/electronic_ws/install/astra_camera_msgs:/opt/ros/foxy'), ('SHELL', '/bin/bash'), ('TERMINATOR_UUID', 'urn:uuid:fcc518c1-d712-42cf-a147-6525ef5360a1'), ('QT_ACCESSIBILITY', '1'), ('GDMSESSION', 'ubuntu'), ('LESSCLOSE', '/usr/bin/lesspipe %s %s'), ('GPG_AGENT_INFO', '/run/user/1000/gnupg/S.gpg-agent:0:1'), ('QT_IM_MODULE', 'ibus'), ('PWD', '/home/deepak/electronic_ws/build/astra_camera'), ('LC_ALL', 'en_US.UTF-8'), ('XDG_CONFIG_DIRS', '/etc/xdg/xdg-ubuntu:/etc/xdg'), ('NVM_CD_FLAGS', ''), ('XDG_DATA_DIRS', '/usr/share/ubuntu:/usr/local/share/:/usr/share/:/var/lib/snapd/desktop'), ('PYTHONPATH', '/home/deepak/electronic_ws/install/astra_camera_msgs/lib/python3.8/site-packages:/opt/ros/foxy/lib/python3.8/site-packages'), ('COLCON', '1'), ('VTE_VERSION', '6003'), ('CMAKE_PREFIX_PATH', '/home/deepak/electronic_ws/install/astra_camera_msgs:/opt/ros/foxy')]), 'shell': False}
[80.064165] (-) TimerEvent: {}
[80.089044] (astra_camera) StdoutLine: {'line': b'-- The C compiler identification is GNU 9.4.0\n'}
[80.164313] (-) TimerEvent: {}
[80.175925] (astra_camera) StdoutLine: {'line': b'-- The CXX compiler identification is GNU 9.4.0\n'}
[80.183723] (astra_camera) StdoutLine: {'line': b'-- Check for working C compiler: /usr/bin/cc\n'}
[80.264463] (-) TimerEvent: {}
[80.291741] (astra_camera) StdoutLine: {'line': b'-- Check for working C compiler: /usr/bin/cc -- works\n'}
[80.293231] (astra_camera) StdoutLine: {'line': b'-- Detecting C compiler ABI info\n'}
[80.364616] (-) TimerEvent: {}
[80.396548] (astra_camera) StdoutLine: {'line': b'-- Detecting C compiler ABI info - done\n'}
[80.415967] (astra_camera) StdoutLine: {'line': b'-- Detecting C compile features\n'}
[80.416374] (astra_camera) StdoutLine: {'line': b'-- Detecting C compile features - done\n'}
[80.420464] (astra_camera) StdoutLine: {'line': b'-- Check for working CXX compiler: /usr/bin/c++\n'}
[80.464779] (-) TimerEvent: {}
[80.544782] (astra_camera) StdoutLine: {'line': b'-- Check for working CXX compiler: /usr/bin/c++ -- works\n'}
[80.546457] (astra_camera) StdoutLine: {'line': b'-- Detecting CXX compiler ABI info\n'}
[80.564929] (-) TimerEvent: {}
[80.665416] (-) TimerEvent: {}
[80.670051] (astra_camera) StdoutLine: {'line': b'-- Detecting CXX compiler ABI info - done\n'}
[80.680274] (rtabmap) StdoutLine: {'line': b'[ 14%] \x1b[32mBuilding CXX object corelib/src/CMakeFiles/rtabmap_core.dir/camera/CameraOpenNICV.cpp.o\x1b[0m\n'}
[80.680596] (rtabmap) StdoutLine: {'line': b'[ 14%] \x1b[32mBuilding CXX object corelib/src/CMakeFiles/rtabmap_core.dir/camera/CameraOpenNI2.cpp.o\x1b[0m\n'}
[80.694429] (astra_camera) StdoutLine: {'line': b'-- Detecting CXX compile features\n'}
[80.697397] (astra_camera) StdoutLine: {'line': b'-- Detecting CXX compile features - done\n'}
[80.701666] (astra_camera) StdoutLine: {'line': b'-- Found ament_cmake: 0.9.12 (/opt/ros/foxy/share/ament_cmake/cmake)\n'}
[80.741601] (astra_camera) StdoutLine: {'line': b'-- Found PythonInterp: /usr/bin/python3 (found suitable version "3.8.10", minimum required is "3") \n'}
[80.742193] (astra_camera) StdoutLine: {'line': b'-- Using PYTHON_EXECUTABLE: /usr/bin/python3\n'}
[80.765516] (-) TimerEvent: {}
[80.833380] (backward_ros) StdoutLine: {'line': b'[ 66%] Built target backward_object\n'}
[80.865644] (-) TimerEvent: {}
[80.966056] (-) TimerEvent: {}
[81.065101] (astra_camera) StdoutLine: {'line': b'-- Override CMake install command with custom implementation using symlinks instead of copying resources\n'}
[81.066151] (-) TimerEvent: {}
[81.098859] (astra_camera) StdoutLine: {'line': b'-- Found ament_index_cpp: 1.1.0 (/opt/ros/foxy/share/ament_index_cpp/cmake)\n'}
[81.105207] (astra_camera) StdoutLine: {'line': b'-- Found astra_camera_msgs: 1.0.1 (/home/deepak/electronic_ws/install/astra_camera_msgs/share/astra_camera_msgs/cmake)\n'}
[81.156978] (astra_camera) StdoutLine: {'line': b'-- Using all available rosidl_typesupport_c: rosidl_typesupport_fastrtps_c;rosidl_typesupport_introspection_c\n'}
[81.166305] (-) TimerEvent: {}
[81.168354] (astra_camera) StdoutLine: {'line': b'-- Found rosidl_adapter: 1.3.1 (/opt/ros/foxy/share/rosidl_adapter/cmake)\n'}
[81.249528] (backward_ros) StdoutLine: {'line': b'[100%] \x1b[32m\x1b[1mLinking CXX shared library libbackward.so\x1b[0m\n'}
[81.266940] (-) TimerEvent: {}
[81.313717] (astra_camera) StdoutLine: {'line': b'-- Found OpenSSL: /usr/lib/x86_64-linux-gnu/libcrypto.so (found version "1.1.1f")  \n'}
[81.367111] (-) TimerEvent: {}
[81.375304] (astra_camera) StdoutLine: {'line': b'-- Found FastRTPS: /opt/ros/foxy/include  \n'}
[81.419415] (backward_ros) StdoutLine: {'line': b'[100%] Built target backward\n'}
[81.439253] (backward_ros) CommandEnded: {'returncode': 0}
[81.440832] (backward_ros) JobProgress: {'identifier': 'backward_ros', 'progress': 'install'}
[81.440914] (backward_ros) Command: {'cmd': ['/usr/bin/cmake', '--install', '/home/deepak/electronic_ws/build/backward_ros'], 'cwd': '/home/deepak/electronic_ws/build/backward_ros', 'env': OrderedDict([('LESSOPEN', '| /usr/bin/lesspipe %s'), ('LANGUAGE', 'en_GB:en'), ('USER', 'deepak'), ('SSH_AGENT_PID', '2164'), ('XDG_SESSION_TYPE', 'x11'), ('SHLVL', '1'), ('LD_LIBRARY_PATH', '/usr/lib/x86_64-linux-gnu/gazebo-11/plugins:/opt/ros/foxy/opt/yaml_cpp_vendor/lib:/opt/ros/foxy/opt/rviz_ogre_vendor/lib:/opt/ros/foxy/lib/x86_64-linux-gnu:/opt/ros/foxy/lib'), ('HOME', '/home/deepak'), ('OLDPWD', '/home/deepak/electronic_ws/src'), ('DESKTOP_SESSION', 'ubuntu'), ('NVM_BIN', '/home/deepak/.nvm/versions/node/v18.20.8/bin'), ('NVM_INC', '/home/deepak/.nvm/versions/node/v18.20.8/include/node'), ('ROS_PYTHON_VERSION', '3'), ('GNOME_SHELL_SESSION_MODE', 'ubuntu'), ('GTK_MODULES', 'gail:atk-bridge'), ('MANAGERPID', '2067'), ('DBUS_SESSION_BUS_ADDRESS', 'unix:path=/run/user/1000/bus'), ('COLORTERM', 'truecolor'), ('TERMINATOR_DBUS_NAME', 'net.tenshu.Terminator21a9d5db22c73a993ff0b42f64b396873'), ('GIO_LAUNCHED_DESKTOP_FILE_PID', '4123'), ('NVM_DIR', '/home/deepak/.nvm'), ('IM_CONFIG_PHASE', '1'), ('ROS_DISTRO', 'foxy'), ('LOGNAME', 'deepak'), ('JOURNAL_STREAM', '8:55426'), ('_', '/usr/bin/colcon'), ('ROS_VERSION', '2'), ('XDG_SESSION_CLASS', 'user'), ('USERNAME', 'deepak'), ('TERM', 'xterm-256color'), ('GNOME_DESKTOP_SESSION_ID', 'this-is-deprecated'), ('ROS_LOCALHOST_ONLY', '0'), ('WINDOWPATH', '2'), ('PATH', '/opt/ros/foxy/bin:/home/deepak/.nvm/versions/node/v18.20.8/bin:/home/deepak/.local/bin:/usr/local/sbin:/usr/local/bin:/usr/sbin:/usr/bin:/sbin:/bin:/usr/games:/usr/local/games:/snap/bin'), ('SESSION_MANAGER', 'local/deepak-Inspiron-3501:@/tmp/.ICE-unix/2204,unix/deepak-Inspiron-3501:/tmp/.ICE-unix/2204'), ('INVOCATION_ID', 'da85f2b1d8074d13affb1bf44f8be6dd'), ('XDG_MENU_PREFIX', 'gnome-'), ('XDG_RUNTIME_DIR', '/run/user/1000'), ('DISPLAY', ':0'), ('TERMINATOR_DBUS_PATH', '/net/tenshu/Terminator2'), ('LANG', 'en_US.UTF-8'), ('XDG_CURRENT_DESKTOP', 'ubuntu:GNOME'), ('XMODIFIERS', '@im=ibus'), ('XDG_SESSION_DESKTOP', 'ubuntu'), ('XAUTHORITY', '/run/user/1000/gdm/Xauthority'), ('LS_COLORS', 'rs=0:di=01;34:ln=01;36:mh=00:pi=40;33:so=01;35:do=01;35:bd=40;33;01:cd=40;33;01:or=40;31;01:mi=00:su=37;41:sg=30;43:ca=30;41:tw=30;42:ow=34;42:st=37;44:ex=01;32:*.tar=01;31:*.tgz=01;31:*.arc=01;31:*.arj=01;31:*.taz=01;31:*.lha=01;31:*.lz4=01;31:*.lzh=01;31:*.lzma=01;31:*.tlz=01;31:*.txz=01;31:*.tzo=01;31:*.t7z=01;31:*.zip=01;31:*.z=01;31:*.dz=01;31:*.gz=01;31:*.lrz=01;31:*.lz=01;31:*.lzo=01;31:*.xz=01;31:*.zst=01;31:*.tzst=01;31:*.bz2=01;31:*.bz=01;31:*.tbz=01;31:*.tbz2=01;31:*.tz=01;31:*.deb=01;31:*.rpm=01;31:*.jar=01;31:*.war=01;31:*.ear=01;31:*.sar=01;31:*.rar=01;31:*.alz=01;31:*.ace=01;31:*.zoo=01;31:*.cpio=01;31:*.7z=01;31:*.rz=01;31:*.cab=01;31:*.wim=01;31:*.swm=01;31:*.dwm=01;31:*.esd=01;31:*.jpg=01;35:*.jpeg=01;35:*.mjpg=01;35:*.mjpeg=01;35:*.gif=01;35:*.bmp=01;35:*.pbm=01;35:*.pgm=01;35:*.ppm=01;35:*.tga=01;35:*.xbm=01;35:*.xpm=01;35:*.tif=01;35:*.tiff=01;35:*.png=01;35:*.svg=01;35:*.svgz=01;35:*.mng=01;35:*.pcx=01;35:*.mov=01;35:*.mpg=01;35:*.mpeg=01;35:*.m2v=01;35:*.mkv=01;35:*.webm=01;35:*.ogm=01;35:*.mp4=01;35:*.m4v=01;35:*.mp4v=01;35:*.vob=01;35:*.qt=01;35:*.nuv=01;35:*.wmv=01;35:*.asf=01;35:*.rm=01;35:*.rmvb=01;35:*.flc=01;35:*.avi=01;35:*.fli=01;35:*.flv=01;35:*.gl=01;35:*.dl=01;35:*.xcf=01;35:*.xwd=01;35:*.yuv=01;35:*.cgm=01;35:*.emf=01;35:*.ogv=01;35:*.ogx=01;35:*.aac=00;36:*.au=00;36:*.flac=00;36:*.m4a=00;36:*.mid=00;36:*.midi=00;36:*.mka=00;36:*.mp3=00;36:*.mpc=00;36:*.ogg=00;36:*.ra=00;36:*.wav=00;36:*.oga=00;36:*.opus=00;36:*.spx=00;36:*.xspf=00;36:'), ('SSH_AUTH_SOCK', '/run/user/1000/keyring/ssh'), ('AMENT_PREFIX_PATH', '/opt/ros/foxy'), ('SHELL', '/bin/bash'), ('TERMINATOR_UUID', 'urn:uuid:fcc518c1-d712-42cf-a147-6525ef5360a1'), ('QT_ACCESSIBILITY', '1'), ('GDMSESSION', 'ubuntu'), ('LESSCLOSE', '/usr/bin/lesspipe %s %s'), ('GPG_AGENT_INFO', '/run/user/1000/gnupg/S.gpg-agent:0:1'), ('QT_IM_MODULE', 'ibus'), ('PWD', '/home/deepak/electronic_ws/build/backward_ros'), ('LC_ALL', 'en_US.UTF-8'), ('XDG_CONFIG_DIRS', '/etc/xdg/xdg-ubuntu:/etc/xdg'), ('NVM_CD_FLAGS', ''), ('XDG_DATA_DIRS', '/usr/share/ubuntu:/usr/local/share/:/usr/share/:/var/lib/snapd/desktop'), ('PYTHONPATH', '/opt/ros/foxy/lib/python3.8/site-packages'), ('COLCON', '1'), ('VTE_VERSION', '6003'), ('CMAKE_PREFIX_PATH', '/opt/ros/foxy')]), 'shell': False}
[81.452682] (backward_ros) StdoutLine: {'line': b'-- Install configuration: ""\n'}
[81.453121] (backward_ros) StdoutLine: {'line': b'-- Installing: /home/deepak/electronic_ws/install/backward_ros/lib/libbackward.so\n'}
[81.454344] (backward_ros) StdoutLine: {'line': b'-- Installing: /home/deepak/electronic_ws/install/backward_ros/include\n'}
[81.454579] (backward_ros) StdoutLine: {'line': b'-- Installing: /home/deepak/electronic_ws/install/backward_ros/include/backward_ros\n'}
[81.454704] (backward_ros) StdoutLine: {'line': b'-- Installing: /home/deepak/electronic_ws/install/backward_ros/include/backward_ros/backward.hpp\n'}
[81.454897] (backward_ros) StdoutLine: {'line': b'-- Installing: /home/deepak/electronic_ws/install/backward_ros/share/backward_ros/cmake\n'}
[81.455030] (backward_ros) StdoutLine: {'line': b'-- Installing: /home/deepak/electronic_ws/install/backward_ros/share/backward_ros/cmake/BackwardConfigAment.cmake\n'}
[81.455385] (backward_ros) StdoutLine: {'line': b'-- Installing: /home/deepak/electronic_ws/install/backward_ros/share/backward_ros/cmake/BackwardConfig.cmake\n'}
[81.455583] (backward_ros) StdoutLine: {'line': b'-- Installing: /home/deepak/electronic_ws/install/backward_ros/share/backward_ros/package.xml\n'}
[81.455772] (backward_ros) StdoutLine: {'line': b'-- Installing: /home/deepak/electronic_ws/install/backward_ros/share/backward_ros/cmake/BackwardConfig.cmake\n'}
[81.455971] (backward_ros) StdoutLine: {'line': b'-- Installing: /home/deepak/electronic_ws/install/backward_ros/share/backward_ros/cmake/backward_rosConfig.cmake\n'}
[81.469048] (backward_ros) CommandEnded: {'returncode': 0}
[81.469553] (-) TimerEvent: {}
[81.475265] (backward_ros) JobEnded: {'identifier': 'backward_ros', 'rc': 0}
[81.476153] (lslidar_driver) JobStarted: {'identifier': 'lslidar_driver'}
[81.496051] (lslidar_driver) JobProgress: {'identifier': 'lslidar_driver', 'progress': 'cmake'}
[81.496526] (lslidar_driver) Command: {'cmd': ['/usr/bin/cmake', '/home/deepak/electronic_ws/src/Lslidar_ROS2_driver-LS-S1_V1.0/lslidar_driver', '-DAMENT_CMAKE_SYMLINK_INSTALL=1', '-DCMAKE_INSTALL_PREFIX=/home/deepak/electronic_ws/install/lslidar_driver'], 'cwd': '/home/deepak/electronic_ws/build/lslidar_driver', 'env': OrderedDict([('LESSOPEN', '| /usr/bin/lesspipe %s'), ('LANGUAGE', 'en_GB:en'), ('USER', 'deepak'), ('SSH_AGENT_PID', '2164'), ('XDG_SESSION_TYPE', 'x11'), ('SHLVL', '1'), ('LD_LIBRARY_PATH', '/home/deepak/electronic_ws/install/lslidar_msgs/lib:/usr/lib/x86_64-linux-gnu/gazebo-11/plugins:/opt/ros/foxy/opt/yaml_cpp_vendor/lib:/opt/ros/foxy/opt/rviz_ogre_vendor/lib:/opt/ros/foxy/lib/x86_64-linux-gnu:/opt/ros/foxy/lib'), ('HOME', '/home/deepak'), ('OLDPWD', '/home/deepak/electronic_ws/src'), ('DESKTOP_SESSION', 'ubuntu'), ('NVM_BIN', '/home/deepak/.nvm/versions/node/v18.20.8/bin'), ('NVM_INC', '/home/deepak/.nvm/versions/node/v18.20.8/include/node'), ('ROS_PYTHON_VERSION', '3'), ('GNOME_SHELL_SESSION_MODE', 'ubuntu'), ('GTK_MODULES', 'gail:atk-bridge'), ('MANAGERPID', '2067'), ('DBUS_SESSION_BUS_ADDRESS', 'unix:path=/run/user/1000/bus'), ('COLORTERM', 'truecolor'), ('TERMINATOR_DBUS_NAME', 'net.tenshu.Terminator21a9d5db22c73a993ff0b42f64b396873'), ('GIO_LAUNCHED_DESKTOP_FILE_PID', '4123'), ('NVM_DIR', '/home/deepak/.nvm'), ('IM_CONFIG_PHASE', '1'), ('ROS_DISTRO', 'foxy'), ('LOGNAME', 'deepak'), ('JOURNAL_STREAM', '8:55426'), ('_', '/usr/bin/colcon'), ('ROS_VERSION', '2'), ('XDG_SESSION_CLASS', 'user'), ('USERNAME', 'deepak'), ('TERM', 'xterm-256color'), ('GNOME_DESKTOP_SESSION_ID', 'this-is-deprecated'), ('ROS_LOCALHOST_ONLY', '0'), ('WINDOWPATH', '2'), ('PATH', '/opt/ros/foxy/bin:/home/deepak/.nvm/versions/node/v18.20.8/bin:/home/deepak/.local/bin:/usr/local/sbin:/usr/local/bin:/usr/sbin:/usr/bin:/sbin:/bin:/usr/games:/usr/local/games:/snap/bin'), ('SESSION_MANAGER', 'local/deepak-Inspiron-3501:@/tmp/.ICE-unix/2204,unix/deepak-Inspiron-3501:/tmp/.ICE-unix/2204'), ('INVOCATION_ID', 'da85f2b1d8074d13affb1bf44f8be6dd'), ('XDG_MENU_PREFIX', 'gnome-'), ('XDG_RUNTIME_DIR', '/run/user/1000'), ('DISPLAY', ':0'), ('TERMINATOR_DBUS_PATH', '/net/tenshu/Terminator2'), ('LANG', 'en_US.UTF-8'), ('XDG_CURRENT_DESKTOP', 'ubuntu:GNOME'), ('XMODIFIERS', '@im=ibus'), ('XDG_SESSION_DESKTOP', 'ubuntu'), ('XAUTHORITY', '/run/user/1000/gdm/Xauthority'), ('LS_COLORS', 'rs=0:di=01;34:ln=01;36:mh=00:pi=40;33:so=01;35:do=01;35:bd=40;33;01:cd=40;33;01:or=40;31;01:mi=00:su=37;41:sg=30;43:ca=30;41:tw=30;42:ow=34;42:st=37;44:ex=01;32:*.tar=01;31:*.tgz=01;31:*.arc=01;31:*.arj=01;31:*.taz=01;31:*.lha=01;31:*.lz4=01;31:*.lzh=01;31:*.lzma=01;31:*.tlz=01;31:*.txz=01;31:*.tzo=01;31:*.t7z=01;31:*.zip=01;31:*.z=01;31:*.dz=01;31:*.gz=01;31:*.lrz=01;31:*.lz=01;31:*.lzo=01;31:*.xz=01;31:*.zst=01;31:*.tzst=01;31:*.bz2=01;31:*.bz=01;31:*.tbz=01;31:*.tbz2=01;31:*.tz=01;31:*.deb=01;31:*.rpm=01;31:*.jar=01;31:*.war=01;31:*.ear=01;31:*.sar=01;31:*.rar=01;31:*.alz=01;31:*.ace=01;31:*.zoo=01;31:*.cpio=01;31:*.7z=01;31:*.rz=01;31:*.cab=01;31:*.wim=01;31:*.swm=01;31:*.dwm=01;31:*.esd=01;31:*.jpg=01;35:*.jpeg=01;35:*.mjpg=01;35:*.mjpeg=01;35:*.gif=01;35:*.bmp=01;35:*.pbm=01;35:*.pgm=01;35:*.ppm=01;35:*.tga=01;35:*.xbm=01;35:*.xpm=01;35:*.tif=01;35:*.tiff=01;35:*.png=01;35:*.svg=01;35:*.svgz=01;35:*.mng=01;35:*.pcx=01;35:*.mov=01;35:*.mpg=01;35:*.mpeg=01;35:*.m2v=01;35:*.mkv=01;35:*.webm=01;35:*.ogm=01;35:*.mp4=01;35:*.m4v=01;35:*.mp4v=01;35:*.vob=01;35:*.qt=01;35:*.nuv=01;35:*.wmv=01;35:*.asf=01;35:*.rm=01;35:*.rmvb=01;35:*.flc=01;35:*.avi=01;35:*.fli=01;35:*.flv=01;35:*.gl=01;35:*.dl=01;35:*.xcf=01;35:*.xwd=01;35:*.yuv=01;35:*.cgm=01;35:*.emf=01;35:*.ogv=01;35:*.ogx=01;35:*.aac=00;36:*.au=00;36:*.flac=00;36:*.m4a=00;36:*.mid=00;36:*.midi=00;36:*.mka=00;36:*.mp3=00;36:*.mpc=00;36:*.ogg=00;36:*.ra=00;36:*.wav=00;36:*.oga=00;36:*.opus=00;36:*.spx=00;36:*.xspf=00;36:'), ('SSH_AUTH_SOCK', '/run/user/1000/keyring/ssh'), ('AMENT_PREFIX_PATH', '/home/deepak/electronic_ws/install/lslidar_msgs:/opt/ros/foxy'), ('SHELL', '/bin/bash'), ('TERMINATOR_UUID', 'urn:uuid:fcc518c1-d712-42cf-a147-6525ef5360a1'), ('QT_ACCESSIBILITY', '1'), ('GDMSESSION', 'ubuntu'), ('LESSCLOSE', '/usr/bin/lesspipe %s %s'), ('GPG_AGENT_INFO', '/run/user/1000/gnupg/S.gpg-agent:0:1'), ('QT_IM_MODULE', 'ibus'), ('PWD', '/home/deepak/electronic_ws/build/lslidar_driver'), ('LC_ALL', 'en_US.UTF-8'), ('XDG_CONFIG_DIRS', '/etc/xdg/xdg-ubuntu:/etc/xdg'), ('NVM_CD_FLAGS', ''), ('XDG_DATA_DIRS', '/usr/share/ubuntu:/usr/local/share/:/usr/share/:/var/lib/snapd/desktop'), ('PYTHONPATH', '/home/deepak/electronic_ws/install/lslidar_msgs/lib/python3.8/site-packages:/opt/ros/foxy/lib/python3.8/site-packages'), ('COLCON', '1'), ('VTE_VERSION', '6003'), ('CMAKE_PREFIX_PATH', '/home/deepak/electronic_ws/install/lslidar_msgs:/opt/ros/foxy')]), 'shell': False}
[81.520212] (astra_camera) StdoutLine: {'line': b'-- Using all available rosidl_typesupport_cpp: rosidl_typesupport_fastrtps_cpp;rosidl_typesupport_introspection_cpp\n'}
[81.569731] (-) TimerEvent: {}
[81.594588] (lslidar_driver) StdoutLine: {'line': b'-- The C compiler identification is GNU 9.4.0\n'}
[81.669903] (-) TimerEvent: {}
[81.683288] (lslidar_driver) StdoutLine: {'line': b'-- The CXX compiler identification is GNU 9.4.0\n'}
[81.691213] (lslidar_driver) StdoutLine: {'line': b'-- Check for working C compiler: /usr/bin/cc\n'}
[81.695967] (rtabmap) StdoutLine: {'line': b'[ 14%] \x1b[32mBuilding CXX object corelib/src/CMakeFiles/rtabmap_core.dir/camera/CameraOpenni.cpp.o\x1b[0m\n'}
[81.715415] (rtabmap) StdoutLine: {'line': b'[ 15%] \x1b[32mBuilding CXX object corelib/src/CMakeFiles/rtabmap_core.dir/camera/CameraK4A.cpp.o\x1b[0m\n'}
[81.770033] (-) TimerEvent: {}
[81.870608] (-) TimerEvent: {}
[81.938546] (lslidar_driver) StdoutLine: {'line': b'-- Check for working C compiler: /usr/bin/cc -- works\n'}
[81.939896] (lslidar_driver) StdoutLine: {'line': b'-- Detecting C compiler ABI info\n'}
[81.970739] (-) TimerEvent: {}
[82.071331] (-) TimerEvent: {}
[82.079280] (astra_camera) StdoutLine: {'line': b'-- Found camera_info_manager: 2.4.0 (/opt/ros/foxy/share/camera_info_manager/cmake)\n'}
[82.157933] (lslidar_driver) StdoutLine: {'line': b'-- Detecting C compiler ABI info - done\n'}
[82.171471] (-) TimerEvent: {}
[82.179049] (lslidar_driver) StdoutLine: {'line': b'-- Detecting C compile features\n'}
[82.180188] (lslidar_driver) StdoutLine: {'line': b'-- Detecting C compile features - done\n'}
[82.185323] (lslidar_driver) StdoutLine: {'line': b'-- Check for working CXX compiler: /usr/bin/c++\n'}
[82.271616] (-) TimerEvent: {}
[82.282028] (astra_camera) StdoutLine: {'line': b'-- Found rmw_implementation_cmake: 1.0.4 (/opt/ros/foxy/share/rmw_implementation_cmake/cmake)\n'}
[82.285840] (astra_camera) StdoutLine: {'line': b"-- Using RMW implementation 'rmw_fastrtps_cpp' as default\n"}
[82.287249] (astra_camera) StdoutLine: {'line': b'-- Looking for pthread.h\n'}
[82.344210] (lslidar_driver) StdoutLine: {'line': b'-- Check for working CXX compiler: /usr/bin/c++ -- works\n'}
[82.346531] (lslidar_driver) StdoutLine: {'line': b'-- Detecting CXX compiler ABI info\n'}
[82.371844] (-) TimerEvent: {}
[82.472489] (-) TimerEvent: {}
[82.533285] (lslidar_driver) StdoutLine: {'line': b'-- Detecting CXX compiler ABI info - done\n'}
[82.556055] (astra_camera) StdoutLine: {'line': b'-- Looking for pthread.h - found\n'}
[82.557147] (astra_camera) StdoutLine: {'line': b'-- Performing Test CMAKE_HAVE_LIBC_PTHREAD\n'}
[82.569850] (lslidar_driver) StdoutLine: {'line': b'-- Detecting CXX compile features\n'}
[82.571294] (lslidar_driver) StdoutLine: {'line': b'-- Detecting CXX compile features - done\n'}
[82.572574] (-) TimerEvent: {}
[82.575922] (lslidar_driver) StdoutLine: {'line': b'-- Found ament_cmake: 0.9.12 (/opt/ros/foxy/share/ament_cmake/cmake)\n'}
[82.622834] (lslidar_driver) StdoutLine: {'line': b'-- Found PythonInterp: /usr/bin/python3 (found suitable version "3.8.10", minimum required is "3") \n'}
[82.623238] (lslidar_driver) StdoutLine: {'line': b'-- Using PYTHON_EXECUTABLE: /usr/bin/python3\n'}
[82.672697] (-) TimerEvent: {}
[82.764711] (rtabmap) StdoutLine: {'line': b'[ 15%] \x1b[32mBuilding CXX object corelib/src/CMakeFiles/rtabmap_core.dir/camera/CameraK4W2.cpp.o\x1b[0m\n'}
[82.772831] (-) TimerEvent: {}
[82.873305] (-) TimerEvent: {}
[82.947162] (lslidar_driver) StdoutLine: {'line': b'-- Override CMake install command with custom implementation using symlinks instead of copying resources\n'}
[82.947592] (astra_camera) StdoutLine: {'line': b'-- Performing Test CMAKE_HAVE_LIBC_PTHREAD - Failed\n'}
[82.947768] (astra_camera) StdoutLine: {'line': b'-- Looking for pthread_create in pthreads\n'}
[82.973448] (-) TimerEvent: {}
[82.992308] (lslidar_driver) StdoutLine: {'line': b'-- Found rclcpp: 2.4.3 (/opt/ros/foxy/share/rclcpp/cmake)\n'}
[83.073603] (-) TimerEvent: {}
[83.092611] (lslidar_driver) StdoutLine: {'line': b'-- Using all available rosidl_typesupport_c: rosidl_typesupport_fastrtps_c;rosidl_typesupport_introspection_c\n'}
[83.107325] (lslidar_driver) StdoutLine: {'line': b'-- Found rosidl_adapter: 1.3.1 (/opt/ros/foxy/share/rosidl_adapter/cmake)\n'}
[83.173749] (-) TimerEvent: {}
[83.274259] (-) TimerEvent: {}
[83.279409] (astra_camera) StdoutLine: {'line': b'-- Looking for pthread_create in pthreads - not found\n'}
[83.283128] (astra_camera) StdoutLine: {'line': b'-- Looking for pthread_create in pthread\n'}
[83.374400] (-) TimerEvent: {}
[83.474966] (-) TimerEvent: {}
[83.575538] (-) TimerEvent: {}
[83.657545] (lslidar_driver) StdoutLine: {'line': b'-- Found OpenSSL: /usr/lib/x86_64-linux-gnu/libcrypto.so (found version "1.1.1f")  \n'}
[83.660032] (astra_camera) StdoutLine: {'line': b'-- Looking for pthread_create in pthread - found\n'}
[83.661838] (astra_camera) StdoutLine: {'line': b'-- Found Threads: TRUE  \n'}
[83.675692] (-) TimerEvent: {}
[83.776204] (-) TimerEvent: {}
[83.795979] (lslidar_driver) StdoutLine: {'line': b'-- Found FastRTPS: /opt/ros/foxy/include  \n'}
[83.876350] (-) TimerEvent: {}
[83.976913] (-) TimerEvent: {}
[84.056934] (lslidar_driver) StdoutLine: {'line': b'-- Using all available rosidl_typesupport_cpp: rosidl_typesupport_fastrtps_cpp;rosidl_typesupport_introspection_cpp\n'}
[84.077010] (-) TimerEvent: {}
[84.167477] (lslidar_driver) StdoutLine: {'line': b'-- Found rmw_implementation_cmake: 1.0.4 (/opt/ros/foxy/share/rmw_implementation_cmake/cmake)\n'}
[84.170208] (lslidar_driver) StdoutLine: {'line': b"-- Using RMW implementation 'rmw_fastrtps_cpp' as default\n"}
[84.171743] (lslidar_driver) StdoutLine: {'line': b'-- Looking for pthread.h\n'}
[84.177140] (-) TimerEvent: {}
[84.194468] (astra_camera) StdoutLine: {'line': b"-- Setting yaml-cpp_DIR to: '/opt/ros/foxy/share/yaml_cpp_vendor/cmake/../../../opt/yaml_cpp_vendor/lib/cmake/yaml-cpp'\n"}
[84.277284] (-) TimerEvent: {}
[84.377798] (-) TimerEvent: {}
[84.406067] (astra_camera) StdoutLine: {'line': b'-- Found class_loader: 2.0.3 (/opt/ros/foxy/share/class_loader/cmake)\n'}
[84.429501] (astra_camera) StdoutLine: {'line': b'-- Found cv_bridge: 3.0.7 (/opt/ros/foxy/share/cv_bridge/cmake)\n'}
[84.477936] (-) TimerEvent: {}
[84.481613] (astra_camera) StdoutLine: {'line': b'-- Found message_filters: 3.2.7 (/opt/ros/foxy/share/message_filters/cmake)\n'}
[84.504245] (astra_camera) StdoutLine: {'line': b'-- Found image_geometry: 3.0.7 (/opt/ros/foxy/share/image_geometry/cmake)\n'}
[84.504767] (lslidar_driver) StdoutLine: {'line': b'-- Looking for pthread.h - found\n'}
[84.505300] (lslidar_driver) StdoutLine: {'line': b'-- Performing Test CMAKE_HAVE_LIBC_PTHREAD\n'}
[84.556358] (astra_camera) StderrLine: {'line': b'CMake Error at CMakeLists.txt:28 (find_package):\n'}
[84.556781] (astra_camera) StderrLine: {'line': b'  By not providing "Findimage_publisher.cmake" in CMAKE_MODULE_PATH this\n'}
[84.556973] (astra_camera) StderrLine: {'line': b'  project has asked CMake to find a package configuration file provided by\n'}
[84.557089] (astra_camera) StderrLine: {'line': b'  "image_publisher", but CMake did not find one.\n'}
[84.557190] (astra_camera) StderrLine: {'line': b'\n'}
[84.557288] (astra_camera) StderrLine: {'line': b'  Could not find a package configuration file provided by "image_publisher"\n'}
[84.557383] (astra_camera) StderrLine: {'line': b'  with any of the following names:\n'}
[84.557476] (astra_camera) StderrLine: {'line': b'\n'}
[84.557569] (astra_camera) StderrLine: {'line': b'    image_publisherConfig.cmake\n'}
[84.557664] (astra_camera) StderrLine: {'line': b'    image_publisher-config.cmake\n'}
[84.557758] (astra_camera) StderrLine: {'line': b'\n'}
[84.557858] (astra_camera) StderrLine: {'line': b'  Add the installation prefix of "image_publisher" to CMAKE_PREFIX_PATH or\n'}
[84.557967] (astra_camera) StderrLine: {'line': b'  set "image_publisher_DIR" to a directory containing one of the above files.\n'}
[84.558068] (astra_camera) StderrLine: {'line': b'  If "image_publisher" provides a separate development package or SDK, be\n'}
[84.558169] (astra_camera) StderrLine: {'line': b'  sure it has been installed.\n'}
[84.558267] (astra_camera) StderrLine: {'line': b'\n'}
[84.558368] (astra_camera) StderrLine: {'line': b'\n'}
[84.559451] (astra_camera) StdoutLine: {'line': b'-- Configuring incomplete, errors occurred!\n'}
[84.559651] (astra_camera) StdoutLine: {'line': b'See also "/home/deepak/electronic_ws/build/astra_camera/CMakeFiles/CMakeOutput.log".\n'}
[84.559753] (astra_camera) StdoutLine: {'line': b'See also "/home/deepak/electronic_ws/build/astra_camera/CMakeFiles/CMakeError.log".\n'}
[84.578088] (-) TimerEvent: {}
[84.598231] (astra_camera) CommandEnded: {'returncode': 1}
[84.609404] (rtabmap) StdoutLine: {'line': b'[ 16%] \x1b[32mBuilding CXX object corelib/src/CMakeFiles/rtabmap_core.dir/camera/CameraStereoDC1394.cpp.o\x1b[0m\n'}
[84.658253] (astra_camera) JobEnded: {'identifier': 'astra_camera', 'rc': 1}
[84.678219] (-) TimerEvent: {}
[84.778691] (-) TimerEvent: {}
[84.783778] (lslidar_driver) StdoutLine: {'line': b'-- Performing Test CMAKE_HAVE_LIBC_PTHREAD - Failed\n'}
[84.784169] (lslidar_driver) StdoutLine: {'line': b'-- Looking for pthread_create in pthreads\n'}
[84.878842] (-) TimerEvent: {}
[84.979354] (-) TimerEvent: {}
[85.079862] (-) TimerEvent: {}
[85.084273] (lslidar_driver) StdoutLine: {'line': b'-- Looking for pthread_create in pthreads - not found\n'}
[85.085066] (lslidar_driver) StdoutLine: {'line': b'-- Looking for pthread_create in pthread\n'}
[85.180006] (-) TimerEvent: {}
[85.280489] (-) TimerEvent: {}
[85.381013] (-) TimerEvent: {}
[85.384907] (lslidar_driver) StdoutLine: {'line': b'-- Looking for pthread_create in pthread - found\n'}
[85.386955] (lslidar_driver) StdoutLine: {'line': b'-- Found Threads: TRUE  \n'}
[85.481139] (-) TimerEvent: {}
[85.581653] (-) TimerEvent: {}
[85.682156] (-) TimerEvent: {}
[85.782678] (-) TimerEvent: {}
[85.848864] (lslidar_driver) StdoutLine: {'line': b'-- Found sensor_msgs: 2.0.5 (/opt/ros/foxy/share/sensor_msgs/cmake)\n'}
[85.882805] (-) TimerEvent: {}
[85.983271] (-) TimerEvent: {}
[86.065099] (lslidar_driver) StdoutLine: {'line': b'-- Found ament_index_cpp: 1.1.0 (/opt/ros/foxy/share/ament_index_cpp/cmake)\n'}
[86.069462] (lslidar_driver) StdoutLine: {'line': b'-- Found lslidar_msgs: 5.1.1 (/home/deepak/electronic_ws/install/lslidar_msgs/share/lslidar_msgs/cmake)\n'}
[86.083398] (-) TimerEvent: {}
[86.183942] (-) TimerEvent: {}
[86.203905] (lslidar_driver) StdoutLine: {'line': b'-- Found Boost: /usr/lib/x86_64-linux-gnu/cmake/Boost-1.71.0/BoostConfig.cmake (found version "1.71.0") found components: thread \n'}
[86.255045] (lslidar_driver) StdoutLine: {'line': b"-- Checking for module 'eigen3'\n"}
[86.284111] (-) TimerEvent: {}
[86.353625] (lslidar_driver) StdoutLine: {'line': b'--   Found eigen3, version 3.3.7\n'}
[86.384245] (-) TimerEvent: {}
[86.484810] (-) TimerEvent: {}
[86.585455] (-) TimerEvent: {}
[86.684972] (lslidar_driver) StdoutLine: {'line': b'-- Found Eigen: /usr/include/eigen3 (Required is at least version "3.1") \n'}
[86.685281] (lslidar_driver) StdoutLine: {'line': b'-- Eigen found (include: /usr/include/eigen3, version: 3.3.7)\n'}
[86.685511] (-) TimerEvent: {}
[86.785886] (-) TimerEvent: {}
[86.840714] (lslidar_driver) StdoutLine: {'line': b'-- Found Boost: /usr/include (found suitable version "1.71.0", minimum required is "1.55.0") found components: system filesystem date_time iostreams regex \n'}
[86.886030] (-) TimerEvent: {}
[86.919178] (lslidar_driver) StdoutLine: {'line': b"-- Checking for module 'flann'\n"}
[86.986177] (-) TimerEvent: {}
[87.001796] (lslidar_driver) StdoutLine: {'line': b'--   Found flann, version 1.9.1\n'}
[87.086332] (-) TimerEvent: {}
[87.186892] (-) TimerEvent: {}
[87.287483] (-) TimerEvent: {}
[87.330182] (rtabmap) StdoutLine: {'line': b'[ 16%] \x1b[32mBuilding CXX object corelib/src/CMakeFiles/rtabmap_core.dir/camera/CameraStereoFlyCapture2.cpp.o\x1b[0m\n'}
[87.344481] (lslidar_driver) StdoutLine: {'line': b'-- Found FLANN: /usr/lib/x86_64-linux-gnu/libflann_cpp.so  \n'}
[87.387626] (-) TimerEvent: {}
[87.445783] (lslidar_driver) StdoutLine: {'line': b'-- The imported target "vtkParseOGLExt" references the file\n'}
[87.446107] (lslidar_driver) StdoutLine: {'line': b'   "/usr/bin/vtkParseOGLExt-7.1"\n'}
[87.446234] (lslidar_driver) StdoutLine: {'line': b'but this file does not exist.  Possible reasons include:\n'}
[87.446335] (lslidar_driver) StdoutLine: {'line': b'* The file was deleted, renamed, or moved to another location.\n'}
[87.446432] (lslidar_driver) StdoutLine: {'line': b'* An install or uninstall procedure did not complete successfully.\n'}
[87.446549] (lslidar_driver) StdoutLine: {'line': b'* The installation package was faulty and contained\n'}
[87.446645] (lslidar_driver) StdoutLine: {'line': b'   "/usr/lib/cmake/vtk-7.1/VTKTargets.cmake"\n'}
[87.446742] (lslidar_driver) StdoutLine: {'line': b'but not all the files it references.\n'}
[87.446838] (lslidar_driver) StdoutLine: {'line': b'\n'}
[87.447301] (lslidar_driver) StdoutLine: {'line': b'-- The imported target "vtkRenderingPythonTkWidgets" references the file\n'}
[87.447465] (lslidar_driver) StdoutLine: {'line': b'   "/usr/lib/x86_64-linux-gnu/libvtkRenderingPythonTkWidgets.so"\n'}
[87.447565] (lslidar_driver) StdoutLine: {'line': b'but this file does not exist.  Possible reasons include:\n'}
[87.447660] (lslidar_driver) StdoutLine: {'line': b'* The file was deleted, renamed, or moved to another location.\n'}
[87.447748] (lslidar_driver) StdoutLine: {'line': b'* An install or uninstall procedure did not complete successfully.\n'}
[87.447840] (lslidar_driver) StdoutLine: {'line': b'* The installation package was faulty and contained\n'}
[87.447931] (lslidar_driver) StdoutLine: {'line': b'   "/usr/lib/cmake/vtk-7.1/VTKTargets.cmake"\n'}
[87.448016] (lslidar_driver) StdoutLine: {'line': b'but not all the files it references.\n'}
[87.448104] (lslidar_driver) StdoutLine: {'line': b'\n'}
[87.448443] (lslidar_driver) StdoutLine: {'line': b'-- The imported target "vtk" references the file\n'}
[87.448573] (lslidar_driver) StdoutLine: {'line': b'   "/usr/bin/vtk"\n'}
[87.448667] (lslidar_driver) StdoutLine: {'line': b'but this file does not exist.  Possible reasons include:\n'}
[87.448759] (lslidar_driver) StdoutLine: {'line': b'* The file was deleted, renamed, or moved to another location.\n'}
[87.448910] (lslidar_driver) StdoutLine: {'line': b'* An install or uninstall procedure did not complete successfully.\n'}
[87.449129] (lslidar_driver) StdoutLine: {'line': b'* The installation package was faulty and contained\n'}
[87.449234] (lslidar_driver) StdoutLine: {'line': b'   "/usr/lib/cmake/vtk-7.1/VTKTargets.cmake"\n'}
[87.449331] (lslidar_driver) StdoutLine: {'line': b'but not all the files it references.\n'}
[87.449422] (lslidar_driver) StdoutLine: {'line': b'\n'}
[87.449513] (lslidar_driver) StdoutLine: {'line': b'-- The imported target "pvtk" references the file\n'}
[87.449606] (lslidar_driver) StdoutLine: {'line': b'   "/usr/bin/pvtk"\n'}
[87.449714] (lslidar_driver) StdoutLine: {'line': b'but this file does not exist.  Possible reasons include:\n'}
[87.449809] (lslidar_driver) StdoutLine: {'line': b'* The file was deleted, renamed, or moved to another location.\n'}
[87.449906] (lslidar_driver) StdoutLine: {'line': b'* An install or uninstall procedure did not complete successfully.\n'}
[87.450002] (lslidar_driver) StdoutLine: {'line': b'* The installation package was faulty and contained\n'}
[87.450097] (lslidar_driver) StdoutLine: {'line': b'   "/usr/lib/cmake/vtk-7.1/VTKTargets.cmake"\n'}
[87.450193] (lslidar_driver) StdoutLine: {'line': b'but not all the files it references.\n'}
[87.450286] (lslidar_driver) StdoutLine: {'line': b'\n'}
[87.482741] (lslidar_driver) StdoutLine: {'line': b"-- Checking for module 'libusb-1.0'\n"}
[87.487778] (-) TimerEvent: {}
[87.588268] (-) TimerEvent: {}
[87.593751] (lslidar_driver) StdoutLine: {'line': b'--   Found libusb-1.0, version 1.0.23\n'}
[87.688422] (-) TimerEvent: {}
[87.760703] (rtabmap) StdoutLine: {'line': b'[ 16%] \x1b[32mBuilding CXX object corelib/src/CMakeFiles/rtabmap_core.dir/camera/CameraStereoImages.cpp.o\x1b[0m\n'}
[87.788581] (-) TimerEvent: {}
[87.889166] (-) TimerEvent: {}
[87.936144] (lslidar_driver) StdoutLine: {'line': b'-- Found USB_10: /usr/lib/x86_64-linux-gnu/libusb-1.0.so  \n'}
[87.989293] (-) TimerEvent: {}
[88.089818] (-) TimerEvent: {}
[88.190356] (-) TimerEvent: {}
[88.290845] (-) TimerEvent: {}
[88.374440] (lslidar_driver) StdoutLine: {'line': b'-- Found OpenNI: /usr/lib/libOpenNI.so  \n'}
[88.374749] (lslidar_driver) StdoutLine: {'line': b'-- OpenNI found (include: /usr/include/ni, lib: /usr/lib/libOpenNI.so)\n'}
[88.390990] (-) TimerEvent: {}
[88.491496] (-) TimerEvent: {}
[88.591990] (-) TimerEvent: {}
[88.692514] (-) TimerEvent: {}
[88.793023] (-) TimerEvent: {}
[88.893569] (-) TimerEvent: {}
[88.895491] (lslidar_driver) StdoutLine: {'line': b'-- Found OpenNI2: /usr/lib/libOpenNI2.so  \n'}
[88.895745] (lslidar_driver) StdoutLine: {'line': b'-- OpenNI2 found (include: /usr/include/openni2, lib: /usr/lib/libOpenNI2.so)\n'}
[88.895974] (lslidar_driver) StderrLine: {'line': b'** WARNING ** io features related to pcap will be disabled\n'}
[88.896162] (lslidar_driver) StderrLine: {'line': b'** WARNING ** io features related to png will be disabled\n'}
[88.931133] (lslidar_driver) StdoutLine: {'line': b'-- Found libusb-1.0: /usr/include  \n'}
[88.931455] (lslidar_driver) StderrLine: {'line': b'** WARNING ** io features related to libusb-1.0 will be disabled\n'}
[88.942187] (lslidar_driver) StdoutLine: {'line': b'-- OpenNI found (include: /usr/include/ni, lib: /usr/lib/libOpenNI.so)\n'}
[88.954796] (lslidar_driver) StdoutLine: {'line': b'-- OpenNI2 found (include: /usr/include/openni2, lib: /usr/lib/libOpenNI2.so)\n'}
[88.993715] (-) TimerEvent: {}
[89.026471] (lslidar_driver) StdoutLine: {'line': b'-- Found Qhull: optimized;/usr/lib/x86_64-linux-gnu/libqhull.so;debug;/usr/lib/x86_64-linux-gnu/libqhull.so  \n'}
[89.026832] (lslidar_driver) StdoutLine: {'line': b'-- QHULL found (include: /usr/include, lib: optimized;/usr/lib/x86_64-linux-gnu/libqhull.so;debug;/usr/lib/x86_64-linux-gnu/libqhull.so)\n'}
[89.056072] (lslidar_driver) StdoutLine: {'line': b'-- OpenNI found (include: /usr/include/ni, lib: /usr/lib/libOpenNI.so)\n'}
[89.093862] (-) TimerEvent: {}
[89.117995] (lslidar_driver) StdoutLine: {'line': b'-- looking for PCL_COMMON\n'}
[89.121477] (lslidar_driver) StdoutLine: {'line': b'-- Found PCL_COMMON: /usr/lib/x86_64-linux-gnu/libpcl_common.so  \n'}
[89.122085] (lslidar_driver) StdoutLine: {'line': b'-- looking for PCL_KDTREE\n'}
[89.124806] (lslidar_driver) StdoutLine: {'line': b'-- Found PCL_KDTREE: /usr/lib/x86_64-linux-gnu/libpcl_kdtree.so  \n'}
[89.125339] (lslidar_driver) StdoutLine: {'line': b'-- looking for PCL_OCTREE\n'}
[89.127561] (lslidar_driver) StdoutLine: {'line': b'-- Found PCL_OCTREE: /usr/lib/x86_64-linux-gnu/libpcl_octree.so  \n'}
[89.128051] (lslidar_driver) StdoutLine: {'line': b'-- looking for PCL_SEARCH\n'}
[89.148901] (lslidar_driver) StdoutLine: {'line': b'-- Found PCL_SEARCH: /usr/lib/x86_64-linux-gnu/libpcl_search.so  \n'}
[89.149705] (lslidar_driver) StdoutLine: {'line': b'-- looking for PCL_SAMPLE_CONSENSUS\n'}
[89.155449] (lslidar_driver) StdoutLine: {'line': b'-- Found PCL_SAMPLE_CONSENSUS: /usr/lib/x86_64-linux-gnu/libpcl_sample_consensus.so  \n'}
[89.156226] (lslidar_driver) StdoutLine: {'line': b'-- looking for PCL_FILTERS\n'}
[89.177329] (lslidar_driver) StdoutLine: {'line': b'-- Found PCL_FILTERS: /usr/lib/x86_64-linux-gnu/libpcl_filters.so  \n'}
[89.177978] (lslidar_driver) StdoutLine: {'line': b'-- looking for PCL_2D\n'}
[89.178509] (lslidar_driver) StdoutLine: {'line': b'-- Found PCL_2D: /usr/include/pcl-1.10  \n'}
[89.178908] (lslidar_driver) StdoutLine: {'line': b'-- looking for PCL_GEOMETRY\n'}
[89.179431] (lslidar_driver) StdoutLine: {'line': b'-- Found PCL_GEOMETRY: /usr/include/pcl-1.10  \n'}
[89.179716] (lslidar_driver) StdoutLine: {'line': b'-- looking for PCL_IO\n'}
[89.183101] (lslidar_driver) StdoutLine: {'line': b'-- Found PCL_IO: /usr/lib/x86_64-linux-gnu/libpcl_io.so  \n'}
[89.183798] (lslidar_driver) StdoutLine: {'line': b'-- looking for PCL_FEATURES\n'}
[89.186322] (lslidar_driver) StdoutLine: {'line': b'-- Found PCL_FEATURES: /usr/lib/x86_64-linux-gnu/libpcl_features.so  \n'}
[89.187060] (lslidar_driver) StdoutLine: {'line': b'-- looking for PCL_ML\n'}
[89.189774] (lslidar_driver) StdoutLine: {'line': b'-- Found PCL_ML: /usr/lib/x86_64-linux-gnu/libpcl_ml.so  \n'}
[89.190374] (lslidar_driver) StdoutLine: {'line': b'-- looking for PCL_SEGMENTATION\n'}
[89.193971] (-) TimerEvent: {}
[89.207042] (lslidar_driver) StdoutLine: {'line': b'-- Found PCL_SEGMENTATION: /usr/lib/x86_64-linux-gnu/libpcl_segmentation.so  \n'}
[89.207982] (lslidar_driver) StdoutLine: {'line': b'-- looking for PCL_VISUALIZATION\n'}
[89.211533] (lslidar_driver) StdoutLine: {'line': b'-- Found PCL_VISUALIZATION: /usr/lib/x86_64-linux-gnu/libpcl_visualization.so  \n'}
[89.212409] (lslidar_driver) StdoutLine: {'line': b'-- looking for PCL_SURFACE\n'}
[89.215236] (lslidar_driver) StdoutLine: {'line': b'-- Found PCL_SURFACE: /usr/lib/x86_64-linux-gnu/libpcl_surface.so  \n'}
[89.215917] (lslidar_driver) StdoutLine: {'line': b'-- looking for PCL_REGISTRATION\n'}
[89.218245] (lslidar_driver) StdoutLine: {'line': b'-- Found PCL_REGISTRATION: /usr/lib/x86_64-linux-gnu/libpcl_registration.so  \n'}
[89.219026] (lslidar_driver) StdoutLine: {'line': b'-- looking for PCL_KEYPOINTS\n'}
[89.233944] (lslidar_driver) StdoutLine: {'line': b'-- Found PCL_KEYPOINTS: /usr/lib/x86_64-linux-gnu/libpcl_keypoints.so  \n'}
[89.234852] (lslidar_driver) StdoutLine: {'line': b'-- looking for PCL_TRACKING\n'}
[89.238866] (lslidar_driver) StdoutLine: {'line': b'-- Found PCL_TRACKING: /usr/lib/x86_64-linux-gnu/libpcl_tracking.so  \n'}
[89.239636] (lslidar_driver) StdoutLine: {'line': b'-- looking for PCL_RECOGNITION\n'}
[89.243134] (lslidar_driver) StdoutLine: {'line': b'-- Found PCL_RECOGNITION: /usr/lib/x86_64-linux-gnu/libpcl_recognition.so  \n'}
[89.244117] (lslidar_driver) StdoutLine: {'line': b'-- looking for PCL_STEREO\n'}
[89.247528] (lslidar_driver) StdoutLine: {'line': b'-- Found PCL_STEREO: /usr/lib/x86_64-linux-gnu/libpcl_stereo.so  \n'}
[89.248095] (lslidar_driver) StdoutLine: {'line': b'-- looking for PCL_APPS\n'}
[89.267936] (lslidar_driver) StdoutLine: {'line': b'-- Found PCL_APPS: /usr/lib/x86_64-linux-gnu/libpcl_apps.so  \n'}
[89.269517] (lslidar_driver) StdoutLine: {'line': b'-- looking for PCL_IN_HAND_SCANNER\n'}
[89.270159] (lslidar_driver) StdoutLine: {'line': b'-- Found PCL_IN_HAND_SCANNER: /usr/include/pcl-1.10  \n'}
[89.270485] (lslidar_driver) StdoutLine: {'line': b'-- looking for PCL_POINT_CLOUD_EDITOR\n'}
[89.285790] (lslidar_driver) StdoutLine: {'line': b'-- Found PCL_POINT_CLOUD_EDITOR: /usr/include/pcl-1.10  \n'}
[89.287630] (lslidar_driver) StdoutLine: {'line': b'-- looking for PCL_OUTOFCORE\n'}
[89.290850] (lslidar_driver) StdoutLine: {'line': b'-- Found PCL_OUTOFCORE: /usr/lib/x86_64-linux-gnu/libpcl_outofcore.so  \n'}
[89.291198] (lslidar_driver) StdoutLine: {'line': b'-- looking for PCL_PEOPLE\n'}
[89.294184] (lslidar_driver) StdoutLine: {'line': b'-- Found PCL_PEOPLE: /usr/lib/x86_64-linux-gnu/libpcl_people.so  \n'}
[89.294458] (-) TimerEvent: {}
[89.296353] (lslidar_driver) StdoutLine: {'line': b'-- Found PCL: pcl_common;pcl_kdtree;pcl_octree;pcl_search;pcl_sample_consensus;pcl_filters;pcl_io;pcl_features;pcl_ml;pcl_segmentation;pcl_visualization;pcl_surface;pcl_registration;pcl_keypoints;pcl_tracking;pcl_recognition;pcl_stereo;pcl_apps;pcl_outofcore;pcl_people;/usr/lib/x86_64-linux-gnu/libboost_system.so;/usr/lib/x86_64-linux-gnu/libboost_filesystem.so;/usr/lib/x86_64-linux-gnu/libboost_date_time.so;/usr/lib/x86_64-linux-gnu/libboost_iostreams.so;/usr/lib/x86_64-linux-gnu/libboost_regex.so;optimized;/usr/lib/x86_64-linux-gnu/libqhull.so;debug;/usr/lib/x86_64-linux-gnu/libqhull.so;/usr/lib/libOpenNI.so;/usr/lib/libOpenNI2.so;vtkChartsCore;vtkCommonColor;vtkCommonCore;vtksys;vtkCommonDataModel;vtkCommonMath;vtkCommonMisc;vtkCommonSystem;vtkCommonTransforms;vtkCommonExecutionModel;vtkFiltersGeneral;vtkCommonComputationalGeometry;vtkFiltersCore;vtkInfovisCore;vtkFiltersExtraction;vtkFiltersStatistics;vtkImagingFourier;vtkImagingCore;vtkalglib;vtkRenderingContext2D;vtkRenderingCore;vtkFiltersGeometry;vtkFiltersSources;vtkRenderingFreeType;/usr/lib/x86_64-linux-gnu/libfreetype.so;/usr/lib/x86_64-linux-gnu/libz.so;vtkFiltersModeling;vtkImagingSources;vtkInteractionStyle;vtkInteractionWidgets;vtkFiltersHybrid;vtkImagingColor;vtkImagingGeneral;vtkImagingHybrid;vtkIOImage;vtkDICOMParser;vtkmetaio;/usr/lib/x86_64-linux-gnu/libjpeg.so;/usr/lib/x86_64-linux-gnu/libpng.so;/usr/lib/x86_64-linux-gnu/libtiff.so;vtkRenderingAnnotation;vtkRenderingVolume;vtkIOXML;vtkIOCore;vtkIOXMLParser;/usr/lib/x86_64-linux-gnu/libexpat.so;vtkIOGeometry;vtkIOLegacy;vtkIOPLY;vtkRenderingLOD;vtkViewsContext2D;vtkViewsCore;vtkRenderingContextOpenGL2;vtkRenderingOpenGL2;FLANN::FLANN  \n'}
[89.302966] (lslidar_driver) StdoutLine: {'line': b'-- Found pcl_conversions: 2.2.1 (/opt/ros/foxy/share/pcl_conversions/cmake)\n'}
[89.394624] (-) TimerEvent: {}
[89.428924] (rtabmap) StdoutLine: {'line': b'[ 17%] \x1b[32mBuilding CXX object corelib/src/CMakeFiles/rtabmap_core.dir/camera/CameraStereoVideo.cpp.o\x1b[0m\n'}
[89.494765] (-) TimerEvent: {}
[89.595266] (-) TimerEvent: {}
[89.695813] (-) TimerEvent: {}
[89.796410] (-) TimerEvent: {}
[89.896984] (-) TimerEvent: {}
[89.980793] (lslidar_driver) StdoutLine: {'line': b'-- Configuring done\n'}
[89.997136] (-) TimerEvent: {}
[90.097675] (-) TimerEvent: {}
[90.144177] (lslidar_driver) StdoutLine: {'line': b'-- Generating done\n'}
[90.196540] (rtabmap) StdoutLine: {'line': b'[ 17%] \x1b[32mBuilding CXX object corelib/src/CMakeFiles/rtabmap_core.dir/camera/CameraStereoZed.cpp.o\x1b[0m\n'}
[90.197783] (-) TimerEvent: {}
[90.198178] (lslidar_driver) StdoutLine: {'line': b'-- Build files have been written to: /home/deepak/electronic_ws/build/lslidar_driver\n'}
[90.229074] (lslidar_driver) JobEnded: {'identifier': 'lslidar_driver', 'rc': 'SIGINT'}
[90.297946] (-) TimerEvent: {}
[90.398446] (-) TimerEvent: {}
[90.498915] (-) TimerEvent: {}
[90.599398] (-) TimerEvent: {}
[90.699887] (-) TimerEvent: {}
[90.800351] (-) TimerEvent: {}
[90.900818] (-) TimerEvent: {}
[91.001321] (-) TimerEvent: {}
[91.101835] (-) TimerEvent: {}
[91.202384] (-) TimerEvent: {}
[91.302856] (-) TimerEvent: {}
[91.403396] (-) TimerEvent: {}
[91.432106] (rtabmap) StdoutLine: {'line': b'[ 18%] \x1b[32mBuilding CXX object corelib/src/CMakeFiles/rtabmap_core.dir/camera/CameraStereoZedOC.cpp.o\x1b[0m\n'}
[91.503559] (-) TimerEvent: {}
[91.604026] (-) TimerEvent: {}
[91.704516] (-) TimerEvent: {}
[91.805040] (-) TimerEvent: {}
[91.905565] (-) TimerEvent: {}
[92.006074] (-) TimerEvent: {}
[92.106597] (-) TimerEvent: {}
[92.207086] (-) TimerEvent: {}
[92.307589] (-) TimerEvent: {}
[92.408146] (-) TimerEvent: {}
[92.508678] (-) TimerEvent: {}
[92.533957] (rtabmap) StdoutLine: {'line': b'[ 18%] \x1b[32mBuilding CXX object corelib/src/CMakeFiles/rtabmap_core.dir/camera/CameraStereoTara.cpp.o\x1b[0m\n'}
[92.608933] (-) TimerEvent: {}
[92.709712] (-) TimerEvent: {}
[92.810169] (-) TimerEvent: {}
[92.910669] (-) TimerEvent: {}
[93.011171] (-) TimerEvent: {}
[93.111617] (-) TimerEvent: {}
[93.212082] (-) TimerEvent: {}
[93.312564] (-) TimerEvent: {}
[93.413120] (-) TimerEvent: {}
[93.513572] (-) TimerEvent: {}
[93.614047] (-) TimerEvent: {}
[93.714525] (-) TimerEvent: {}
[93.727241] (rtabmap) StdoutLine: {'line': b'[ 18%] \x1b[32mBuilding CXX object corelib/src/CMakeFiles/rtabmap_core.dir/camera/CameraVideo.cpp.o\x1b[0m\n'}
[93.814695] (-) TimerEvent: {}
[93.915279] (-) TimerEvent: {}
[94.015787] (-) TimerEvent: {}
[94.036259] (rtabmap) StdoutLine: {'line': b'[ 19%] \x1b[32mBuilding CXX object corelib/src/CMakeFiles/rtabmap_core.dir/camera/CameraMyntEye.cpp.o\x1b[0m\n'}
[94.115933] (-) TimerEvent: {}
[94.216383] (-) TimerEvent: {}
[94.316825] (-) TimerEvent: {}
[94.417269] (-) TimerEvent: {}
[94.517712] (-) TimerEvent: {}
[94.618178] (-) TimerEvent: {}
[94.718705] (-) TimerEvent: {}
[94.819228] (-) TimerEvent: {}
[94.919694] (-) TimerEvent: {}
[95.020173] (-) TimerEvent: {}
[95.120697] (-) TimerEvent: {}
[95.221202] (-) TimerEvent: {}
[95.290163] (rtabmap) StdoutLine: {'line': b'[ 19%] \x1b[32mBuilding CXX object corelib/src/CMakeFiles/rtabmap_core.dir/camera/CameraDepthAI.cpp.o\x1b[0m\n'}
[95.321349] (-) TimerEvent: {}
[95.422004] (-) TimerEvent: {}
[95.522455] (-) TimerEvent: {}
[95.622943] (-) TimerEvent: {}
[95.723463] (-) TimerEvent: {}
[95.824078] (-) TimerEvent: {}
[95.830316] (rtabmap) StdoutLine: {'line': b'[ 19%] \x1b[32mBuilding CXX object corelib/src/CMakeFiles/rtabmap_core.dir/camera/CameraSeerSense.cpp.o\x1b[0m\n'}
[95.924253] (-) TimerEvent: {}
[96.024762] (-) TimerEvent: {}
[96.125251] (-) TimerEvent: {}
[96.225742] (-) TimerEvent: {}
[96.326258] (-) TimerEvent: {}
[96.373902] (rtabmap) StdoutLine: {'line': b'[ 20%] \x1b[32mBuilding CXX object corelib/src/CMakeFiles/rtabmap_core.dir/camera/CameraOrbbecSDK.cpp.o\x1b[0m\n'}
[96.426413] (-) TimerEvent: {}
[96.526932] (-) TimerEvent: {}
[96.627429] (-) TimerEvent: {}
[96.672337] (rtabmap) StdoutLine: {'line': b'[ 20%] \x1b[32mBuilding CXX object corelib/src/CMakeFiles/rtabmap_core.dir/EpipolarGeometry.cpp.o\x1b[0m\n'}
[96.727622] (-) TimerEvent: {}
[96.828150] (-) TimerEvent: {}
[96.928647] (-) TimerEvent: {}
[97.029187] (-) TimerEvent: {}
[97.129684] (-) TimerEvent: {}
[97.230202] (-) TimerEvent: {}
[97.330683] (-) TimerEvent: {}
[97.431161] (-) TimerEvent: {}
[97.531650] (-) TimerEvent: {}
[97.632173] (-) TimerEvent: {}
[97.732696] (-) TimerEvent: {}
[97.833293] (-) TimerEvent: {}
[97.933763] (-) TimerEvent: {}
[98.034246] (-) TimerEvent: {}
[98.134737] (-) TimerEvent: {}
[98.184250] (rtabmap) StdoutLine: {'line': b'[ 21%] \x1b[32mBuilding CXX object corelib/src/CMakeFiles/rtabmap_core.dir/VisualWord.cpp.o\x1b[0m\n'}
[98.234907] (-) TimerEvent: {}
[98.335469] (-) TimerEvent: {}
[98.435964] (-) TimerEvent: {}
[98.536478] (-) TimerEvent: {}
[98.636985] (-) TimerEvent: {}
[98.737468] (-) TimerEvent: {}
[98.838038] (-) TimerEvent: {}
[98.938517] (-) TimerEvent: {}
[98.980583] (rtabmap) StdoutLine: {'line': b'[ 21%] \x1b[32mBuilding CXX object corelib/src/CMakeFiles/rtabmap_core.dir/VWDictionary.cpp.o\x1b[0m\n'}
[99.038661] (-) TimerEvent: {}
[99.139144] (-) TimerEvent: {}
[99.239637] (-) TimerEvent: {}
[99.340138] (-) TimerEvent: {}
[99.440657] (-) TimerEvent: {}
[99.541220] (-) TimerEvent: {}
[99.641835] (-) TimerEvent: {}
[99.742460] (-) TimerEvent: {}
[99.843118] (-) TimerEvent: {}
[99.943687] (-) TimerEvent: {}
[100.044592] (-) TimerEvent: {}
[100.145219] (-) TimerEvent: {}
[100.245785] (-) TimerEvent: {}
[100.346432] (-) TimerEvent: {}
[100.446852] (-) TimerEvent: {}
[100.547339] (-) TimerEvent: {}
[100.647772] (-) TimerEvent: {}
[100.748208] (-) TimerEvent: {}
[100.848628] (-) TimerEvent: {}
[100.949074] (-) TimerEvent: {}
[101.049541] (-) TimerEvent: {}
[101.150015] (-) TimerEvent: {}
[101.250478] (-) TimerEvent: {}
[101.350922] (-) TimerEvent: {}
[101.451401] (-) TimerEvent: {}
[101.551848] (-) TimerEvent: {}
[101.652290] (-) TimerEvent: {}
[101.752710] (-) TimerEvent: {}
[101.853148] (-) TimerEvent: {}
[101.953597] (-) TimerEvent: {}
[102.054043] (-) TimerEvent: {}
[102.154520] (-) TimerEvent: {}
[102.255027] (-) TimerEvent: {}
[102.355513] (-) TimerEvent: {}
[102.456023] (-) TimerEvent: {}
[102.556504] (-) TimerEvent: {}
[102.656975] (-) TimerEvent: {}
[102.757376] (-) TimerEvent: {}
[102.857777] (-) TimerEvent: {}
[102.958247] (-) TimerEvent: {}
[103.058687] (-) TimerEvent: {}
[103.159130] (-) TimerEvent: {}
[103.259579] (-) TimerEvent: {}
[103.360008] (-) TimerEvent: {}
[103.460430] (-) TimerEvent: {}
[103.560876] (-) TimerEvent: {}
[103.661345] (-) TimerEvent: {}
[103.761850] (-) TimerEvent: {}
[103.862361] (-) TimerEvent: {}
[103.962838] (-) TimerEvent: {}
[104.063257] (-) TimerEvent: {}
[104.163688] (-) TimerEvent: {}
[104.264115] (-) TimerEvent: {}
[104.364530] (-) TimerEvent: {}
[104.464975] (-) TimerEvent: {}
[104.565386] (-) TimerEvent: {}
[104.665822] (-) TimerEvent: {}
[104.766259] (-) TimerEvent: {}
[104.866680] (-) TimerEvent: {}
[104.967102] (-) TimerEvent: {}
[105.041526] (rtabmap) StdoutLine: {'line': b'[ 21%] \x1b[32mBuilding CXX object corelib/src/CMakeFiles/rtabmap_core.dir/GeodeticCoords.cpp.o\x1b[0m\n'}
[105.041847] (rtabmap) StdoutLine: {'line': b'[ 21%] \x1b[32mBuilding CXX object corelib/src/CMakeFiles/rtabmap_core.dir/Transform.cpp.o\x1b[0m\n'}
[105.067255] (-) TimerEvent: {}
[105.167723] (-) TimerEvent: {}
[105.268174] (-) TimerEvent: {}
[105.368629] (-) TimerEvent: {}
[105.469107] (-) TimerEvent: {}
[105.569568] (-) TimerEvent: {}
[105.670029] (-) TimerEvent: {}
[105.770461] (-) TimerEvent: {}
[105.812281] (rtabmap) StdoutLine: {'line': b'[ 22%] \x1b[32mBuilding CXX object corelib/src/CMakeFiles/rtabmap_core.dir/Features2d.cpp.o\x1b[0m\n'}
[105.870599] (-) TimerEvent: {}
[105.971069] (-) TimerEvent: {}
[106.007018] (rtabmap) StdoutLine: {'line': b'[ 23%] \x1b[32mBuilding CXX object corelib/src/CMakeFiles/rtabmap_core.dir/Signature.cpp.o\x1b[0m\n'}
[106.007350] (rtabmap) StdoutLine: {'line': b'[ 23%] \x1b[32mBuilding CXX object corelib/src/CMakeFiles/rtabmap_core.dir/util2d.cpp.o\x1b[0m\n'}
[106.071229] (-) TimerEvent: {}
[106.171678] (-) TimerEvent: {}
[106.272155] (-) TimerEvent: {}
[106.372713] (-) TimerEvent: {}
[106.473166] (-) TimerEvent: {}
[106.573572] (-) TimerEvent: {}
[106.673964] (-) TimerEvent: {}
[106.774368] (-) TimerEvent: {}
[106.874807] (-) TimerEvent: {}
[106.975278] (-) TimerEvent: {}
[107.022229] (rtabmap) StdoutLine: {'line': b'[ 24%] \x1b[32mBuilding CXX object corelib/src/CMakeFiles/rtabmap_core.dir/util3d.cpp.o\x1b[0m\n'}
[107.022549] (rtabmap) StdoutLine: {'line': b'[ 24%] \x1b[32mBuilding CXX object corelib/src/CMakeFiles/rtabmap_core.dir/Parameters.cpp.o\x1b[0m\n'}
[107.075421] (-) TimerEvent: {}
[107.175904] (-) TimerEvent: {}
[107.276359] (-) TimerEvent: {}
[107.376832] (-) TimerEvent: {}
[107.477331] (-) TimerEvent: {}
[107.577831] (-) TimerEvent: {}
[107.678357] (-) TimerEvent: {}
[107.778852] (-) TimerEvent: {}
[107.879302] (-) TimerEvent: {}
[107.979804] (-) TimerEvent: {}
[108.038871] (rtabmap) StdoutLine: {'line': b'[ 24%] \x1b[32mBuilding CXX object corelib/src/CMakeFiles/rtabmap_core.dir/BayesFilter.cpp.o\x1b[0m\n'}
[108.079965] (-) TimerEvent: {}
[108.180675] (-) TimerEvent: {}
[108.281327] (-) TimerEvent: {}
[108.381933] (-) TimerEvent: {}
[108.482519] (-) TimerEvent: {}
[108.583040] (-) TimerEvent: {}
[108.583563] (rtabmap) StdoutLine: {'line': b'[ 25%] \x1b[32mBuilding CXX object corelib/src/CMakeFiles/rtabmap_core.dir/util3d_filtering.cpp.o\x1b[0m\n'}
[108.683193] (-) TimerEvent: {}
[108.783855] (-) TimerEvent: {}
[108.884467] (-) TimerEvent: {}
[108.985416] (-) TimerEvent: {}
[109.085872] (-) TimerEvent: {}
[109.186322] (-) TimerEvent: {}
[109.286773] (-) TimerEvent: {}
[109.387220] (-) TimerEvent: {}
[109.487642] (-) TimerEvent: {}
[109.588069] (-) TimerEvent: {}
[109.688503] (-) TimerEvent: {}
[109.788976] (-) TimerEvent: {}
[109.889440] (-) TimerEvent: {}
[109.989925] (-) TimerEvent: {}
[110.090423] (-) TimerEvent: {}
[110.190889] (-) TimerEvent: {}
[110.291376] (-) TimerEvent: {}
[110.391880] (-) TimerEvent: {}
[110.492315] (-) TimerEvent: {}
[110.592782] (-) TimerEvent: {}
[110.693238] (-) TimerEvent: {}
[110.793694] (-) TimerEvent: {}
[110.894114] (-) TimerEvent: {}
[110.994564] (-) TimerEvent: {}
[111.095039] (-) TimerEvent: {}
[111.195528] (-) TimerEvent: {}
[111.295994] (-) TimerEvent: {}
[111.396483] (-) TimerEvent: {}
[111.496946] (-) TimerEvent: {}
[111.597401] (-) TimerEvent: {}
[111.697856] (-) TimerEvent: {}
[111.798296] (-) TimerEvent: {}
[111.898762] (-) TimerEvent: {}
[111.999223] (-) TimerEvent: {}
[112.099679] (-) TimerEvent: {}
[112.200123] (-) TimerEvent: {}
[112.300591] (-) TimerEvent: {}
[112.401114] (-) TimerEvent: {}
[112.501743] (-) TimerEvent: {}
[112.602216] (-) TimerEvent: {}
[112.702699] (-) TimerEvent: {}
[112.803183] (-) TimerEvent: {}
[112.903683] (-) TimerEvent: {}
[113.004117] (-) TimerEvent: {}
[113.104572] (-) TimerEvent: {}
[113.205004] (-) TimerEvent: {}
[113.305475] (-) TimerEvent: {}
[113.405917] (-) TimerEvent: {}
[113.506354] (-) TimerEvent: {}
[113.606800] (-) TimerEvent: {}
[113.707260] (-) TimerEvent: {}
[113.807749] (-) TimerEvent: {}
[113.908274] (-) TimerEvent: {}
[114.008765] (-) TimerEvent: {}
[114.109268] (-) TimerEvent: {}
[114.209734] (-) TimerEvent: {}
[114.310200] (-) TimerEvent: {}
[114.410675] (-) TimerEvent: {}
[114.511149] (-) TimerEvent: {}
[114.611629] (-) TimerEvent: {}
[114.712124] (-) TimerEvent: {}
[114.812642] (-) TimerEvent: {}
[114.913101] (-) TimerEvent: {}
[115.013544] (-) TimerEvent: {}
[115.114007] (-) TimerEvent: {}
[115.214489] (-) TimerEvent: {}
[115.314949] (-) TimerEvent: {}
[115.415448] (-) TimerEvent: {}
[115.515939] (-) TimerEvent: {}
[115.616475] (-) TimerEvent: {}
[115.717013] (-) TimerEvent: {}
[115.817508] (-) TimerEvent: {}
[115.918003] (-) TimerEvent: {}
[116.018505] (-) TimerEvent: {}
[116.119009] (-) TimerEvent: {}
[116.219518] (-) TimerEvent: {}
[116.320017] (-) TimerEvent: {}
[116.420507] (-) TimerEvent: {}
[116.520997] (-) TimerEvent: {}
[116.621462] (-) TimerEvent: {}
[116.721924] (-) TimerEvent: {}
[116.822429] (-) TimerEvent: {}
[116.922936] (-) TimerEvent: {}
[117.023419] (-) TimerEvent: {}
[117.123938] (-) TimerEvent: {}
[117.224414] (-) TimerEvent: {}
[117.324914] (-) TimerEvent: {}
[117.425372] (-) TimerEvent: {}
[117.525842] (-) TimerEvent: {}
[117.626293] (-) TimerEvent: {}
[117.726758] (-) TimerEvent: {}
[117.827241] (-) TimerEvent: {}
[117.927718] (-) TimerEvent: {}
[118.028206] (-) TimerEvent: {}
[118.128735] (-) TimerEvent: {}
[118.229248] (-) TimerEvent: {}
[118.329798] (-) TimerEvent: {}
[118.430485] (-) TimerEvent: {}
[118.530967] (-) TimerEvent: {}
[118.631439] (-) TimerEvent: {}
[118.731915] (-) TimerEvent: {}
[118.832425] (-) TimerEvent: {}
[118.932902] (-) TimerEvent: {}
[119.033376] (-) TimerEvent: {}
[119.133874] (-) TimerEvent: {}
[119.234355] (-) TimerEvent: {}
[119.334826] (-) TimerEvent: {}
[119.435294] (-) TimerEvent: {}
[119.535782] (-) TimerEvent: {}
[119.636271] (-) TimerEvent: {}
[119.736719] (-) TimerEvent: {}
[119.837257] (-) TimerEvent: {}
[119.929766] (rtabmap) StdoutLine: {'line': b'[ 25%] \x1b[32mBuilding CXX object corelib/src/CMakeFiles/rtabmap_core.dir/util3d_mapping.cpp.o\x1b[0m\n'}
[119.937393] (-) TimerEvent: {}
[120.037854] (-) TimerEvent: {}
[120.138320] (-) TimerEvent: {}
[120.238792] (-) TimerEvent: {}
[120.339306] (-) TimerEvent: {}
[120.387749] (rtabmap) StdoutLine: {'line': b'[ 25%] \x1b[32mBuilding CXX object corelib/src/CMakeFiles/rtabmap_core.dir/util3d_transforms.cpp.o\x1b[0m\n'}
[120.439454] (-) TimerEvent: {}
[120.539937] (-) TimerEvent: {}
[120.640404] (-) TimerEvent: {}
[120.740908] (-) TimerEvent: {}
[120.841480] (-) TimerEvent: {}
[120.941966] (-) TimerEvent: {}
[121.002277] (rtabmap) StdoutLine: {'line': b'[ 26%] \x1b[32mBuilding CXX object corelib/src/CMakeFiles/rtabmap_core.dir/util3d_registration.cpp.o\x1b[0m\n'}
[121.042100] (-) TimerEvent: {}
[121.142580] (-) TimerEvent: {}
[121.243096] (-) TimerEvent: {}
[121.247549] (rtabmap) StdoutLine: {'line': b'[ 26%] \x1b[32mBuilding CXX object corelib/src/CMakeFiles/rtabmap_core.dir/util3d_surface.cpp.o\x1b[0m\n'}
[121.343224] (-) TimerEvent: {}
[121.443688] (-) TimerEvent: {}
[121.544179] (-) TimerEvent: {}
[121.644632] (-) TimerEvent: {}
[121.745059] (-) TimerEvent: {}
[121.845468] (-) TimerEvent: {}
[121.945910] (-) TimerEvent: {}
[122.046342] (-) TimerEvent: {}
[122.146783] (-) TimerEvent: {}
[122.218872] (rtabmap) StdoutLine: {'line': b'[ 27%] \x1b[32mBuilding CXX object corelib/src/CMakeFiles/rtabmap_core.dir/util3d_features.cpp.o\x1b[0m\n'}
[122.246945] (-) TimerEvent: {}
[122.347393] (-) TimerEvent: {}
[122.447827] (-) TimerEvent: {}
[122.548304] (-) TimerEvent: {}
[122.648765] (-) TimerEvent: {}
[122.749296] (-) TimerEvent: {}
[122.849782] (-) TimerEvent: {}
[122.950197] (-) TimerEvent: {}
[123.050646] (-) TimerEvent: {}
[123.151108] (-) TimerEvent: {}
[123.251592] (-) TimerEvent: {}
[123.352043] (-) TimerEvent: {}
[123.452550] (-) TimerEvent: {}
[123.553046] (-) TimerEvent: {}
[123.653499] (-) TimerEvent: {}
[123.753951] (-) TimerEvent: {}
[123.854397] (-) TimerEvent: {}
[123.954836] (-) TimerEvent: {}
[124.055272] (-) TimerEvent: {}
[124.155769] (-) TimerEvent: {}
[124.256267] (-) TimerEvent: {}
[124.356745] (-) TimerEvent: {}
[124.457257] (-) TimerEvent: {}
[124.557719] (-) TimerEvent: {}
[124.658245] (-) TimerEvent: {}
[124.758733] (-) TimerEvent: {}
[124.859214] (-) TimerEvent: {}
[124.959716] (-) TimerEvent: {}
[125.060185] (-) TimerEvent: {}
[125.160659] (-) TimerEvent: {}
[125.261140] (-) TimerEvent: {}
[125.361589] (-) TimerEvent: {}
[125.462057] (-) TimerEvent: {}
[125.562546] (-) TimerEvent: {}
[125.663020] (-) TimerEvent: {}
[125.763472] (-) TimerEvent: {}
[125.863925] (-) TimerEvent: {}
[125.964410] (-) TimerEvent: {}
[126.064935] (-) TimerEvent: {}
[126.165431] (-) TimerEvent: {}
[126.265957] (-) TimerEvent: {}
[126.366417] (-) TimerEvent: {}
[126.466888] (-) TimerEvent: {}
[126.567379] (-) TimerEvent: {}
[126.667880] (-) TimerEvent: {}
[126.768353] (-) TimerEvent: {}
[126.868850] (-) TimerEvent: {}
[126.969326] (-) TimerEvent: {}
[127.069846] (-) TimerEvent: {}
[127.170371] (-) TimerEvent: {}
[127.270891] (-) TimerEvent: {}
[127.371388] (-) TimerEvent: {}
[127.471849] (-) TimerEvent: {}
[127.572347] (-) TimerEvent: {}
[127.672852] (-) TimerEvent: {}
[127.773411] (-) TimerEvent: {}
[127.873899] (-) TimerEvent: {}
[127.974438] (-) TimerEvent: {}
[128.074985] (-) TimerEvent: {}
[128.175474] (-) TimerEvent: {}
[128.275963] (-) TimerEvent: {}
[128.376648] (-) TimerEvent: {}
[128.477200] (-) TimerEvent: {}
[128.577673] (-) TimerEvent: {}
[128.678180] (-) TimerEvent: {}
[128.778743] (-) TimerEvent: {}
[128.879218] (-) TimerEvent: {}
[128.979673] (-) TimerEvent: {}
[129.080164] (-) TimerEvent: {}
[129.180657] (-) TimerEvent: {}
[129.281170] (-) TimerEvent: {}
[129.381676] (-) TimerEvent: {}
[129.482151] (-) TimerEvent: {}
[129.582645] (-) TimerEvent: {}
[129.683103] (-) TimerEvent: {}
[129.783591] (-) TimerEvent: {}
[129.884091] (-) TimerEvent: {}
[129.984592] (-) TimerEvent: {}
[130.085104] (-) TimerEvent: {}
[130.185590] (-) TimerEvent: {}
[130.286062] (-) TimerEvent: {}
[130.386579] (-) TimerEvent: {}
[130.487070] (-) TimerEvent: {}
[130.587637] (-) TimerEvent: {}
[130.688298] (-) TimerEvent: {}
[130.788820] (-) TimerEvent: {}
[130.889341] (-) TimerEvent: {}
[130.989831] (-) TimerEvent: {}
[131.090308] (-) TimerEvent: {}
[131.190818] (-) TimerEvent: {}
[131.291303] (-) TimerEvent: {}
[131.391797] (-) TimerEvent: {}
[131.492311] (-) TimerEvent: {}
[131.592794] (-) TimerEvent: {}
[131.693440] (-) TimerEvent: {}
[131.793919] (-) TimerEvent: {}
[131.894441] (-) TimerEvent: {}
[131.995059] (-) TimerEvent: {}
[132.095657] (-) TimerEvent: {}
[132.196432] (-) TimerEvent: {}
[132.297001] (-) TimerEvent: {}
[132.404438] (-) TimerEvent: {}
[132.505000] (-) TimerEvent: {}
[132.605611] (-) TimerEvent: {}
[132.706233] (-) TimerEvent: {}
[132.806764] (-) TimerEvent: {}
[132.907338] (-) TimerEvent: {}
[132.959834] (rtabmap) StdoutLine: {'line': b'[ 27%] \x1b[32mBuilding CXX object corelib/src/CMakeFiles/rtabmap_core.dir/util3d_correspondences.cpp.o\x1b[0m\n'}
[133.007506] (-) TimerEvent: {}
[133.108237] (-) TimerEvent: {}
[133.209028] (-) TimerEvent: {}
[133.309747] (-) TimerEvent: {}
[133.410211] (-) TimerEvent: {}
[133.510759] (-) TimerEvent: {}
[133.611334] (-) TimerEvent: {}
[133.711902] (-) TimerEvent: {}
[133.812494] (-) TimerEvent: {}
[133.913083] (-) TimerEvent: {}
[134.013698] (-) TimerEvent: {}
[134.114342] (-) TimerEvent: {}
[134.214966] (-) TimerEvent: {}
[134.315603] (-) TimerEvent: {}
[134.416270] (-) TimerEvent: {}
[134.516980] (-) TimerEvent: {}
[134.617586] (-) TimerEvent: {}
[134.718165] (-) TimerEvent: {}
[134.818760] (-) TimerEvent: {}
[134.919408] (-) TimerEvent: {}
[135.020010] (-) TimerEvent: {}
[135.120647] (-) TimerEvent: {}
[135.224341] (-) TimerEvent: {}
[135.324991] (-) TimerEvent: {}
[135.425597] (-) TimerEvent: {}
[135.526237] (-) TimerEvent: {}
[135.626686] (-) TimerEvent: {}
[135.635432] (rtabmap) StdoutLine: {'line': b'[ 27%] \x1b[32mBuilding CXX object corelib/src/CMakeFiles/rtabmap_core.dir/util3d_motion_estimation.cpp.o\x1b[0m\n'}
[135.670620] (rtabmap) StdoutLine: {'line': b'[ 28%] \x1b[32mBuilding CXX object corelib/src/CMakeFiles/rtabmap_core.dir/rvl_codec.cpp.o\x1b[0m\n'}
[135.726821] (-) TimerEvent: {}
[135.780952] (rtabmap) StdoutLine: {'line': b'[ 28%] \x1b[32mBuilding CXX object corelib/src/CMakeFiles/rtabmap_core.dir/SensorData.cpp.o\x1b[0m\n'}
[135.826965] (-) TimerEvent: {}
[135.927395] (-) TimerEvent: {}
[136.027862] (-) TimerEvent: {}
[136.128420] (-) TimerEvent: {}
[136.229020] (-) TimerEvent: {}
[136.329452] (-) TimerEvent: {}
[136.429957] (-) TimerEvent: {}
[136.530452] (-) TimerEvent: {}
[136.631038] (-) TimerEvent: {}
[136.667939] (rtabmap) StdoutLine: {'line': b'[ 29%] \x1b[32mBuilding CXX object corelib/src/CMakeFiles/rtabmap_core.dir/Graph.cpp.o\x1b[0m\n'}
[136.731169] (-) TimerEvent: {}
[136.831631] (-) TimerEvent: {}
[136.932079] (-) TimerEvent: {}
[137.032538] (-) TimerEvent: {}
[137.132989] (-) TimerEvent: {}
[137.233462] (-) TimerEvent: {}
[137.333898] (-) TimerEvent: {}
[137.434347] (-) TimerEvent: {}
[137.534843] (-) TimerEvent: {}
[137.635364] (-) TimerEvent: {}
[137.735870] (-) TimerEvent: {}
[137.836368] (-) TimerEvent: {}
[137.936879] (-) TimerEvent: {}
[138.037402] (-) TimerEvent: {}
[138.137885] (-) TimerEvent: {}
[138.238360] (-) TimerEvent: {}
[138.338818] (-) TimerEvent: {}
[138.439291] (-) TimerEvent: {}
[138.539763] (-) TimerEvent: {}
[138.640250] (-) TimerEvent: {}
[138.740709] (-) TimerEvent: {}
[138.841186] (-) TimerEvent: {}
[138.941661] (-) TimerEvent: {}
[139.042143] (-) TimerEvent: {}
[139.142627] (-) TimerEvent: {}
[139.243124] (-) TimerEvent: {}
[139.343617] (-) TimerEvent: {}
[139.444112] (-) TimerEvent: {}
[139.544625] (-) TimerEvent: {}
[139.575090] (rtabmap) StdoutLine: {'line': b'[ 29%] \x1b[32mBuilding CXX object corelib/src/CMakeFiles/rtabmap_core.dir/Compression.cpp.o\x1b[0m\n'}
[139.644774] (-) TimerEvent: {}
[139.745262] (-) TimerEvent: {}
[139.845727] (-) TimerEvent: {}
[139.946190] (-) TimerEvent: {}
[140.046670] (-) TimerEvent: {}
[140.147178] (-) TimerEvent: {}
[140.247665] (-) TimerEvent: {}
[140.348167] (-) TimerEvent: {}
[140.448618] (-) TimerEvent: {}
[140.549094] (-) TimerEvent: {}
[140.649610] (-) TimerEvent: {}
[140.750107] (-) TimerEvent: {}
[140.850591] (-) TimerEvent: {}
[140.951084] (-) TimerEvent: {}
[141.051638] (-) TimerEvent: {}
[141.152118] (-) TimerEvent: {}
[141.252627] (-) TimerEvent: {}
[141.353125] (-) TimerEvent: {}
[141.453606] (-) TimerEvent: {}
[141.554082] (-) TimerEvent: {}
[141.654547] (-) TimerEvent: {}
[141.754974] (-) TimerEvent: {}
[141.855445] (-) TimerEvent: {}
[141.955940] (-) TimerEvent: {}
[142.056425] (-) TimerEvent: {}
[142.156906] (-) TimerEvent: {}
[142.257366] (-) TimerEvent: {}
[142.357843] (-) TimerEvent: {}
[142.458366] (-) TimerEvent: {}
[142.558842] (-) TimerEvent: {}
[142.659329] (-) TimerEvent: {}
[142.759814] (-) TimerEvent: {}
[142.860334] (-) TimerEvent: {}
[142.960842] (-) TimerEvent: {}
[143.061358] (-) TimerEvent: {}
[143.161847] (-) TimerEvent: {}
[143.262387] (-) TimerEvent: {}
[143.362875] (-) TimerEvent: {}
[143.463357] (-) TimerEvent: {}
[143.563926] (-) TimerEvent: {}
[143.664484] (-) TimerEvent: {}
[143.758187] (rtabmap) StdoutLine: {'line': b'[ 29%] \x1b[32mBuilding CXX object corelib/src/CMakeFiles/rtabmap_core.dir/Link.cpp.o\x1b[0m\n'}
[143.764737] (-) TimerEvent: {}
[143.865300] (-) TimerEvent: {}
[143.965761] (-) TimerEvent: {}
[144.066222] (-) TimerEvent: {}
[144.166721] (-) TimerEvent: {}
[144.267230] (-) TimerEvent: {}
[144.367729] (-) TimerEvent: {}
[144.468246] (-) TimerEvent: {}
[144.568741] (-) TimerEvent: {}
[144.669249] (-) TimerEvent: {}
[144.769725] (-) TimerEvent: {}
[144.870245] (-) TimerEvent: {}
[144.970783] (-) TimerEvent: {}
[145.071339] (-) TimerEvent: {}
[145.171928] (-) TimerEvent: {}
[145.272550] (-) TimerEvent: {}
[145.373038] (-) TimerEvent: {}
[145.473535] (-) TimerEvent: {}
[145.574001] (-) TimerEvent: {}
[145.674486] (-) TimerEvent: {}
[145.774956] (-) TimerEvent: {}
[145.875425] (-) TimerEvent: {}
[145.975926] (-) TimerEvent: {}
[146.076427] (-) TimerEvent: {}
[146.176951] (-) TimerEvent: {}
[146.277424] (-) TimerEvent: {}
[146.377901] (-) TimerEvent: {}
[146.478354] (-) TimerEvent: {}
[146.578820] (-) TimerEvent: {}
[146.679305] (-) TimerEvent: {}
[146.779804] (-) TimerEvent: {}
[146.880355] (-) TimerEvent: {}
[146.980966] (-) TimerEvent: {}
[147.081471] (-) TimerEvent: {}
[147.165671] (rtabmap) StdoutLine: {'line': b'[ 30%] \x1b[32mBuilding CXX object corelib/src/CMakeFiles/rtabmap_core.dir/LaserScan.cpp.o\x1b[0m\n'}
[147.181606] (-) TimerEvent: {}
[147.282074] (-) TimerEvent: {}
[147.382578] (-) TimerEvent: {}
[147.388490] (rtabmap) StdoutLine: {'line': b'[ 30%] \x1b[32mBuilding CXX object corelib/src/CMakeFiles/rtabmap_core.dir/Optimizer.cpp.o\x1b[0m\n'}
[147.482715] (-) TimerEvent: {}
[147.583188] (-) TimerEvent: {}
[147.683646] (-) TimerEvent: {}
[147.784120] (-) TimerEvent: {}
[147.884708] (-) TimerEvent: {}
[147.911795] (rtabmap) StdoutLine: {'line': b'[ 31%] \x1b[32mBuilding CXX object corelib/src/CMakeFiles/rtabmap_core.dir/optimizer/OptimizerTORO.cpp.o\x1b[0m\n'}
[147.984859] (-) TimerEvent: {}
[148.085324] (-) TimerEvent: {}
[148.185793] (-) TimerEvent: {}
[148.286282] (-) TimerEvent: {}
[148.386781] (-) TimerEvent: {}
[148.487280] (-) TimerEvent: {}
[148.587835] (-) TimerEvent: {}
[148.688356] (-) TimerEvent: {}
[148.788850] (-) TimerEvent: {}
[148.841272] (rtabmap) StdoutLine: {'line': b'[ 31%] \x1b[32mBuilding CXX object corelib/src/CMakeFiles/rtabmap_core.dir/optimizer/OptimizerG2O.cpp.o\x1b[0m\n'}
[148.889077] (-) TimerEvent: {}
[148.989655] (-) TimerEvent: {}
[149.090142] (-) TimerEvent: {}
[149.190622] (-) TimerEvent: {}
[149.291161] (-) TimerEvent: {}
[149.391646] (-) TimerEvent: {}
[149.492125] (-) TimerEvent: {}
[149.592619] (-) TimerEvent: {}
[149.693345] (-) TimerEvent: {}
[149.706059] (rtabmap) StdoutLine: {'line': b'[ 31%] \x1b[32mBuilding CXX object corelib/src/CMakeFiles/rtabmap_core.dir/optimizer/OptimizerGTSAM.cpp.o\x1b[0m\n'}
[149.793491] (-) TimerEvent: {}
[149.893928] (-) TimerEvent: {}
[149.994358] (-) TimerEvent: {}
[150.035447] (rtabmap) StdoutLine: {'line': b'[ 32%] \x1b[32mBuilding CXX object corelib/src/CMakeFiles/rtabmap_core.dir/optimizer/OptimizerCVSBA.cpp.o\x1b[0m\n'}
[150.094510] (-) TimerEvent: {}
[150.194967] (-) TimerEvent: {}
[150.295448] (-) TimerEvent: {}
[150.395947] (-) TimerEvent: {}
[150.496416] (-) TimerEvent: {}
[150.596873] (-) TimerEvent: {}
[150.697501] (-) TimerEvent: {}
[150.797915] (-) TimerEvent: {}
[150.898430] (-) TimerEvent: {}
[150.998959] (-) TimerEvent: {}
[151.099415] (-) TimerEvent: {}
[151.199880] (-) TimerEvent: {}
[151.300341] (-) TimerEvent: {}
[151.400796] (-) TimerEvent: {}
[151.501286] (-) TimerEvent: {}
[151.601789] (-) TimerEvent: {}
[151.702262] (-) TimerEvent: {}
[151.802741] (-) TimerEvent: {}
[151.903217] (-) TimerEvent: {}
[152.003697] (-) TimerEvent: {}
[152.104185] (-) TimerEvent: {}
[152.204674] (-) TimerEvent: {}
[152.305195] (-) TimerEvent: {}
[152.405683] (-) TimerEvent: {}
[152.506143] (-) TimerEvent: {}
[152.606617] (-) TimerEvent: {}
[152.707137] (-) TimerEvent: {}
[152.807637] (-) TimerEvent: {}
[152.908112] (-) TimerEvent: {}
[153.008591] (-) TimerEvent: {}
[153.109114] (-) TimerEvent: {}
[153.209595] (-) TimerEvent: {}
[153.310061] (-) TimerEvent: {}
[153.410539] (-) TimerEvent: {}
[153.511011] (-) TimerEvent: {}
[153.611543] (-) TimerEvent: {}
[153.712075] (-) TimerEvent: {}
[153.812580] (-) TimerEvent: {}
[153.913139] (-) TimerEvent: {}
[154.013594] (-) TimerEvent: {}
[154.114284] (-) TimerEvent: {}
[154.214788] (-) TimerEvent: {}
[154.315293] (-) TimerEvent: {}
[154.415782] (-) TimerEvent: {}
[154.516311] (-) TimerEvent: {}
[154.616788] (-) TimerEvent: {}
[154.717289] (-) TimerEvent: {}
[154.817796] (-) TimerEvent: {}
[154.918303] (-) TimerEvent: {}
[155.018850] (-) TimerEvent: {}
[155.119457] (-) TimerEvent: {}
[155.220247] (-) TimerEvent: {}
[155.320749] (-) TimerEvent: {}
[155.421270] (-) TimerEvent: {}
[155.521769] (-) TimerEvent: {}
[155.622239] (-) TimerEvent: {}
[155.722716] (-) TimerEvent: {}
[155.823306] (-) TimerEvent: {}
[155.923879] (-) TimerEvent: {}
[156.024525] (-) TimerEvent: {}
[156.125143] (-) TimerEvent: {}
[156.225760] (-) TimerEvent: {}
[156.326424] (-) TimerEvent: {}
[156.427127] (-) TimerEvent: {}
[156.527723] (-) TimerEvent: {}
[156.628311] (-) TimerEvent: {}
[156.728894] (-) TimerEvent: {}
[156.829479] (-) TimerEvent: {}
[156.930147] (-) TimerEvent: {}
[157.030893] (-) TimerEvent: {}
[157.131518] (-) TimerEvent: {}
[157.232114] (-) TimerEvent: {}
[157.332820] (-) TimerEvent: {}
[157.433475] (-) TimerEvent: {}
[157.534070] (-) TimerEvent: {}
[157.634682] (-) TimerEvent: {}
[157.735324] (-) TimerEvent: {}
[157.835906] (-) TimerEvent: {}
[157.936487] (-) TimerEvent: {}
[158.037014] (-) TimerEvent: {}
[158.137509] (-) TimerEvent: {}
[158.238039] (-) TimerEvent: {}
[158.338562] (-) TimerEvent: {}
[158.439076] (-) TimerEvent: {}
[158.539574] (-) TimerEvent: {}
[158.640123] (-) TimerEvent: {}
[158.740692] (-) TimerEvent: {}
[158.841208] (-) TimerEvent: {}
[158.941685] (-) TimerEvent: {}
[159.042149] (-) TimerEvent: {}
[159.142651] (-) TimerEvent: {}
[159.243133] (-) TimerEvent: {}
[159.343629] (-) TimerEvent: {}
[159.444119] (-) TimerEvent: {}
[159.544587] (-) TimerEvent: {}
[159.645108] (-) TimerEvent: {}
[159.745620] (-) TimerEvent: {}
[159.846165] (-) TimerEvent: {}
[159.946725] (-) TimerEvent: {}
[160.047266] (-) TimerEvent: {}
[160.147753] (-) TimerEvent: {}
[160.248244] (-) TimerEvent: {}
[160.347647] (rtabmap) StdoutLine: {'line': b'[ 32%] \x1b[32mBuilding CXX object corelib/src/CMakeFiles/rtabmap_core.dir/optimizer/OptimizerCeres.cpp.o\x1b[0m\n'}
[160.348314] (-) TimerEvent: {}
[160.448673] (-) TimerEvent: {}
[160.549126] (-) TimerEvent: {}
[160.649551] (-) TimerEvent: {}
[160.750054] (-) TimerEvent: {}
[160.805703] (rtabmap) StdoutLine: {'line': b'[ 32%] \x1b[32mBuilding CXX object corelib/src/CMakeFiles/rtabmap_core.dir/Registration.cpp.o\x1b[0m\n'}
[160.850235] (-) TimerEvent: {}
[160.950769] (-) TimerEvent: {}
[161.002641] (rtabmap) StdoutLine: {'line': b'[ 33%] \x1b[32mBuilding CXX object corelib/src/CMakeFiles/rtabmap_core.dir/RegistrationIcp.cpp.o\x1b[0m\n'}
[161.050922] (-) TimerEvent: {}
[161.079680] (rtabmap) StdoutLine: {'line': b'[ 33%] \x1b[32mBuilding CXX object corelib/src/CMakeFiles/rtabmap_core.dir/RegistrationVis.cpp.o\x1b[0m\n'}
[161.151075] (-) TimerEvent: {}
[161.251539] (-) TimerEvent: {}
[161.352051] (-) TimerEvent: {}
[161.452539] (-) TimerEvent: {}
[161.553040] (-) TimerEvent: {}
[161.653567] (-) TimerEvent: {}
[161.753991] (-) TimerEvent: {}
[161.854434] (-) TimerEvent: {}
[161.954867] (-) TimerEvent: {}
[162.055365] (-) TimerEvent: {}
[162.155898] (-) TimerEvent: {}
[162.256381] (-) TimerEvent: {}
[162.356903] (-) TimerEvent: {}
[162.457408] (-) TimerEvent: {}
[162.557909] (-) TimerEvent: {}
[162.658399] (-) TimerEvent: {}
[162.758894] (-) TimerEvent: {}
[162.859350] (-) TimerEvent: {}
[162.959816] (-) TimerEvent: {}
[163.060282] (-) TimerEvent: {}
[163.160726] (-) TimerEvent: {}
[163.261189] (-) TimerEvent: {}
[163.361653] (-) TimerEvent: {}
[163.462086] (-) TimerEvent: {}
[163.501409] (rtabmap) StdoutLine: {'line': b'[ 34%] \x1b[32mBuilding CXX object corelib/src/CMakeFiles/rtabmap_core.dir/Odometry.cpp.o\x1b[0m\n'}
[163.562226] (-) TimerEvent: {}
[163.662664] (-) TimerEvent: {}
[163.763136] (-) TimerEvent: {}
[163.863588] (-) TimerEvent: {}
[163.964057] (-) TimerEvent: {}
[164.064530] (-) TimerEvent: {}
[164.164985] (-) TimerEvent: {}
[164.265437] (-) TimerEvent: {}
[164.365940] (-) TimerEvent: {}
[164.466404] (-) TimerEvent: {}
[164.566880] (-) TimerEvent: {}
[164.667420] (-) TimerEvent: {}
[164.767933] (-) TimerEvent: {}
[164.868411] (-) TimerEvent: {}
[164.968854] (-) TimerEvent: {}
[165.069313] (-) TimerEvent: {}
[165.169781] (-) TimerEvent: {}
[165.270221] (-) TimerEvent: {}
[165.370669] (-) TimerEvent: {}
[165.471135] (-) TimerEvent: {}
[165.571626] (-) TimerEvent: {}
[165.672122] (-) TimerEvent: {}
[165.772588] (-) TimerEvent: {}
[165.873066] (-) TimerEvent: {}
[165.973505] (-) TimerEvent: {}
[166.073972] (-) TimerEvent: {}
[166.174463] (-) TimerEvent: {}
[166.274978] (-) TimerEvent: {}
[166.375430] (-) TimerEvent: {}
[166.475893] (-) TimerEvent: {}
[166.576376] (-) TimerEvent: {}
[166.676862] (-) TimerEvent: {}
[166.777370] (-) TimerEvent: {}
[166.877844] (-) TimerEvent: {}
[166.978328] (-) TimerEvent: {}
[167.078845] (-) TimerEvent: {}
[167.179325] (-) TimerEvent: {}
[167.279836] (-) TimerEvent: {}
[167.380337] (-) TimerEvent: {}
[167.480911] (-) TimerEvent: {}
[167.581469] (-) TimerEvent: {}
[167.681970] (-) TimerEvent: {}
[167.782480] (-) TimerEvent: {}
[167.883023] (-) TimerEvent: {}
[167.983530] (-) TimerEvent: {}
[168.084082] (-) TimerEvent: {}
[168.184703] (-) TimerEvent: {}
[168.285472] (-) TimerEvent: {}
[168.386023] (-) TimerEvent: {}
[168.486557] (-) TimerEvent: {}
[168.587074] (-) TimerEvent: {}
[168.687592] (-) TimerEvent: {}
[168.788085] (-) TimerEvent: {}
[168.888849] (-) TimerEvent: {}
[168.989455] (-) TimerEvent: {}
[169.090165] (-) TimerEvent: {}
[169.153707] (rtabmap) StdoutLine: {'line': b'[ 34%] \x1b[32mBuilding CXX object corelib/src/CMakeFiles/rtabmap_core.dir/OdometryThread.cpp.o\x1b[0m\n'}
[169.190280] (-) TimerEvent: {}
[169.290735] (-) TimerEvent: {}
[169.391216] (-) TimerEvent: {}
[169.491639] (-) TimerEvent: {}
[169.592131] (-) TimerEvent: {}
[169.692619] (-) TimerEvent: {}
[169.793313] (-) TimerEvent: {}
[169.812102] (rtabmap) StdoutLine: {'line': b'[ 34%] \x1b[32mBuilding CXX object corelib/src/CMakeFiles/rtabmap_core.dir/OdometryInfo.cpp.o\x1b[0m\n'}
[169.893452] (-) TimerEvent: {}
[169.993934] (-) TimerEvent: {}
[170.094474] (-) TimerEvent: {}
[170.194928] (-) TimerEvent: {}
[170.295425] (-) TimerEvent: {}
[170.395949] (-) TimerEvent: {}
[170.496476] (-) TimerEvent: {}
[170.596978] (-) TimerEvent: {}
[170.697437] (-) TimerEvent: {}
[170.797931] (-) TimerEvent: {}
[170.898433] (-) TimerEvent: {}
[170.999023] (-) TimerEvent: {}
[171.099515] (-) TimerEvent: {}
[171.199973] (-) TimerEvent: {}
[171.212714] (rtabmap) StdoutLine: {'line': b'[ 35%] \x1b[32mBuilding CXX object corelib/src/CMakeFiles/rtabmap_core.dir/odometry/OdometryF2M.cpp.o\x1b[0m\n'}
[171.300116] (-) TimerEvent: {}
[171.400606] (-) TimerEvent: {}
[171.501112] (-) TimerEvent: {}
[171.601590] (-) TimerEvent: {}
[171.702100] (-) TimerEvent: {}
[171.802628] (-) TimerEvent: {}
[171.903151] (-) TimerEvent: {}
[172.003661] (-) TimerEvent: {}
[172.104181] (-) TimerEvent: {}
[172.204659] (-) TimerEvent: {}
[172.305160] (-) TimerEvent: {}
[172.405658] (-) TimerEvent: {}
[172.506126] (-) TimerEvent: {}
[172.606622] (-) TimerEvent: {}
[172.707124] (-) TimerEvent: {}
[172.807650] (-) TimerEvent: {}
[172.908171] (-) TimerEvent: {}
[173.008722] (-) TimerEvent: {}
[173.109324] (-) TimerEvent: {}
[173.209831] (-) TimerEvent: {}
[173.310347] (-) TimerEvent: {}
[173.410803] (-) TimerEvent: {}
[173.511327] (-) TimerEvent: {}
[173.611866] (-) TimerEvent: {}
[173.686653] (rtabmap) StdoutLine: {'line': b'[ 35%] \x1b[32mBuilding CXX object corelib/src/CMakeFiles/rtabmap_core.dir/odometry/OdometryMono.cpp.o\x1b[0m\n'}
[173.712007] (-) TimerEvent: {}
[173.812520] (-) TimerEvent: {}
[173.913006] (-) TimerEvent: {}
[174.013460] (-) TimerEvent: {}
[174.113970] (-) TimerEvent: {}
[174.214441] (-) TimerEvent: {}
[174.314931] (-) TimerEvent: {}
[174.415430] (-) TimerEvent: {}
[174.515933] (-) TimerEvent: {}
[174.616424] (-) TimerEvent: {}
[174.716929] (-) TimerEvent: {}
[174.817444] (-) TimerEvent: {}
[174.917944] (-) TimerEvent: {}
[175.018451] (-) TimerEvent: {}
[175.118960] (-) TimerEvent: {}
[175.219509] (-) TimerEvent: {}
[175.320008] (-) TimerEvent: {}
[175.420609] (-) TimerEvent: {}
[175.521171] (-) TimerEvent: {}
[175.621777] (-) TimerEvent: {}
[175.722349] (-) TimerEvent: {}
[175.822871] (-) TimerEvent: {}
[175.923410] (-) TimerEvent: {}
[176.023922] (-) TimerEvent: {}
[176.124439] (-) TimerEvent: {}
[176.224964] (-) TimerEvent: {}
[176.325440] (-) TimerEvent: {}
[176.425918] (-) TimerEvent: {}
[176.526385] (-) TimerEvent: {}
[176.626890] (-) TimerEvent: {}
[176.727379] (-) TimerEvent: {}
[176.827863] (-) TimerEvent: {}
[176.838108] (rtabmap) StdoutLine: {'line': b'[ 36%] \x1b[32mBuilding CXX object corelib/src/CMakeFiles/rtabmap_core.dir/odometry/OdometryF2F.cpp.o\x1b[0m\n'}
[176.928018] (-) TimerEvent: {}
[177.028471] (-) TimerEvent: {}
[177.128978] (-) TimerEvent: {}
[177.229444] (-) TimerEvent: {}
[177.329938] (-) TimerEvent: {}
[177.430492] (-) TimerEvent: {}
[177.530954] (-) TimerEvent: {}
[177.631406] (-) TimerEvent: {}
[177.731898] (-) TimerEvent: {}
[177.832375] (-) TimerEvent: {}
[177.932877] (-) TimerEvent: {}
[178.033401] (-) TimerEvent: {}
[178.133870] (-) TimerEvent: {}
[178.234392] (-) TimerEvent: {}
[178.334883] (-) TimerEvent: {}
[178.435362] (-) TimerEvent: {}
[178.535855] (-) TimerEvent: {}
[178.636402] (-) TimerEvent: {}
[178.737008] (-) TimerEvent: {}
[178.837545] (-) TimerEvent: {}
[178.938071] (-) TimerEvent: {}
[179.038547] (-) TimerEvent: {}
[179.139026] (-) TimerEvent: {}
[179.239494] (-) TimerEvent: {}
[179.340021] (-) TimerEvent: {}
[179.440537] (-) TimerEvent: {}
[179.541129] (-) TimerEvent: {}
[179.641645] (-) TimerEvent: {}
[179.742130] (-) TimerEvent: {}
[179.842638] (-) TimerEvent: {}
[179.943189] (-) TimerEvent: {}
[180.043692] (-) TimerEvent: {}
[180.144225] (-) TimerEvent: {}
[180.244810] (-) TimerEvent: {}
[180.345430] (-) TimerEvent: {}
[180.446012] (-) TimerEvent: {}
[180.546530] (-) TimerEvent: {}
[180.647012] (-) TimerEvent: {}
[180.747539] (-) TimerEvent: {}
[180.848067] (-) TimerEvent: {}
[180.948625] (-) TimerEvent: {}
[181.049143] (-) TimerEvent: {}
[181.149669] (-) TimerEvent: {}
[181.250219] (-) TimerEvent: {}
[181.350766] (-) TimerEvent: {}
[181.451361] (-) TimerEvent: {}
[181.551869] (-) TimerEvent: {}
[181.652379] (-) TimerEvent: {}
[181.752871] (-) TimerEvent: {}
[181.818021] (rtabmap) StdoutLine: {'line': b'[ 36%] \x1b[32mBuilding CXX object corelib/src/CMakeFiles/rtabmap_core.dir/odometry/OdometryFovis.cpp.o\x1b[0m\n'}
[181.852998] (-) TimerEvent: {}
[181.953467] (-) TimerEvent: {}
[182.053910] (-) TimerEvent: {}
[182.154421] (-) TimerEvent: {}
[182.255013] (-) TimerEvent: {}
[182.355533] (-) TimerEvent: {}
[182.455998] (-) TimerEvent: {}
[182.556477] (-) TimerEvent: {}
[182.657004] (-) TimerEvent: {}
[182.758005] (-) TimerEvent: {}
[182.858534] (-) TimerEvent: {}
[182.959231] (-) TimerEvent: {}
[183.059749] (-) TimerEvent: {}
[183.160239] (-) TimerEvent: {}
[183.260696] (-) TimerEvent: {}
[183.361186] (-) TimerEvent: {}
[183.461662] (-) TimerEvent: {}
[183.562183] (-) TimerEvent: {}
[183.662682] (-) TimerEvent: {}
[183.763188] (-) TimerEvent: {}
[183.863708] (-) TimerEvent: {}
[183.964267] (-) TimerEvent: {}
[184.064782] (-) TimerEvent: {}
[184.165305] (-) TimerEvent: {}
[184.265812] (-) TimerEvent: {}
[184.366367] (-) TimerEvent: {}
[184.466985] (-) TimerEvent: {}
[184.567686] (-) TimerEvent: {}
[184.668249] (-) TimerEvent: {}
[184.768833] (-) TimerEvent: {}
[184.869357] (-) TimerEvent: {}
[184.969833] (-) TimerEvent: {}
[185.070329] (-) TimerEvent: {}
[185.170856] (-) TimerEvent: {}
[185.271347] (-) TimerEvent: {}
[185.371817] (-) TimerEvent: {}
[185.472337] (-) TimerEvent: {}
[185.572927] (-) TimerEvent: {}
[185.673383] (-) TimerEvent: {}
[185.773875] (-) TimerEvent: {}
[185.874430] (-) TimerEvent: {}
[185.974964] (-) TimerEvent: {}
[186.075486] (-) TimerEvent: {}
[186.175976] (-) TimerEvent: {}
[186.276453] (-) TimerEvent: {}
[186.377007] (-) TimerEvent: {}
[186.477536] (-) TimerEvent: {}
[186.578071] (-) TimerEvent: {}
[186.678607] (-) TimerEvent: {}
[186.779318] (-) TimerEvent: {}
[186.879831] (-) TimerEvent: {}
[186.980405] (-) TimerEvent: {}
[187.080931] (-) TimerEvent: {}
[187.181439] (-) TimerEvent: {}
[187.281952] (-) TimerEvent: {}
[187.382516] (-) TimerEvent: {}
[187.483052] (-) TimerEvent: {}
[187.583523] (-) TimerEvent: {}
[187.684013] (-) TimerEvent: {}
[187.784504] (-) TimerEvent: {}
[187.885010] (-) TimerEvent: {}
[187.985839] (-) TimerEvent: {}
[188.086825] (-) TimerEvent: {}
[188.187324] (-) TimerEvent: {}
[188.287819] (-) TimerEvent: {}
[188.388333] (-) TimerEvent: {}
[188.488802] (-) TimerEvent: {}
[188.589312] (-) TimerEvent: {}
[188.689771] (-) TimerEvent: {}
[188.790784] (-) TimerEvent: {}
[188.891387] (-) TimerEvent: {}
[188.993480] (-) TimerEvent: {}
[189.093939] (-) TimerEvent: {}
[189.194385] (-) TimerEvent: {}
[189.297003] (-) TimerEvent: {}
[189.397447] (-) TimerEvent: {}
[189.498094] (-) TimerEvent: {}
[189.598571] (-) TimerEvent: {}
[189.699182] (-) TimerEvent: {}
[189.799821] (-) TimerEvent: {}
[189.900256] (-) TimerEvent: {}
[190.000753] (-) TimerEvent: {}
[190.101395] (-) TimerEvent: {}
[190.202037] (-) TimerEvent: {}
[190.302540] (-) TimerEvent: {}
[190.402993] (-) TimerEvent: {}
[190.503608] (-) TimerEvent: {}
[190.604202] (-) TimerEvent: {}
[190.704666] (-) TimerEvent: {}
[190.805156] (-) TimerEvent: {}
[190.905777] (-) TimerEvent: {}
[191.006323] (-) TimerEvent: {}
[191.106849] (-) TimerEvent: {}
[191.214627] (-) TimerEvent: {}
[191.315134] (-) TimerEvent: {}
[191.415561] (-) TimerEvent: {}
[191.516007] (-) TimerEvent: {}
[191.616486] (-) TimerEvent: {}
[191.717097] (-) TimerEvent: {}
[191.817516] (-) TimerEvent: {}
[191.917972] (-) TimerEvent: {}
[192.018422] (-) TimerEvent: {}
[192.118884] (-) TimerEvent: {}
[192.219412] (-) TimerEvent: {}
[192.319926] (-) TimerEvent: {}
[192.420425] (-) TimerEvent: {}
[192.520877] (-) TimerEvent: {}
[192.621370] (-) TimerEvent: {}
[192.721977] (-) TimerEvent: {}
[192.822605] (-) TimerEvent: {}
[192.923445] (-) TimerEvent: {}
[193.024052] (-) TimerEvent: {}
[193.124607] (-) TimerEvent: {}
[193.225196] (-) TimerEvent: {}
[193.325670] (-) TimerEvent: {}
[193.426114] (-) TimerEvent: {}
[193.526625] (-) TimerEvent: {}
[193.627096] (-) TimerEvent: {}
[193.727512] (-) TimerEvent: {}
[193.827916] (-) TimerEvent: {}
[193.928308] (-) TimerEvent: {}
[194.028795] (-) TimerEvent: {}
[194.129180] (-) TimerEvent: {}
[194.229674] (-) TimerEvent: {}
[194.330129] (-) TimerEvent: {}
[194.430545] (-) TimerEvent: {}
[194.530998] (-) TimerEvent: {}
[194.631457] (-) TimerEvent: {}
[194.731853] (-) TimerEvent: {}
[194.832216] (-) TimerEvent: {}
[194.932596] (-) TimerEvent: {}
[195.032932] (-) TimerEvent: {}
[195.118894] (rtabmap) StdoutLine: {'line': b'[ 36%] \x1b[32mBuilding CXX object corelib/src/CMakeFiles/rtabmap_core.dir/odometry/OdometryLOAM.cpp.o\x1b[0m\n'}
[195.133007] (-) TimerEvent: {}
[195.234108] (-) TimerEvent: {}
[195.334502] (-) TimerEvent: {}
[195.434905] (-) TimerEvent: {}
[195.535244] (-) TimerEvent: {}
[195.635572] (-) TimerEvent: {}
[195.735869] (-) TimerEvent: {}
[195.836162] (-) TimerEvent: {}
[195.936465] (-) TimerEvent: {}
[196.036784] (-) TimerEvent: {}
[196.131000] (rtabmap) StdoutLine: {'line': b'[ 37%] \x1b[32mBuilding CXX object corelib/src/CMakeFiles/rtabmap_core.dir/odometry/OdometryFLOAM.cpp.o\x1b[0m\n'}
[196.136894] (-) TimerEvent: {}
[196.237237] (-) TimerEvent: {}
[196.337617] (-) TimerEvent: {}
[196.438020] (-) TimerEvent: {}
[196.538436] (-) TimerEvent: {}
[196.638843] (-) TimerEvent: {}
[196.739252] (-) TimerEvent: {}
[196.839677] (-) TimerEvent: {}
[196.940095] (-) TimerEvent: {}
[197.040526] (-) TimerEvent: {}
[197.140987] (-) TimerEvent: {}
[197.141641] (rtabmap) StdoutLine: {'line': b'[ 37%] \x1b[32mBuilding CXX object corelib/src/CMakeFiles/rtabmap_core.dir/odometry/OdometryORBSLAM3.cpp.o\x1b[0m\n'}
[197.241144] (-) TimerEvent: {}
[197.341494] (-) TimerEvent: {}
[197.441868] (-) TimerEvent: {}
[197.542273] (-) TimerEvent: {}
[197.642679] (-) TimerEvent: {}
[197.743109] (-) TimerEvent: {}
[197.843521] (-) TimerEvent: {}
[197.943946] (-) TimerEvent: {}
[198.044371] (-) TimerEvent: {}
[198.144796] (-) TimerEvent: {}
[198.156598] (rtabmap) StdoutLine: {'line': b'[ 38%] \x1b[32mBuilding CXX object corelib/src/CMakeFiles/rtabmap_core.dir/odometry/OdometryORBSLAM2.cpp.o\x1b[0m\n'}
[198.244954] (-) TimerEvent: {}
[198.345409] (-) TimerEvent: {}
[198.445831] (-) TimerEvent: {}
[198.546289] (-) TimerEvent: {}
[198.646719] (-) TimerEvent: {}
[198.747163] (-) TimerEvent: {}
[198.847612] (-) TimerEvent: {}
[198.948096] (-) TimerEvent: {}
[199.048534] (-) TimerEvent: {}
[199.148963] (-) TimerEvent: {}
[199.171989] (rtabmap) StdoutLine: {'line': b'[ 38%] \x1b[32mBuilding CXX object corelib/src/CMakeFiles/rtabmap_core.dir/odometry/OdometryOkvis.cpp.o\x1b[0m\n'}
[199.249106] (-) TimerEvent: {}
[199.349640] (-) TimerEvent: {}
[199.450260] (-) TimerEvent: {}
[199.550708] (-) TimerEvent: {}
[199.651233] (-) TimerEvent: {}
[199.751745] (-) TimerEvent: {}
[199.852250] (-) TimerEvent: {}
[199.952720] (-) TimerEvent: {}
[200.053179] (-) TimerEvent: {}
[200.153666] (-) TimerEvent: {}
[200.188273] (rtabmap) StdoutLine: {'line': b'[ 39%] \x1b[32mBuilding CXX object corelib/src/CMakeFiles/rtabmap_core.dir/odometry/OdometryViso2.cpp.o\x1b[0m\n'}
[200.188643] (rtabmap) StdoutLine: {'line': b'[ 39%] \x1b[32mBuilding CXX object corelib/src/CMakeFiles/rtabmap_core.dir/odometry/OdometryDVO.cpp.o\x1b[0m\n'}
[200.253807] (-) TimerEvent: {}
[200.354298] (-) TimerEvent: {}
[200.454759] (-) TimerEvent: {}
[200.555224] (-) TimerEvent: {}
[200.655732] (-) TimerEvent: {}
[200.756216] (-) TimerEvent: {}
[200.856734] (-) TimerEvent: {}
[200.957218] (-) TimerEvent: {}
[201.057722] (-) TimerEvent: {}
[201.158208] (-) TimerEvent: {}
[201.258629] (-) TimerEvent: {}
[201.359059] (-) TimerEvent: {}
[201.459552] (-) TimerEvent: {}
[201.560065] (-) TimerEvent: {}
[201.660533] (-) TimerEvent: {}
[201.761017] (-) TimerEvent: {}
[201.861478] (-) TimerEvent: {}
[201.961938] (-) TimerEvent: {}
[202.062399] (-) TimerEvent: {}
[202.162854] (-) TimerEvent: {}
[202.263311] (-) TimerEvent: {}
[202.363761] (-) TimerEvent: {}
[202.464209] (-) TimerEvent: {}
[202.564638] (-) TimerEvent: {}
[202.665103] (-) TimerEvent: {}
[202.765592] (-) TimerEvent: {}
[202.866075] (-) TimerEvent: {}
[202.966546] (-) TimerEvent: {}
[203.067069] (-) TimerEvent: {}
[203.167559] (-) TimerEvent: {}
[203.268068] (-) TimerEvent: {}
[203.368554] (-) TimerEvent: {}
[203.469037] (-) TimerEvent: {}
[203.569480] (-) TimerEvent: {}
[203.669935] (-) TimerEvent: {}
[203.770410] (-) TimerEvent: {}
[203.870914] (-) TimerEvent: {}
[203.971400] (-) TimerEvent: {}
[204.071893] (-) TimerEvent: {}
[204.172399] (-) TimerEvent: {}
[204.272955] (-) TimerEvent: {}
[204.373438] (-) TimerEvent: {}
[204.473922] (-) TimerEvent: {}
[204.574390] (-) TimerEvent: {}
[204.674852] (-) TimerEvent: {}
[204.775293] (-) TimerEvent: {}
[204.875724] (-) TimerEvent: {}
[204.976187] (-) TimerEvent: {}
[205.076617] (-) TimerEvent: {}
[205.177111] (-) TimerEvent: {}
[205.277621] (-) TimerEvent: {}
[205.378084] (-) TimerEvent: {}
[205.478511] (-) TimerEvent: {}
[205.578947] (-) TimerEvent: {}
[205.679392] (-) TimerEvent: {}
[205.779882] (-) TimerEvent: {}
[205.880402] (-) TimerEvent: {}
[205.980902] (-) TimerEvent: {}
[206.081392] (-) TimerEvent: {}
[206.181849] (-) TimerEvent: {}
[206.282307] (-) TimerEvent: {}
[206.382800] (-) TimerEvent: {}
[206.483311] (-) TimerEvent: {}
[206.583779] (-) TimerEvent: {}
[206.684265] (-) TimerEvent: {}
[206.784785] (-) TimerEvent: {}
[206.885302] (-) TimerEvent: {}
[206.985783] (-) TimerEvent: {}
[207.086286] (-) TimerEvent: {}
[207.186799] (-) TimerEvent: {}
[207.287327] (-) TimerEvent: {}
[207.387829] (-) TimerEvent: {}
[207.488365] (-) TimerEvent: {}
[207.588940] (-) TimerEvent: {}
[207.689458] (-) TimerEvent: {}
[207.789985] (-) TimerEvent: {}
[207.890556] (-) TimerEvent: {}
[207.991092] (-) TimerEvent: {}
[208.091647] (-) TimerEvent: {}
[208.192190] (-) TimerEvent: {}
[208.292745] (-) TimerEvent: {}
[208.393252] (-) TimerEvent: {}
[208.493789] (-) TimerEvent: {}
[208.594318] (-) TimerEvent: {}
[208.694859] (-) TimerEvent: {}
[208.795389] (-) TimerEvent: {}
[208.895921] (-) TimerEvent: {}
[208.922598] (rtabmap) StdoutLine: {'line': b'[ 39%] \x1b[32mBuilding CXX object corelib/src/CMakeFiles/rtabmap_core.dir/odometry/OdometryMSCKF.cpp.o\x1b[0m\n'}
[208.996071] (-) TimerEvent: {}
[209.063267] (rtabmap) StdoutLine: {'line': b'[ 40%] \x1b[32mBuilding CXX object corelib/src/CMakeFiles/rtabmap_core.dir/odometry/OdometryVINSFusion.cpp.o\x1b[0m\n'}
[209.096219] (-) TimerEvent: {}
[209.196821] (-) TimerEvent: {}
[209.297487] (-) TimerEvent: {}
[209.398087] (-) TimerEvent: {}
[209.498728] (-) TimerEvent: {}
[209.599454] (-) TimerEvent: {}
[209.700050] (-) TimerEvent: {}
[209.800678] (-) TimerEvent: {}
[209.879097] (rtabmap) StdoutLine: {'line': b'[ 40%] \x1b[32mBuilding CXX object corelib/src/CMakeFiles/rtabmap_core.dir/odometry/OdometryOpenVINS.cpp.o\x1b[0m\n'}
[209.900809] (-) TimerEvent: {}
[210.001299] (-) TimerEvent: {}
[210.101813] (-) TimerEvent: {}
[210.202326] (-) TimerEvent: {}
[210.302847] (-) TimerEvent: {}
[210.360330] (rtabmap) StdoutLine: {'line': b'[ 40%] \x1b[32mBuilding CXX object corelib/src/CMakeFiles/rtabmap_core.dir/odometry/OdometryOpen3D.cpp.o\x1b[0m\n'}
[210.403018] (-) TimerEvent: {}
[210.504131] (-) TimerEvent: {}
[210.534842] (rtabmap) StdoutLine: {'line': b'[ 41%] \x1b[32mBuilding CXX object corelib/src/CMakeFiles/rtabmap_core.dir/odometry/OdometryCuVSLAM.cpp.o\x1b[0m\n'}
[210.604268] (-) TimerEvent: {}
[210.704744] (-) TimerEvent: {}
[210.805276] (-) TimerEvent: {}
[210.905759] (-) TimerEvent: {}
[211.006290] (-) TimerEvent: {}
[211.106817] (-) TimerEvent: {}
[211.207347] (-) TimerEvent: {}
[211.307939] (-) TimerEvent: {}
[211.408434] (-) TimerEvent: {}
[211.508954] (-) TimerEvent: {}
[211.609450] (-) TimerEvent: {}
[211.709904] (-) TimerEvent: {}
[211.810379] (-) TimerEvent: {}
[211.910864] (-) TimerEvent: {}
[212.011415] (-) TimerEvent: {}
[212.111898] (-) TimerEvent: {}
[212.212384] (-) TimerEvent: {}
[212.312845] (-) TimerEvent: {}
[212.413355] (-) TimerEvent: {}
[212.513850] (-) TimerEvent: {}
[212.614341] (-) TimerEvent: {}
[212.714790] (-) TimerEvent: {}
[212.815295] (-) TimerEvent: {}
[212.915789] (-) TimerEvent: {}
[213.016260] (-) TimerEvent: {}
[213.116764] (-) TimerEvent: {}
[213.217328] (-) TimerEvent: {}
[213.317825] (-) TimerEvent: {}
[213.418314] (-) TimerEvent: {}
[213.494006] (rtabmap) StdoutLine: {'line': b'[ 41%] \x1b[32mBuilding CXX object corelib/src/CMakeFiles/rtabmap_core.dir/IMU.cpp.o\x1b[0m\n'}
[213.518453] (-) TimerEvent: {}
[213.618915] (-) TimerEvent: {}
[213.719395] (-) TimerEvent: {}
[213.819851] (-) TimerEvent: {}
[213.920362] (-) TimerEvent: {}
[214.008772] (rtabmap) StdoutLine: {'line': b'[ 42%] \x1b[32mBuilding CXX object corelib/src/CMakeFiles/rtabmap_core.dir/IMUThread.cpp.o\x1b[0m\n'}
[214.020491] (-) TimerEvent: {}
[214.121530] (-) TimerEvent: {}
[214.221991] (-) TimerEvent: {}
[214.322443] (-) TimerEvent: {}
[214.422931] (-) TimerEvent: {}
[214.523415] (-) TimerEvent: {}
[214.623932] (-) TimerEvent: {}
[214.724392] (-) TimerEvent: {}
[214.824823] (-) TimerEvent: {}
[214.925289] (-) TimerEvent: {}
[215.025736] (-) TimerEvent: {}
[215.126165] (-) TimerEvent: {}
[215.226599] (-) TimerEvent: {}
[215.327031] (-) TimerEvent: {}
[215.427459] (-) TimerEvent: {}
[215.527927] (-) TimerEvent: {}
[215.628522] (-) TimerEvent: {}
[215.729102] (-) TimerEvent: {}
[215.829822] (-) TimerEvent: {}
[215.930422] (-) TimerEvent: {}
[216.031079] (-) TimerEvent: {}
[216.131605] (-) TimerEvent: {}
[216.232104] (-) TimerEvent: {}
[216.332554] (-) TimerEvent: {}
[216.344983] (rtabmap) StdoutLine: {'line': b'[ 42%] \x1b[32mBuilding CXX object corelib/src/CMakeFiles/rtabmap_core.dir/IMUFilter.cpp.o\x1b[0m\n'}
[216.432693] (-) TimerEvent: {}
[216.533128] (-) TimerEvent: {}
[216.633559] (-) TimerEvent: {}
[216.734026] (-) TimerEvent: {}
[216.834474] (-) TimerEvent: {}
[216.934948] (-) TimerEvent: {}
[217.035459] (-) TimerEvent: {}
[217.135928] (-) TimerEvent: {}
[217.236409] (-) TimerEvent: {}
[217.336877] (-) TimerEvent: {}
[217.437332] (-) TimerEvent: {}
[217.537791] (-) TimerEvent: {}
[217.638247] (-) TimerEvent: {}
[217.738715] (-) TimerEvent: {}
[217.839172] (-) TimerEvent: {}
[217.939813] (-) TimerEvent: {}
[218.040269] (-) TimerEvent: {}
[218.140749] (-) TimerEvent: {}
[218.176936] (rtabmap) StdoutLine: {'line': b'[ 42%] \x1b[32mBuilding CXX object corelib/src/CMakeFiles/rtabmap_core.dir/imufilter/ComplementaryFilter.cpp.o\x1b[0m\n'}
[218.240902] (-) TimerEvent: {}
[218.341380] (-) TimerEvent: {}
[218.442016] (-) TimerEvent: {}
[218.542506] (-) TimerEvent: {}
[218.642973] (-) TimerEvent: {}
[218.743436] (-) TimerEvent: {}
[218.843946] (-) TimerEvent: {}
[218.944430] (-) TimerEvent: {}
[219.044945] (-) TimerEvent: {}
[219.145382] (-) TimerEvent: {}
[219.245897] (-) TimerEvent: {}
[219.346927] (-) TimerEvent: {}
[219.447749] (-) TimerEvent: {}
[219.549257] (-) TimerEvent: {}
[219.649883] (-) TimerEvent: {}
[219.750715] (-) TimerEvent: {}
[219.851387] (-) TimerEvent: {}
[219.951990] (-) TimerEvent: {}
[220.052603] (-) TimerEvent: {}
[220.153316] (-) TimerEvent: {}
[220.253906] (-) TimerEvent: {}
[220.354556] (-) TimerEvent: {}
[220.454952] (-) TimerEvent: {}
[220.555356] (-) TimerEvent: {}
[220.655813] (-) TimerEvent: {}
[220.756272] (-) TimerEvent: {}
[220.856714] (-) TimerEvent: {}
[220.957087] (-) TimerEvent: {}
[221.057426] (-) TimerEvent: {}
[221.157773] (-) TimerEvent: {}
[221.258178] (-) TimerEvent: {}
[221.358588] (-) TimerEvent: {}
[221.459024] (-) TimerEvent: {}
[221.559458] (-) TimerEvent: {}
[221.659873] (-) TimerEvent: {}
[221.760288] (-) TimerEvent: {}
[221.860714] (-) TimerEvent: {}
[221.961084] (-) TimerEvent: {}
[222.050074] (rtabmap) StdoutLine: {'line': b'[ 42%] \x1b[32mBuilding CXX object corelib/src/CMakeFiles/rtabmap_core.dir/LocalGridMaker.cpp.o\x1b[0m\n'}
[222.061187] (-) TimerEvent: {}
[222.161534] (-) TimerEvent: {}
[222.262116] (-) TimerEvent: {}
[222.362655] (-) TimerEvent: {}
[222.463049] (-) TimerEvent: {}
[222.563464] (-) TimerEvent: {}
[222.663864] (-) TimerEvent: {}
[222.764267] (-) TimerEvent: {}
[222.864660] (-) TimerEvent: {}
[222.965076] (-) TimerEvent: {}
[223.065577] (-) TimerEvent: {}
[223.166181] (-) TimerEvent: {}
[223.266600] (-) TimerEvent: {}
[223.367021] (-) TimerEvent: {}
[223.467429] (-) TimerEvent: {}
[223.567850] (-) TimerEvent: {}
[223.668294] (-) TimerEvent: {}
[223.768725] (-) TimerEvent: {}
[223.869142] (-) TimerEvent: {}
[223.969611] (-) TimerEvent: {}
[224.070122] (-) TimerEvent: {}
[224.170639] (-) TimerEvent: {}
[224.271104] (-) TimerEvent: {}
[224.371533] (-) TimerEvent: {}
[224.471924] (-) TimerEvent: {}
[224.572331] (-) TimerEvent: {}
[224.672740] (-) TimerEvent: {}
[224.773101] (-) TimerEvent: {}
[224.873430] (-) TimerEvent: {}
[224.973841] (-) TimerEvent: {}
[225.062993] (rtabmap) StdoutLine: {'line': b'[ 42%] \x1b[32mBuilding CXX object corelib/src/CMakeFiles/rtabmap_core.dir/LocalGrid.cpp.o\x1b[0m\n'}
[225.074032] (-) TimerEvent: {}
[225.174469] (-) TimerEvent: {}
[225.274896] (-) TimerEvent: {}
[225.375329] (-) TimerEvent: {}
[225.475735] (-) TimerEvent: {}
[225.576140] (-) TimerEvent: {}
[225.676548] (-) TimerEvent: {}
[225.776995] (-) TimerEvent: {}
[225.877334] (-) TimerEvent: {}
[225.977676] (-) TimerEvent: {}
[226.073430] (rtabmap) StdoutLine: {'line': b'[ 43%] \x1b[32mBuilding CXX object corelib/src/CMakeFiles/rtabmap_core.dir/GlobalMap.cpp.o\x1b[0m\n'}
[226.077798] (-) TimerEvent: {}
[226.178221] (-) TimerEvent: {}
[226.278648] (-) TimerEvent: {}
[226.379072] (-) TimerEvent: {}
[226.479508] (-) TimerEvent: {}
[226.579893] (-) TimerEvent: {}
[226.680218] (-) TimerEvent: {}
[226.780661] (-) TimerEvent: {}
[226.881028] (-) TimerEvent: {}
[226.981414] (-) TimerEvent: {}
[227.081781] (-) TimerEvent: {}
[227.084494] (rtabmap) StdoutLine: {'line': b'[ 43%] \x1b[32mBuilding CXX object corelib/src/CMakeFiles/rtabmap_core.dir/stereo/StereoSGBM.cpp.o\x1b[0m\n'}
[227.181919] (-) TimerEvent: {}
[227.282365] (-) TimerEvent: {}
[227.382783] (-) TimerEvent: {}
[227.483187] (-) TimerEvent: {}
[227.583613] (-) TimerEvent: {}
[227.684026] (-) TimerEvent: {}
[227.784453] (-) TimerEvent: {}
[227.884921] (-) TimerEvent: {}
[227.985359] (-) TimerEvent: {}
[228.085795] (-) TimerEvent: {}
[228.102014] (rtabmap) StdoutLine: {'line': b'[ 44%] \x1b[32mBuilding CXX object corelib/src/CMakeFiles/rtabmap_core.dir/stereo/StereoBM.cpp.o\x1b[0m\n'}
[228.185953] (-) TimerEvent: {}
[228.286606] (-) TimerEvent: {}
[228.387041] (-) TimerEvent: {}
[228.422223] (rtabmap) StdoutLine: {'line': b'[ 44%] \x1b[32mBuilding CXX object corelib/src/CMakeFiles/rtabmap_core.dir/StereoCameraModel.cpp.o\x1b[0m\n'}
[228.487171] (-) TimerEvent: {}
[228.587706] (-) TimerEvent: {}
[228.688136] (-) TimerEvent: {}
[228.788593] (-) TimerEvent: {}
[228.888993] (-) TimerEvent: {}
[228.989433] (-) TimerEvent: {}
[229.089887] (-) TimerEvent: {}
[229.190349] (-) TimerEvent: {}
[229.290839] (-) TimerEvent: {}
[229.391294] (-) TimerEvent: {}
[229.437543] (rtabmap) StdoutLine: {'line': b'[ 45%] \x1b[32mBuilding CXX object corelib/src/CMakeFiles/rtabmap_core.dir/StereoDense.cpp.o\x1b[0m\n'}
[229.437857] (rtabmap) StdoutLine: {'line': b'[ 45%] \x1b[32mBuilding CXX object corelib/src/CMakeFiles/rtabmap_core.dir/global_map/OccupancyGrid.cpp.o\x1b[0m\n'}
[229.491442] (-) TimerEvent: {}
[229.565303] (rtabmap) StdoutLine: {'line': b'[ 46%] \x1b[32mBuilding CXX object corelib/src/CMakeFiles/rtabmap_core.dir/Stereo.cpp.o\x1b[0m\n'}
[229.591586] (-) TimerEvent: {}
[229.692036] (-) TimerEvent: {}
[229.792510] (-) TimerEvent: {}
[229.892985] (-) TimerEvent: {}
[229.993439] (-) TimerEvent: {}
[230.093885] (-) TimerEvent: {}
[230.194318] (-) TimerEvent: {}
[230.294749] (-) TimerEvent: {}
[230.395197] (-) TimerEvent: {}
[230.495662] (-) TimerEvent: {}
[230.580625] (rtabmap) StdoutLine: {'line': b'[ 46%] \x1b[32mBuilding CXX object corelib/src/CMakeFiles/rtabmap_core.dir/global_map/CloudMap.cpp.o\x1b[0m\n'}
[230.595783] (-) TimerEvent: {}
[230.696466] (-) TimerEvent: {}
[230.797002] (-) TimerEvent: {}
[230.897609] (-) TimerEvent: {}
[230.998238] (-) TimerEvent: {}
[231.098867] (-) TimerEvent: {}
[231.199320] (-) TimerEvent: {}
[231.299753] (-) TimerEvent: {}
[231.400217] (-) TimerEvent: {}
[231.436140] (rtabmap) StdoutLine: {'line': b'[ 47%] \x1b[32mBuilding CXX object corelib/src/CMakeFiles/rtabmap_core.dir/MarkerDetector.cpp.o\x1b[0m\n'}
[231.500366] (-) TimerEvent: {}
[231.600828] (-) TimerEvent: {}
[231.701309] (-) TimerEvent: {}
[231.801766] (-) TimerEvent: {}
[231.902219] (-) TimerEvent: {}
[232.002680] (-) TimerEvent: {}
[232.103135] (-) TimerEvent: {}
[232.203642] (-) TimerEvent: {}
[232.304133] (-) TimerEvent: {}
[232.404592] (-) TimerEvent: {}
[232.505089] (-) TimerEvent: {}
[232.605634] (-) TimerEvent: {}
[232.706128] (-) TimerEvent: {}
[232.806643] (-) TimerEvent: {}
[232.907126] (-) TimerEvent: {}
[233.007609] (-) TimerEvent: {}
[233.108092] (-) TimerEvent: {}
[233.124768] (rtabmap) StdoutLine: {'line': b'[ 47%] \x1b[32mBuilding CXX object corelib/src/CMakeFiles/rtabmap_core.dir/GlobalDescriptorExtractor.cpp.o\x1b[0m\n'}
[233.208278] (-) TimerEvent: {}
[233.308824] (-) TimerEvent: {}
[233.409315] (-) TimerEvent: {}
[233.509764] (-) TimerEvent: {}
[233.610246] (-) TimerEvent: {}
[233.710719] (-) TimerEvent: {}
[233.811215] (-) TimerEvent: {}
[233.891507] (rtabmap) StdoutLine: {'line': b'[ 47%] \x1b[32mBuilding CXX object corelib/src/CMakeFiles/rtabmap_core.dir/GainCompensator.cpp.o\x1b[0m\n'}
[233.911344] (-) TimerEvent: {}
[234.011794] (-) TimerEvent: {}
[234.112284] (-) TimerEvent: {}
[234.212755] (-) TimerEvent: {}
[234.313243] (-) TimerEvent: {}
[234.413684] (-) TimerEvent: {}
[234.514162] (-) TimerEvent: {}
[234.614678] (-) TimerEvent: {}
[234.715175] (-) TimerEvent: {}
[234.815644] (-) TimerEvent: {}
[234.916149] (-) TimerEvent: {}
[235.016626] (-) TimerEvent: {}
[235.117163] (-) TimerEvent: {}
[235.217639] (-) TimerEvent: {}
[235.318150] (-) TimerEvent: {}
[235.418655] (-) TimerEvent: {}
[235.506399] (rtabmap) StdoutLine: {'line': b'[ 48%] \x1b[32mBuilding C object corelib/src/CMakeFiles/rtabmap_core.dir/rtflann/ext/lz4.c.o\x1b[0m\n'}
[235.518788] (-) TimerEvent: {}
[235.619364] (-) TimerEvent: {}
[235.719951] (-) TimerEvent: {}
[235.820584] (-) TimerEvent: {}
[235.921240] (-) TimerEvent: {}
[236.021937] (-) TimerEvent: {}
[236.122615] (-) TimerEvent: {}
[236.223378] (-) TimerEvent: {}
[236.323983] (-) TimerEvent: {}
[236.424560] (-) TimerEvent: {}
[236.525171] (-) TimerEvent: {}
[236.625816] (-) TimerEvent: {}
[236.726291] (-) TimerEvent: {}
[236.826744] (-) TimerEvent: {}
[236.927227] (-) TimerEvent: {}
[237.027740] (-) TimerEvent: {}
[237.128259] (-) TimerEvent: {}
[237.228805] (-) TimerEvent: {}
[237.329385] (-) TimerEvent: {}
[237.429606] (rtabmap) StdoutLine: {'line': b'[ 48%] \x1b[32mBuilding C object corelib/src/CMakeFiles/rtabmap_core.dir/rtflann/ext/lz4hc.c.o\x1b[0m\n'}
[237.429972] (-) TimerEvent: {}
[237.530326] (-) TimerEvent: {}
[237.630832] (-) TimerEvent: {}
[237.731342] (-) TimerEvent: {}
[237.831828] (-) TimerEvent: {}
[237.932323] (-) TimerEvent: {}
[238.032842] (-) TimerEvent: {}
[238.133395] (-) TimerEvent: {}
[238.217234] (rtabmap) StdoutLine: {'line': b'[ 49%] \x1b[32mBuilding CXX object corelib/src/CMakeFiles/rtabmap_core.dir/FlannIndex.cpp.o\x1b[0m\n'}
[238.221344] (rtabmap) StdoutLine: {'line': b'[ 49%] \x1b[32mBuilding CXX object corelib/src/CMakeFiles/rtabmap_core.dir/clams/discrete_depth_distortion_model_helpers.cpp.o\x1b[0m\n'}
[238.233530] (-) TimerEvent: {}
[238.334196] (-) TimerEvent: {}
[238.434813] (-) TimerEvent: {}
[238.535398] (-) TimerEvent: {}
[238.636014] (-) TimerEvent: {}
[238.736477] (-) TimerEvent: {}
[238.837025] (-) TimerEvent: {}
[238.937544] (-) TimerEvent: {}
[239.038230] (-) TimerEvent: {}
[239.138818] (-) TimerEvent: {}
[239.188102] (rtabmap) StdoutLine: {'line': b'[ 49%] \x1b[32mBuilding CXX object corelib/src/CMakeFiles/rtabmap_core.dir/clams/discrete_depth_distortion_model.cpp.o\x1b[0m\n'}
[239.238972] (-) TimerEvent: {}
[239.339592] (-) TimerEvent: {}
[239.440187] (-) TimerEvent: {}
[239.540803] (-) TimerEvent: {}
[239.641470] (-) TimerEvent: {}
[239.741995] (-) TimerEvent: {}
[239.842493] (-) TimerEvent: {}
[239.942968] (-) TimerEvent: {}
[240.043458] (-) TimerEvent: {}
[240.144639] (-) TimerEvent: {}
[240.245203] (-) TimerEvent: {}
[240.345723] (-) TimerEvent: {}
[240.446249] (-) TimerEvent: {}
[240.546763] (-) TimerEvent: {}
[240.647274] (-) TimerEvent: {}
[240.747778] (-) TimerEvent: {}
[240.848275] (-) TimerEvent: {}
[240.948808] (-) TimerEvent: {}
[241.049471] (-) TimerEvent: {}
[241.149945] (-) TimerEvent: {}
[241.250431] (-) TimerEvent: {}
[241.350896] (-) TimerEvent: {}
[241.381670] (rtabmap) StdoutLine: {'line': b'[ 50%] \x1b[32mBuilding CXX object corelib/src/CMakeFiles/rtabmap_core.dir/clams/frame_projector.cpp.o\x1b[0m\n'}
[241.451037] (-) TimerEvent: {}
[241.551485] (-) TimerEvent: {}
[241.651933] (-) TimerEvent: {}
[241.752397] (-) TimerEvent: {}
[241.783744] (rtabmap) StdoutLine: {'line': b'[ 50%] \x1b[32mBuilding CXX object corelib/src/CMakeFiles/rtabmap_core.dir/clams/slam_calibrator.cpp.o\x1b[0m\n'}
[241.852529] (-) TimerEvent: {}
[241.953479] (-) TimerEvent: {}
[242.054034] (-) TimerEvent: {}
[242.154617] (-) TimerEvent: {}
[242.255176] (-) TimerEvent: {}
[242.355804] (-) TimerEvent: {}
[242.456287] (-) TimerEvent: {}
[242.556744] (-) TimerEvent: {}
[242.657199] (-) TimerEvent: {}
[242.757665] (-) TimerEvent: {}
[242.858169] (-) TimerEvent: {}
[242.958687] (-) TimerEvent: {}
[243.059179] (-) TimerEvent: {}
[243.159653] (-) TimerEvent: {}
[243.260186] (-) TimerEvent: {}
[243.285909] (rtabmap) StdoutLine: {'line': b'[ 51%] \x1b[32mBuilding CXX object corelib/src/CMakeFiles/rtabmap_core.dir/opencv/ORBextractor.cc.o\x1b[0m\n'}
[243.360341] (-) TimerEvent: {}
[243.460806] (-) TimerEvent: {}
[243.561252] (-) TimerEvent: {}
[243.661704] (-) TimerEvent: {}
[243.762167] (-) TimerEvent: {}
[243.862635] (-) TimerEvent: {}
[243.963119] (-) TimerEvent: {}
[244.063600] (-) TimerEvent: {}
[244.164097] (-) TimerEvent: {}
[244.264586] (-) TimerEvent: {}
[244.365097] (-) TimerEvent: {}
[244.465684] (-) TimerEvent: {}
[244.566222] (-) TimerEvent: {}
[244.666696] (-) TimerEvent: {}
[244.767192] (-) TimerEvent: {}
[244.867710] (-) TimerEvent: {}
[244.968248] (-) TimerEvent: {}
[245.068734] (-) TimerEvent: {}
[245.169925] (-) TimerEvent: {}
[245.270736] (-) TimerEvent: {}
[245.371246] (-) TimerEvent: {}
[245.471745] (-) TimerEvent: {}
[245.572246] (-) TimerEvent: {}
[245.672758] (-) TimerEvent: {}
[245.773261] (-) TimerEvent: {}
[245.873827] (-) TimerEvent: {}
[245.974335] (-) TimerEvent: {}
[246.074801] (-) TimerEvent: {}
[246.175352] (-) TimerEvent: {}
[246.275856] (-) TimerEvent: {}
[246.376353] (-) TimerEvent: {}
[246.476977] (-) TimerEvent: {}
[246.577486] (-) TimerEvent: {}
[246.677994] (-) TimerEvent: {}
[246.778483] (-) TimerEvent: {}
[246.879014] (-) TimerEvent: {}
[246.979509] (-) TimerEvent: {}
[247.008867] (rtabmap) StdoutLine: {'line': b'[ 51%] \x1b[32mBuilding CXX object corelib/src/CMakeFiles/rtabmap_core.dir/opencv/solvepnp.cpp.o\x1b[0m\n'}
[247.079713] (-) TimerEvent: {}
[247.180241] (-) TimerEvent: {}
[247.280896] (-) TimerEvent: {}
[247.364828] (rtabmap) StdoutLine: {'line': b'[ 51%] \x1b[32mBuilding CXX object corelib/src/CMakeFiles/rtabmap_core.dir/opencv/five-point.cpp.o\x1b[0m\n'}
[247.381016] (-) TimerEvent: {}
[247.481468] (-) TimerEvent: {}
[247.581928] (-) TimerEvent: {}
[247.659004] (rtabmap) StdoutLine: {'line': b'[ 52%] \x1b[32mBuilding CXX object corelib/src/CMakeFiles/rtabmap_core.dir/lidar/LidarVLP16.cpp.o\x1b[0m\n'}
[247.682065] (-) TimerEvent: {}
[247.782516] (-) TimerEvent: {}
[247.882935] (-) TimerEvent: {}
[247.983388] (-) TimerEvent: {}
[248.083847] (-) TimerEvent: {}
[248.184287] (-) TimerEvent: {}
[248.284747] (-) TimerEvent: {}
[248.385212] (-) TimerEvent: {}
[248.485673] (-) TimerEvent: {}
[248.586136] (-) TimerEvent: {}
[248.686581] (-) TimerEvent: {}
[248.787011] (-) TimerEvent: {}
[248.887480] (-) TimerEvent: {}
[248.908109] (rtabmap) StdoutLine: {'line': b'[ 52%] \x1b[32mBuilding CXX object corelib/src/CMakeFiles/rtabmap_core.dir/optimizer/toro3d/posegraph3.cpp.o\x1b[0m\n'}
[248.987619] (-) TimerEvent: {}
[249.088037] (-) TimerEvent: {}
[249.188485] (-) TimerEvent: {}
[249.231137] (rtabmap) StdoutLine: {'line': b'[ 53%] \x1b[32mBuilding CXX object corelib/src/CMakeFiles/rtabmap_core.dir/optimizer/toro3d/treeoptimizer3_iteration.cpp.o\x1b[0m\n'}
[249.288641] (-) TimerEvent: {}
[249.389100] (-) TimerEvent: {}
[249.489560] (-) TimerEvent: {}
[249.590025] (-) TimerEvent: {}
[249.690488] (-) TimerEvent: {}
[249.790970] (-) TimerEvent: {}
[249.891433] (-) TimerEvent: {}
[249.991896] (-) TimerEvent: {}
[250.092392] (-) TimerEvent: {}
[250.192922] (-) TimerEvent: {}
[250.293371] (-) TimerEvent: {}
[250.393906] (-) TimerEvent: {}
[250.494379] (-) TimerEvent: {}
[250.594803] (-) TimerEvent: {}
[250.695445] (-) TimerEvent: {}
[250.796083] (rtabmap) StdoutLine: {'line': b'[ 53%] \x1b[32mBuilding CXX object corelib/src/CMakeFiles/rtabmap_core.dir/optimizer/toro3d/treeoptimizer3.cpp.o\x1b[0m\n'}
[250.796487] (-) TimerEvent: {}
[250.842835] (rtabmap) StdoutLine: {'line': b'[ 53%] \x1b[32mBuilding CXX object corelib/src/CMakeFiles/rtabmap_core.dir/optimizer/toro3d/posegraph2.cpp.o\x1b[0m\n'}
[250.896646] (-) TimerEvent: {}
[250.997650] (-) TimerEvent: {}
[251.098297] (-) TimerEvent: {}
[251.198798] (-) TimerEvent: {}
[251.299312] (-) TimerEvent: {}
[251.399789] (-) TimerEvent: {}
[251.500247] (-) TimerEvent: {}
[251.600718] (-) TimerEvent: {}
[251.701230] (-) TimerEvent: {}
[251.706072] (rtabmap) StdoutLine: {'line': b'[ 54%] \x1b[32mBuilding CXX object corelib/src/CMakeFiles/rtabmap_core.dir/optimizer/toro3d/treeoptimizer2.cpp.o\x1b[0m\n'}
[251.801360] (-) TimerEvent: {}
[251.810341] (rtabmap) StdoutLine: {'line': b'[ 54%] \x1b[32mBuilding CXX object corelib/src/CMakeFiles/rtabmap_core.dir/optimizer/vertigo/g2o/edge_se2Switchable.cpp.o\x1b[0m\n'}
[251.901498] (-) TimerEvent: {}
[252.001959] (-) TimerEvent: {}
[252.102422] (-) TimerEvent: {}
[252.202893] (-) TimerEvent: {}
[252.303379] (-) TimerEvent: {}
[252.403881] (-) TimerEvent: {}
[252.504352] (-) TimerEvent: {}
[252.604909] (-) TimerEvent: {}
[252.675474] (rtabmap) StdoutLine: {'line': b'[ 55%] \x1b[32mBuilding CXX object corelib/src/CMakeFiles/rtabmap_core.dir/optimizer/vertigo/g2o/edge_se3Switchable.cpp.o\x1b[0m\n'}
[252.705020] (-) TimerEvent: {}
[252.756455] (rtabmap) StdoutLine: {'line': b'[ 55%] \x1b[32mBuilding CXX object corelib/src/CMakeFiles/rtabmap_core.dir/optimizer/vertigo/g2o/edge_switchPrior.cpp.o\x1b[0m\n'}
[252.805190] (-) TimerEvent: {}
[252.905678] (-) TimerEvent: {}
[252.939249] (rtabmap) StdoutLine: {'line': b'[ 55%] \x1b[32mBuilding CXX object corelib/src/CMakeFiles/rtabmap_core.dir/optimizer/vertigo/g2o/types_g2o_robust.cpp.o\x1b[0m\n'}
[253.005811] (-) TimerEvent: {}
[253.048851] (rtabmap) StdoutLine: {'line': b'[ 56%] \x1b[32mBuilding CXX object corelib/src/CMakeFiles/rtabmap_core.dir/optimizer/vertigo/g2o/vertex_switchLinear.cpp.o\x1b[0m\n'}
[253.105957] (-) TimerEvent: {}
[253.206437] (-) TimerEvent: {}
[253.306926] (-) TimerEvent: {}
[253.407423] (-) TimerEvent: {}
[253.507941] (-) TimerEvent: {}
[253.608434] (-) TimerEvent: {}
[253.708923] (-) TimerEvent: {}
[253.809384] (-) TimerEvent: {}
[253.909831] (-) TimerEvent: {}
[254.010309] (-) TimerEvent: {}
[254.110810] (-) TimerEvent: {}
[254.211304] (-) TimerEvent: {}
[254.311815] (-) TimerEvent: {}
[254.412339] (-) TimerEvent: {}
[254.512871] (-) TimerEvent: {}
[254.613413] (-) TimerEvent: {}
[254.713927] (-) TimerEvent: {}
[254.814453] (-) TimerEvent: {}
[254.914976] (-) TimerEvent: {}
[255.015448] (-) TimerEvent: {}
[255.115963] (-) TimerEvent: {}
[255.216482] (-) TimerEvent: {}
[255.316996] (-) TimerEvent: {}
[255.417578] (-) TimerEvent: {}
[255.518129] (-) TimerEvent: {}
[255.618633] (-) TimerEvent: {}
[255.719115] (-) TimerEvent: {}
[255.777053] (rtabmap) StdoutLine: {'line': b'[ 56%] \x1b[32mBuilding CXX object corelib/src/CMakeFiles/rtabmap_core.dir/global_map/OctoMap.cpp.o\x1b[0m\n'}
[255.819250] (-) TimerEvent: {}
[255.919769] (-) TimerEvent: {}
[256.020354] (-) TimerEvent: {}
[256.120986] (-) TimerEvent: {}
[256.221480] (-) TimerEvent: {}
[256.322006] (-) TimerEvent: {}
[256.422478] (-) TimerEvent: {}
[256.522942] (-) TimerEvent: {}
[256.623421] (-) TimerEvent: {}
[256.723902] (-) TimerEvent: {}
[256.824397] (-) TimerEvent: {}
[256.924920] (-) TimerEvent: {}
[257.025388] (-) TimerEvent: {}
[257.125880] (-) TimerEvent: {}
[257.226381] (-) TimerEvent: {}
[257.301805] (rtabmap) StdoutLine: {'line': b'[ 56%] \x1b[32mBuilding CXX object corelib/src/CMakeFiles/rtabmap_core.dir/imufilter/MadgwickFilter.cpp.o\x1b[0m\n'}
[257.326536] (-) TimerEvent: {}
[257.427213] (-) TimerEvent: {}
[257.527808] (-) TimerEvent: {}
[257.628303] (-) TimerEvent: {}
[257.728787] (-) TimerEvent: {}
[257.829326] (-) TimerEvent: {}
[257.929781] (-) TimerEvent: {}
[258.030278] (-) TimerEvent: {}
[258.130820] (-) TimerEvent: {}
[258.231300] (-) TimerEvent: {}
[258.331773] (-) TimerEvent: {}
[258.432281] (-) TimerEvent: {}
[258.532771] (-) TimerEvent: {}
[258.633264] (-) TimerEvent: {}
[258.733719] (-) TimerEvent: {}
[258.834219] (-) TimerEvent: {}
[258.934716] (-) TimerEvent: {}
[259.035192] (-) TimerEvent: {}
[259.135714] (-) TimerEvent: {}
[259.236195] (-) TimerEvent: {}
[259.336657] (-) TimerEvent: {}
[259.437155] (-) TimerEvent: {}
[259.537738] (-) TimerEvent: {}
[259.638286] (-) TimerEvent: {}
[259.738793] (-) TimerEvent: {}
[259.839239] (-) TimerEvent: {}
[259.939736] (-) TimerEvent: {}
[260.040205] (-) TimerEvent: {}
[260.140673] (-) TimerEvent: {}
[260.241193] (-) TimerEvent: {}
[260.341614] (-) TimerEvent: {}
[260.442067] (-) TimerEvent: {}
[260.542531] (-) TimerEvent: {}
[260.642992] (-) TimerEvent: {}
[260.743472] (-) TimerEvent: {}
[260.843947] (-) TimerEvent: {}
[260.944394] (-) TimerEvent: {}
[261.044902] (-) TimerEvent: {}
[261.145359] (-) TimerEvent: {}
[261.245777] (-) TimerEvent: {}
[261.346201] (-) TimerEvent: {}
[261.446631] (-) TimerEvent: {}
[261.547075] (-) TimerEvent: {}
[261.647541] (-) TimerEvent: {}
[261.747997] (-) TimerEvent: {}
[261.848461] (-) TimerEvent: {}
[261.948928] (-) TimerEvent: {}
[262.049355] (-) TimerEvent: {}
[262.149813] (-) TimerEvent: {}
[262.250256] (-) TimerEvent: {}
[262.350669] (-) TimerEvent: {}
[262.451095] (-) TimerEvent: {}
[262.551513] (-) TimerEvent: {}
[262.651928] (-) TimerEvent: {}
[262.752349] (-) TimerEvent: {}
[262.852782] (-) TimerEvent: {}
[262.953214] (-) TimerEvent: {}
[263.053601] (-) TimerEvent: {}
[263.154011] (-) TimerEvent: {}
[263.254421] (-) TimerEvent: {}
[263.354837] (-) TimerEvent: {}
[263.455231] (-) TimerEvent: {}
[263.555626] (-) TimerEvent: {}
[263.656029] (-) TimerEvent: {}
[263.756438] (-) TimerEvent: {}
[263.856856] (-) TimerEvent: {}
[263.957302] (-) TimerEvent: {}
[264.057718] (-) TimerEvent: {}
[264.158121] (-) TimerEvent: {}
[264.258536] (-) TimerEvent: {}
[264.358948] (-) TimerEvent: {}
[264.459368] (-) TimerEvent: {}
[264.559779] (-) TimerEvent: {}
[264.660181] (-) TimerEvent: {}
[264.760599] (-) TimerEvent: {}
[264.861014] (-) TimerEvent: {}
[264.961412] (-) TimerEvent: {}
[265.061813] (-) TimerEvent: {}
[265.162220] (-) TimerEvent: {}
[265.262643] (-) TimerEvent: {}
[265.363093] (-) TimerEvent: {}
[265.463555] (-) TimerEvent: {}
[265.563977] (-) TimerEvent: {}
[265.664406] (-) TimerEvent: {}
[265.764823] (-) TimerEvent: {}
[265.865247] (-) TimerEvent: {}
[265.965661] (-) TimerEvent: {}
[266.066077] (-) TimerEvent: {}
[266.166484] (-) TimerEvent: {}
[266.266882] (-) TimerEvent: {}
[266.367302] (-) TimerEvent: {}
[266.467770] (-) TimerEvent: {}
[266.568237] (-) TimerEvent: {}
[266.668657] (-) TimerEvent: {}
[266.769107] (-) TimerEvent: {}
[266.869541] (-) TimerEvent: {}
[266.969945] (-) TimerEvent: {}
[267.070368] (-) TimerEvent: {}
[267.170811] (-) TimerEvent: {}
[267.271253] (-) TimerEvent: {}
[267.371672] (-) TimerEvent: {}
[267.472095] (-) TimerEvent: {}
[267.572527] (-) TimerEvent: {}
[267.672993] (-) TimerEvent: {}
[267.773415] (-) TimerEvent: {}
[267.873840] (-) TimerEvent: {}
[267.974281] (-) TimerEvent: {}
[268.074681] (-) TimerEvent: {}
[268.175105] (-) TimerEvent: {}
[268.275531] (-) TimerEvent: {}
[268.375960] (-) TimerEvent: {}
[268.476373] (-) TimerEvent: {}
[268.576813] (-) TimerEvent: {}
[268.677296] (-) TimerEvent: {}
[268.777759] (-) TimerEvent: {}
[268.878167] (-) TimerEvent: {}
[268.978567] (-) TimerEvent: {}
[269.078981] (-) TimerEvent: {}
[269.179396] (-) TimerEvent: {}
[269.279799] (-) TimerEvent: {}
[269.380189] (-) TimerEvent: {}
[269.480581] (-) TimerEvent: {}
[269.580990] (-) TimerEvent: {}
[269.681427] (-) TimerEvent: {}
[269.781826] (-) TimerEvent: {}
[269.882213] (-) TimerEvent: {}
[269.982584] (-) TimerEvent: {}
[270.082979] (-) TimerEvent: {}
[270.183369] (-) TimerEvent: {}
[270.283756] (-) TimerEvent: {}
[270.384150] (-) TimerEvent: {}
[270.484547] (-) TimerEvent: {}
[270.584948] (-) TimerEvent: {}
[270.685351] (-) TimerEvent: {}
[270.785751] (-) TimerEvent: {}
[270.886141] (-) TimerEvent: {}
[270.986530] (-) TimerEvent: {}
[271.082970] (rtabmap) StdoutLine: {'line': b'[ 57%] \x1b[32m\x1b[1mLinking CXX shared library ../../bin/librtabmap_core.so\x1b[0m\n'}
[271.086698] (-) TimerEvent: {}
[271.187060] (-) TimerEvent: {}
[271.287556] (-) TimerEvent: {}
[271.388037] (-) TimerEvent: {}
[271.488533] (-) TimerEvent: {}
[271.589058] (-) TimerEvent: {}
[271.689605] (-) TimerEvent: {}
[271.790166] (-) TimerEvent: {}
[271.890683] (-) TimerEvent: {}
[271.991338] (-) TimerEvent: {}
[272.091982] (-) TimerEvent: {}
[272.192657] (-) TimerEvent: {}
[272.293335] (-) TimerEvent: {}
[272.393911] (-) TimerEvent: {}
[272.494368] (-) TimerEvent: {}
[272.594835] (-) TimerEvent: {}
[272.695338] (-) TimerEvent: {}
[272.795941] (-) TimerEvent: {}
[272.896425] (-) TimerEvent: {}
[272.996951] (-) TimerEvent: {}
[273.097462] (-) TimerEvent: {}
[273.198046] (-) TimerEvent: {}
[273.298391] (-) TimerEvent: {}
[273.398766] (-) TimerEvent: {}
[273.499234] (-) TimerEvent: {}
[273.599696] (-) TimerEvent: {}
[273.700157] (-) TimerEvent: {}
[273.800634] (-) TimerEvent: {}
[273.901219] (-) TimerEvent: {}
[274.001690] (-) TimerEvent: {}
[274.102227] (-) TimerEvent: {}
[274.202694] (-) TimerEvent: {}
[274.303228] (-) TimerEvent: {}
[274.403777] (-) TimerEvent: {}
[274.504280] (-) TimerEvent: {}
[274.604754] (-) TimerEvent: {}
[274.705343] (-) TimerEvent: {}
[274.805817] (-) TimerEvent: {}
[274.906401] (-) TimerEvent: {}
[275.006876] (-) TimerEvent: {}
[275.107320] (-) TimerEvent: {}
[275.207722] (-) TimerEvent: {}
[275.308112] (-) TimerEvent: {}
[275.408551] (-) TimerEvent: {}
[275.508942] (-) TimerEvent: {}
[275.609440] (-) TimerEvent: {}
[275.709985] (-) TimerEvent: {}
[275.810475] (-) TimerEvent: {}
[275.911048] (-) TimerEvent: {}
[276.011543] (-) TimerEvent: {}
[276.112107] (-) TimerEvent: {}
[276.212604] (-) TimerEvent: {}
[276.313190] (-) TimerEvent: {}
[276.413641] (-) TimerEvent: {}
[276.514167] (-) TimerEvent: {}
[276.614664] (-) TimerEvent: {}
[276.715224] (-) TimerEvent: {}
[276.815735] (-) TimerEvent: {}
[276.916336] (-) TimerEvent: {}
[277.016799] (-) TimerEvent: {}
[277.117351] (-) TimerEvent: {}
[277.217769] (-) TimerEvent: {}
[277.318150] (-) TimerEvent: {}
[277.418595] (-) TimerEvent: {}
[277.519130] (-) TimerEvent: {}
[277.619717] (-) TimerEvent: {}
[277.720168] (-) TimerEvent: {}
[277.820571] (-) TimerEvent: {}
[277.920956] (-) TimerEvent: {}
[278.021381] (-) TimerEvent: {}
[278.121787] (-) TimerEvent: {}
[278.222289] (-) TimerEvent: {}
[278.322898] (-) TimerEvent: {}
[278.423429] (-) TimerEvent: {}
[278.524014] (-) TimerEvent: {}
[278.624487] (-) TimerEvent: {}
[278.725032] (-) TimerEvent: {}
[278.825637] (-) TimerEvent: {}
[278.926063] (-) TimerEvent: {}
[279.026479] (-) TimerEvent: {}
[279.126871] (-) TimerEvent: {}
[279.227263] (-) TimerEvent: {}
[279.327607] (-) TimerEvent: {}
[279.427978] (-) TimerEvent: {}
[279.528457] (-) TimerEvent: {}
[279.628856] (-) TimerEvent: {}
[279.729225] (-) TimerEvent: {}
[279.829676] (-) TimerEvent: {}
[279.930154] (-) TimerEvent: {}
[280.030688] (-) TimerEvent: {}
[280.131157] (-) TimerEvent: {}
[280.231576] (-) TimerEvent: {}
[280.332039] (-) TimerEvent: {}
[280.346610] (rtabmap) StdoutLine: {'line': b'[ 57%] Built target rtabmap_core\n'}
[280.376094] (rtabmap) StdoutLine: {'line': b'\x1b[35m\x1b[1mScanning dependencies of target rtabmap_gui_autogen\x1b[0m\n'}
[280.376954] (rtabmap) StdoutLine: {'line': b'\x1b[35m\x1b[1mScanning dependencies of target camera\x1b[0m\n'}
[280.377258] (rtabmap) StdoutLine: {'line': b'\x1b[35m\x1b[1mScanning dependencies of target rgbd_dataset\x1b[0m\n'}
[280.377453] (rtabmap) StdoutLine: {'line': b'\x1b[35m\x1b[1mScanning dependencies of target kitti_dataset\x1b[0m\n'}
[280.377628] (rtabmap) StdoutLine: {'line': b'\x1b[35m\x1b[1mScanning dependencies of target consoleApp\x1b[0m\n'}
[280.377823] (rtabmap) StdoutLine: {'line': b'\x1b[35m\x1b[1mScanning dependencies of target stereoEval\x1b[0m\n'}
[280.377993] (rtabmap) StdoutLine: {'line': b'\x1b[35m\x1b[1mScanning dependencies of target imagesJoiner\x1b[0m\n'}
[280.378156] (rtabmap) StdoutLine: {'line': b'\x1b[35m\x1b[1mScanning dependencies of target extractObject\x1b[0m\n'}
[280.400006] (rtabmap) StdoutLine: {'line': b'[ 57%] \x1b[34m\x1b[1mAutomatic MOC and UIC for target rtabmap_gui\x1b[0m\n'}
[280.432168] (-) TimerEvent: {}
[280.439968] (rtabmap) StdoutLine: {'line': b'[ 57%] \x1b[32mBuilding CXX object tools/ImagesJoiner/CMakeFiles/imagesJoiner.dir/main.cpp.o\x1b[0m\n'}
[280.487173] (rtabmap) StdoutLine: {'line': b'[ 57%] \x1b[32mBuilding CXX object tools/ConsoleApp/CMakeFiles/consoleApp.dir/main.cpp.o\x1b[0m\n'}
[280.490982] (rtabmap) StdoutLine: {'line': b'[ 57%] \x1b[32mBuilding CXX object tools/Camera/CMakeFiles/camera.dir/main.cpp.o\x1b[0m\n'}
[280.497270] (rtabmap) StdoutLine: {'line': b'[ 59%] \x1b[32mBuilding CXX object tools/StereoEval/CMakeFiles/stereoEval.dir/main.cpp.o\x1b[0m\n'}
[280.497533] (rtabmap) StdoutLine: {'line': b'[ 59%] \x1b[32mBuilding CXX object tools/KittiDataset/CMakeFiles/kitti_dataset.dir/main.cpp.o\x1b[0m\n'}
[280.532316] (-) TimerEvent: {}
[280.543154] (rtabmap) StdoutLine: {'line': b'[ 60%] \x1b[32mBuilding CXX object tools/ExtractObject/CMakeFiles/extractObject.dir/main.cpp.o\x1b[0m\n'}
[280.565080] (rtabmap) StdoutLine: {'line': b'[ 60%] \x1b[32mBuilding CXX object tools/RgbdDataset/CMakeFiles/rgbd_dataset.dir/main.cpp.o\x1b[0m\n'}
[280.632443] (-) TimerEvent: {}
[280.732912] (-) TimerEvent: {}
[280.833405] (-) TimerEvent: {}
[280.933869] (-) TimerEvent: {}
[281.034363] (-) TimerEvent: {}
[281.134890] (-) TimerEvent: {}
[281.235701] (-) TimerEvent: {}
[281.337091] (-) TimerEvent: {}
[281.438277] (-) TimerEvent: {}
[281.480126] (rtabmap) StdoutLine: {'line': b"AutoUic: /home/deepak/electronic_ws/src/rtabmap/guilib/src/ui/aboutDialog.ui: Warning: The name 'label_48' (QLabel) is already in use, defaulting to 'label_481'.\n"}
[281.538421] (-) TimerEvent: {}
[281.639087] (-) TimerEvent: {}
[281.740314] (-) TimerEvent: {}
[281.841953] (-) TimerEvent: {}
[281.943201] (-) TimerEvent: {}
[282.045379] (-) TimerEvent: {}
[282.146242] (-) TimerEvent: {}
[282.247001] (-) TimerEvent: {}
[282.348044] (-) TimerEvent: {}
[282.449042] (-) TimerEvent: {}
[282.550093] (-) TimerEvent: {}
[282.651390] (-) TimerEvent: {}
[282.752298] (-) TimerEvent: {}
[282.853186] (-) TimerEvent: {}
[282.954345] (-) TimerEvent: {}
[283.054971] (-) TimerEvent: {}
[283.156102] (-) TimerEvent: {}
[283.257284] (-) TimerEvent: {}
[283.258258] (rtabmap) StdoutLine: {'line': b'[ 61%] \x1b[32m\x1b[1mLinking CXX executable ../../bin/rtabmap-imagesJoiner\x1b[0m\n'}
[283.357675] (-) TimerEvent: {}
[283.458985] (-) TimerEvent: {}
[283.560214] (-) TimerEvent: {}
[283.661193] (-) TimerEvent: {}
[283.762221] (-) TimerEvent: {}
[283.863327] (-) TimerEvent: {}
[283.964545] (-) TimerEvent: {}
[284.065803] (-) TimerEvent: {}
[284.166971] (-) TimerEvent: {}
[284.268855] (-) TimerEvent: {}
[284.370371] (-) TimerEvent: {}
[284.471893] (-) TimerEvent: {}
[284.573327] (-) TimerEvent: {}
[284.674900] (-) TimerEvent: {}
[284.775782] (-) TimerEvent: {}
[284.876426] (-) TimerEvent: {}
[284.977104] (-) TimerEvent: {}
[285.077947] (-) TimerEvent: {}
[285.178657] (-) TimerEvent: {}
[285.279738] (-) TimerEvent: {}
[285.383606] (-) TimerEvent: {}
[285.484787] (-) TimerEvent: {}
[285.586044] (-) TimerEvent: {}
[285.686986] (-) TimerEvent: {}
[285.787604] (-) TimerEvent: {}
[285.888206] (-) TimerEvent: {}
[285.984053] (rtabmap) StdoutLine: {'line': b'[ 61%] Built target imagesJoiner\n'}
[285.988329] (-) TimerEvent: {}
[286.049746] (rtabmap) StdoutLine: {'line': b'\x1b[35m\x1b[1mScanning dependencies of target euroc_dataset\x1b[0m\n'}
[286.088508] (-) TimerEvent: {}
[286.189243] (-) TimerEvent: {}
[286.241128] (rtabmap) StdoutLine: {'line': b'[ 61%] \x1b[32mBuilding CXX object tools/EurocDataset/CMakeFiles/euroc_dataset.dir/main.cpp.o\x1b[0m\n'}
[286.289364] (-) TimerEvent: {}
[286.389929] (-) TimerEvent: {}
[286.490854] (-) TimerEvent: {}
[286.591944] (-) TimerEvent: {}
[286.693036] (-) TimerEvent: {}
[286.797572] (-) TimerEvent: {}
[286.898847] (-) TimerEvent: {}
[287.001025] (-) TimerEvent: {}
[287.102468] (-) TimerEvent: {}
[287.204569] (-) TimerEvent: {}
[287.314836] (-) TimerEvent: {}
[287.421945] (-) TimerEvent: {}
[287.522892] (-) TimerEvent: {}
[287.627948] (-) TimerEvent: {}
[287.729088] (-) TimerEvent: {}
[287.830479] (-) TimerEvent: {}
[287.930904] (-) TimerEvent: {}
[288.037154] (-) TimerEvent: {}
[288.138005] (-) TimerEvent: {}
[288.239065] (-) TimerEvent: {}
[288.340272] (-) TimerEvent: {}
[288.441280] (-) TimerEvent: {}
[288.541895] (-) TimerEvent: {}
[288.642858] (-) TimerEvent: {}
[288.749452] (-) TimerEvent: {}
[288.851497] (-) TimerEvent: {}
[288.952559] (-) TimerEvent: {}
[289.053950] (-) TimerEvent: {}
[289.155003] (-) TimerEvent: {}
[289.256873] (-) TimerEvent: {}
[289.359175] (-) TimerEvent: {}
[289.460349] (-) TimerEvent: {}
[289.561400] (-) TimerEvent: {}
[289.662173] (-) TimerEvent: {}
[289.762949] (-) TimerEvent: {}
[289.863737] (-) TimerEvent: {}
[289.964184] (-) TimerEvent: {}
[290.064757] (-) TimerEvent: {}
[290.165645] (-) TimerEvent: {}
[290.267251] (-) TimerEvent: {}
[290.368330] (-) TimerEvent: {}
[290.469497] (-) TimerEvent: {}
[290.570645] (-) TimerEvent: {}
[290.671325] (-) TimerEvent: {}
[290.772190] (-) TimerEvent: {}
[290.873243] (-) TimerEvent: {}
[290.974561] (-) TimerEvent: {}
[291.075796] (-) TimerEvent: {}
[291.178526] (-) TimerEvent: {}
[291.281173] (-) TimerEvent: {}
[291.382409] (-) TimerEvent: {}
[291.483674] (-) TimerEvent: {}
[291.585864] (-) TimerEvent: {}
[291.687553] (-) TimerEvent: {}
[291.789236] (-) TimerEvent: {}
[291.891463] (-) TimerEvent: {}
[291.993091] (-) TimerEvent: {}
[292.095269] (-) TimerEvent: {}
[292.197641] (-) TimerEvent: {}
[292.299661] (-) TimerEvent: {}
[292.316734] (rtabmap) StdoutLine: {'line': b'[ 62%] \x1b[32m\x1b[1mLinking CXX executable ../../bin/rtabmap-camera\x1b[0m\n'}
[292.400168] (-) TimerEvent: {}
[292.502155] (-) TimerEvent: {}
[292.604225] (-) TimerEvent: {}
[292.705966] (-) TimerEvent: {}
[292.807045] (-) TimerEvent: {}
[292.908333] (-) TimerEvent: {}
[293.010377] (-) TimerEvent: {}
[293.112740] (-) TimerEvent: {}
[293.214360] (-) TimerEvent: {}
[293.315946] (-) TimerEvent: {}
[293.418236] (-) TimerEvent: {}
[293.522137] (-) TimerEvent: {}
[293.625455] (-) TimerEvent: {}
[293.728353] (-) TimerEvent: {}
[293.833336] (-) TimerEvent: {}
[293.935837] (-) TimerEvent: {}
[294.038714] (-) TimerEvent: {}
[294.141752] (-) TimerEvent: {}
[294.243333] (-) TimerEvent: {}
[294.346319] (-) TimerEvent: {}
[294.449341] (-) TimerEvent: {}
[294.551266] (-) TimerEvent: {}
[294.653424] (-) TimerEvent: {}
[294.755298] (-) TimerEvent: {}
[294.857407] (-) TimerEvent: {}
[294.959537] (-) TimerEvent: {}
[295.061544] (-) TimerEvent: {}
[295.163442] (-) TimerEvent: {}
[295.265449] (-) TimerEvent: {}
[295.368042] (-) TimerEvent: {}
[295.470295] (-) TimerEvent: {}
[295.577072] (-) TimerEvent: {}
[295.679281] (-) TimerEvent: {}
[295.780962] (-) TimerEvent: {}
[295.883188] (-) TimerEvent: {}
[295.985247] (-) TimerEvent: {}
[296.086987] (-) TimerEvent: {}
[296.189036] (-) TimerEvent: {}
[296.290559] (-) TimerEvent: {}
[296.392635] (-) TimerEvent: {}
[296.495489] (-) TimerEvent: {}
[296.608196] (-) TimerEvent: {}
[296.715849] (-) TimerEvent: {}
[296.817370] (-) TimerEvent: {}
[296.920151] (-) TimerEvent: {}
[297.022499] (-) TimerEvent: {}
[297.124121] (-) TimerEvent: {}
[297.226136] (-) TimerEvent: {}
[297.328610] (-) TimerEvent: {}
[297.431065] (-) TimerEvent: {}
[297.533190] (-) TimerEvent: {}
[297.635188] (-) TimerEvent: {}
[297.737029] (-) TimerEvent: {}
[297.838859] (-) TimerEvent: {}
[297.941247] (-) TimerEvent: {}
[298.043712] (-) TimerEvent: {}
[298.146176] (-) TimerEvent: {}
[298.248031] (-) TimerEvent: {}
[298.349977] (-) TimerEvent: {}
[298.451668] (-) TimerEvent: {}
[298.553535] (-) TimerEvent: {}
[298.655706] (-) TimerEvent: {}
[298.758100] (-) TimerEvent: {}
[298.860695] (-) TimerEvent: {}
[298.963029] (-) TimerEvent: {}
[299.064750] (-) TimerEvent: {}
[299.166620] (-) TimerEvent: {}
[299.267750] (-) TimerEvent: {}
[299.368990] (-) TimerEvent: {}
[299.471059] (-) TimerEvent: {}
[299.573303] (-) TimerEvent: {}
[299.675762] (-) TimerEvent: {}
[299.776810] (-) TimerEvent: {}
[299.878636] (-) TimerEvent: {}
[299.980250] (-) TimerEvent: {}
[300.082935] (-) TimerEvent: {}
[300.184769] (-) TimerEvent: {}
[300.287197] (-) TimerEvent: {}
[300.390623] (-) TimerEvent: {}
[300.492899] (-) TimerEvent: {}
[300.595438] (-) TimerEvent: {}
[300.696792] (-) TimerEvent: {}
[300.798823] (-) TimerEvent: {}
[300.900753] (-) TimerEvent: {}
[301.002226] (-) TimerEvent: {}
[301.104562] (-) TimerEvent: {}
[301.205877] (-) TimerEvent: {}
[301.307321] (-) TimerEvent: {}
[301.408635] (-) TimerEvent: {}
[301.510026] (-) TimerEvent: {}
[301.611174] (-) TimerEvent: {}
[301.711904] (-) TimerEvent: {}
[301.813073] (-) TimerEvent: {}
[301.914328] (-) TimerEvent: {}
[302.015533] (-) TimerEvent: {}
[302.116664] (-) TimerEvent: {}
[302.223855] (-) TimerEvent: {}
[302.331613] (-) TimerEvent: {}
[302.435018] (-) TimerEvent: {}
[302.538764] (-) TimerEvent: {}
[302.642210] (-) TimerEvent: {}
[302.745485] (-) TimerEvent: {}
[302.849116] (-) TimerEvent: {}
[302.952107] (-) TimerEvent: {}
[303.054575] (-) TimerEvent: {}
[303.157815] (-) TimerEvent: {}
[303.259921] (-) TimerEvent: {}
[303.361810] (-) TimerEvent: {}
[303.462702] (-) TimerEvent: {}
[303.564032] (-) TimerEvent: {}
[303.666093] (-) TimerEvent: {}
[303.768488] (-) TimerEvent: {}
[303.874001] (-) TimerEvent: {}
[303.976913] (-) TimerEvent: {}
[304.079942] (-) TimerEvent: {}
[304.181394] (-) TimerEvent: {}
[304.283248] (-) TimerEvent: {}
[304.385665] (-) TimerEvent: {}
[304.488307] (-) TimerEvent: {}
[304.591281] (-) TimerEvent: {}
[304.693301] (-) TimerEvent: {}
[304.796544] (-) TimerEvent: {}
[304.898976] (-) TimerEvent: {}
[305.001081] (-) TimerEvent: {}
[305.103423] (-) TimerEvent: {}
[305.205916] (-) TimerEvent: {}
[305.308474] (-) TimerEvent: {}
[305.410687] (-) TimerEvent: {}
[305.512980] (-) TimerEvent: {}
[305.616404] (-) TimerEvent: {}
[305.718759] (-) TimerEvent: {}
[305.822186] (-) TimerEvent: {}
[305.925451] (-) TimerEvent: {}
[306.027709] (-) TimerEvent: {}
[306.130488] (-) TimerEvent: {}
[306.234019] (-) TimerEvent: {}
[306.337639] (-) TimerEvent: {}
[306.439874] (-) TimerEvent: {}
[306.542132] (-) TimerEvent: {}
[306.644330] (-) TimerEvent: {}
[306.746071] (-) TimerEvent: {}
[306.847724] (-) TimerEvent: {}
[306.949692] (-) TimerEvent: {}
[307.053088] (-) TimerEvent: {}
[307.155102] (-) TimerEvent: {}
[307.256853] (-) TimerEvent: {}
[307.364372] (-) TimerEvent: {}
[307.467446] (-) TimerEvent: {}
[307.507919] (rtabmap) StdoutLine: {'line': b'[ 62%] Built target camera\n'}
[307.513895] (rtabmap) StdoutLine: {'line': b'[ 62%] \x1b[32m\x1b[1mLinking CXX executable ../../bin/rtabmap-stereoEval\x1b[0m\n'}
[307.567866] (-) TimerEvent: {}
[307.669395] (-) TimerEvent: {}
[307.674687] (rtabmap) StdoutLine: {'line': b'\x1b[35m\x1b[1mScanning dependencies of target recovery\x1b[0m\n'}
[307.769941] (-) TimerEvent: {}
[307.807014] (rtabmap) StdoutLine: {'line': b'[ 62%] \x1b[32mBuilding CXX object tools/Recovery/CMakeFiles/recovery.dir/main.cpp.o\x1b[0m\n'}
[307.870413] (-) TimerEvent: {}
[307.972972] (-) TimerEvent: {}
[308.074623] (-) TimerEvent: {}
[308.176911] (-) TimerEvent: {}
[308.278866] (-) TimerEvent: {}
[308.380796] (-) TimerEvent: {}
[308.482761] (-) TimerEvent: {}
[308.584153] (-) TimerEvent: {}
[308.685311] (-) TimerEvent: {}
[308.787964] (-) TimerEvent: {}
[308.890411] (-) TimerEvent: {}
[308.992455] (-) TimerEvent: {}
[309.094993] (-) TimerEvent: {}
[309.198283] (-) TimerEvent: {}
[309.301555] (-) TimerEvent: {}
[309.404734] (-) TimerEvent: {}
[309.507125] (-) TimerEvent: {}
[309.609465] (-) TimerEvent: {}
[309.711446] (-) TimerEvent: {}
[309.813721] (-) TimerEvent: {}
[309.915134] (-) TimerEvent: {}
[310.017041] (-) TimerEvent: {}
[310.119636] (-) TimerEvent: {}
[310.161310] (rtabmap) StdoutLine: {'line': b'[ 62%] \x1b[32m\x1b[1mLinking CXX executable ../../bin/rtabmap-recovery\x1b[0m\n'}
[310.220054] (-) TimerEvent: {}
[310.327950] (-) TimerEvent: {}
[310.429513] (-) TimerEvent: {}
[310.530598] (-) TimerEvent: {}
[310.632028] (-) TimerEvent: {}
[310.733516] (-) TimerEvent: {}
[310.835298] (-) TimerEvent: {}
[310.937047] (-) TimerEvent: {}
[311.039511] (-) TimerEvent: {}
[311.141865] (-) TimerEvent: {}
[311.243245] (-) TimerEvent: {}
[311.344394] (-) TimerEvent: {}
[311.445478] (-) TimerEvent: {}
[311.546508] (-) TimerEvent: {}
[311.647631] (-) TimerEvent: {}
[311.749847] (-) TimerEvent: {}
[311.851703] (-) TimerEvent: {}
[311.953947] (-) TimerEvent: {}
[312.057139] (-) TimerEvent: {}
[312.159145] (-) TimerEvent: {}
[312.260718] (-) TimerEvent: {}
[312.362455] (-) TimerEvent: {}
[312.464760] (-) TimerEvent: {}
[312.569769] (-) TimerEvent: {}
[312.673564] (-) TimerEvent: {}
[312.776843] (-) TimerEvent: {}
[312.878971] (-) TimerEvent: {}
[312.986506] (-) TimerEvent: {}
[313.089538] (-) TimerEvent: {}
[313.192685] (-) TimerEvent: {}
[313.294875] (-) TimerEvent: {}
[313.397235] (-) TimerEvent: {}
[313.499071] (-) TimerEvent: {}
[313.601339] (-) TimerEvent: {}
[313.703069] (-) TimerEvent: {}
[313.805304] (-) TimerEvent: {}
[313.906833] (-) TimerEvent: {}
[314.008603] (-) TimerEvent: {}
[314.110972] (-) TimerEvent: {}
[314.213317] (-) TimerEvent: {}
[314.317965] (-) TimerEvent: {}
[314.421897] (-) TimerEvent: {}
[314.523816] (-) TimerEvent: {}
[314.625680] (-) TimerEvent: {}
[314.727713] (-) TimerEvent: {}
[314.829086] (-) TimerEvent: {}
[314.930291] (-) TimerEvent: {}
[315.032177] (-) TimerEvent: {}
[315.135281] (-) TimerEvent: {}
[315.236179] (-) TimerEvent: {}
[315.337286] (-) TimerEvent: {}
[315.437928] (-) TimerEvent: {}
[315.538495] (-) TimerEvent: {}
[315.639085] (-) TimerEvent: {}
[315.739685] (-) TimerEvent: {}
[315.840236] (-) TimerEvent: {}
[315.940867] (-) TimerEvent: {}
[316.041565] (-) TimerEvent: {}
[316.142085] (-) TimerEvent: {}
[316.242648] (-) TimerEvent: {}
[316.343325] (-) TimerEvent: {}
[316.444013] (-) TimerEvent: {}
[316.544634] (-) TimerEvent: {}
[316.645292] (-) TimerEvent: {}
[316.746041] (-) TimerEvent: {}
[316.846728] (-) TimerEvent: {}
[316.947466] (-) TimerEvent: {}
[317.048191] (-) TimerEvent: {}
[317.148907] (-) TimerEvent: {}
[317.249709] (-) TimerEvent: {}
[317.350492] (-) TimerEvent: {}
[317.451362] (-) TimerEvent: {}
[317.552276] (-) TimerEvent: {}
[317.655475] (-) TimerEvent: {}
[317.756187] (-) TimerEvent: {}
[317.856924] (-) TimerEvent: {}
[317.957617] (-) TimerEvent: {}
[318.058600] (-) TimerEvent: {}
[318.159318] (-) TimerEvent: {}
[318.260036] (-) TimerEvent: {}
[318.360710] (-) TimerEvent: {}
[318.400055] (rtabmap) StdoutLine: {'line': b'[ 62%] Built target recovery\n'}
[318.461116] (-) TimerEvent: {}
[318.500573] (rtabmap) StdoutLine: {'line': b'[ 62%] Built target stereoEval\n'}
[318.561406] (-) TimerEvent: {}
[318.662436] (-) TimerEvent: {}
[318.763481] (-) TimerEvent: {}
[318.864493] (-) TimerEvent: {}
[318.965432] (-) TimerEvent: {}
[319.066356] (-) TimerEvent: {}
[319.167309] (-) TimerEvent: {}
[319.268406] (-) TimerEvent: {}
[319.286045] (rtabmap) StdoutLine: {'line': b'[ 62%] \x1b[32m\x1b[1mLinking CXX executable ../../bin/rtabmap-console\x1b[0m\n'}
[319.368758] (-) TimerEvent: {}
[319.469899] (-) TimerEvent: {}
[319.570891] (-) TimerEvent: {}
[319.672434] (-) TimerEvent: {}
[319.773490] (-) TimerEvent: {}
[319.874573] (-) TimerEvent: {}
[319.975699] (-) TimerEvent: {}
[320.077168] (-) TimerEvent: {}
[320.178290] (-) TimerEvent: {}
[320.279538] (-) TimerEvent: {}
[320.380647] (-) TimerEvent: {}
[320.481955] (-) TimerEvent: {}
[320.583629] (-) TimerEvent: {}
[320.685304] (-) TimerEvent: {}
[320.786624] (-) TimerEvent: {}
[320.890373] (-) TimerEvent: {}
[320.991879] (-) TimerEvent: {}
[321.093071] (-) TimerEvent: {}
[321.123263] (rtabmap) StdoutLine: {'line': b'[ 62%] \x1b[32m\x1b[1mLinking CXX executable ../../bin/rtabmap-kitti_dataset\x1b[0m\n'}
[321.193383] (-) TimerEvent: {}
[321.294982] (-) TimerEvent: {}
[321.396021] (-) TimerEvent: {}
[321.497573] (-) TimerEvent: {}
[321.598610] (-) TimerEvent: {}
[321.699752] (-) TimerEvent: {}
[321.801017] (-) TimerEvent: {}
[321.902215] (-) TimerEvent: {}
[322.003628] (-) TimerEvent: {}
[322.104717] (-) TimerEvent: {}
[322.205487] (-) TimerEvent: {}
[322.306333] (-) TimerEvent: {}
[322.312735] (rtabmap) StdoutLine: {'line': b'[ 62%] Built target rtabmap_gui_autogen\n'}
[322.406503] (-) TimerEvent: {}
[322.507103] (-) TimerEvent: {}
[322.607749] (-) TimerEvent: {}
[322.708525] (-) TimerEvent: {}
[322.809254] (-) TimerEvent: {}
[322.909970] (-) TimerEvent: {}
[323.010698] (-) TimerEvent: {}
[323.111226] (-) TimerEvent: {}
[323.211755] (-) TimerEvent: {}
[323.307546] (rtabmap) StdoutLine: {'line': b'[ 62%] Built target consoleApp\n'}
[323.311911] (-) TimerEvent: {}
[323.412534] (-) TimerEvent: {}
[323.513353] (-) TimerEvent: {}
[323.613842] (-) TimerEvent: {}
[323.714488] (-) TimerEvent: {}
[323.815207] (-) TimerEvent: {}
[323.915850] (-) TimerEvent: {}
[324.016462] (-) TimerEvent: {}
[324.116993] (-) TimerEvent: {}
[324.161317] (rtabmap) StdoutLine: {'line': b'[ 62%] Built target kitti_dataset\n'}
[324.217118] (-) TimerEvent: {}
[324.317544] (-) TimerEvent: {}
[324.417969] (-) TimerEvent: {}
[324.518470] (-) TimerEvent: {}
[324.618930] (-) TimerEvent: {}
[324.719393] (-) TimerEvent: {}
[324.819895] (-) TimerEvent: {}
[324.920339] (-) TimerEvent: {}
[325.020817] (-) TimerEvent: {}
[325.121276] (-) TimerEvent: {}
[325.178608] (rtabmap) StdoutLine: {'line': b'\x1b[35m\x1b[1mScanning dependencies of target cleanupLocalGrids\x1b[0m\n'}
[325.221485] (-) TimerEvent: {}
[325.238081] (rtabmap) StdoutLine: {'line': b'[ 62%] \x1b[32mBuilding CXX object tools/CleanupLocalGrids/CMakeFiles/cleanupLocalGrids.dir/main.cpp.o\x1b[0m\n'}
[325.321618] (-) TimerEvent: {}
[325.422091] (-) TimerEvent: {}
[325.522644] (-) TimerEvent: {}
[325.623245] (-) TimerEvent: {}
[325.723766] (-) TimerEvent: {}
[325.824274] (-) TimerEvent: {}
[325.867769] (rtabmap) StdoutLine: {'line': b'[ 62%] \x1b[32m\x1b[1mLinking CXX executable ../../bin/rtabmap-euroc_dataset\x1b[0m\n'}
[325.924460] (-) TimerEvent: {}
[325.995873] (rtabmap) StdoutLine: {'line': b'[ 62%] \x1b[32m\x1b[1mLinking CXX executable ../../bin/rtabmap-rgbd_dataset\x1b[0m\n'}
[326.024628] (-) TimerEvent: {}
[326.125316] (-) TimerEvent: {}
[326.225861] (-) TimerEvent: {}
[326.245416] (rtabmap) StdoutLine: {'line': b'\x1b[35m\x1b[1mScanning dependencies of target info\x1b[0m\n'}
[326.326061] (-) TimerEvent: {}
[326.347900] (rtabmap) StdoutLine: {'line': b'[ 62%] \x1b[32mBuilding CXX object tools/Info/CMakeFiles/info.dir/main.cpp.o\x1b[0m\n'}
[326.426320] (-) TimerEvent: {}
[326.527111] (-) TimerEvent: {}
[326.627976] (-) TimerEvent: {}
[326.728633] (-) TimerEvent: {}
[326.829402] (-) TimerEvent: {}
[326.929990] (-) TimerEvent: {}
[327.030625] (-) TimerEvent: {}
[327.131191] (-) TimerEvent: {}
[327.231945] (-) TimerEvent: {}
[327.332488] (-) TimerEvent: {}
[327.343605] (rtabmap) StdoutLine: {'line': b'\x1b[35m\x1b[1mScanning dependencies of target export\x1b[0m\n'}
[327.432621] (-) TimerEvent: {}
[327.478806] (rtabmap) StdoutLine: {'line': b'[ 63%] \x1b[32mBuilding CXX object tools/Export/CMakeFiles/export.dir/main.cpp.o\x1b[0m\n'}
[327.532776] (-) TimerEvent: {}
[327.633363] (-) TimerEvent: {}
[327.733932] (-) TimerEvent: {}
[327.834483] (-) TimerEvent: {}
[327.935074] (-) TimerEvent: {}
[328.035671] (-) TimerEvent: {}
[328.136251] (-) TimerEvent: {}
[328.144172] (rtabmap) StdoutLine: {'line': b'[ 63%] Built target rgbd_dataset\n'}
[328.152732] (rtabmap) StdoutLine: {'line': b'\x1b[35m\x1b[1mScanning dependencies of target detectMoreLoopClosures\x1b[0m\n'}
[328.157821] (rtabmap) StdoutLine: {'line': b'\x1b[35m\x1b[1mScanning dependencies of target reprocess\x1b[0m\n'}
[328.236446] (-) TimerEvent: {}
[328.256334] (rtabmap) StdoutLine: {'line': b'[ 64%] \x1b[32mBuilding CXX object tools/Reprocess/CMakeFiles/reprocess.dir/main.cpp.o\x1b[0m\n'}
[328.273543] (rtabmap) StdoutLine: {'line': b'[ 64%] \x1b[32mBuilding CXX object tools/DetectMoreLoopClosures/CMakeFiles/detectMoreLoopClosures.dir/main.cpp.o\x1b[0m\n'}
[328.336587] (-) TimerEvent: {}
[328.437248] (-) TimerEvent: {}
[328.537839] (-) TimerEvent: {}
[328.638451] (-) TimerEvent: {}
[328.739154] (-) TimerEvent: {}
[328.809081] (rtabmap) StdoutLine: {'line': b'[ 64%] Built target euroc_dataset\n'}
[328.833044] (rtabmap) StdoutLine: {'line': b'\x1b[35m\x1b[1mScanning dependencies of target globalBundleAdjustment\x1b[0m\n'}
[328.839269] (-) TimerEvent: {}
[328.926980] (rtabmap) StdoutLine: {'line': b'[ 64%] \x1b[32mBuilding CXX object tools/GlobalBundleAdjustment/CMakeFiles/globalBundleAdjustment.dir/main.cpp.o\x1b[0m\n'}
[328.939407] (-) TimerEvent: {}
[329.040018] (-) TimerEvent: {}
[329.140581] (-) TimerEvent: {}
[329.241221] (-) TimerEvent: {}
[329.341791] (-) TimerEvent: {}
[329.442480] (-) TimerEvent: {}
[329.543097] (-) TimerEvent: {}
[329.643684] (-) TimerEvent: {}
[329.744266] (-) TimerEvent: {}
[329.844862] (-) TimerEvent: {}
[329.945498] (-) TimerEvent: {}
[330.046100] (-) TimerEvent: {}
[330.146749] (-) TimerEvent: {}
[330.247342] (-) TimerEvent: {}
[330.347923] (-) TimerEvent: {}
[330.448536] (-) TimerEvent: {}
[330.549131] (-) TimerEvent: {}
[330.649729] (-) TimerEvent: {}
[330.750370] (-) TimerEvent: {}
[330.851002] (-) TimerEvent: {}
[330.952749] (-) TimerEvent: {}
[331.053550] (-) TimerEvent: {}
[331.154164] (-) TimerEvent: {}
[331.254824] (-) TimerEvent: {}
[331.355552] (-) TimerEvent: {}
[331.456189] (-) TimerEvent: {}
[331.556760] (-) TimerEvent: {}
[331.657446] (-) TimerEvent: {}
[331.758026] (-) TimerEvent: {}
[331.858609] (-) TimerEvent: {}
[331.959211] (-) TimerEvent: {}
[332.059850] (-) TimerEvent: {}
[332.160448] (-) TimerEvent: {}
[332.261007] (-) TimerEvent: {}
[332.361580] (-) TimerEvent: {}
[332.462165] (-) TimerEvent: {}
[332.562703] (-) TimerEvent: {}
[332.663288] (-) TimerEvent: {}
[332.763915] (-) TimerEvent: {}
[332.864544] (-) TimerEvent: {}
[332.965253] (-) TimerEvent: {}
[333.065868] (-) TimerEvent: {}
[333.166479] (-) TimerEvent: {}
[333.267093] (-) TimerEvent: {}
[333.367711] (-) TimerEvent: {}
[333.468320] (-) TimerEvent: {}
[333.568945] (-) TimerEvent: {}
[333.669563] (-) TimerEvent: {}
[333.770283] (-) TimerEvent: {}
[333.870873] (-) TimerEvent: {}
[333.971473] (-) TimerEvent: {}
[334.072064] (-) TimerEvent: {}
[334.172689] (-) TimerEvent: {}
[334.273375] (-) TimerEvent: {}
[334.374332] (-) TimerEvent: {}
[334.474836] (-) TimerEvent: {}
[334.575445] (-) TimerEvent: {}
[334.676066] (-) TimerEvent: {}
[334.776786] (-) TimerEvent: {}
[334.877387] (-) TimerEvent: {}
[334.977970] (-) TimerEvent: {}
[335.078569] (-) TimerEvent: {}
[335.179158] (-) TimerEvent: {}
[335.190081] (rtabmap) StdoutLine: {'line': b'[ 65%] \x1b[32m\x1b[1mLinking CXX executable ../../bin/rtabmap-cleanupLocalGrids\x1b[0m\n'}
[335.279380] (-) TimerEvent: {}
[335.380124] (-) TimerEvent: {}
[335.480739] (-) TimerEvent: {}
[335.581908] (-) TimerEvent: {}
[335.682586] (-) TimerEvent: {}
[335.783240] (-) TimerEvent: {}
[335.884023] (-) TimerEvent: {}
[335.985945] (-) TimerEvent: {}
[336.086737] (-) TimerEvent: {}
[336.187517] (-) TimerEvent: {}
[336.288311] (-) TimerEvent: {}
[336.389097] (-) TimerEvent: {}
[336.489998] (-) TimerEvent: {}
[336.590704] (-) TimerEvent: {}
[336.691377] (-) TimerEvent: {}
[336.792071] (-) TimerEvent: {}
[336.892712] (-) TimerEvent: {}
[336.993403] (-) TimerEvent: {}
[337.094114] (-) TimerEvent: {}
[337.194739] (-) TimerEvent: {}
[337.295396] (-) TimerEvent: {}
[337.396114] (-) TimerEvent: {}
[337.496935] (-) TimerEvent: {}
[337.599187] (-) TimerEvent: {}
[337.699915] (-) TimerEvent: {}
[337.800694] (-) TimerEvent: {}
[337.901477] (-) TimerEvent: {}
[338.002155] (-) TimerEvent: {}
[338.093627] (rtabmap) StdoutLine: {'line': b'[ 65%] Built target cleanupLocalGrids\n'}
[338.102287] (-) TimerEvent: {}
[338.114649] (rtabmap) StdoutLine: {'line': b'\x1b[35m\x1b[1mScanning dependencies of target lidar_viewer\x1b[0m\n'}
[338.126331] (rtabmap) StdoutLine: {'line': b'[ 66%] \x1b[34m\x1b[1mAutomatic RCC for GuiLib.qrc\x1b[0m\n'}
[338.202428] (-) TimerEvent: {}
[338.211493] (rtabmap) StdoutLine: {'line': b'[ 66%] \x1b[34m\x1b[1m[Creating resources]\x1b[0m\n'}
[338.219241] (rtabmap) StdoutLine: {'line': b' Using namespace=rtabmap\n'}
[338.219554] (rtabmap) StdoutLine: {'line': b' Using target directory=/home/deepak/electronic_ws/build/rtabmap/guilib/src\n'}
[338.219803] (rtabmap) StdoutLine: {'line': b'Input file "/home/deepak/electronic_ws/src/rtabmap/data/presets/camera_tof_icp.ini" size = 687 bytes\n'}
[338.220071] (rtabmap) StdoutLine: {'line': b'Output file "/home/deepak/electronic_ws/build/rtabmap/guilib/src/camera_tof_icp_ini.h" size = 1571 bytes\n'}
[338.220507] (rtabmap) StdoutLine: {'line': b'Input file "/home/deepak/electronic_ws/src/rtabmap/data/presets/lidar3d_icp.ini" size = 1137 bytes\n'}
[338.220735] (rtabmap) StdoutLine: {'line': b'Output file "/home/deepak/electronic_ws/build/rtabmap/guilib/src/lidar3d_icp_ini.h" size = 2465 bytes\n'}
[338.251175] (rtabmap) StdoutLine: {'line': b'\x1b[35m\x1b[1mScanning dependencies of target rtabmap_gui\x1b[0m\n'}
[338.302602] (-) TimerEvent: {}
[338.307608] (rtabmap) StdoutLine: {'line': b'[ 66%] \x1b[32mBuilding CXX object tools/LidarViewer/CMakeFiles/lidar_viewer.dir/main.cpp.o\x1b[0m\n'}
[338.402753] (-) TimerEvent: {}
[338.503269] (-) TimerEvent: {}
[338.578208] (rtabmap) StdoutLine: {'line': b'[ 66%] \x1b[32m\x1b[1mLinking CXX executable ../../bin/rtabmap-info\x1b[0m\n'}
[338.603429] (-) TimerEvent: {}
[338.703903] (-) TimerEvent: {}
[338.804371] (-) TimerEvent: {}
[338.905079] (-) TimerEvent: {}
[339.005622] (-) TimerEvent: {}
[339.106156] (-) TimerEvent: {}
[339.206758] (-) TimerEvent: {}
[339.294684] (rtabmap) StdoutLine: {'line': b'[ 66%] \x1b[32mBuilding CXX object guilib/src/CMakeFiles/rtabmap_gui.dir/rtabmap_gui_autogen/mocs_compilation.cpp.o\x1b[0m\n'}
[339.306953] (-) TimerEvent: {}
[339.407798] (-) TimerEvent: {}
[339.508551] (-) TimerEvent: {}
[339.609576] (-) TimerEvent: {}
[339.710334] (-) TimerEvent: {}
[339.811200] (-) TimerEvent: {}
[339.911854] (-) TimerEvent: {}
[340.012506] (-) TimerEvent: {}
[340.113164] (-) TimerEvent: {}
[340.213858] (-) TimerEvent: {}
[340.314665] (-) TimerEvent: {}
[340.415414] (-) TimerEvent: {}
[340.516104] (-) TimerEvent: {}
[340.616719] (-) TimerEvent: {}
[340.717363] (-) TimerEvent: {}
[340.818006] (-) TimerEvent: {}
[340.918672] (-) TimerEvent: {}
[341.019354] (-) TimerEvent: {}
[341.117719] (rtabmap) StdoutLine: {'line': b'[ 66%] \x1b[32m\x1b[1mLinking CXX executable ../../bin/rtabmap-extractObject\x1b[0m\n'}
[341.118582] (rtabmap) StdoutLine: {'line': b'[ 67%] \x1b[32m\x1b[1mLinking CXX executable ../../bin/rtabmap-globalBundleAdjustment\x1b[0m\n'}
[341.119427] (-) TimerEvent: {}
[341.220016] (-) TimerEvent: {}
[341.325795] (-) TimerEvent: {}
[341.434921] (-) TimerEvent: {}
[341.549033] (-) TimerEvent: {}
[341.562265] (rtabmap) StdoutLine: {'line': b'[ 67%] Built target info\n'}
[341.618268] (rtabmap) StdoutLine: {'line': b'[ 67%] \x1b[32mBuilding CXX object guilib/src/CMakeFiles/rtabmap_gui.dir/MainWindow.cpp.o\x1b[0m\n'}
[341.649242] (-) TimerEvent: {}
[341.750079] (-) TimerEvent: {}
[341.851331] (-) TimerEvent: {}
[341.952130] (-) TimerEvent: {}
[342.052960] (-) TimerEvent: {}
[342.154042] (-) TimerEvent: {}
[342.255106] (-) TimerEvent: {}
[342.355943] (-) TimerEvent: {}
[342.456665] (-) TimerEvent: {}
[342.557364] (-) TimerEvent: {}
[342.658425] (-) TimerEvent: {}
[342.759432] (-) TimerEvent: {}
[342.860337] (-) TimerEvent: {}
[342.961190] (-) TimerEvent: {}
[343.061989] (-) TimerEvent: {}
[343.162716] (-) TimerEvent: {}
[343.263323] (-) TimerEvent: {}
[343.364347] (-) TimerEvent: {}
[343.465266] (-) TimerEvent: {}
[343.565977] (-) TimerEvent: {}
[343.666631] (-) TimerEvent: {}
[343.767335] (-) TimerEvent: {}
[343.868150] (-) TimerEvent: {}
[343.968810] (-) TimerEvent: {}
[344.069535] (-) TimerEvent: {}
[344.170253] (-) TimerEvent: {}
[344.271043] (-) TimerEvent: {}
[344.371935] (-) TimerEvent: {}
[344.472673] (-) TimerEvent: {}
[344.573364] (-) TimerEvent: {}
[344.673983] (-) TimerEvent: {}
[344.774672] (-) TimerEvent: {}
[344.875221] (-) TimerEvent: {}
[344.975730] (-) TimerEvent: {}
[345.076309] (-) TimerEvent: {}
[345.176932] (-) TimerEvent: {}
[345.198866] (rtabmap) StdoutLine: {'line': b'[ 67%] Built target globalBundleAdjustment\n'}
[345.220296] (rtabmap) StdoutLine: {'line': b'[ 68%] \x1b[32mBuilding CXX object guilib/src/CMakeFiles/rtabmap_gui.dir/PreferencesDialog.cpp.o\x1b[0m\n'}
[345.277056] (-) TimerEvent: {}
[345.377569] (-) TimerEvent: {}
[345.478172] (-) TimerEvent: {}
[345.578751] (-) TimerEvent: {}
[345.679296] (-) TimerEvent: {}
[345.779847] (-) TimerEvent: {}
[345.880584] (-) TimerEvent: {}
[345.981129] (-) TimerEvent: {}
[346.040475] (rtabmap) StdoutLine: {'line': b'[ 68%] Built target extractObject\n'}
[346.055063] (rtabmap) StdoutLine: {'line': b'[ 68%] \x1b[32mBuilding CXX object guilib/src/CMakeFiles/rtabmap_gui.dir/KeypointItem.cpp.o\x1b[0m\n'}
[346.081261] (-) TimerEvent: {}
[346.181743] (-) TimerEvent: {}
[346.282214] (-) TimerEvent: {}
[346.382708] (-) TimerEvent: {}
[346.483214] (-) TimerEvent: {}
[346.583704] (-) TimerEvent: {}
[346.684227] (-) TimerEvent: {}
[346.784762] (-) TimerEvent: {}
[346.885304] (-) TimerEvent: {}
[346.985770] (-) TimerEvent: {}
[347.086249] (-) TimerEvent: {}
[347.186730] (-) TimerEvent: {}
[347.287248] (-) TimerEvent: {}
[347.387749] (-) TimerEvent: {}
[347.488254] (-) TimerEvent: {}
[347.588730] (-) TimerEvent: {}
[347.689231] (-) TimerEvent: {}
[347.789738] (-) TimerEvent: {}
[347.890188] (-) TimerEvent: {}
[347.990653] (-) TimerEvent: {}
[348.091157] (-) TimerEvent: {}
[348.191766] (-) TimerEvent: {}
[348.292274] (-) TimerEvent: {}
[348.336985] (rtabmap) StdoutLine: {'line': b'[ 69%] \x1b[32mBuilding CXX object guilib/src/CMakeFiles/rtabmap_gui.dir/ImageView.cpp.o\x1b[0m\n'}
[348.392465] (-) TimerEvent: {}
[348.493077] (-) TimerEvent: {}
[348.593566] (-) TimerEvent: {}
[348.694077] (-) TimerEvent: {}
[348.794629] (-) TimerEvent: {}
[348.895092] (-) TimerEvent: {}
[348.995615] (-) TimerEvent: {}
[349.096187] (-) TimerEvent: {}
[349.196729] (-) TimerEvent: {}
[349.297198] (-) TimerEvent: {}
[349.397647] (-) TimerEvent: {}
[349.498115] (-) TimerEvent: {}
[349.598588] (-) TimerEvent: {}
[349.699231] (-) TimerEvent: {}
[349.799837] (-) TimerEvent: {}
[349.900385] (-) TimerEvent: {}
[350.000979] (-) TimerEvent: {}
[350.101555] (-) TimerEvent: {}
[350.202133] (-) TimerEvent: {}
[350.302629] (-) TimerEvent: {}
[350.403170] (-) TimerEvent: {}
[350.503741] (-) TimerEvent: {}
[350.604570] (-) TimerEvent: {}
[350.705440] (-) TimerEvent: {}
[350.806182] (-) TimerEvent: {}
[350.906669] (-) TimerEvent: {}
[351.008108] (-) TimerEvent: {}
[351.109007] (-) TimerEvent: {}
[351.209646] (-) TimerEvent: {}
[351.310346] (-) TimerEvent: {}
[351.411022] (-) TimerEvent: {}
[351.512433] (-) TimerEvent: {}
[351.613155] (-) TimerEvent: {}
[351.713706] (-) TimerEvent: {}
[351.814351] (-) TimerEvent: {}
[351.915019] (-) TimerEvent: {}
[352.015744] (-) TimerEvent: {}
[352.116309] (-) TimerEvent: {}
[352.217019] (-) TimerEvent: {}
[352.257194] (rtabmap) StdoutLine: {'line': b'[ 69%] \x1b[32m\x1b[1mLinking CXX executable ../../bin/rtabmap-reprocess\x1b[0m\n'}
[352.317174] (-) TimerEvent: {}
[352.417976] (-) TimerEvent: {}
[352.519016] (-) TimerEvent: {}
[352.619789] (-) TimerEvent: {}
[352.720375] (-) TimerEvent: {}
[352.820956] (-) TimerEvent: {}
[352.921542] (-) TimerEvent: {}
[353.022136] (-) TimerEvent: {}
[353.123030] (-) TimerEvent: {}
[353.223880] (-) TimerEvent: {}
[353.324556] (-) TimerEvent: {}
[353.425435] (-) TimerEvent: {}
[353.526023] (-) TimerEvent: {}
[353.626703] (-) TimerEvent: {}
[353.727221] (-) TimerEvent: {}
[353.827885] (-) TimerEvent: {}
[353.928656] (-) TimerEvent: {}
[354.029367] (-) TimerEvent: {}
[354.130122] (-) TimerEvent: {}
[354.230830] (-) TimerEvent: {}
[354.331442] (-) TimerEvent: {}
[354.431960] (-) TimerEvent: {}
[354.489292] (rtabmap) StdoutLine: {'line': b'[ 70%] \x1b[32m\x1b[1mLinking CXX executable ../../bin/rtabmap-detectMoreLoopClosures\x1b[0m\n'}
[354.532127] (-) TimerEvent: {}
[354.632831] (-) TimerEvent: {}
[354.733660] (-) TimerEvent: {}
[354.834675] (-) TimerEvent: {}
[354.935390] (-) TimerEvent: {}
[355.036246] (-) TimerEvent: {}
[355.137035] (-) TimerEvent: {}
[355.237857] (-) TimerEvent: {}
[355.338724] (-) TimerEvent: {}
[355.439352] (-) TimerEvent: {}
[355.540029] (-) TimerEvent: {}
[355.640792] (-) TimerEvent: {}
[355.741384] (-) TimerEvent: {}
[355.842015] (-) TimerEvent: {}
[355.942660] (-) TimerEvent: {}
[356.043210] (-) TimerEvent: {}
[356.103253] (rtabmap) StdoutLine: {'line': b'[ 70%] Built target reprocess\n'}
[356.118729] (rtabmap) StdoutLine: {'line': b'[ 70%] \x1b[32mBuilding CXX object guilib/src/CMakeFiles/rtabmap_gui.dir/PdfPlot.cpp.o\x1b[0m\n'}
[356.143362] (-) TimerEvent: {}
[356.244039] (-) TimerEvent: {}
[356.344839] (-) TimerEvent: {}
[356.445485] (-) TimerEvent: {}
[356.546198] (-) TimerEvent: {}
[356.646852] (-) TimerEvent: {}
[356.747497] (-) TimerEvent: {}
[356.848185] (-) TimerEvent: {}
[356.948877] (-) TimerEvent: {}
[357.049526] (-) TimerEvent: {}
[357.150059] (-) TimerEvent: {}
[357.250569] (-) TimerEvent: {}
[357.351068] (-) TimerEvent: {}
[357.396128] (rtabmap) StdoutLine: {'line': b'[ 70%] Built target detectMoreLoopClosures\n'}
[357.410416] (rtabmap) StdoutLine: {'line': b'[ 70%] \x1b[32mBuilding CXX object guilib/src/CMakeFiles/rtabmap_gui.dir/StatsToolBox.cpp.o\x1b[0m\n'}
[357.451204] (-) TimerEvent: {}
[357.551666] (-) TimerEvent: {}
[357.652112] (-) TimerEvent: {}
[357.752567] (-) TimerEvent: {}
[357.853043] (-) TimerEvent: {}
[357.953519] (-) TimerEvent: {}
[358.054030] (-) TimerEvent: {}
[358.154535] (-) TimerEvent: {}
[358.255044] (-) TimerEvent: {}
[358.355523] (-) TimerEvent: {}
[358.456004] (-) TimerEvent: {}
[358.556493] (-) TimerEvent: {}
[358.656993] (-) TimerEvent: {}
[358.757467] (-) TimerEvent: {}
[358.857953] (-) TimerEvent: {}
[358.958471] (-) TimerEvent: {}
[359.058969] (-) TimerEvent: {}
[359.159478] (-) TimerEvent: {}
[359.259999] (-) TimerEvent: {}
[359.360527] (-) TimerEvent: {}
[359.461030] (-) TimerEvent: {}
[359.561536] (-) TimerEvent: {}
[359.662005] (-) TimerEvent: {}
[359.762572] (-) TimerEvent: {}
[359.863408] (-) TimerEvent: {}
[359.964040] (-) TimerEvent: {}
[360.064639] (-) TimerEvent: {}
[360.165255] (-) TimerEvent: {}
[360.265850] (-) TimerEvent: {}
[360.366492] (-) TimerEvent: {}
[360.466979] (-) TimerEvent: {}
[360.567649] (-) TimerEvent: {}
[360.668304] (-) TimerEvent: {}
[360.768971] (-) TimerEvent: {}
[360.869584] (-) TimerEvent: {}
[360.970386] (-) TimerEvent: {}
[361.070949] (-) TimerEvent: {}
[361.184174] (-) TimerEvent: {}
[361.284652] (-) TimerEvent: {}
[361.287417] (rtabmap) StdoutLine: {'line': b'[ 71%] \x1b[32mBuilding CXX object guilib/src/CMakeFiles/rtabmap_gui.dir/ProgressDialog.cpp.o\x1b[0m\n'}
[361.384835] (-) TimerEvent: {}
[361.485371] (-) TimerEvent: {}
[361.585858] (-) TimerEvent: {}
[361.686332] (-) TimerEvent: {}
[361.786868] (-) TimerEvent: {}
[361.887581] (-) TimerEvent: {}
[361.988097] (-) TimerEvent: {}
[362.088589] (-) TimerEvent: {}
[362.189115] (-) TimerEvent: {}
[362.289590] (-) TimerEvent: {}
[362.390110] (-) TimerEvent: {}
[362.490726] (-) TimerEvent: {}
[362.591298] (-) TimerEvent: {}
[362.692020] (-) TimerEvent: {}
[362.792510] (-) TimerEvent: {}
[362.887046] (rtabmap) StdoutLine: {'line': b'[ 71%] \x1b[32mBuilding CXX object guilib/src/CMakeFiles/rtabmap_gui.dir/AboutDialog.cpp.o\x1b[0m\n'}
[362.892655] (-) TimerEvent: {}
[362.993416] (-) TimerEvent: {}
[363.094271] (-) TimerEvent: {}
[363.194765] (-) TimerEvent: {}
[363.296011] (-) TimerEvent: {}
[363.396822] (-) TimerEvent: {}
[363.445142] (rtabmap) StdoutLine: {'line': b'[ 72%] \x1b[32mBuilding CXX object guilib/src/CMakeFiles/rtabmap_gui.dir/ConsoleWidget.cpp.o\x1b[0m\n'}
[363.497035] (-) TimerEvent: {}
[363.597566] (-) TimerEvent: {}
[363.698305] (-) TimerEvent: {}
[363.798964] (-) TimerEvent: {}
[363.899499] (-) TimerEvent: {}
[364.000044] (-) TimerEvent: {}
[364.100644] (-) TimerEvent: {}
[364.201193] (-) TimerEvent: {}
[364.301741] (-) TimerEvent: {}
[364.402236] (-) TimerEvent: {}
[364.502727] (-) TimerEvent: {}
[364.603281] (-) TimerEvent: {}
[364.703878] (-) TimerEvent: {}
[364.804344] (-) TimerEvent: {}
[364.904801] (-) TimerEvent: {}
[365.005922] (-) TimerEvent: {}
[365.106429] (-) TimerEvent: {}
[365.206910] (-) TimerEvent: {}
[365.307470] (-) TimerEvent: {}
[365.407935] (-) TimerEvent: {}
[365.508507] (-) TimerEvent: {}
[365.609006] (-) TimerEvent: {}
[365.709486] (-) TimerEvent: {}
[365.809932] (-) TimerEvent: {}
[365.910537] (-) TimerEvent: {}
[366.010991] (-) TimerEvent: {}
[366.111475] (-) TimerEvent: {}
[366.211921] (-) TimerEvent: {}
[366.312386] (-) TimerEvent: {}
[366.412997] (-) TimerEvent: {}
[366.513437] (-) TimerEvent: {}
[366.613967] (-) TimerEvent: {}
[366.714501] (-) TimerEvent: {}
[366.814954] (-) TimerEvent: {}
[366.915427] (-) TimerEvent: {}
[367.015912] (-) TimerEvent: {}
[367.116407] (-) TimerEvent: {}
[367.216564] (rtabmap) StdoutLine: {'line': b'[ 72%] \x1b[32m\x1b[1mLinking CXX executable ../../bin/rtabmap-lidar_viewer\x1b[0m\n'}
[367.216860] (-) TimerEvent: {}
[367.317221] (-) TimerEvent: {}
[367.417682] (-) TimerEvent: {}
[367.518273] (-) TimerEvent: {}
[367.618761] (-) TimerEvent: {}
[367.719323] (-) TimerEvent: {}
[367.819896] (-) TimerEvent: {}
[367.920556] (-) TimerEvent: {}
[368.021247] (-) TimerEvent: {}
[368.121674] (-) TimerEvent: {}
[368.222205] (-) TimerEvent: {}
[368.322734] (-) TimerEvent: {}
[368.423243] (-) TimerEvent: {}
[368.523733] (-) TimerEvent: {}
[368.624240] (-) TimerEvent: {}
[368.724788] (-) TimerEvent: {}
[368.825435] (-) TimerEvent: {}
[368.926089] (-) TimerEvent: {}
[369.026611] (-) TimerEvent: {}
[369.127227] (-) TimerEvent: {}
[369.228059] (-) TimerEvent: {}
[369.328819] (-) TimerEvent: {}
[369.429466] (-) TimerEvent: {}
[369.530026] (-) TimerEvent: {}
[369.589733] (rtabmap) StdoutLine: {'line': b'[ 72%] Built target lidar_viewer\n'}
[369.630153] (-) TimerEvent: {}
[369.730921] (-) TimerEvent: {}
[369.831357] (-) TimerEvent: {}
[369.931798] (-) TimerEvent: {}
[370.032243] (-) TimerEvent: {}
[370.132734] (-) TimerEvent: {}
[370.233211] (-) TimerEvent: {}
[370.333653] (-) TimerEvent: {}
[370.434120] (-) TimerEvent: {}
[370.534588] (-) TimerEvent: {}
[370.635112] (-) TimerEvent: {}
[370.735647] (-) TimerEvent: {}
[370.836068] (-) TimerEvent: {}
[370.936604] (-) TimerEvent: {}
[371.037088] (-) TimerEvent: {}
[371.137467] (-) TimerEvent: {}
[371.237961] (-) TimerEvent: {}
[371.338446] (-) TimerEvent: {}
[371.438909] (-) TimerEvent: {}
[371.539360] (-) TimerEvent: {}
[371.639845] (-) TimerEvent: {}
[371.740298] (-) TimerEvent: {}
[371.840655] (-) TimerEvent: {}
[371.941028] (-) TimerEvent: {}
[372.041403] (-) TimerEvent: {}
[372.141844] (-) TimerEvent: {}
[372.242316] (-) TimerEvent: {}
[372.342800] (-) TimerEvent: {}
[372.443250] (-) TimerEvent: {}
[372.543699] (-) TimerEvent: {}
[372.644168] (-) TimerEvent: {}
[372.744643] (-) TimerEvent: {}
[372.845076] (-) TimerEvent: {}
[372.945540] (-) TimerEvent: {}
[373.046006] (-) TimerEvent: {}
[373.146419] (-) TimerEvent: {}
[373.246873] (-) TimerEvent: {}
[373.347358] (-) TimerEvent: {}
[373.447807] (-) TimerEvent: {}
[373.548275] (-) TimerEvent: {}
[373.648755] (-) TimerEvent: {}
[373.749190] (-) TimerEvent: {}
[373.849665] (-) TimerEvent: {}
[373.950143] (-) TimerEvent: {}
[374.050560] (-) TimerEvent: {}
[374.151107] (-) TimerEvent: {}
[374.251589] (-) TimerEvent: {}
[374.352058] (-) TimerEvent: {}
[374.452553] (-) TimerEvent: {}
[374.553030] (-) TimerEvent: {}
[374.605472] (rtabmap) StdoutLine: {'line': b'[ 72%] \x1b[32mBuilding CXX object guilib/src/CMakeFiles/rtabmap_gui.dir/CloudViewerCellPicker.cpp.o\x1b[0m\n'}
[374.653185] (-) TimerEvent: {}
[374.753667] (-) TimerEvent: {}
[374.854168] (-) TimerEvent: {}
[374.954680] (-) TimerEvent: {}
[375.055176] (-) TimerEvent: {}
[375.155708] (-) TimerEvent: {}
[375.256268] (-) TimerEvent: {}
[375.356780] (-) TimerEvent: {}
[375.392947] (rtabmap) StdoutLine: {'line': b'[ 73%] \x1b[32mBuilding CXX object guilib/src/CMakeFiles/rtabmap_gui.dir/CloudViewer.cpp.o\x1b[0m\n'}
[375.456999] (-) TimerEvent: {}
[375.557472] (-) TimerEvent: {}
[375.657958] (-) TimerEvent: {}
[375.758547] (-) TimerEvent: {}
[375.859155] (-) TimerEvent: {}
[375.959642] (-) TimerEvent: {}
[376.060131] (-) TimerEvent: {}
[376.160630] (-) TimerEvent: {}
[376.261169] (-) TimerEvent: {}
[376.361710] (-) TimerEvent: {}
[376.409502] (rtabmap) StdoutLine: {'line': b'[ 74%] \x1b[32mBuilding CXX object guilib/src/CMakeFiles/rtabmap_gui.dir/CloudViewerInteractorStyle.cpp.o\x1b[0m\n'}
[376.461849] (-) TimerEvent: {}
[376.562357] (-) TimerEvent: {}
[376.663162] (-) TimerEvent: {}
[376.763657] (-) TimerEvent: {}
[376.864150] (-) TimerEvent: {}
[376.964652] (-) TimerEvent: {}
[377.065170] (-) TimerEvent: {}
[377.165652] (-) TimerEvent: {}
[377.266182] (-) TimerEvent: {}
[377.366687] (-) TimerEvent: {}
[377.426635] (rtabmap) StdoutLine: {'line': b'[ 74%] \x1b[32mBuilding CXX object guilib/src/CMakeFiles/rtabmap_gui.dir/utilite/UPlot.cpp.o\x1b[0m\n'}
[377.466846] (-) TimerEvent: {}
[377.567320] (-) TimerEvent: {}
[377.667862] (-) TimerEvent: {}
[377.768481] (-) TimerEvent: {}
[377.869121] (-) TimerEvent: {}
[377.969634] (-) TimerEvent: {}
[378.070153] (-) TimerEvent: {}
[378.170663] (-) TimerEvent: {}
[378.271135] (-) TimerEvent: {}
[378.371613] (-) TimerEvent: {}
[378.442786] (rtabmap) StdoutLine: {'line': b'[ 74%] \x1b[32mBuilding CXX object guilib/src/CMakeFiles/rtabmap_gui.dir/DatabaseViewer.cpp.o\x1b[0m\n'}
[378.471770] (-) TimerEvent: {}
[378.572417] (-) TimerEvent: {}
[378.673066] (-) TimerEvent: {}
[378.773631] (-) TimerEvent: {}
[378.802357] (rtabmap) StdoutLine: {'line': b'[ 74%] \x1b[32m\x1b[1mLinking CXX executable ../../bin/rtabmap-export\x1b[0m\n'}
[378.873885] (-) TimerEvent: {}
[378.974684] (-) TimerEvent: {}
[379.075539] (-) TimerEvent: {}
[379.176138] (-) TimerEvent: {}
[379.276879] (-) TimerEvent: {}
[379.377427] (-) TimerEvent: {}
[379.477962] (-) TimerEvent: {}
[379.578532] (-) TimerEvent: {}
[379.679128] (-) TimerEvent: {}
[379.779765] (-) TimerEvent: {}
[379.880331] (-) TimerEvent: {}
[379.980901] (-) TimerEvent: {}
[380.081463] (-) TimerEvent: {}
[380.182079] (-) TimerEvent: {}
[380.282735] (-) TimerEvent: {}
[380.383432] (-) TimerEvent: {}
[380.484090] (-) TimerEvent: {}
[380.584693] (-) TimerEvent: {}
[380.685293] (-) TimerEvent: {}
[380.785836] (-) TimerEvent: {}
[380.886367] (-) TimerEvent: {}
[380.986940] (-) TimerEvent: {}
[381.087612] (-) TimerEvent: {}
[381.188470] (-) TimerEvent: {}
[381.289028] (-) TimerEvent: {}
[381.389807] (-) TimerEvent: {}
[381.490499] (-) TimerEvent: {}
[381.591162] (-) TimerEvent: {}
[381.691755] (-) TimerEvent: {}
[381.792350] (-) TimerEvent: {}
[381.893012] (-) TimerEvent: {}
[381.993569] (-) TimerEvent: {}
[382.042215] (rtabmap) StdoutLine: {'line': b'[ 74%] \x1b[32mBuilding CXX object guilib/src/CMakeFiles/rtabmap_gui.dir/OdometryViewer.cpp.o\x1b[0m\n'}
[382.093718] (-) TimerEvent: {}
[382.194196] (-) TimerEvent: {}
[382.294658] (-) TimerEvent: {}
[382.395266] (-) TimerEvent: {}
[382.495761] (-) TimerEvent: {}
[382.596244] (-) TimerEvent: {}
[382.696785] (-) TimerEvent: {}
[382.797320] (-) TimerEvent: {}
[382.897836] (-) TimerEvent: {}
[382.998365] (-) TimerEvent: {}
[383.098862] (-) TimerEvent: {}
[383.199371] (-) TimerEvent: {}
[383.299892] (-) TimerEvent: {}
[383.400479] (-) TimerEvent: {}
[383.501017] (-) TimerEvent: {}
[383.601550] (-) TimerEvent: {}
[383.702107] (-) TimerEvent: {}
[383.763133] (rtabmap) StdoutLine: {'line': b'[ 74%] Built target export\n'}
[383.778867] (rtabmap) StdoutLine: {'line': b'[ 74%] \x1b[32mBuilding CXX object guilib/src/CMakeFiles/rtabmap_gui.dir/LoopClosureViewer.cpp.o\x1b[0m\n'}
[383.802241] (-) TimerEvent: {}
[383.902733] (-) TimerEvent: {}
[384.003251] (-) TimerEvent: {}
[384.103844] (-) TimerEvent: {}
[384.204378] (-) TimerEvent: {}
[384.304948] (-) TimerEvent: {}
[384.405417] (-) TimerEvent: {}
[384.439120] (rtabmap) StdoutLine: {'line': b'[ 75%] \x1b[32mBuilding CXX object guilib/src/CMakeFiles/rtabmap_gui.dir/DataRecorder.cpp.o\x1b[0m\n'}
[384.505566] (-) TimerEvent: {}
[384.606034] (-) TimerEvent: {}
[384.706577] (-) TimerEvent: {}
[384.807090] (-) TimerEvent: {}
[384.907612] (-) TimerEvent: {}
[385.008104] (-) TimerEvent: {}
[385.108620] (-) TimerEvent: {}
[385.209105] (-) TimerEvent: {}
[385.309613] (-) TimerEvent: {}
[385.410093] (-) TimerEvent: {}
[385.510582] (-) TimerEvent: {}
[385.611063] (-) TimerEvent: {}
[385.711549] (-) TimerEvent: {}
[385.812066] (-) TimerEvent: {}
[385.912555] (-) TimerEvent: {}
[386.013022] (-) TimerEvent: {}
[386.113493] (-) TimerEvent: {}
[386.213960] (-) TimerEvent: {}
[386.314447] (-) TimerEvent: {}
[386.414957] (-) TimerEvent: {}
[386.515421] (-) TimerEvent: {}
[386.615888] (-) TimerEvent: {}
[386.716392] (-) TimerEvent: {}
[386.816927] (-) TimerEvent: {}
[386.917404] (-) TimerEvent: {}
[387.017872] (-) TimerEvent: {}
[387.118402] (-) TimerEvent: {}
[387.218892] (-) TimerEvent: {}
[387.319357] (-) TimerEvent: {}
[387.429002] (-) TimerEvent: {}
[387.529453] (-) TimerEvent: {}
[387.649153] (-) TimerEvent: {}
[387.749688] (-) TimerEvent: {}
[387.850521] (-) TimerEvent: {}
[387.950950] (-) TimerEvent: {}
[388.051762] (-) TimerEvent: {}
[388.152659] (-) TimerEvent: {}
[388.253346] (-) TimerEvent: {}
[388.354428] (-) TimerEvent: {}
[388.458372] (-) TimerEvent: {}
[388.561879] (-) TimerEvent: {}
[388.671184] (-) TimerEvent: {}
[388.771779] (-) TimerEvent: {}
[388.880214] (-) TimerEvent: {}
[388.980685] (-) TimerEvent: {}
[389.082879] (-) TimerEvent: {}
[389.183381] (-) TimerEvent: {}
[389.289031] (-) TimerEvent: {}
[389.393024] (-) TimerEvent: {}
[389.493481] (-) TimerEvent: {}
[389.594011] (-) TimerEvent: {}
[389.694763] (-) TimerEvent: {}
[389.795503] (-) TimerEvent: {}
[389.896033] (-) TimerEvent: {}
[389.996600] (-) TimerEvent: {}
[390.097118] (-) TimerEvent: {}
[390.197620] (-) TimerEvent: {}
[390.298108] (-) TimerEvent: {}
[390.398609] (-) TimerEvent: {}
[390.499106] (-) TimerEvent: {}
[390.599619] (-) TimerEvent: {}
[390.700142] (-) TimerEvent: {}
[390.800640] (-) TimerEvent: {}
[390.901299] (-) TimerEvent: {}
[391.001919] (-) TimerEvent: {}
[391.102429] (-) TimerEvent: {}
[391.202867] (-) TimerEvent: {}
[391.303345] (-) TimerEvent: {}
[391.403877] (-) TimerEvent: {}
[391.504509] (-) TimerEvent: {}
[391.605138] (-) TimerEvent: {}
[391.705734] (-) TimerEvent: {}
[391.806382] (-) TimerEvent: {}
[391.906962] (-) TimerEvent: {}
[392.007648] (-) TimerEvent: {}
[392.108287] (-) TimerEvent: {}
[392.208696] (-) TimerEvent: {}
[392.309315] (-) TimerEvent: {}
[392.409704] (-) TimerEvent: {}
[392.510278] (-) TimerEvent: {}
[392.610901] (-) TimerEvent: {}
[392.711426] (-) TimerEvent: {}
[392.812068] (-) TimerEvent: {}
[392.914847] (-) TimerEvent: {}
[393.022612] (-) TimerEvent: {}
[393.123081] (-) TimerEvent: {}
[393.223591] (-) TimerEvent: {}
[393.324178] (-) TimerEvent: {}
[393.424763] (-) TimerEvent: {}
[393.525318] (-) TimerEvent: {}
[393.626077] (-) TimerEvent: {}
[393.726460] (-) TimerEvent: {}
[393.826953] (-) TimerEvent: {}
[393.927392] (-) TimerEvent: {}
[394.027848] (-) TimerEvent: {}
[394.128329] (-) TimerEvent: {}
[394.228797] (-) TimerEvent: {}
[394.329278] (-) TimerEvent: {}
[394.429780] (-) TimerEvent: {}
[394.530264] (-) TimerEvent: {}
[394.630754] (-) TimerEvent: {}
[394.731360] (-) TimerEvent: {}
[394.831839] (-) TimerEvent: {}
[394.932331] (-) TimerEvent: {}
[395.032911] (-) TimerEvent: {}
[395.133556] (-) TimerEvent: {}
[395.234174] (-) TimerEvent: {}
[395.265645] (rtabmap) StdoutLine: {'line': b'[ 75%] \x1b[32mBuilding CXX object guilib/src/CMakeFiles/rtabmap_gui.dir/CameraViewer.cpp.o\x1b[0m\n'}
[395.334330] (-) TimerEvent: {}
[395.435026] (-) TimerEvent: {}
[395.535649] (-) TimerEvent: {}
[395.636033] (-) TimerEvent: {}
[395.736457] (-) TimerEvent: {}
[395.836939] (-) TimerEvent: {}
[395.961192] (-) TimerEvent: {}
[396.061887] (-) TimerEvent: {}
[396.162501] (-) TimerEvent: {}
[396.263310] (-) TimerEvent: {}
[396.363833] (-) TimerEvent: {}
[396.464414] (-) TimerEvent: {}
[396.564861] (-) TimerEvent: {}
[396.665401] (-) TimerEvent: {}
[396.765879] (-) TimerEvent: {}
[396.866410] (-) TimerEvent: {}
[396.966969] (-) TimerEvent: {}
[397.067521] (-) TimerEvent: {}
[397.168212] (-) TimerEvent: {}
[397.268841] (-) TimerEvent: {}
[397.369480] (-) TimerEvent: {}
[397.469937] (-) TimerEvent: {}
[397.570424] (-) TimerEvent: {}
[397.670948] (-) TimerEvent: {}
[397.736422] (rtabmap) StdoutLine: {'line': b'[ 76%] \x1b[32mBuilding CXX object guilib/src/CMakeFiles/rtabmap_gui.dir/CalibrationDialog.cpp.o\x1b[0m\n'}
[397.771106] (-) TimerEvent: {}
[397.871578] (-) TimerEvent: {}
[397.972053] (-) TimerEvent: {}
[398.072568] (-) TimerEvent: {}
[398.173515] (-) TimerEvent: {}
[398.274238] (-) TimerEvent: {}
[398.375111] (-) TimerEvent: {}
[398.475577] (-) TimerEvent: {}
[398.576048] (-) TimerEvent: {}
[398.676531] (-) TimerEvent: {}
[398.777165] (-) TimerEvent: {}
[398.877809] (-) TimerEvent: {}
[398.978423] (-) TimerEvent: {}
[399.079111] (-) TimerEvent: {}
[399.179804] (-) TimerEvent: {}
[399.280273] (-) TimerEvent: {}
[399.380763] (-) TimerEvent: {}
[399.481785] (-) TimerEvent: {}
[399.582244] (-) TimerEvent: {}
[399.682728] (-) TimerEvent: {}
[399.783438] (-) TimerEvent: {}
[399.884009] (-) TimerEvent: {}
[399.984589] (-) TimerEvent: {}
[400.085126] (-) TimerEvent: {}
[400.185764] (-) TimerEvent: {}
[400.286560] (-) TimerEvent: {}
[400.387222] (-) TimerEvent: {}
[400.487830] (-) TimerEvent: {}
[400.588424] (-) TimerEvent: {}
[400.688962] (-) TimerEvent: {}
[400.789702] (-) TimerEvent: {}
[400.890183] (-) TimerEvent: {}
[400.990723] (-) TimerEvent: {}
[401.091328] (-) TimerEvent: {}
[401.191823] (-) TimerEvent: {}
[401.292433] (-) TimerEvent: {}
[401.393087] (-) TimerEvent: {}
[401.493805] (-) TimerEvent: {}
[401.594420] (-) TimerEvent: {}
[401.694886] (-) TimerEvent: {}
[401.795368] (-) TimerEvent: {}
[401.895937] (-) TimerEvent: {}
[401.996521] (-) TimerEvent: {}
[402.097158] (-) TimerEvent: {}
[402.197767] (-) TimerEvent: {}
[402.300548] (-) TimerEvent: {}
[402.401237] (-) TimerEvent: {}
[402.501776] (-) TimerEvent: {}
[402.602322] (-) TimerEvent: {}
[402.667597] (rtabmap) StdoutLine: {'line': b'[ 76%] \x1b[32mBuilding CXX object guilib/src/CMakeFiles/rtabmap_gui.dir/ExportDialog.cpp.o\x1b[0m\n'}
[402.702493] (-) TimerEvent: {}
[402.803381] (-) TimerEvent: {}
[402.903925] (-) TimerEvent: {}
[403.004461] (-) TimerEvent: {}
[403.104989] (-) TimerEvent: {}
[403.205662] (-) TimerEvent: {}
[403.306303] (-) TimerEvent: {}
[403.406885] (-) TimerEvent: {}
[403.421144] (rtabmap) StdoutLine: {'line': b'[ 76%] \x1b[32mBuilding CXX object guilib/src/CMakeFiles/rtabmap_gui.dir/ExportBundlerDialog.cpp.o\x1b[0m\n'}
[403.507009] (-) TimerEvent: {}
[403.607585] (-) TimerEvent: {}
[403.707987] (-) TimerEvent: {}
[403.808433] (-) TimerEvent: {}
[403.908954] (-) TimerEvent: {}
[404.009678] (-) TimerEvent: {}
[404.110178] (-) TimerEvent: {}
[404.210699] (-) TimerEvent: {}
[404.311237] (-) TimerEvent: {}
[404.412508] (-) TimerEvent: {}
[404.513206] (-) TimerEvent: {}
[404.613675] (-) TimerEvent: {}
[404.714227] (-) TimerEvent: {}
[404.814782] (-) TimerEvent: {}
[404.915155] (-) TimerEvent: {}
[405.015532] (-) TimerEvent: {}
[405.116018] (-) TimerEvent: {}
[405.216592] (-) TimerEvent: {}
[405.317359] (-) TimerEvent: {}
[405.418008] (-) TimerEvent: {}
[405.518476] (-) TimerEvent: {}
[405.618967] (-) TimerEvent: {}
[405.719508] (-) TimerEvent: {}
[405.820077] (-) TimerEvent: {}
[405.920554] (-) TimerEvent: {}
[406.020987] (-) TimerEvent: {}
[406.121432] (-) TimerEvent: {}
[406.221999] (-) TimerEvent: {}
[406.322496] (-) TimerEvent: {}
[406.422972] (-) TimerEvent: {}
[406.523476] (-) TimerEvent: {}
[406.623956] (-) TimerEvent: {}
[406.724506] (-) TimerEvent: {}
[406.825176] (-) TimerEvent: {}
[406.925665] (-) TimerEvent: {}
[407.026188] (-) TimerEvent: {}
[407.126673] (-) TimerEvent: {}
[407.227182] (-) TimerEvent: {}
[407.327652] (-) TimerEvent: {}
[407.428176] (-) TimerEvent: {}
[407.528666] (-) TimerEvent: {}
[407.629179] (-) TimerEvent: {}
[407.729620] (-) TimerEvent: {}
[407.830038] (-) TimerEvent: {}
[407.930489] (-) TimerEvent: {}
[408.030935] (-) TimerEvent: {}
[408.131527] (-) TimerEvent: {}
[408.232050] (-) TimerEvent: {}
[408.332554] (-) TimerEvent: {}
[408.433096] (-) TimerEvent: {}
[408.533620] (-) TimerEvent: {}
[408.634097] (-) TimerEvent: {}
[408.734537] (-) TimerEvent: {}
[408.834988] (-) TimerEvent: {}
[408.935560] (-) TimerEvent: {}
[409.036056] (-) TimerEvent: {}
[409.136537] (-) TimerEvent: {}
[409.237045] (-) TimerEvent: {}
[409.337522] (-) TimerEvent: {}
[409.438010] (-) TimerEvent: {}
[409.538628] (-) TimerEvent: {}
[409.639129] (-) TimerEvent: {}
[409.739578] (-) TimerEvent: {}
[409.840030] (-) TimerEvent: {}
[409.940458] (-) TimerEvent: {}
[410.040944] (-) TimerEvent: {}
[410.141407] (-) TimerEvent: {}
[410.241873] (-) TimerEvent: {}
[410.342370] (-) TimerEvent: {}
[410.443025] (-) TimerEvent: {}
[410.543553] (-) TimerEvent: {}
[410.644089] (-) TimerEvent: {}
[410.744676] (-) TimerEvent: {}
[410.845124] (-) TimerEvent: {}
[410.945596] (-) TimerEvent: {}
[411.046114] (-) TimerEvent: {}
[411.146631] (-) TimerEvent: {}
[411.247187] (-) TimerEvent: {}
[411.347720] (-) TimerEvent: {}
[411.448201] (-) TimerEvent: {}
[411.548817] (-) TimerEvent: {}
[411.649345] (-) TimerEvent: {}
[411.749965] (-) TimerEvent: {}
[411.850455] (-) TimerEvent: {}
[411.951192] (-) TimerEvent: {}
[412.051754] (-) TimerEvent: {}
[412.152446] (-) TimerEvent: {}
[412.253013] (-) TimerEvent: {}
[412.353531] (-) TimerEvent: {}
[412.454077] (-) TimerEvent: {}
[412.554663] (-) TimerEvent: {}
[412.655152] (-) TimerEvent: {}
[412.755676] (-) TimerEvent: {}
[412.856231] (-) TimerEvent: {}
[412.956762] (-) TimerEvent: {}
[413.057352] (-) TimerEvent: {}
[413.157812] (-) TimerEvent: {}
[413.258274] (-) TimerEvent: {}
[413.358748] (-) TimerEvent: {}
[413.459206] (-) TimerEvent: {}
[413.560333] (-) TimerEvent: {}
[413.660844] (-) TimerEvent: {}
[413.761436] (-) TimerEvent: {}
[413.861876] (-) TimerEvent: {}
[413.962334] (-) TimerEvent: {}
[414.062904] (-) TimerEvent: {}
[414.163414] (-) TimerEvent: {}
[414.263890] (-) TimerEvent: {}
[414.364367] (-) TimerEvent: {}
[414.464822] (-) TimerEvent: {}
[414.565316] (-) TimerEvent: {}
[414.665963] (-) TimerEvent: {}
[414.766433] (-) TimerEvent: {}
[414.866870] (-) TimerEvent: {}
[414.967294] (-) TimerEvent: {}
[415.067792] (-) TimerEvent: {}
[415.168194] (-) TimerEvent: {}
[415.268552] (-) TimerEvent: {}
[415.280806] (rtabmap) StdoutLine: {'line': b'[ 76%] \x1b[32mBuilding CXX object guilib/src/CMakeFiles/rtabmap_gui.dir/ExportCloudsDialog.cpp.o\x1b[0m\n'}
[415.298063] (rtabmap) StdoutLine: {'line': b'[ 77%] \x1b[32mBuilding CXX object guilib/src/CMakeFiles/rtabmap_gui.dir/EditConstraintDialog.cpp.o\x1b[0m\n'}
[415.368662] (-) TimerEvent: {}
[415.469037] (-) TimerEvent: {}
[415.569397] (-) TimerEvent: {}
[415.669729] (-) TimerEvent: {}
[415.770109] (-) TimerEvent: {}
[415.870492] (-) TimerEvent: {}
[415.970913] (-) TimerEvent: {}
[416.071377] (-) TimerEvent: {}
[416.171856] (-) TimerEvent: {}
[416.272286] (-) TimerEvent: {}
[416.280199] (rtabmap) StdoutLine: {'line': b'[ 77%] \x1b[32mBuilding CXX object guilib/src/CMakeFiles/rtabmap_gui.dir/MapVisibilityWidget.cpp.o\x1b[0m\n'}
[416.372423] (-) TimerEvent: {}
[416.473000] (-) TimerEvent: {}
[416.573496] (-) TimerEvent: {}
[416.674026] (-) TimerEvent: {}
[416.774476] (-) TimerEvent: {}
[416.874951] (-) TimerEvent: {}
[416.975431] (-) TimerEvent: {}
[417.075892] (-) TimerEvent: {}
[417.176342] (-) TimerEvent: {}
[417.276801] (-) TimerEvent: {}
[417.377234] (-) TimerEvent: {}
[417.477673] (-) TimerEvent: {}
[417.578136] (-) TimerEvent: {}
[417.678614] (-) TimerEvent: {}
[417.779071] (-) TimerEvent: {}
[417.879529] (-) TimerEvent: {}
[417.979944] (-) TimerEvent: {}
[418.080467] (-) TimerEvent: {}
[418.181013] (-) TimerEvent: {}
[418.281840] (-) TimerEvent: {}
[418.297841] (rtabmap) StdoutLine: {'line': b'[ 77%] \x1b[32mBuilding CXX object guilib/src/CMakeFiles/rtabmap_gui.dir/GraphViewer.cpp.o\x1b[0m\n'}
[418.307459] (rtabmap) StdoutLine: {'line': b'[ 78%] \x1b[32mBuilding CXX object guilib/src/CMakeFiles/rtabmap_gui.dir/PostProcessingDialog.cpp.o\x1b[0m\n'}
[418.381978] (-) TimerEvent: {}
[418.482533] (-) TimerEvent: {}
[418.582895] (-) TimerEvent: {}
[418.683298] (-) TimerEvent: {}
[418.783917] (-) TimerEvent: {}
[418.884519] (-) TimerEvent: {}
[418.985187] (-) TimerEvent: {}
[419.085683] (-) TimerEvent: {}
[419.120440] (rtabmap) StdoutLine: {'line': b'[ 79%] \x1b[32mBuilding CXX object guilib/src/CMakeFiles/rtabmap_gui.dir/EditDepthArea.cpp.o\x1b[0m\n'}
[419.185824] (-) TimerEvent: {}
[419.286380] (-) TimerEvent: {}
[419.387062] (-) TimerEvent: {}
[419.488494] (-) TimerEvent: {}
[419.589044] (-) TimerEvent: {}
[419.689525] (-) TimerEvent: {}
[419.790159] (-) TimerEvent: {}
[419.890704] (-) TimerEvent: {}
[419.991218] (-) TimerEvent: {}
[420.091765] (-) TimerEvent: {}
[420.192401] (-) TimerEvent: {}
[420.293135] (-) TimerEvent: {}
[420.393757] (-) TimerEvent: {}
[420.494400] (-) TimerEvent: {}
[420.595030] (-) TimerEvent: {}
[420.695667] (-) TimerEvent: {}
[420.796221] (-) TimerEvent: {}
[420.896725] (-) TimerEvent: {}
[420.997363] (-) TimerEvent: {}
[421.097992] (-) TimerEvent: {}
[421.198645] (-) TimerEvent: {}
[421.299381] (-) TimerEvent: {}
[421.400119] (-) TimerEvent: {}
[421.500814] (-) TimerEvent: {}
[421.602140] (-) TimerEvent: {}
[421.702817] (-) TimerEvent: {}
[421.803496] (-) TimerEvent: {}
[421.904375] (-) TimerEvent: {}
[422.005013] (-) TimerEvent: {}
[422.105622] (-) TimerEvent: {}
[422.206255] (-) TimerEvent: {}
[422.306889] (-) TimerEvent: {}
[422.407608] (-) TimerEvent: {}
[422.508254] (-) TimerEvent: {}
[422.609006] (-) TimerEvent: {}
[422.709599] (-) TimerEvent: {}
[422.810236] (-) TimerEvent: {}
[422.910896] (-) TimerEvent: {}
[423.011565] (-) TimerEvent: {}
[423.112240] (-) TimerEvent: {}
[423.212987] (-) TimerEvent: {}
[423.313658] (-) TimerEvent: {}
[423.414301] (-) TimerEvent: {}
[423.515051] (-) TimerEvent: {}
[423.615699] (-) TimerEvent: {}
[423.716302] (-) TimerEvent: {}
[423.816973] (-) TimerEvent: {}
[423.917594] (-) TimerEvent: {}
[424.018370] (-) TimerEvent: {}
[424.119066] (-) TimerEvent: {}
[424.219705] (-) TimerEvent: {}
[424.320333] (-) TimerEvent: {}
[424.420818] (-) TimerEvent: {}
[424.521464] (-) TimerEvent: {}
[424.622123] (-) TimerEvent: {}
[424.722781] (-) TimerEvent: {}
[424.823479] (-) TimerEvent: {}
[424.924130] (-) TimerEvent: {}
[425.024783] (-) TimerEvent: {}
[425.125397] (-) TimerEvent: {}
[425.226043] (-) TimerEvent: {}
[425.326683] (-) TimerEvent: {}
[425.427298] (-) TimerEvent: {}
[425.527793] (-) TimerEvent: {}
[425.628257] (-) TimerEvent: {}
[425.728725] (-) TimerEvent: {}
[425.829201] (-) TimerEvent: {}
[425.929688] (-) TimerEvent: {}
[426.030186] (-) TimerEvent: {}
[426.130718] (-) TimerEvent: {}
[426.231267] (-) TimerEvent: {}
[426.331885] (-) TimerEvent: {}
[426.432381] (-) TimerEvent: {}
[426.532869] (-) TimerEvent: {}
[426.633391] (-) TimerEvent: {}
[426.733857] (-) TimerEvent: {}
[426.834355] (-) TimerEvent: {}
[426.934855] (-) TimerEvent: {}
[427.035322] (-) TimerEvent: {}
[427.135794] (-) TimerEvent: {}
[427.236299] (-) TimerEvent: {}
[427.336776] (-) TimerEvent: {}
[427.437241] (-) TimerEvent: {}
[427.537695] (-) TimerEvent: {}
[427.638198] (-) TimerEvent: {}
[427.738715] (-) TimerEvent: {}
[427.839179] (-) TimerEvent: {}
[427.939693] (-) TimerEvent: {}
[428.040191] (-) TimerEvent: {}
[428.140672] (-) TimerEvent: {}
[428.241163] (-) TimerEvent: {}
[428.341627] (-) TimerEvent: {}
[428.442188] (-) TimerEvent: {}
[428.542687] (-) TimerEvent: {}
[428.643201] (-) TimerEvent: {}
[428.743731] (-) TimerEvent: {}
[428.844319] (-) TimerEvent: {}
[428.944816] (-) TimerEvent: {}
[429.045342] (-) TimerEvent: {}
[429.145833] (-) TimerEvent: {}
[429.246297] (-) TimerEvent: {}
[429.346790] (-) TimerEvent: {}
[429.447287] (-) TimerEvent: {}
[429.547791] (-) TimerEvent: {}
[429.648314] (-) TimerEvent: {}
[429.748848] (-) TimerEvent: {}
[429.849397] (-) TimerEvent: {}
[429.910026] (rtabmap) StdoutLine: {'line': b'[ 80%] \x1b[32mBuilding CXX object guilib/src/CMakeFiles/rtabmap_gui.dir/MultiSessionLocSubView.cpp.o\x1b[0m\n'}
[429.949562] (-) TimerEvent: {}
[430.050069] (-) TimerEvent: {}
[430.150615] (-) TimerEvent: {}
[430.251176] (-) TimerEvent: {}
[430.351770] (-) TimerEvent: {}
[430.452268] (-) TimerEvent: {}
[430.552778] (-) TimerEvent: {}
[430.653418] (-) TimerEvent: {}
[430.754061] (-) TimerEvent: {}
[430.854725] (-) TimerEvent: {}
[430.926312] (rtabmap) StdoutLine: {'line': b'[ 80%] \x1b[32mBuilding CXX object guilib/src/CMakeFiles/rtabmap_gui.dir/MultiSessionLocWidget.cpp.o\x1b[0m\n'}
[430.954877] (-) TimerEvent: {}
[431.055433] (-) TimerEvent: {}
[431.156136] (-) TimerEvent: {}
[431.257059] (-) TimerEvent: {}
[431.357764] (-) TimerEvent: {}
[431.458402] (-) TimerEvent: {}
[431.559099] (-) TimerEvent: {}
[431.659769] (-) TimerEvent: {}
[431.760346] (-) TimerEvent: {}
[431.860840] (-) TimerEvent: {}
[431.942397] (rtabmap) StdoutLine: {'line': b'[ 80%] \x1b[32mBuilding CXX object guilib/src/CMakeFiles/rtabmap_gui.dir/EditMapArea.cpp.o\x1b[0m\n'}
[431.961005] (-) TimerEvent: {}
[432.061615] (-) TimerEvent: {}
[432.162188] (-) TimerEvent: {}
[432.262798] (-) TimerEvent: {}
[432.363307] (-) TimerEvent: {}
[432.464411] (-) TimerEvent: {}
[432.564937] (-) TimerEvent: {}
[432.665424] (-) TimerEvent: {}
[432.765947] (-) TimerEvent: {}
[432.866464] (-) TimerEvent: {}
[432.967053] (-) TimerEvent: {}
[433.070334] (-) TimerEvent: {}
[433.170911] (-) TimerEvent: {}
[433.271853] (-) TimerEvent: {}
[433.372268] (-) TimerEvent: {}
[433.472785] (-) TimerEvent: {}
[433.573349] (-) TimerEvent: {}
[433.674053] (-) TimerEvent: {}
[433.774655] (-) TimerEvent: {}
[433.875218] (-) TimerEvent: {}
[433.975744] (-) TimerEvent: {}
[434.076258] (-) TimerEvent: {}
[434.176825] (-) TimerEvent: {}
[434.277425] (-) TimerEvent: {}
[434.303448] (rtabmap) StdoutLine: {'line': b'[ 80%] \x1b[32mBuilding CXX object guilib/src/CMakeFiles/rtabmap_gui.dir/CreateSimpleCalibrationDialog.cpp.o\x1b[0m\n'}
[434.377614] (-) TimerEvent: {}
[434.478178] (-) TimerEvent: {}
[434.578801] (-) TimerEvent: {}
[434.679429] (-) TimerEvent: {}
[434.779939] (-) TimerEvent: {}
[434.880447] (-) TimerEvent: {}
[434.981486] (-) TimerEvent: {}
[435.082021] (-) TimerEvent: {}
[435.182524] (-) TimerEvent: {}
[435.283009] (-) TimerEvent: {}
[435.383546] (-) TimerEvent: {}
[435.484114] (-) TimerEvent: {}
[435.584729] (-) TimerEvent: {}
[435.685221] (-) TimerEvent: {}
[435.785753] (-) TimerEvent: {}
[435.886278] (-) TimerEvent: {}
[435.986845] (-) TimerEvent: {}
[436.087501] (-) TimerEvent: {}
[436.188033] (-) TimerEvent: {}
[436.288587] (-) TimerEvent: {}
[436.389165] (-) TimerEvent: {}
[436.489822] (-) TimerEvent: {}
[436.590369] (-) TimerEvent: {}
[436.614197] (rtabmap) StdoutLine: {'line': b'[ 81%] \x1b[32mBuilding CXX object guilib/src/CMakeFiles/rtabmap_gui.dir/ParametersToolBox.cpp.o\x1b[0m\n'}
[436.690494] (-) TimerEvent: {}
[436.790981] (-) TimerEvent: {}
[436.891590] (-) TimerEvent: {}
[436.992216] (-) TimerEvent: {}
[437.092758] (-) TimerEvent: {}
[437.193266] (-) TimerEvent: {}
[437.293755] (-) TimerEvent: {}
[437.394300] (-) TimerEvent: {}
[437.494884] (-) TimerEvent: {}
[437.595575] (-) TimerEvent: {}
[437.696232] (-) TimerEvent: {}
[437.796851] (-) TimerEvent: {}
[437.846123] (rtabmap) StdoutLine: {'line': b'[ 81%] \x1b[32mBuilding CXX object guilib/src/CMakeFiles/rtabmap_gui.dir/DepthCalibrationDialog.cpp.o\x1b[0m\n'}
[437.896997] (-) TimerEvent: {}
[437.997528] (-) TimerEvent: {}
[438.098147] (-) TimerEvent: {}
[438.198612] (-) TimerEvent: {}
[438.299193] (-) TimerEvent: {}
[438.399726] (-) TimerEvent: {}
[438.500237] (-) TimerEvent: {}
[438.600739] (-) TimerEvent: {}
[438.701301] (-) TimerEvent: {}
[438.801909] (-) TimerEvent: {}
[438.902401] (-) TimerEvent: {}
[439.005054] (-) TimerEvent: {}
[439.105721] (-) TimerEvent: {}
[439.206170] (-) TimerEvent: {}
[439.306685] (-) TimerEvent: {}
[439.407311] (-) TimerEvent: {}
[439.507990] (-) TimerEvent: {}
[439.608870] (-) TimerEvent: {}
[439.709548] (-) TimerEvent: {}
[439.810284] (-) TimerEvent: {}
[439.910997] (-) TimerEvent: {}
[440.011586] (-) TimerEvent: {}
[440.112150] (-) TimerEvent: {}
[440.212721] (-) TimerEvent: {}
[440.313185] (-) TimerEvent: {}
[440.413620] (-) TimerEvent: {}
[440.514082] (-) TimerEvent: {}
[440.614577] (-) TimerEvent: {}
[440.619219] (rtabmap) StdoutLine: {'line': b'[ 81%] \x1b[32mBuilding CXX object guilib/src/CMakeFiles/rtabmap_gui.dir/LinkRefiningDialog.cpp.o\x1b[0m\n'}
[440.714714] (-) TimerEvent: {}
[440.815150] (-) TimerEvent: {}
[440.915710] (-) TimerEvent: {}
[441.016220] (-) TimerEvent: {}
[441.116657] (-) TimerEvent: {}
[441.217136] (-) TimerEvent: {}
[441.317639] (-) TimerEvent: {}
[441.418198] (-) TimerEvent: {}
[441.518771] (-) TimerEvent: {}
[441.619259] (-) TimerEvent: {}
[441.719785] (-) TimerEvent: {}
[441.820360] (-) TimerEvent: {}
[441.920946] (-) TimerEvent: {}
[442.021420] (-) TimerEvent: {}
[442.121942] (-) TimerEvent: {}
[442.222438] (-) TimerEvent: {}
[442.322913] (-) TimerEvent: {}
[442.423356] (-) TimerEvent: {}
[442.523831] (-) TimerEvent: {}
[442.624394] (-) TimerEvent: {}
[442.724968] (-) TimerEvent: {}
[442.825499] (-) TimerEvent: {}
[442.926006] (-) TimerEvent: {}
[443.026519] (-) TimerEvent: {}
[443.127023] (-) TimerEvent: {}
[443.227568] (-) TimerEvent: {}
[443.328176] (-) TimerEvent: {}
[443.428722] (-) TimerEvent: {}
[443.529227] (-) TimerEvent: {}
[443.629770] (-) TimerEvent: {}
[443.730394] (-) TimerEvent: {}
[443.830966] (-) TimerEvent: {}
[443.931580] (-) TimerEvent: {}
[443.947479] (rtabmap) StdoutLine: {'line': b'[ 82%] \x1b[32mBuilding CXX object guilib/src/CMakeFiles/rtabmap_gui.dir/3rdParty/QMultiComboBox.cpp.o\x1b[0m\n'}
[444.031719] (-) TimerEvent: {}
[444.132202] (-) TimerEvent: {}
[444.213467] (rtabmap) StdoutLine: {'line': b'[ 82%] \x1b[32mBuilding CXX object guilib/src/CMakeFiles/rtabmap_gui.dir/opencv/vtkImageMatSource.cpp.o\x1b[0m\n'}
[444.232366] (-) TimerEvent: {}
[444.332869] (-) TimerEvent: {}
[444.433375] (-) TimerEvent: {}
[444.533890] (-) TimerEvent: {}
[444.634384] (-) TimerEvent: {}
[444.734848] (-) TimerEvent: {}
[444.835335] (-) TimerEvent: {}
[444.935874] (-) TimerEvent: {}
[445.036425] (-) TimerEvent: {}
[445.136978] (-) TimerEvent: {}
[445.237523] (-) TimerEvent: {}
[445.338179] (-) TimerEvent: {}
[445.438732] (-) TimerEvent: {}
[445.539234] (-) TimerEvent: {}
[445.639723] (-) TimerEvent: {}
[445.740346] (-) TimerEvent: {}
[445.840933] (-) TimerEvent: {}
[445.941397] (-) TimerEvent: {}
[446.041950] (-) TimerEvent: {}
[446.092649] (rtabmap) StdoutLine: {'line': b'[ 83%] \x1b[32mBuilding CXX object guilib/src/CMakeFiles/rtabmap_gui.dir/rtabmap_gui_autogen/EWIEGA46WW/qrc_GuiLib.cpp.o\x1b[0m\n'}
[446.142097] (-) TimerEvent: {}
[446.242610] (-) TimerEvent: {}
[446.343101] (-) TimerEvent: {}
[446.443551] (-) TimerEvent: {}
[446.544133] (-) TimerEvent: {}
[446.645453] (-) TimerEvent: {}
[446.746057] (-) TimerEvent: {}
[446.846761] (-) TimerEvent: {}
[446.947401] (-) TimerEvent: {}
[447.048055] (-) TimerEvent: {}
[447.148650] (-) TimerEvent: {}
[447.249135] (-) TimerEvent: {}
[447.349579] (-) TimerEvent: {}
[447.450044] (-) TimerEvent: {}
[447.550528] (-) TimerEvent: {}
[447.651002] (-) TimerEvent: {}
[447.751462] (-) TimerEvent: {}
[447.851941] (-) TimerEvent: {}
[447.952479] (-) TimerEvent: {}
[448.053070] (-) TimerEvent: {}
[448.153808] (-) TimerEvent: {}
[448.254391] (-) TimerEvent: {}
[448.355022] (-) TimerEvent: {}
[448.455502] (-) TimerEvent: {}
[448.555980] (-) TimerEvent: {}
[448.656421] (-) TimerEvent: {}
[448.756842] (-) TimerEvent: {}
[448.857293] (-) TimerEvent: {}
[448.957738] (-) TimerEvent: {}
[449.058178] (-) TimerEvent: {}
[449.158629] (-) TimerEvent: {}
[449.259041] (-) TimerEvent: {}
[449.359474] (-) TimerEvent: {}
[449.459932] (-) TimerEvent: {}
[449.560383] (-) TimerEvent: {}
[449.660854] (-) TimerEvent: {}
[449.761332] (-) TimerEvent: {}
[449.861814] (-) TimerEvent: {}
[449.962220] (-) TimerEvent: {}
[450.062626] (-) TimerEvent: {}
[450.163015] (-) TimerEvent: {}
[450.263466] (-) TimerEvent: {}
[450.364020] (-) TimerEvent: {}
[450.464621] (-) TimerEvent: {}
[450.565038] (-) TimerEvent: {}
[450.665465] (-) TimerEvent: {}
[450.765953] (-) TimerEvent: {}
[450.866374] (-) TimerEvent: {}
[450.966819] (-) TimerEvent: {}
[451.067207] (-) TimerEvent: {}
[451.167563] (-) TimerEvent: {}
[451.267925] (-) TimerEvent: {}
[451.368334] (-) TimerEvent: {}
[451.468675] (-) TimerEvent: {}
[451.569062] (-) TimerEvent: {}
[451.669490] (-) TimerEvent: {}
[451.769911] (-) TimerEvent: {}
[451.870289] (-) TimerEvent: {}
[451.970693] (-) TimerEvent: {}
[452.071253] (-) TimerEvent: {}
[452.171759] (-) TimerEvent: {}
[452.272220] (-) TimerEvent: {}
[452.372663] (-) TimerEvent: {}
[452.473275] (-) TimerEvent: {}
[452.573793] (-) TimerEvent: {}
[452.674308] (-) TimerEvent: {}
[452.774745] (-) TimerEvent: {}
[452.875114] (-) TimerEvent: {}
[452.975581] (-) TimerEvent: {}
[453.076130] (-) TimerEvent: {}
[453.176552] (-) TimerEvent: {}
[453.276971] (-) TimerEvent: {}
[453.377437] (-) TimerEvent: {}
[453.477885] (-) TimerEvent: {}
[453.578415] (-) TimerEvent: {}
[453.678920] (-) TimerEvent: {}
[453.779531] (-) TimerEvent: {}
[453.880124] (-) TimerEvent: {}
[453.980706] (-) TimerEvent: {}
[454.081308] (-) TimerEvent: {}
[454.181738] (-) TimerEvent: {}
[454.282166] (-) TimerEvent: {}
[454.382690] (-) TimerEvent: {}
[454.483336] (-) TimerEvent: {}
[454.583896] (-) TimerEvent: {}
[454.684419] (-) TimerEvent: {}
[454.784910] (-) TimerEvent: {}
[454.885384] (-) TimerEvent: {}
[454.985784] (-) TimerEvent: {}
[455.086226] (-) TimerEvent: {}
[455.186676] (-) TimerEvent: {}
[455.287150] (-) TimerEvent: {}
[455.387627] (-) TimerEvent: {}
[455.488117] (-) TimerEvent: {}
[455.588625] (-) TimerEvent: {}
[455.689111] (-) TimerEvent: {}
[455.789505] (-) TimerEvent: {}
[455.889983] (-) TimerEvent: {}
[455.990405] (-) TimerEvent: {}
[456.090870] (-) TimerEvent: {}
[456.191499] (-) TimerEvent: {}
[456.292240] (-) TimerEvent: {}
[456.392704] (-) TimerEvent: {}
[456.493120] (-) TimerEvent: {}
[456.593611] (-) TimerEvent: {}
[456.694124] (-) TimerEvent: {}
[456.794574] (-) TimerEvent: {}
[456.895026] (-) TimerEvent: {}
[456.995454] (-) TimerEvent: {}
[457.095910] (-) TimerEvent: {}
[457.196344] (-) TimerEvent: {}
[457.296786] (-) TimerEvent: {}
[457.397121] (-) TimerEvent: {}
[457.497497] (-) TimerEvent: {}
[457.597827] (-) TimerEvent: {}
[457.698257] (-) TimerEvent: {}
[457.798801] (-) TimerEvent: {}
[457.899263] (-) TimerEvent: {}
[457.999672] (-) TimerEvent: {}
[458.100096] (-) TimerEvent: {}
[458.200589] (-) TimerEvent: {}
[458.301120] (-) TimerEvent: {}
[458.401626] (-) TimerEvent: {}
[458.502131] (-) TimerEvent: {}
[458.602628] (-) TimerEvent: {}
[458.703102] (-) TimerEvent: {}
[458.803566] (-) TimerEvent: {}
[458.903990] (-) TimerEvent: {}
[459.004443] (-) TimerEvent: {}
[459.104897] (-) TimerEvent: {}
[459.205297] (-) TimerEvent: {}
[459.305730] (-) TimerEvent: {}
[459.406187] (-) TimerEvent: {}
[459.506697] (-) TimerEvent: {}
[459.607241] (-) TimerEvent: {}
[459.707704] (-) TimerEvent: {}
[459.808145] (-) TimerEvent: {}
[459.908602] (-) TimerEvent: {}
[460.009028] (-) TimerEvent: {}
[460.109398] (-) TimerEvent: {}
[460.209770] (-) TimerEvent: {}
[460.310234] (-) TimerEvent: {}
[460.410692] (-) TimerEvent: {}
[460.511160] (-) TimerEvent: {}
[460.611598] (-) TimerEvent: {}
[460.712025] (-) TimerEvent: {}
[460.812468] (-) TimerEvent: {}
[460.912874] (-) TimerEvent: {}
[461.013246] (-) TimerEvent: {}
[461.113570] (-) TimerEvent: {}
[461.213978] (-) TimerEvent: {}
[461.314412] (-) TimerEvent: {}
[461.414823] (-) TimerEvent: {}
[461.515232] (-) TimerEvent: {}
[461.615630] (-) TimerEvent: {}
[461.716013] (-) TimerEvent: {}
[461.816406] (-) TimerEvent: {}
[461.916829] (-) TimerEvent: {}
[462.017266] (-) TimerEvent: {}
[462.117674] (-) TimerEvent: {}
[462.218028] (-) TimerEvent: {}
[462.318417] (-) TimerEvent: {}
[462.418842] (-) TimerEvent: {}
[462.519330] (-) TimerEvent: {}
[462.619881] (-) TimerEvent: {}
[462.720514] (-) TimerEvent: {}
[462.821113] (-) TimerEvent: {}
[462.921511] (-) TimerEvent: {}
[463.021884] (-) TimerEvent: {}
[463.122355] (-) TimerEvent: {}
[463.222784] (-) TimerEvent: {}
[463.323181] (-) TimerEvent: {}
[463.423614] (-) TimerEvent: {}
[463.524025] (-) TimerEvent: {}
[463.624460] (-) TimerEvent: {}
[463.724922] (-) TimerEvent: {}
[463.825332] (-) TimerEvent: {}
[463.925733] (-) TimerEvent: {}
[464.026180] (-) TimerEvent: {}
[464.126622] (-) TimerEvent: {}
[464.227072] (-) TimerEvent: {}
[464.327537] (-) TimerEvent: {}
[464.428052] (-) TimerEvent: {}
[464.528525] (-) TimerEvent: {}
[464.629022] (-) TimerEvent: {}
[464.729464] (-) TimerEvent: {}
[464.829847] (-) TimerEvent: {}
[464.930256] (-) TimerEvent: {}
[465.030801] (-) TimerEvent: {}
[465.131330] (-) TimerEvent: {}
[465.231798] (-) TimerEvent: {}
[465.332278] (-) TimerEvent: {}
[465.432860] (-) TimerEvent: {}
[465.533418] (-) TimerEvent: {}
[465.633812] (-) TimerEvent: {}
[465.734277] (-) TimerEvent: {}
[465.834740] (-) TimerEvent: {}
[465.935189] (-) TimerEvent: {}
[466.035588] (-) TimerEvent: {}
[466.136018] (-) TimerEvent: {}
[466.236608] (-) TimerEvent: {}
[466.337183] (-) TimerEvent: {}
[466.437524] (-) TimerEvent: {}
[466.537900] (-) TimerEvent: {}
[466.638459] (-) TimerEvent: {}
[466.738914] (-) TimerEvent: {}
[466.839453] (-) TimerEvent: {}
[466.939877] (-) TimerEvent: {}
[467.040279] (-) TimerEvent: {}
[467.140679] (-) TimerEvent: {}
[467.241068] (-) TimerEvent: {}
[467.341505] (-) TimerEvent: {}
[467.441922] (-) TimerEvent: {}
[467.542365] (-) TimerEvent: {}
[467.642775] (-) TimerEvent: {}
[467.743232] (-) TimerEvent: {}
[467.843673] (-) TimerEvent: {}
[467.944092] (-) TimerEvent: {}
[468.044537] (-) TimerEvent: {}
[468.144975] (-) TimerEvent: {}
[468.245336] (-) TimerEvent: {}
[468.345780] (-) TimerEvent: {}
[468.446241] (-) TimerEvent: {}
[468.546660] (-) TimerEvent: {}
[468.647150] (-) TimerEvent: {}
[468.747601] (-) TimerEvent: {}
[468.848041] (-) TimerEvent: {}
[468.948480] (-) TimerEvent: {}
[469.048976] (-) TimerEvent: {}
[469.149484] (-) TimerEvent: {}
[469.249840] (-) TimerEvent: {}
[469.350160] (-) TimerEvent: {}
[469.450577] (-) TimerEvent: {}
[469.550993] (-) TimerEvent: {}
[469.651376] (-) TimerEvent: {}
[469.751768] (-) TimerEvent: {}
[469.852162] (-) TimerEvent: {}
[469.952551] (-) TimerEvent: {}
[470.052992] (-) TimerEvent: {}
[470.153329] (-) TimerEvent: {}
[470.253749] (-) TimerEvent: {}
[470.354159] (-) TimerEvent: {}
[470.454611] (-) TimerEvent: {}
[470.555010] (-) TimerEvent: {}
[470.655428] (-) TimerEvent: {}
[470.755823] (-) TimerEvent: {}
[470.856221] (-) TimerEvent: {}
[470.956615] (-) TimerEvent: {}
[471.057015] (-) TimerEvent: {}
[471.157411] (-) TimerEvent: {}
[471.257730] (-) TimerEvent: {}
[471.358116] (-) TimerEvent: {}
[471.458537] (-) TimerEvent: {}
[471.558955] (-) TimerEvent: {}
[471.659342] (-) TimerEvent: {}
[471.759783] (-) TimerEvent: {}
[471.860234] (-) TimerEvent: {}
[471.960690] (-) TimerEvent: {}
[472.061100] (-) TimerEvent: {}
[472.161512] (-) TimerEvent: {}
[472.261910] (-) TimerEvent: {}
[472.362300] (-) TimerEvent: {}
[472.462675] (-) TimerEvent: {}
[472.563072] (-) TimerEvent: {}
[472.663486] (-) TimerEvent: {}
[472.763867] (-) TimerEvent: {}
[472.864241] (-) TimerEvent: {}
[472.964630] (-) TimerEvent: {}
[473.065018] (-) TimerEvent: {}
[473.165419] (-) TimerEvent: {}
[473.265739] (-) TimerEvent: {}
[473.366035] (-) TimerEvent: {}
[473.466454] (-) TimerEvent: {}
[473.566882] (-) TimerEvent: {}
[473.667280] (-) TimerEvent: {}
[473.767674] (-) TimerEvent: {}
[473.868085] (-) TimerEvent: {}
[473.968489] (-) TimerEvent: {}
[474.068944] (-) TimerEvent: {}
[474.169367] (-) TimerEvent: {}
[474.269739] (-) TimerEvent: {}
[474.370154] (-) TimerEvent: {}
[474.470581] (-) TimerEvent: {}
[474.570983] (-) TimerEvent: {}
[474.671382] (-) TimerEvent: {}
[474.771753] (-) TimerEvent: {}
[474.872158] (-) TimerEvent: {}
[474.972562] (-) TimerEvent: {}
[475.072976] (-) TimerEvent: {}
[475.173293] (-) TimerEvent: {}
[475.273658] (-) TimerEvent: {}
[475.374131] (-) TimerEvent: {}
[475.474552] (-) TimerEvent: {}
[475.574985] (-) TimerEvent: {}
[475.675447] (-) TimerEvent: {}
[475.775937] (-) TimerEvent: {}
[475.876429] (-) TimerEvent: {}
[475.976948] (-) TimerEvent: {}
[476.077472] (-) TimerEvent: {}
[476.178023] (-) TimerEvent: {}
[476.278544] (-) TimerEvent: {}
[476.378969] (-) TimerEvent: {}
[476.479413] (-) TimerEvent: {}
[476.579839] (-) TimerEvent: {}
[476.680271] (-) TimerEvent: {}
[476.780738] (-) TimerEvent: {}
[476.881143] (-) TimerEvent: {}
[476.981667] (-) TimerEvent: {}
[477.082052] (-) TimerEvent: {}
[477.182510] (-) TimerEvent: {}
[477.282957] (-) TimerEvent: {}
[477.383390] (-) TimerEvent: {}
[477.483827] (-) TimerEvent: {}
[477.584263] (-) TimerEvent: {}
[477.684677] (-) TimerEvent: {}
[477.785056] (-) TimerEvent: {}
[477.885476] (-) TimerEvent: {}
[477.985894] (-) TimerEvent: {}
[478.086323] (-) TimerEvent: {}
[478.186732] (-) TimerEvent: {}
[478.287148] (-) TimerEvent: {}
[478.387491] (-) TimerEvent: {}
[478.487917] (-) TimerEvent: {}
[478.588368] (-) TimerEvent: {}
[478.688816] (-) TimerEvent: {}
[478.789256] (-) TimerEvent: {}
[478.889687] (-) TimerEvent: {}
[478.990166] (-) TimerEvent: {}
[479.090597] (-) TimerEvent: {}
[479.191002] (-) TimerEvent: {}
[479.291383] (-) TimerEvent: {}
[479.391786] (-) TimerEvent: {}
[479.492270] (-) TimerEvent: {}
[479.592829] (-) TimerEvent: {}
[479.693392] (-) TimerEvent: {}
[479.793820] (-) TimerEvent: {}
[479.894279] (-) TimerEvent: {}
[479.994712] (-) TimerEvent: {}
[480.095159] (-) TimerEvent: {}
[480.195632] (-) TimerEvent: {}
[480.296089] (-) TimerEvent: {}
[480.396517] (-) TimerEvent: {}
[480.496978] (-) TimerEvent: {}
[480.597452] (-) TimerEvent: {}
[480.697906] (-) TimerEvent: {}
[480.798298] (-) TimerEvent: {}
[480.898735] (-) TimerEvent: {}
[480.999170] (-) TimerEvent: {}
[481.099643] (-) TimerEvent: {}
[481.200117] (-) TimerEvent: {}
[481.300596] (-) TimerEvent: {}
[481.401095] (-) TimerEvent: {}
[481.501524] (-) TimerEvent: {}
[481.601901] (-) TimerEvent: {}
[481.702312] (-) TimerEvent: {}
[481.802755] (-) TimerEvent: {}
[481.903232] (-) TimerEvent: {}
[482.003636] (-) TimerEvent: {}
[482.104061] (-) TimerEvent: {}
[482.204470] (-) TimerEvent: {}
[482.304898] (-) TimerEvent: {}
[482.405278] (-) TimerEvent: {}
[482.505663] (-) TimerEvent: {}
[482.606061] (-) TimerEvent: {}
[482.706464] (-) TimerEvent: {}
[482.806857] (-) TimerEvent: {}
[482.907271] (-) TimerEvent: {}
[483.007680] (-) TimerEvent: {}
[483.108108] (-) TimerEvent: {}
[483.208611] (-) TimerEvent: {}
[483.309078] (-) TimerEvent: {}
[483.409529] (-) TimerEvent: {}
[483.510007] (-) TimerEvent: {}
[483.610440] (-) TimerEvent: {}
[483.710921] (-) TimerEvent: {}
[483.811370] (-) TimerEvent: {}
[483.911803] (-) TimerEvent: {}
[484.012345] (-) TimerEvent: {}
[484.112822] (-) TimerEvent: {}
[484.213318] (-) TimerEvent: {}
[484.313720] (-) TimerEvent: {}
[484.414191] (-) TimerEvent: {}
[484.514603] (-) TimerEvent: {}
[484.615022] (-) TimerEvent: {}
[484.715508] (-) TimerEvent: {}
[484.815972] (-) TimerEvent: {}
[484.916383] (-) TimerEvent: {}
[485.016787] (-) TimerEvent: {}
[485.117229] (-) TimerEvent: {}
[485.217663] (-) TimerEvent: {}
[485.318092] (-) TimerEvent: {}
[485.418521] (-) TimerEvent: {}
[485.518970] (-) TimerEvent: {}
[485.619423] (-) TimerEvent: {}
[485.719885] (-) TimerEvent: {}
[485.820318] (-) TimerEvent: {}
[485.920749] (-) TimerEvent: {}
[486.021228] (-) TimerEvent: {}
[486.121636] (-) TimerEvent: {}
[486.222109] (-) TimerEvent: {}
[486.322465] (-) TimerEvent: {}
[486.422910] (-) TimerEvent: {}
[486.523297] (-) TimerEvent: {}
[486.623711] (-) TimerEvent: {}
[486.724141] (-) TimerEvent: {}
[486.824560] (-) TimerEvent: {}
[486.924995] (-) TimerEvent: {}
[487.025398] (-) TimerEvent: {}
[487.125730] (-) TimerEvent: {}
[487.226158] (-) TimerEvent: {}
[487.326569] (-) TimerEvent: {}
[487.426986] (-) TimerEvent: {}
[487.527425] (-) TimerEvent: {}
[487.627879] (-) TimerEvent: {}
[487.728382] (-) TimerEvent: {}
[487.828808] (-) TimerEvent: {}
[487.929265] (-) TimerEvent: {}
[488.029729] (-) TimerEvent: {}
[488.130247] (-) TimerEvent: {}
[488.168940] (rtabmap) StdoutLine: {'line': b'[ 83%] \x1b[32m\x1b[1mLinking CXX shared library ../../bin/librtabmap_gui.so\x1b[0m\n'}
[488.230456] (-) TimerEvent: {}
[488.330895] (-) TimerEvent: {}
[488.431396] (-) TimerEvent: {}
[488.531928] (-) TimerEvent: {}
[488.632606] (-) TimerEvent: {}
[488.733173] (-) TimerEvent: {}
[488.833623] (-) TimerEvent: {}
[488.934023] (-) TimerEvent: {}
[489.034532] (-) TimerEvent: {}
[489.135070] (-) TimerEvent: {}
[489.235614] (-) TimerEvent: {}
[489.336278] (-) TimerEvent: {}
[489.436915] (-) TimerEvent: {}
[489.537668] (-) TimerEvent: {}
[489.638250] (-) TimerEvent: {}
[489.738785] (-) TimerEvent: {}
[489.839368] (-) TimerEvent: {}
[489.939877] (-) TimerEvent: {}
[490.040410] (-) TimerEvent: {}
[490.141066] (-) TimerEvent: {}
[490.241630] (-) TimerEvent: {}
[490.342099] (-) TimerEvent: {}
[490.442594] (-) TimerEvent: {}
[490.543177] (-) TimerEvent: {}
[490.643638] (-) TimerEvent: {}
[490.744230] (-) TimerEvent: {}
[490.844901] (-) TimerEvent: {}
[490.945380] (-) TimerEvent: {}
[491.045849] (-) TimerEvent: {}
[491.146338] (-) TimerEvent: {}
[491.246831] (-) TimerEvent: {}
[491.347358] (-) TimerEvent: {}
[491.439539] (rtabmap) StdoutLine: {'line': b'[ 83%] Built target rtabmap_gui\n'}
[491.447441] (-) TimerEvent: {}
[491.471946] (rtabmap) StdoutLine: {'line': b'\x1b[35m\x1b[1mScanning dependencies of target dataRecorder\x1b[0m\n'}
[491.472978] (rtabmap) StdoutLine: {'line': b'\x1b[35m\x1b[1mScanning dependencies of target rgbd_camera\x1b[0m\n'}
[491.473134] (rtabmap) StdoutLine: {'line': b'\x1b[35m\x1b[1mScanning dependencies of target rtabmap_app\x1b[0m\n'}
[491.473206] (rtabmap) StdoutLine: {'line': b'\x1b[35m\x1b[1mScanning dependencies of target epipolar_geometry\x1b[0m\n'}
[491.473273] (rtabmap) StdoutLine: {'line': b'\x1b[35m\x1b[1mScanning dependencies of target databaseViewer\x1b[0m\n'}
[491.473337] (rtabmap) StdoutLine: {'line': b'\x1b[35m\x1b[1mScanning dependencies of target report\x1b[0m\n'}
[491.473401] (rtabmap) StdoutLine: {'line': b'\x1b[35m\x1b[1mScanning dependencies of target odometryViewer\x1b[0m\n'}
[491.473489] (rtabmap) StdoutLine: {'line': b'\x1b[35m\x1b[1mScanning dependencies of target calibration\x1b[0m\n'}
[491.547571] (-) TimerEvent: {}
[491.590265] (rtabmap) StdoutLine: {'line': b'[ 83%] \x1b[32mBuilding CXX object app/src/CMakeFiles/rtabmap_app.dir/main.cpp.o\x1b[0m\n'}
[491.599537] (rtabmap) StdoutLine: {'line': b'[ 85%] \x1b[32mBuilding CXX object tools/DatabaseViewer/CMakeFiles/databaseViewer.dir/main.cpp.o\x1b[0m\n'}
[491.599866] (rtabmap) StdoutLine: {'line': b'[ 85%] \x1b[32mBuilding CXX object tools/EpipolarGeometry/CMakeFiles/epipolar_geometry.dir/main.cpp.o\x1b[0m\n'}
[491.600031] (rtabmap) StdoutLine: {'line': b'[ 85%] \x1b[32mBuilding CXX object tools/Report/CMakeFiles/report.dir/main.cpp.o\x1b[0m\n'}
[491.618144] (rtabmap) StdoutLine: {'line': b'[ 86%] \x1b[32mBuilding CXX object tools/DataRecorder/CMakeFiles/dataRecorder.dir/main.cpp.o\x1b[0m\n'}
[491.630512] (rtabmap) StdoutLine: {'line': b'[ 87%] \x1b[32mBuilding CXX object tools/OdometryViewer/CMakeFiles/odometryViewer.dir/main.cpp.o\x1b[0m\n'}
[491.630791] (rtabmap) StdoutLine: {'line': b'[ 87%] \x1b[32mBuilding CXX object tools/Calibration/CMakeFiles/calibration.dir/main.cpp.o\x1b[0m\n'}
[491.645581] (rtabmap) StdoutLine: {'line': b'[ 87%] \x1b[32mBuilding CXX object tools/CameraRGBD/CMakeFiles/rgbd_camera.dir/main.cpp.o\x1b[0m\n'}
[491.647670] (-) TimerEvent: {}
[491.748171] (-) TimerEvent: {}
[491.848735] (-) TimerEvent: {}
[491.949386] (-) TimerEvent: {}
[492.050045] (-) TimerEvent: {}
[492.150725] (-) TimerEvent: {}
[492.251420] (-) TimerEvent: {}
[492.352024] (-) TimerEvent: {}
[492.452414] (-) TimerEvent: {}
[492.552816] (-) TimerEvent: {}
[492.653518] (-) TimerEvent: {}
[492.754285] (-) TimerEvent: {}
[492.854818] (-) TimerEvent: {}
[492.955220] (-) TimerEvent: {}
[493.055635] (-) TimerEvent: {}
[493.156063] (-) TimerEvent: {}
[493.256505] (-) TimerEvent: {}
[493.357039] (-) TimerEvent: {}
[493.457683] (-) TimerEvent: {}
[493.558204] (-) TimerEvent: {}
[493.658763] (-) TimerEvent: {}
[493.759271] (-) TimerEvent: {}
[493.859764] (-) TimerEvent: {}
[493.960268] (-) TimerEvent: {}
[494.060771] (-) TimerEvent: {}
[494.161246] (-) TimerEvent: {}
[494.261700] (-) TimerEvent: {}
[494.362515] (-) TimerEvent: {}
[494.462978] (-) TimerEvent: {}
[494.563481] (-) TimerEvent: {}
[494.663969] (-) TimerEvent: {}
[494.764432] (-) TimerEvent: {}
[494.864938] (-) TimerEvent: {}
[494.965391] (-) TimerEvent: {}
[495.065851] (-) TimerEvent: {}
[495.166311] (-) TimerEvent: {}
[495.266788] (-) TimerEvent: {}
[495.368830] (-) TimerEvent: {}
[495.469300] (-) TimerEvent: {}
[495.569753] (-) TimerEvent: {}
[495.670197] (-) TimerEvent: {}
[495.770655] (-) TimerEvent: {}
[495.871114] (-) TimerEvent: {}
[495.971564] (-) TimerEvent: {}
[496.072021] (-) TimerEvent: {}
[496.172477] (-) TimerEvent: {}
[496.272967] (-) TimerEvent: {}
[496.374176] (-) TimerEvent: {}
[496.474601] (-) TimerEvent: {}
[496.575042] (-) TimerEvent: {}
[496.675514] (-) TimerEvent: {}
[496.775960] (-) TimerEvent: {}
[496.876398] (-) TimerEvent: {}
[496.976828] (-) TimerEvent: {}
[497.077264] (-) TimerEvent: {}
[497.177730] (-) TimerEvent: {}
[497.278201] (-) TimerEvent: {}
[497.380522] (-) TimerEvent: {}
[497.481029] (-) TimerEvent: {}
[497.581510] (-) TimerEvent: {}
[497.681954] (-) TimerEvent: {}
[497.782449] (-) TimerEvent: {}
[497.882964] (-) TimerEvent: {}
[497.983501] (-) TimerEvent: {}
[498.084004] (-) TimerEvent: {}
[498.184571] (-) TimerEvent: {}
[498.285152] (-) TimerEvent: {}
[498.386551] (-) TimerEvent: {}
[498.487026] (-) TimerEvent: {}
[498.587584] (-) TimerEvent: {}
[498.688062] (-) TimerEvent: {}
[498.788561] (-) TimerEvent: {}
[498.889025] (-) TimerEvent: {}
[498.989506] (-) TimerEvent: {}
[499.089997] (-) TimerEvent: {}
[499.190505] (-) TimerEvent: {}
[499.290999] (-) TimerEvent: {}
[499.392356] (-) TimerEvent: {}
[499.492838] (-) TimerEvent: {}
[499.593365] (-) TimerEvent: {}
[499.693856] (-) TimerEvent: {}
[499.794349] (-) TimerEvent: {}
[499.894828] (-) TimerEvent: {}
[499.995311] (-) TimerEvent: {}
[500.095780] (-) TimerEvent: {}
[500.196261] (-) TimerEvent: {}
[500.296753] (-) TimerEvent: {}
[500.398364] (-) TimerEvent: {}
[500.498845] (-) TimerEvent: {}
[500.599322] (-) TimerEvent: {}
[500.699802] (-) TimerEvent: {}
[500.800243] (-) TimerEvent: {}
[500.900709] (-) TimerEvent: {}
[501.001157] (-) TimerEvent: {}
[501.101597] (-) TimerEvent: {}
[501.202028] (-) TimerEvent: {}
[501.302478] (-) TimerEvent: {}
[501.404614] (-) TimerEvent: {}
[501.505099] (-) TimerEvent: {}
[501.605570] (-) TimerEvent: {}
[501.706148] (-) TimerEvent: {}
[501.806752] (-) TimerEvent: {}
[501.907378] (-) TimerEvent: {}
[502.007884] (-) TimerEvent: {}
[502.108356] (-) TimerEvent: {}
[502.208858] (-) TimerEvent: {}
[502.309349] (-) TimerEvent: {}
[502.410386] (-) TimerEvent: {}
[502.510834] (-) TimerEvent: {}
[502.611315] (-) TimerEvent: {}
[502.711910] (-) TimerEvent: {}
[502.812559] (-) TimerEvent: {}
[502.913340] (-) TimerEvent: {}
[503.014019] (-) TimerEvent: {}
[503.114657] (-) TimerEvent: {}
[503.215244] (-) TimerEvent: {}
[503.315798] (-) TimerEvent: {}
[503.416374] (-) TimerEvent: {}
[503.516986] (-) TimerEvent: {}
[503.617556] (-) TimerEvent: {}
[503.718037] (-) TimerEvent: {}
[503.818691] (-) TimerEvent: {}
[503.871268] (rtabmap) StdoutLine: {'line': b'[ 87%] \x1b[32m\x1b[1mLinking CXX executable ../../bin/rtabmap-databaseViewer\x1b[0m\n'}
[503.918851] (-) TimerEvent: {}
[504.019419] (-) TimerEvent: {}
[504.120073] (-) TimerEvent: {}
[504.220706] (-) TimerEvent: {}
[504.321337] (-) TimerEvent: {}
[504.423160] (-) TimerEvent: {}
[504.523811] (-) TimerEvent: {}
[504.624536] (-) TimerEvent: {}
[504.725101] (-) TimerEvent: {}
[504.825840] (-) TimerEvent: {}
[504.926448] (-) TimerEvent: {}
[504.971198] (rtabmap) StdoutLine: {'line': b'[ 88%] \x1b[32m\x1b[1mLinking CXX executable ../../bin/rtabmap\x1b[0m\n'}
[505.026650] (-) TimerEvent: {}
[505.127357] (-) TimerEvent: {}
[505.228599] (-) TimerEvent: {}
[505.329247] (-) TimerEvent: {}
[505.430242] (-) TimerEvent: {}
[505.530847] (-) TimerEvent: {}
[505.631618] (-) TimerEvent: {}
[505.636154] (rtabmap) StdoutLine: {'line': b'[ 89%] \x1b[32m\x1b[1mLinking CXX executable ../../bin/rtabmap-epipolar_geometry\x1b[0m\n'}
[505.731802] (-) TimerEvent: {}
[505.832527] (-) TimerEvent: {}
[505.933290] (-) TimerEvent: {}
[506.034106] (-) TimerEvent: {}
[506.134951] (-) TimerEvent: {}
[506.235778] (-) TimerEvent: {}
[506.336436] (-) TimerEvent: {}
[506.437576] (-) TimerEvent: {}
[506.538557] (-) TimerEvent: {}
[506.639534] (-) TimerEvent: {}
[506.740245] (-) TimerEvent: {}
[506.841242] (-) TimerEvent: {}
[506.942005] (-) TimerEvent: {}
[506.982101] (rtabmap) StdoutLine: {'line': b'[ 89%] \x1b[32m\x1b[1mLinking CXX executable ../../bin/rtabmap-dataRecorder\x1b[0m\n'}
[507.042303] (-) TimerEvent: {}
[507.143528] (-) TimerEvent: {}
[507.247288] (-) TimerEvent: {}
[507.353247] (-) TimerEvent: {}
[507.454184] (-) TimerEvent: {}
[507.555005] (-) TimerEvent: {}
[507.655795] (-) TimerEvent: {}
[507.758488] (-) TimerEvent: {}
[507.833090] (rtabmap) StdoutLine: {'line': b'[ 89%] \x1b[32m\x1b[1mLinking CXX executable ../../bin/rtabmap-calibration\x1b[0m\n'}
[507.858758] (-) TimerEvent: {}
[507.959701] (-) TimerEvent: {}
[508.060780] (-) TimerEvent: {}
[508.161895] (-) TimerEvent: {}
[508.262838] (-) TimerEvent: {}
[508.363718] (-) TimerEvent: {}
[508.464524] (-) TimerEvent: {}
[508.565268] (-) TimerEvent: {}
[508.666093] (-) TimerEvent: {}
[508.766881] (-) TimerEvent: {}
[508.867738] (-) TimerEvent: {}
[508.968626] (-) TimerEvent: {}
[509.069375] (-) TimerEvent: {}
[509.170071] (-) TimerEvent: {}
[509.270811] (-) TimerEvent: {}
[509.371610] (-) TimerEvent: {}
[509.457230] (rtabmap) StdoutLine: {'line': b'[ 90%] \x1b[32m\x1b[1mLinking CXX executable ../../bin/rtabmap-odometryViewer\x1b[0m\n'}
[509.459679] (rtabmap) StdoutLine: {'line': b'[ 90%] Built target databaseViewer\n'}
[509.471962] (-) TimerEvent: {}
[509.486640] (rtabmap) StdoutLine: {'line': b'\x1b[35m\x1b[1mScanning dependencies of target matcher\x1b[0m\n'}
[509.572233] (-) TimerEvent: {}
[509.673179] (-) TimerEvent: {}
[509.675594] (rtabmap) StdoutLine: {'line': b'[ 91%] \x1b[32mBuilding CXX object tools/Matcher/CMakeFiles/matcher.dir/main.cpp.o\x1b[0m\n'}
[509.773340] (-) TimerEvent: {}
[509.874021] (-) TimerEvent: {}
[509.975045] (-) TimerEvent: {}
[510.076030] (-) TimerEvent: {}
[510.176785] (-) TimerEvent: {}
[510.277590] (-) TimerEvent: {}
[510.378510] (-) TimerEvent: {}
[510.479382] (-) TimerEvent: {}
[510.580219] (-) TimerEvent: {}
[510.636554] (rtabmap) StdoutLine: {'line': b'[ 91%] Built target rtabmap_app\n'}
[510.665927] (rtabmap) StdoutLine: {'line': b'\x1b[35m\x1b[1mScanning dependencies of target bow_mapping\x1b[0m\n'}
[510.680395] (-) TimerEvent: {}
[510.781040] (-) TimerEvent: {}
[510.793864] (rtabmap) StdoutLine: {'line': b'[ 91%] \x1b[32mBuilding CXX object examples/BOWMapping/CMakeFiles/bow_mapping.dir/main.cpp.o\x1b[0m\n'}
[510.881212] (-) TimerEvent: {}
[510.981792] (-) TimerEvent: {}
[511.082449] (-) TimerEvent: {}
[511.183073] (-) TimerEvent: {}
[511.283683] (-) TimerEvent: {}
[511.384240] (-) TimerEvent: {}
[511.408560] (rtabmap) StdoutLine: {'line': b'[ 91%] Built target epipolar_geometry\n'}
[511.435492] (rtabmap) StdoutLine: {'line': b'\x1b[35m\x1b[1mScanning dependencies of target rgbd_mapping_autogen\x1b[0m\n'}
[511.460315] (rtabmap) StdoutLine: {'line': b'[ 91%] \x1b[34m\x1b[1mAutomatic MOC and UIC for target rgbd_mapping\x1b[0m\n'}
[511.484431] (-) TimerEvent: {}
[511.585120] (-) TimerEvent: {}
[511.685694] (-) TimerEvent: {}
[511.786293] (-) TimerEvent: {}
[511.886934] (-) TimerEvent: {}
[511.987545] (-) TimerEvent: {}
[512.088298] (-) TimerEvent: {}
[512.189434] (-) TimerEvent: {}
[512.290451] (-) TimerEvent: {}
[512.391609] (-) TimerEvent: {}
[512.492711] (-) TimerEvent: {}
[512.593845] (-) TimerEvent: {}
[512.694904] (-) TimerEvent: {}
[512.795944] (-) TimerEvent: {}
[512.801340] (rtabmap) StdoutLine: {'line': b'[ 91%] Built target dataRecorder\n'}
[512.825396] (rtabmap) StdoutLine: {'line': b'\x1b[35m\x1b[1mScanning dependencies of target wifi_mapping_autogen\x1b[0m\n'}
[512.844837] (rtabmap) StdoutLine: {'line': b'[ 92%] \x1b[34m\x1b[1mAutomatic MOC and UIC for target wifi_mapping\x1b[0m\n'}
[512.896100] (-) TimerEvent: {}
[512.996633] (-) TimerEvent: {}
[513.097147] (-) TimerEvent: {}
[513.197636] (-) TimerEvent: {}
[513.298162] (-) TimerEvent: {}
[513.398904] (-) TimerEvent: {}
[513.500085] (-) TimerEvent: {}
[513.543634] (rtabmap) StdoutLine: {'line': b'[ 92%] Built target calibration\n'}
[513.600631] (-) TimerEvent: {}
[513.637646] (rtabmap) StdoutLine: {'line': b'\x1b[35m\x1b[1mScanning dependencies of target noEventsExample_autogen\x1b[0m\n'}
[513.676203] (rtabmap) StdoutLine: {'line': b'[ 92%] Built target rgbd_mapping_autogen\n'}
[513.700971] (-) TimerEvent: {}
[513.719904] (rtabmap) StdoutLine: {'line': b'[ 93%] \x1b[34m\x1b[1mAutomatic MOC and UIC for target noEventsExample\x1b[0m\n'}
[513.782874] (rtabmap) StdoutLine: {'line': b'\x1b[35m\x1b[1mScanning dependencies of target lidar_mapping_autogen\x1b[0m\n'}
[513.801407] (-) TimerEvent: {}
[513.878486] (rtabmap) StdoutLine: {'line': b'[ 94%] \x1b[34m\x1b[1mAutomatic MOC and UIC for target lidar_mapping\x1b[0m\n'}
[513.901630] (-) TimerEvent: {}
[514.004269] (-) TimerEvent: {}
[514.106312] (-) TimerEvent: {}
[514.208322] (-) TimerEvent: {}
[514.310421] (rtabmap) StdoutLine: {'line': b'[ 94%] Built target noEventsExample_autogen\n'}
[514.311088] (-) TimerEvent: {}
[514.378960] (rtabmap) StdoutLine: {'line': b'\x1b[35m\x1b[1mScanning dependencies of target rgbd_mapping\x1b[0m\n'}
[514.411435] (-) TimerEvent: {}
[514.513061] (-) TimerEvent: {}
[514.614054] (-) TimerEvent: {}
[514.711017] (rtabmap) StdoutLine: {'line': b'[ 95%] \x1b[32mBuilding CXX object examples/RGBDMapping/CMakeFiles/rgbd_mapping.dir/rgbd_mapping_autogen/mocs_compilation.cpp.o\x1b[0m\n'}
[514.714170] (-) TimerEvent: {}
[514.814647] (-) TimerEvent: {}
[514.915082] (-) TimerEvent: {}
[515.015536] (-) TimerEvent: {}
[515.049153] (rtabmap) StdoutLine: {'line': b'[ 95%] Built target odometryViewer\n'}
[515.115791] (-) TimerEvent: {}
[515.134739] (rtabmap) StdoutLine: {'line': b'\x1b[35m\x1b[1mScanning dependencies of target noEventsExample\x1b[0m\n'}
[515.216032] (-) TimerEvent: {}
[515.317048] (-) TimerEvent: {}
[515.411769] (rtabmap) StdoutLine: {'line': b'[ 96%] \x1b[32mBuilding CXX object examples/NoEventsExample/CMakeFiles/noEventsExample.dir/noEventsExample_autogen/mocs_compilation.cpp.o\x1b[0m\n'}
[515.417328] (-) TimerEvent: {}
[515.452197] (rtabmap) StdoutLine: {'line': b'[ 96%] Built target wifi_mapping_autogen\n'}
[515.481882] (rtabmap) StdoutLine: {'line': b'[ 96%] \x1b[32mBuilding CXX object examples/RGBDMapping/CMakeFiles/rgbd_mapping.dir/main.cpp.o\x1b[0m\n'}
[515.517424] (-) TimerEvent: {}
[515.617881] (-) TimerEvent: {}
[515.718397] (-) TimerEvent: {}
[515.818927] (-) TimerEvent: {}
[515.919347] (-) TimerEvent: {}
[516.019779] (-) TimerEvent: {}
[516.120216] (-) TimerEvent: {}
[516.201802] (rtabmap) StdoutLine: {'line': b'[ 96%] Built target lidar_mapping_autogen\n'}
[516.220354] (-) TimerEvent: {}
[516.232956] (rtabmap) StdoutLine: {'line': b'\x1b[35m\x1b[1mScanning dependencies of target wifi_mapping\x1b[0m\n'}
[516.320513] (-) TimerEvent: {}
[516.420550] (rtabmap) StdoutLine: {'line': b'[ 96%] \x1b[32mBuilding CXX object examples/WifiMapping/CMakeFiles/wifi_mapping.dir/wifi_mapping_autogen/mocs_compilation.cpp.o\x1b[0m\n'}
[516.420859] (-) TimerEvent: {}
[516.521302] (-) TimerEvent: {}
[516.621750] (-) TimerEvent: {}
[516.722214] (-) TimerEvent: {}
[516.822706] (-) TimerEvent: {}
[516.923194] (-) TimerEvent: {}
[517.023716] (-) TimerEvent: {}
[517.124165] (-) TimerEvent: {}
[517.224651] (-) TimerEvent: {}
[517.325209] (-) TimerEvent: {}
[517.425820] (-) TimerEvent: {}
[517.526315] (-) TimerEvent: {}
[517.626762] (-) TimerEvent: {}
[517.727197] (-) TimerEvent: {}
[517.827688] (-) TimerEvent: {}
[517.928190] (-) TimerEvent: {}
[518.028657] (-) TimerEvent: {}
[518.129139] (-) TimerEvent: {}
[518.229643] (-) TimerEvent: {}
[518.330147] (-) TimerEvent: {}
[518.430709] (-) TimerEvent: {}
[518.531281] (-) TimerEvent: {}
[518.631858] (-) TimerEvent: {}
[518.732324] (-) TimerEvent: {}
[518.833575] (-) TimerEvent: {}
[518.931022] (rtabmap) StdoutLine: {'line': b'[ 96%] \x1b[32m\x1b[1mLinking CXX executable ../../bin/rtabmap-report\x1b[0m\n'}
[518.933682] (-) TimerEvent: {}
[519.034169] (-) TimerEvent: {}
[519.134848] (-) TimerEvent: {}
[519.235520] (-) TimerEvent: {}
[519.336002] (-) TimerEvent: {}
[519.436611] (-) TimerEvent: {}
[519.537170] (-) TimerEvent: {}
[519.637747] (-) TimerEvent: {}
[519.738331] (-) TimerEvent: {}
[519.838942] (-) TimerEvent: {}
[519.939502] (-) TimerEvent: {}
[520.040048] (-) TimerEvent: {}
[520.140533] (-) TimerEvent: {}
[520.241001] (-) TimerEvent: {}
[520.341514] (-) TimerEvent: {}
[520.442262] (-) TimerEvent: {}
[520.543007] (-) TimerEvent: {}
[520.643570] (-) TimerEvent: {}
[520.744302] (-) TimerEvent: {}
[520.844922] (-) TimerEvent: {}
[520.945386] (-) TimerEvent: {}
[521.045868] (-) TimerEvent: {}
[521.146493] (-) TimerEvent: {}
[521.246991] (-) TimerEvent: {}
[521.347438] (-) TimerEvent: {}
[521.447910] (-) TimerEvent: {}
[521.548499] (-) TimerEvent: {}
[521.649046] (-) TimerEvent: {}
[521.749600] (-) TimerEvent: {}
[521.850138] (-) TimerEvent: {}
[521.950682] (-) TimerEvent: {}
[522.051212] (-) TimerEvent: {}
[522.151709] (-) TimerEvent: {}
[522.252336] (-) TimerEvent: {}
[522.340317] (rtabmap) StdoutLine: {'line': b'[ 97%] \x1b[32m\x1b[1mLinking CXX executable ../../bin/rtabmap-rgbd_camera\x1b[0m\n'}
[522.352475] (-) TimerEvent: {}
[522.453136] (-) TimerEvent: {}
[522.513384] (rtabmap) StdoutLine: {'line': b'[ 97%] Built target report\n'}
[522.536529] (rtabmap) StdoutLine: {'line': b'\x1b[35m\x1b[1mScanning dependencies of target lidar_mapping\x1b[0m\n'}
[522.553282] (-) TimerEvent: {}
[522.653960] (-) TimerEvent: {}
[522.721522] (rtabmap) StdoutLine: {'line': b'[ 97%] \x1b[32mBuilding CXX object examples/LidarMapping/CMakeFiles/lidar_mapping.dir/lidar_mapping_autogen/mocs_compilation.cpp.o\x1b[0m\n'}
[522.754171] (-) TimerEvent: {}
[522.855071] (-) TimerEvent: {}
[522.955936] (-) TimerEvent: {}
[523.056903] (-) TimerEvent: {}
[523.157412] (-) TimerEvent: {}
[523.258025] (-) TimerEvent: {}
[523.358706] (-) TimerEvent: {}
[523.459502] (-) TimerEvent: {}
[523.560254] (-) TimerEvent: {}
[523.660923] (-) TimerEvent: {}
[523.761418] (-) TimerEvent: {}
[523.861872] (-) TimerEvent: {}
[523.962362] (-) TimerEvent: {}
[524.062850] (-) TimerEvent: {}
[524.163332] (-) TimerEvent: {}
[524.263809] (-) TimerEvent: {}
[524.364281] (-) TimerEvent: {}
[524.464758] (-) TimerEvent: {}
[524.565247] (-) TimerEvent: {}
[524.665771] (-) TimerEvent: {}
[524.766268] (-) TimerEvent: {}
[524.866784] (-) TimerEvent: {}
[524.967308] (-) TimerEvent: {}
[525.067865] (-) TimerEvent: {}
[525.168392] (-) TimerEvent: {}
[525.268929] (-) TimerEvent: {}
[525.369427] (-) TimerEvent: {}
[525.469970] (-) TimerEvent: {}
[525.570494] (-) TimerEvent: {}
[525.621124] (rtabmap) StdoutLine: {'line': b'[ 97%] Built target rgbd_camera\n'}
[525.649689] (rtabmap) StdoutLine: {'line': b'[ 98%] \x1b[32mBuilding CXX object examples/LidarMapping/CMakeFiles/lidar_mapping.dir/main.cpp.o\x1b[0m\n'}
[525.670643] (-) TimerEvent: {}
[525.771141] (-) TimerEvent: {}
[525.871642] (-) TimerEvent: {}
[525.972160] (-) TimerEvent: {}
[526.025123] (rtabmap) StdoutLine: {'line': b'[ 98%] \x1b[32m\x1b[1mLinking CXX executable ../../bin/rtabmap-bow_mapping\x1b[0m\n'}
[526.072320] (-) TimerEvent: {}
[526.172838] (-) TimerEvent: {}
[526.273398] (-) TimerEvent: {}
[526.373919] (-) TimerEvent: {}
[526.474464] (-) TimerEvent: {}
[526.575113] (-) TimerEvent: {}
[526.675807] (-) TimerEvent: {}
[526.776493] (-) TimerEvent: {}
[526.877058] (-) TimerEvent: {}
[526.977699] (-) TimerEvent: {}
[527.078324] (-) TimerEvent: {}
[527.178870] (-) TimerEvent: {}
[527.279526] (-) TimerEvent: {}
[527.379999] (-) TimerEvent: {}
[527.480467] (-) TimerEvent: {}
[527.580963] (-) TimerEvent: {}
[527.681462] (-) TimerEvent: {}
[527.781954] (-) TimerEvent: {}
[527.882450] (-) TimerEvent: {}
[527.982915] (-) TimerEvent: {}
[528.083418] (-) TimerEvent: {}
[528.183937] (-) TimerEvent: {}
[528.284466] (-) TimerEvent: {}
[528.385004] (-) TimerEvent: {}
[528.485523] (-) TimerEvent: {}
[528.586402] (-) TimerEvent: {}
[528.639085] (rtabmap) StdoutLine: {'line': b'[ 98%] Built target bow_mapping\n'}
[528.665997] (rtabmap) StdoutLine: {'line': b'[ 99%] \x1b[32mBuilding CXX object examples/WifiMapping/CMakeFiles/wifi_mapping.dir/main.cpp.o\x1b[0m\n'}
[528.686621] (-) TimerEvent: {}
[528.787449] (-) TimerEvent: {}
[528.887944] (-) TimerEvent: {}
[528.988389] (-) TimerEvent: {}
[529.089049] (-) TimerEvent: {}
[529.189539] (-) TimerEvent: {}
[529.290138] (-) TimerEvent: {}
[529.390619] (-) TimerEvent: {}
[529.491084] (-) TimerEvent: {}
[529.592688] (-) TimerEvent: {}
[529.693191] (-) TimerEvent: {}
[529.793699] (-) TimerEvent: {}
[529.894235] (-) TimerEvent: {}
[529.994706] (-) TimerEvent: {}
[530.095177] (-) TimerEvent: {}
[530.195708] (-) TimerEvent: {}
[530.296192] (-) TimerEvent: {}
[530.396636] (-) TimerEvent: {}
[530.497116] (-) TimerEvent: {}
[530.598451] (-) TimerEvent: {}
[530.698884] (-) TimerEvent: {}
[530.799317] (-) TimerEvent: {}
[530.899759] (-) TimerEvent: {}
[531.000196] (-) TimerEvent: {}
[531.100647] (-) TimerEvent: {}
[531.201115] (-) TimerEvent: {}
[531.301609] (-) TimerEvent: {}
[531.402193] (-) TimerEvent: {}
[531.503054] (-) TimerEvent: {}
[531.605381] (-) TimerEvent: {}
[531.705887] (-) TimerEvent: {}
[531.806414] (-) TimerEvent: {}
[531.906938] (-) TimerEvent: {}
[532.007477] (-) TimerEvent: {}
[532.108057] (-) TimerEvent: {}
[532.208601] (-) TimerEvent: {}
[532.309199] (-) TimerEvent: {}
[532.409714] (-) TimerEvent: {}
[532.510222] (-) TimerEvent: {}
[532.613416] (-) TimerEvent: {}
[532.714806] (-) TimerEvent: {}
[532.815314] (-) TimerEvent: {}
[532.915814] (-) TimerEvent: {}
[533.016338] (-) TimerEvent: {}
[533.116868] (-) TimerEvent: {}
[533.217513] (-) TimerEvent: {}
[533.318010] (-) TimerEvent: {}
[533.418475] (-) TimerEvent: {}
[533.518949] (-) TimerEvent: {}
[533.620437] (-) TimerEvent: {}
[533.720929] (-) TimerEvent: {}
[533.821568] (-) TimerEvent: {}
[533.922285] (-) TimerEvent: {}
[534.022965] (-) TimerEvent: {}
[534.123615] (-) TimerEvent: {}
[534.224121] (-) TimerEvent: {}
[534.324604] (-) TimerEvent: {}
[534.425263] (-) TimerEvent: {}
[534.519637] (rtabmap) StdoutLine: {'line': b'[ 99%] \x1b[32m\x1b[1mLinking CXX executable ../../bin/rtabmap-matcher\x1b[0m\n'}
[534.525372] (-) TimerEvent: {}
[534.626022] (-) TimerEvent: {}
[534.726482] (-) TimerEvent: {}
[534.755563] (rtabmap) StdoutLine: {'line': b'[ 99%] \x1b[32mBuilding CXX object examples/NoEventsExample/CMakeFiles/noEventsExample.dir/main.cpp.o\x1b[0m\n'}
[534.826635] (-) TimerEvent: {}
[534.927174] (-) TimerEvent: {}
[535.027676] (-) TimerEvent: {}
[535.128257] (-) TimerEvent: {}
[535.228863] (-) TimerEvent: {}
[535.329404] (-) TimerEvent: {}
[535.429918] (-) TimerEvent: {}
[535.530421] (-) TimerEvent: {}
[535.630864] (-) TimerEvent: {}
[535.731349] (-) TimerEvent: {}
[535.832059] (-) TimerEvent: {}
[535.932717] (-) TimerEvent: {}
[536.033276] (-) TimerEvent: {}
[536.133852] (-) TimerEvent: {}
[536.234344] (-) TimerEvent: {}
[536.334815] (-) TimerEvent: {}
[536.435321] (-) TimerEvent: {}
[536.535839] (-) TimerEvent: {}
[536.636308] (-) TimerEvent: {}
[536.737089] (-) TimerEvent: {}
[536.837595] (-) TimerEvent: {}
[536.938156] (-) TimerEvent: {}
[537.038776] (-) TimerEvent: {}
[537.139326] (-) TimerEvent: {}
[537.239915] (-) TimerEvent: {}
[537.340475] (-) TimerEvent: {}
[537.441082] (-) TimerEvent: {}
[537.541678] (-) TimerEvent: {}
[537.642998] (-) TimerEvent: {}
[537.743470] (-) TimerEvent: {}
[537.843960] (-) TimerEvent: {}
[537.944571] (-) TimerEvent: {}
[538.045248] (-) TimerEvent: {}
[538.145844] (-) TimerEvent: {}
[538.246349] (-) TimerEvent: {}
[538.346882] (-) TimerEvent: {}
[538.447431] (-) TimerEvent: {}
[538.547977] (-) TimerEvent: {}
[538.648470] (-) TimerEvent: {}
[538.749025] (-) TimerEvent: {}
[538.849689] (-) TimerEvent: {}
[538.950141] (-) TimerEvent: {}
[539.050921] (-) TimerEvent: {}
[539.153011] (-) TimerEvent: {}
[539.255797] (-) TimerEvent: {}
[539.357020] (-) TimerEvent: {}
[539.359862] (rtabmap) StdoutLine: {'line': b'[ 99%] Built target matcher\n'}
[539.457148] (-) TimerEvent: {}
[539.557713] (-) TimerEvent: {}
[539.658292] (-) TimerEvent: {}
[539.758881] (-) TimerEvent: {}
[539.859318] (-) TimerEvent: {}
[539.959771] (-) TimerEvent: {}
[540.060560] (-) TimerEvent: {}
[540.161119] (-) TimerEvent: {}
[540.261670] (-) TimerEvent: {}
[540.362242] (-) TimerEvent: {}
[540.420279] (rtabmap) StdoutLine: {'line': b'[100%] \x1b[32m\x1b[1mLinking CXX executable ../../bin/rtabmap-rgbd_mapping\x1b[0m\n'}
[540.462397] (-) TimerEvent: {}
[540.562871] (-) TimerEvent: {}
[540.663342] (-) TimerEvent: {}
[540.763808] (-) TimerEvent: {}
[540.864311] (-) TimerEvent: {}
[540.965141] (-) TimerEvent: {}
[541.065801] (-) TimerEvent: {}
[541.166597] (-) TimerEvent: {}
[541.267353] (-) TimerEvent: {}
[541.368184] (-) TimerEvent: {}
[541.469087] (-) TimerEvent: {}
[541.569820] (-) TimerEvent: {}
[541.670589] (-) TimerEvent: {}
[541.771362] (-) TimerEvent: {}
[541.871944] (-) TimerEvent: {}
[541.972660] (-) TimerEvent: {}
[542.073300] (-) TimerEvent: {}
[542.173962] (-) TimerEvent: {}
[542.274711] (-) TimerEvent: {}
[542.375282] (-) TimerEvent: {}
[542.475848] (-) TimerEvent: {}
[542.576570] (-) TimerEvent: {}
[542.677200] (-) TimerEvent: {}
[542.777665] (-) TimerEvent: {}
[542.878173] (-) TimerEvent: {}
[542.978679] (-) TimerEvent: {}
[543.079252] (-) TimerEvent: {}
[543.179977] (-) TimerEvent: {}
[543.280547] (-) TimerEvent: {}
[543.381168] (-) TimerEvent: {}
[543.481848] (-) TimerEvent: {}
[543.582429] (-) TimerEvent: {}
[543.632403] (rtabmap) StdoutLine: {'line': b'[100%] Built target rgbd_mapping\n'}
[543.682549] (-) TimerEvent: {}
[543.782957] (-) TimerEvent: {}
[543.883390] (-) TimerEvent: {}
[543.983823] (-) TimerEvent: {}
[544.084271] (-) TimerEvent: {}
[544.184711] (-) TimerEvent: {}
[544.285163] (-) TimerEvent: {}
[544.385616] (-) TimerEvent: {}
[544.486048] (-) TimerEvent: {}
[544.586470] (-) TimerEvent: {}
[544.686868] (-) TimerEvent: {}
[544.787289] (-) TimerEvent: {}
[544.887772] (-) TimerEvent: {}
[544.988294] (-) TimerEvent: {}
[545.088781] (-) TimerEvent: {}
[545.189232] (-) TimerEvent: {}
[545.289672] (-) TimerEvent: {}
[545.390122] (-) TimerEvent: {}
[545.490565] (-) TimerEvent: {}
[545.590994] (-) TimerEvent: {}
[545.691430] (-) TimerEvent: {}
[545.791880] (-) TimerEvent: {}
[545.892331] (-) TimerEvent: {}
[545.992780] (-) TimerEvent: {}
[546.093247] (-) TimerEvent: {}
[546.193700] (-) TimerEvent: {}
[546.294153] (-) TimerEvent: {}
[546.394618] (-) TimerEvent: {}
[546.495119] (-) TimerEvent: {}
[546.527790] (rtabmap) StderrLine: {'line': b'In file included from \x1b[01m\x1b[K/usr/include/string.h:495\x1b[m\x1b[K,\n'}
[546.530141] (rtabmap) StderrLine: {'line': b'                 from \x1b[01m\x1b[K/usr/include/c++/9/cstring:42\x1b[m\x1b[K,\n'}
[546.530368] (rtabmap) StderrLine: {'line': b'                 from \x1b[01m\x1b[K/usr/include/eigen3/Eigen/Core:283\x1b[m\x1b[K,\n'}
[546.530454] (rtabmap) StderrLine: {'line': b'                 from \x1b[01m\x1b[K/home/deepak/electronic_ws/src/rtabmap/corelib/src/../include/rtabmap/core/Transform.h:35\x1b[m\x1b[K,\n'}
[546.530544] (rtabmap) StderrLine: {'line': b'                 from \x1b[01m\x1b[K/home/deepak/electronic_ws/src/rtabmap/corelib/src/../include/rtabmap/core/Odometry.h:33\x1b[m\x1b[K,\n'}
[546.530633] (rtabmap) StderrLine: {'line': b'                 from \x1b[01m\x1b[K/home/deepak/electronic_ws/src/rtabmap/examples/WifiMapping/main.cpp:28\x1b[m\x1b[K:\n'}
[546.531024] (rtabmap) StderrLine: {'line': b'In function \xe2\x80\x98\x1b[01m\x1b[Kchar* strncpy(char*, const char*, size_t)\x1b[m\x1b[K\xe2\x80\x99,\n'}
[546.531114] (rtabmap) StderrLine: {'line': b'    inlined from \xe2\x80\x98\x1b[01m\x1b[Kvirtual void WifiThread::mainLoop()\x1b[m\x1b[K\xe2\x80\x99 at \x1b[01m\x1b[K/home/deepak/electronic_ws/src/rtabmap/examples/WifiMapping/WifiThread.h:180:11\x1b[m\x1b[K:\n'}
[546.531422] (rtabmap) StderrLine: {'line': b'\x1b[01m\x1b[K/usr/include/x86_64-linux-gnu/bits/string_fortified.h:106:34:\x1b[m\x1b[K \x1b[01;35m\x1b[Kwarning: \x1b[m\x1b[K\xe2\x80\x98\x1b[01m\x1b[Kchar* __builtin_strncpy(char*, const char*, long unsigned int)\x1b[m\x1b[K\xe2\x80\x99 specified bound 16 equals destination size [\x1b[01;35m\x1b[K-Wstringop-truncation\x1b[m\x1b[K]\n'}
[546.532066] (rtabmap) StderrLine: {'line': b'  106 |   return \x1b[01;35m\x1b[K__builtin___strncpy_chk (__dest, __src, __len, __bos (__dest))\x1b[m\x1b[K;\n'}
[546.532179] (rtabmap) StderrLine: {'line': b'      |          \x1b[01;35m\x1b[K~~~~~~~~~~~~~~~~~~~~~~~~^~~~~~~~~~~~~~~~~~~~~~~~~~~~~~~~~~~~~~\x1b[m\x1b[K\n'}
[546.595269] (-) TimerEvent: {}
[546.695704] (-) TimerEvent: {}
[546.796092] (-) TimerEvent: {}
[546.896499] (-) TimerEvent: {}
[546.996932] (-) TimerEvent: {}
[547.097332] (-) TimerEvent: {}
[547.197759] (-) TimerEvent: {}
[547.298176] (-) TimerEvent: {}
[547.398571] (-) TimerEvent: {}
[547.498960] (-) TimerEvent: {}
[547.599375] (-) TimerEvent: {}
[547.699787] (-) TimerEvent: {}
[547.800203] (-) TimerEvent: {}
[547.895536] (rtabmap) StdoutLine: {'line': b'[100%] \x1b[32m\x1b[1mLinking CXX executable ../../bin/rtabmap-wifi_mapping\x1b[0m\n'}
[547.900320] (-) TimerEvent: {}
[548.000797] (-) TimerEvent: {}
[548.101228] (-) TimerEvent: {}
[548.201679] (-) TimerEvent: {}
[548.302354] (-) TimerEvent: {}
[548.402920] (-) TimerEvent: {}
[548.503628] (-) TimerEvent: {}
[548.604300] (-) TimerEvent: {}
[548.704832] (-) TimerEvent: {}
[548.805295] (-) TimerEvent: {}
[548.905856] (-) TimerEvent: {}
[549.006566] (-) TimerEvent: {}
[549.107056] (-) TimerEvent: {}
[549.146078] (rtabmap) StdoutLine: {'line': b'[100%] \x1b[32m\x1b[1mLinking CXX executable ../../bin/rtabmap-lidar_mapping\x1b[0m\n'}
[549.207433] (-) TimerEvent: {}
[549.308226] (-) TimerEvent: {}
[549.408869] (-) TimerEvent: {}
[549.509514] (-) TimerEvent: {}
[549.610173] (-) TimerEvent: {}
[549.711065] (-) TimerEvent: {}
[549.811841] (-) TimerEvent: {}
[549.912992] (-) TimerEvent: {}
[550.013956] (-) TimerEvent: {}
[550.114958] (-) TimerEvent: {}
[550.215802] (-) TimerEvent: {}
[550.316407] (-) TimerEvent: {}
[550.417031] (-) TimerEvent: {}
[550.517709] (-) TimerEvent: {}
[550.590138] (rtabmap) StdoutLine: {'line': b'[100%] Built target wifi_mapping\n'}
[550.617851] (-) TimerEvent: {}
[550.718394] (-) TimerEvent: {}
[550.818874] (-) TimerEvent: {}
[550.919335] (-) TimerEvent: {}
[551.019754] (-) TimerEvent: {}
[551.120181] (-) TimerEvent: {}
[551.220620] (-) TimerEvent: {}
[551.321108] (-) TimerEvent: {}
[551.421630] (-) TimerEvent: {}
[551.522109] (-) TimerEvent: {}
[551.622634] (-) TimerEvent: {}
[551.723176] (-) TimerEvent: {}
[551.782200] (rtabmap) StdoutLine: {'line': b'[100%] Built target lidar_mapping\n'}
[551.823372] (-) TimerEvent: {}
[551.923780] (-) TimerEvent: {}
[552.024188] (-) TimerEvent: {}
[552.124620] (-) TimerEvent: {}
[552.225042] (-) TimerEvent: {}
[552.325459] (-) TimerEvent: {}
[552.425894] (-) TimerEvent: {}
[552.526313] (-) TimerEvent: {}
[552.626719] (-) TimerEvent: {}
[552.727133] (-) TimerEvent: {}
[552.827544] (-) TimerEvent: {}
[552.927970] (-) TimerEvent: {}
[553.028390] (-) TimerEvent: {}
[553.128844] (-) TimerEvent: {}
[553.229308] (-) TimerEvent: {}
[553.329739] (-) TimerEvent: {}
[553.430174] (-) TimerEvent: {}
[553.530602] (-) TimerEvent: {}
[553.631031] (-) TimerEvent: {}
[553.731348] (-) TimerEvent: {}
[553.831738] (-) TimerEvent: {}
[553.932153] (-) TimerEvent: {}
[554.032560] (-) TimerEvent: {}
[554.132972] (-) TimerEvent: {}
[554.233407] (-) TimerEvent: {}
[554.333859] (-) TimerEvent: {}
[554.434307] (-) TimerEvent: {}
[554.534741] (-) TimerEvent: {}
[554.635160] (-) TimerEvent: {}
[554.735613] (-) TimerEvent: {}
[554.836036] (-) TimerEvent: {}
[554.936402] (-) TimerEvent: {}
[555.036803] (-) TimerEvent: {}
[555.137130] (-) TimerEvent: {}
[555.237568] (-) TimerEvent: {}
[555.338020] (-) TimerEvent: {}
[555.438468] (-) TimerEvent: {}
[555.538861] (-) TimerEvent: {}
[555.639254] (-) TimerEvent: {}
[555.739596] (-) TimerEvent: {}
[555.839993] (-) TimerEvent: {}
[555.940380] (-) TimerEvent: {}
[556.040798] (-) TimerEvent: {}
[556.141125] (-) TimerEvent: {}
[556.241549] (-) TimerEvent: {}
[556.341959] (-) TimerEvent: {}
[556.442411] (-) TimerEvent: {}
[556.542817] (-) TimerEvent: {}
[556.643225] (-) TimerEvent: {}
[556.743534] (-) TimerEvent: {}
[556.844056] (-) TimerEvent: {}
[556.944530] (-) TimerEvent: {}
[556.945298] (rtabmap) StdoutLine: {'line': b'[100%] \x1b[32m\x1b[1mLinking CXX executable ../../bin/rtabmap-noEventsExample\x1b[0m\n'}
[557.044733] (-) TimerEvent: {}
[557.145207] (-) TimerEvent: {}
[557.245763] (-) TimerEvent: {}
[557.346322] (-) TimerEvent: {}
[557.446890] (-) TimerEvent: {}
[557.547504] (-) TimerEvent: {}
[557.647957] (-) TimerEvent: {}
[557.748364] (-) TimerEvent: {}
[557.848794] (-) TimerEvent: {}
[557.949298] (-) TimerEvent: {}
[558.049795] (-) TimerEvent: {}
[558.150309] (-) TimerEvent: {}
[558.250745] (-) TimerEvent: {}
[558.351231] (-) TimerEvent: {}
[558.451752] (-) TimerEvent: {}
[558.552316] (-) TimerEvent: {}
[558.652872] (-) TimerEvent: {}
[558.753392] (-) TimerEvent: {}
[558.853850] (-) TimerEvent: {}
[558.880817] (rtabmap) StdoutLine: {'line': b'[100%] Built target noEventsExample\n'}
[558.954038] (-) TimerEvent: {}
[559.045052] (rtabmap) JobEnded: {'identifier': 'rtabmap', 'rc': 'SIGINT'}
[559.111350] (-) TimerEvent: {}
[559.123013] (rtabmap_conversions) JobSkipped: {'identifier': 'rtabmap_conversions'}
[559.123078] (rtabmap_rviz_plugins) JobSkipped: {'identifier': 'rtabmap_rviz_plugins'}
[559.123100] (rtabmap_sync) JobSkipped: {'identifier': 'rtabmap_sync'}
[559.123115] (rtabmap_util) JobSkipped: {'identifier': 'rtabmap_util'}
[559.123128] (rtabmap_odom) JobSkipped: {'identifier': 'rtabmap_odom'}
[559.123141] (rtabmap_slam) JobSkipped: {'identifier': 'rtabmap_slam'}
[559.123154] (rtabmap_viz) JobSkipped: {'identifier': 'rtabmap_viz'}
[559.123167] (rtabmap_demos) JobSkipped: {'identifier': 'rtabmap_demos'}
[559.123180] (rtabmap_examples) JobSkipped: {'identifier': 'rtabmap_examples'}
[559.123192] (rtabmap_launch) JobSkipped: {'identifier': 'rtabmap_launch'}
[559.123205] (rtabmap_ros) JobSkipped: {'identifier': 'rtabmap_ros'}
[559.123218] (-) EventReactorShutdown: {}
