[0.245s] DEBUG:colcon:Command line arguments: ['/usr/bin/colcon', 'build']
[0.245s] DEBUG:colcon:Parsed command line arguments: Namespace(allow_overriding=[], ament_cmake_args=None, base_paths=['.'], build_base='build', catkin_cmake_args=None, catkin_skip_building_tests=False, cmake_args=None, cmake_clean_cache=False, cmake_clean_first=False, cmake_force_configure=False, cmake_target=None, cmake_target_skip_unavailable=False, continue_on_error=False, event_handlers=None, executor='parallel', ignore_user_meta=False, install_base='install', log_base=None, log_level=None, main=<bound method BuildVerb.main of <colcon_core.verb.build.BuildVerb object at 0x7fe70048d880>>, merge_install=False, metas=['./colcon.meta'], mixin=None, mixin_files=None, mixin_verb=('build',), packages_above=None, packages_above_and_dependencies=None, packages_above_depth=None, packages_end=None, packages_ignore=None, packages_ignore_regex=None, packages_select=None, packages_select_build_failed=False, packages_select_by_dep=None, packages_select_regex=None, packages_select_test_failures=False, packages_skip=None, packages_skip_build_finished=False, packages_skip_by_dep=None, packages_skip_regex=None, packages_skip_test_passed=False, packages_skip_up_to=None, packages_start=None, packages_up_to=None, packages_up_to_regex=None, parallel_workers=8, paths=None, symlink_install=False, test_result_base=None, verb_extension=<colcon_core.verb.build.BuildVerb object at 0x7fe70048d880>, verb_name='build', verb_parser=<colcon_mixin.mixin.mixin_argument.MixinArgumentDecorator object at 0x7fe70048de20>)
[0.383s] Level 1:colcon.colcon_core.package_discovery:discover_packages(colcon_meta) check parameters
[0.383s] Level 1:colcon.colcon_core.package_discovery:discover_packages(recursive) check parameters
[0.383s] Level 1:colcon.colcon_core.package_discovery:discover_packages(ignore) check parameters
[0.383s] Level 1:colcon.colcon_core.package_discovery:discover_packages(path) check parameters
[0.383s] Level 1:colcon.colcon_core.package_discovery:discover_packages(colcon_meta) discover
[0.383s] Level 1:colcon.colcon_core.package_discovery:discover_packages(recursive) discover
[0.383s] INFO:colcon.colcon_core.package_discovery:Crawling recursively for packages in '/home/deepak/electronic_ws'
[0.383s] Level 1:colcon.colcon_core.package_identification:_identify(.) by extensions ['ignore', 'ignore_ament_install']
[0.383s] Level 1:colcon.colcon_core.package_identification:_identify(.) by extension 'ignore'
[0.383s] Level 1:colcon.colcon_core.package_identification:_identify(.) by extension 'ignore_ament_install'
[0.383s] Level 1:colcon.colcon_core.package_identification:_identify(.) by extensions ['colcon_pkg']
[0.384s] Level 1:colcon.colcon_core.package_identification:_identify(.) by extension 'colcon_pkg'
[0.384s] Level 1:colcon.colcon_core.package_identification:_identify(.) by extensions ['colcon_meta']
[0.384s] Level 1:colcon.colcon_core.package_identification:_identify(.) by extension 'colcon_meta'
[0.384s] Level 1:colcon.colcon_core.package_identification:_identify(.) by extensions ['ros']
[0.384s] Level 1:colcon.colcon_core.package_identification:_identify(.) by extension 'ros'
[0.394s] Level 1:colcon.colcon_core.package_identification:_identify(.) by extensions ['cmake', 'python']
[0.394s] Level 1:colcon.colcon_core.package_identification:_identify(.) by extension 'cmake'
[0.394s] Level 1:colcon.colcon_core.package_identification:_identify(.) by extension 'python'
[0.394s] Level 1:colcon.colcon_core.package_identification:_identify(.) by extensions ['python_setup_py']
[0.394s] Level 1:colcon.colcon_core.package_identification:_identify(.) by extension 'python_setup_py'
[0.394s] Level 1:colcon.colcon_core.package_identification:_identify(build) by extensions ['ignore', 'ignore_ament_install']
[0.394s] Level 1:colcon.colcon_core.package_identification:_identify(build) by extension 'ignore'
[0.394s] Level 1:colcon.colcon_core.package_identification:_identify(build) ignored
[0.394s] Level 1:colcon.colcon_core.package_identification:_identify(install) by extensions ['ignore', 'ignore_ament_install']
[0.394s] Level 1:colcon.colcon_core.package_identification:_identify(install) by extension 'ignore'
[0.394s] Level 1:colcon.colcon_core.package_identification:_identify(install) ignored
[0.394s] Level 1:colcon.colcon_core.package_identification:_identify(log) by extensions ['ignore', 'ignore_ament_install']
[0.395s] Level 1:colcon.colcon_core.package_identification:_identify(log) by extension 'ignore'
[0.395s] Level 1:colcon.colcon_core.package_identification:_identify(log) ignored
[0.395s] Level 1:colcon.colcon_core.package_identification:_identify(src) by extensions ['ignore', 'ignore_ament_install']
[0.395s] Level 1:colcon.colcon_core.package_identification:_identify(src) by extension 'ignore'
[0.395s] Level 1:colcon.colcon_core.package_identification:_identify(src) by extension 'ignore_ament_install'
[0.395s] Level 1:colcon.colcon_core.package_identification:_identify(src) by extensions ['colcon_pkg']
[0.395s] Level 1:colcon.colcon_core.package_identification:_identify(src) by extension 'colcon_pkg'
[0.395s] Level 1:colcon.colcon_core.package_identification:_identify(src) by extensions ['colcon_meta']
[0.395s] Level 1:colcon.colcon_core.package_identification:_identify(src) by extension 'colcon_meta'
[0.395s] Level 1:colcon.colcon_core.package_identification:_identify(src) by extensions ['ros']
[0.395s] Level 1:colcon.colcon_core.package_identification:_identify(src) by extension 'ros'
[0.395s] Level 1:colcon.colcon_core.package_identification:_identify(src) by extensions ['cmake', 'python']
[0.395s] Level 1:colcon.colcon_core.package_identification:_identify(src) by extension 'cmake'
[0.395s] Level 1:colcon.colcon_core.package_identification:_identify(src) by extension 'python'
[0.395s] Level 1:colcon.colcon_core.package_identification:_identify(src) by extensions ['python_setup_py']
[0.395s] Level 1:colcon.colcon_core.package_identification:_identify(src) by extension 'python_setup_py'
[0.395s] Level 1:colcon.colcon_core.package_identification:_identify(src/Lslidar_ROS2_driver-LS-S1_V1.0) by extensions ['ignore', 'ignore_ament_install']
[0.395s] Level 1:colcon.colcon_core.package_identification:_identify(src/Lslidar_ROS2_driver-LS-S1_V1.0) by extension 'ignore'
[0.395s] Level 1:colcon.colcon_core.package_identification:_identify(src/Lslidar_ROS2_driver-LS-S1_V1.0) by extension 'ignore_ament_install'
[0.395s] Level 1:colcon.colcon_core.package_identification:_identify(src/Lslidar_ROS2_driver-LS-S1_V1.0) by extensions ['colcon_pkg']
[0.395s] Level 1:colcon.colcon_core.package_identification:_identify(src/Lslidar_ROS2_driver-LS-S1_V1.0) by extension 'colcon_pkg'
[0.395s] Level 1:colcon.colcon_core.package_identification:_identify(src/Lslidar_ROS2_driver-LS-S1_V1.0) by extensions ['colcon_meta']
[0.395s] Level 1:colcon.colcon_core.package_identification:_identify(src/Lslidar_ROS2_driver-LS-S1_V1.0) by extension 'colcon_meta'
[0.396s] Level 1:colcon.colcon_core.package_identification:_identify(src/Lslidar_ROS2_driver-LS-S1_V1.0) by extensions ['ros']
[0.396s] Level 1:colcon.colcon_core.package_identification:_identify(src/Lslidar_ROS2_driver-LS-S1_V1.0) by extension 'ros'
[0.396s] Level 1:colcon.colcon_core.package_identification:_identify(src/Lslidar_ROS2_driver-LS-S1_V1.0) by extensions ['cmake', 'python']
[0.396s] Level 1:colcon.colcon_core.package_identification:_identify(src/Lslidar_ROS2_driver-LS-S1_V1.0) by extension 'cmake'
[0.396s] Level 1:colcon.colcon_core.package_identification:_identify(src/Lslidar_ROS2_driver-LS-S1_V1.0) by extension 'python'
[0.396s] Level 1:colcon.colcon_core.package_identification:_identify(src/Lslidar_ROS2_driver-LS-S1_V1.0) by extensions ['python_setup_py']
[0.396s] Level 1:colcon.colcon_core.package_identification:_identify(src/Lslidar_ROS2_driver-LS-S1_V1.0) by extension 'python_setup_py'
[0.396s] Level 1:colcon.colcon_core.package_identification:_identify(src/Lslidar_ROS2_driver-LS-S1_V1.0/lslidar_driver) by extensions ['ignore', 'ignore_ament_install']
[0.396s] Level 1:colcon.colcon_core.package_identification:_identify(src/Lslidar_ROS2_driver-LS-S1_V1.0/lslidar_driver) by extension 'ignore'
[0.396s] Level 1:colcon.colcon_core.package_identification:_identify(src/Lslidar_ROS2_driver-LS-S1_V1.0/lslidar_driver) by extension 'ignore_ament_install'
[0.396s] Level 1:colcon.colcon_core.package_identification:_identify(src/Lslidar_ROS2_driver-LS-S1_V1.0/lslidar_driver) by extensions ['colcon_pkg']
[0.396s] Level 1:colcon.colcon_core.package_identification:_identify(src/Lslidar_ROS2_driver-LS-S1_V1.0/lslidar_driver) by extension 'colcon_pkg'
[0.396s] Level 1:colcon.colcon_core.package_identification:_identify(src/Lslidar_ROS2_driver-LS-S1_V1.0/lslidar_driver) by extensions ['colcon_meta']
[0.396s] Level 1:colcon.colcon_core.package_identification:_identify(src/Lslidar_ROS2_driver-LS-S1_V1.0/lslidar_driver) by extension 'colcon_meta'
[0.396s] Level 1:colcon.colcon_core.package_identification:_identify(src/Lslidar_ROS2_driver-LS-S1_V1.0/lslidar_driver) by extensions ['ros']
[0.396s] Level 1:colcon.colcon_core.package_identification:_identify(src/Lslidar_ROS2_driver-LS-S1_V1.0/lslidar_driver) by extension 'ros'
[0.399s] DEBUG:colcon.colcon_core.package_identification:Package 'src/Lslidar_ROS2_driver-LS-S1_V1.0/lslidar_driver' with type 'ros.ament_cmake' and name 'lslidar_driver'
[0.399s] Level 1:colcon.colcon_core.package_identification:_identify(src/Lslidar_ROS2_driver-LS-S1_V1.0/lslidar_msgs) by extensions ['ignore', 'ignore_ament_install']
[0.399s] Level 1:colcon.colcon_core.package_identification:_identify(src/Lslidar_ROS2_driver-LS-S1_V1.0/lslidar_msgs) by extension 'ignore'
[0.399s] Level 1:colcon.colcon_core.package_identification:_identify(src/Lslidar_ROS2_driver-LS-S1_V1.0/lslidar_msgs) by extension 'ignore_ament_install'
[0.399s] Level 1:colcon.colcon_core.package_identification:_identify(src/Lslidar_ROS2_driver-LS-S1_V1.0/lslidar_msgs) by extensions ['colcon_pkg']
[0.399s] Level 1:colcon.colcon_core.package_identification:_identify(src/Lslidar_ROS2_driver-LS-S1_V1.0/lslidar_msgs) by extension 'colcon_pkg'
[0.399s] Level 1:colcon.colcon_core.package_identification:_identify(src/Lslidar_ROS2_driver-LS-S1_V1.0/lslidar_msgs) by extensions ['colcon_meta']
[0.399s] Level 1:colcon.colcon_core.package_identification:_identify(src/Lslidar_ROS2_driver-LS-S1_V1.0/lslidar_msgs) by extension 'colcon_meta'
[0.399s] Level 1:colcon.colcon_core.package_identification:_identify(src/Lslidar_ROS2_driver-LS-S1_V1.0/lslidar_msgs) by extensions ['ros']
[0.399s] Level 1:colcon.colcon_core.package_identification:_identify(src/Lslidar_ROS2_driver-LS-S1_V1.0/lslidar_msgs) by extension 'ros'
[0.399s] DEBUG:colcon.colcon_core.package_identification:Package 'src/Lslidar_ROS2_driver-LS-S1_V1.0/lslidar_msgs' with type 'ros.ament_cmake' and name 'lslidar_msgs'
[0.400s] Level 1:colcon.colcon_core.package_identification:_identify(src/backward_ros) by extensions ['ignore', 'ignore_ament_install']
[0.400s] Level 1:colcon.colcon_core.package_identification:_identify(src/backward_ros) by extension 'ignore'
[0.400s] Level 1:colcon.colcon_core.package_identification:_identify(src/backward_ros) by extension 'ignore_ament_install'
[0.400s] Level 1:colcon.colcon_core.package_identification:_identify(src/backward_ros) by extensions ['colcon_pkg']
[0.400s] Level 1:colcon.colcon_core.package_identification:_identify(src/backward_ros) by extension 'colcon_pkg'
[0.400s] Level 1:colcon.colcon_core.package_identification:_identify(src/backward_ros) by extensions ['colcon_meta']
[0.400s] Level 1:colcon.colcon_core.package_identification:_identify(src/backward_ros) by extension 'colcon_meta'
[0.400s] Level 1:colcon.colcon_core.package_identification:_identify(src/backward_ros) by extensions ['ros']
[0.400s] Level 1:colcon.colcon_core.package_identification:_identify(src/backward_ros) by extension 'ros'
[0.400s] DEBUG:colcon.colcon_core.package_identification:Package 'src/backward_ros' with type 'ros.cmake' and name 'backward_ros'
[0.401s] Level 1:colcon.colcon_core.package_identification:_identify(src/ros2_astra_camera) by extensions ['ignore', 'ignore_ament_install']
[0.401s] Level 1:colcon.colcon_core.package_identification:_identify(src/ros2_astra_camera) by extension 'ignore'
[0.401s] Level 1:colcon.colcon_core.package_identification:_identify(src/ros2_astra_camera) by extension 'ignore_ament_install'
[0.401s] Level 1:colcon.colcon_core.package_identification:_identify(src/ros2_astra_camera) by extensions ['colcon_pkg']
[0.401s] Level 1:colcon.colcon_core.package_identification:_identify(src/ros2_astra_camera) by extension 'colcon_pkg'
[0.401s] Level 1:colcon.colcon_core.package_identification:_identify(src/ros2_astra_camera) by extensions ['colcon_meta']
[0.401s] Level 1:colcon.colcon_core.package_identification:_identify(src/ros2_astra_camera) by extension 'colcon_meta'
[0.401s] Level 1:colcon.colcon_core.package_identification:_identify(src/ros2_astra_camera) by extensions ['ros']
[0.401s] Level 1:colcon.colcon_core.package_identification:_identify(src/ros2_astra_camera) by extension 'ros'
[0.401s] Level 1:colcon.colcon_core.package_identification:_identify(src/ros2_astra_camera) by extensions ['cmake', 'python']
[0.401s] Level 1:colcon.colcon_core.package_identification:_identify(src/ros2_astra_camera) by extension 'cmake'
[0.401s] Level 1:colcon.colcon_core.package_identification:_identify(src/ros2_astra_camera) by extension 'python'
[0.401s] Level 1:colcon.colcon_core.package_identification:_identify(src/ros2_astra_camera) by extensions ['python_setup_py']
[0.401s] Level 1:colcon.colcon_core.package_identification:_identify(src/ros2_astra_camera) by extension 'python_setup_py'
[0.401s] Level 1:colcon.colcon_core.package_identification:_identify(src/ros2_astra_camera/astra_camera) by extensions ['ignore', 'ignore_ament_install']
[0.401s] Level 1:colcon.colcon_core.package_identification:_identify(src/ros2_astra_camera/astra_camera) by extension 'ignore'
[0.401s] Level 1:colcon.colcon_core.package_identification:_identify(src/ros2_astra_camera/astra_camera) by extension 'ignore_ament_install'
[0.401s] Level 1:colcon.colcon_core.package_identification:_identify(src/ros2_astra_camera/astra_camera) by extensions ['colcon_pkg']
[0.401s] Level 1:colcon.colcon_core.package_identification:_identify(src/ros2_astra_camera/astra_camera) by extension 'colcon_pkg'
[0.401s] Level 1:colcon.colcon_core.package_identification:_identify(src/ros2_astra_camera/astra_camera) by extensions ['colcon_meta']
[0.401s] Level 1:colcon.colcon_core.package_identification:_identify(src/ros2_astra_camera/astra_camera) by extension 'colcon_meta'
[0.401s] Level 1:colcon.colcon_core.package_identification:_identify(src/ros2_astra_camera/astra_camera) by extensions ['ros']
[0.401s] Level 1:colcon.colcon_core.package_identification:_identify(src/ros2_astra_camera/astra_camera) by extension 'ros'
[0.403s] DEBUG:colcon.colcon_core.package_identification:Package 'src/ros2_astra_camera/astra_camera' with type 'ros.ament_cmake' and name 'astra_camera'
[0.403s] Level 1:colcon.colcon_core.package_identification:_identify(src/ros2_astra_camera/astra_camera_msgs) by extensions ['ignore', 'ignore_ament_install']
[0.403s] Level 1:colcon.colcon_core.package_identification:_identify(src/ros2_astra_camera/astra_camera_msgs) by extension 'ignore'
[0.403s] Level 1:colcon.colcon_core.package_identification:_identify(src/ros2_astra_camera/astra_camera_msgs) by extension 'ignore_ament_install'
[0.403s] Level 1:colcon.colcon_core.package_identification:_identify(src/ros2_astra_camera/astra_camera_msgs) by extensions ['colcon_pkg']
[0.403s] Level 1:colcon.colcon_core.package_identification:_identify(src/ros2_astra_camera/astra_camera_msgs) by extension 'colcon_pkg'
[0.404s] Level 1:colcon.colcon_core.package_identification:_identify(src/ros2_astra_camera/astra_camera_msgs) by extensions ['colcon_meta']
[0.404s] Level 1:colcon.colcon_core.package_identification:_identify(src/ros2_astra_camera/astra_camera_msgs) by extension 'colcon_meta'
[0.404s] Level 1:colcon.colcon_core.package_identification:_identify(src/ros2_astra_camera/astra_camera_msgs) by extensions ['ros']
[0.404s] Level 1:colcon.colcon_core.package_identification:_identify(src/ros2_astra_camera/astra_camera_msgs) by extension 'ros'
[0.404s] DEBUG:colcon.colcon_core.package_identification:Package 'src/ros2_astra_camera/astra_camera_msgs' with type 'ros.ament_cmake' and name 'astra_camera_msgs'
[0.404s] Level 1:colcon.colcon_core.package_identification:_identify(src/rtabmap) by extensions ['ignore', 'ignore_ament_install']
[0.404s] Level 1:colcon.colcon_core.package_identification:_identify(src/rtabmap) by extension 'ignore'
[0.404s] Level 1:colcon.colcon_core.package_identification:_identify(src/rtabmap) by extension 'ignore_ament_install'
[0.404s] Level 1:colcon.colcon_core.package_identification:_identify(src/rtabmap) by extensions ['colcon_pkg']
[0.404s] Level 1:colcon.colcon_core.package_identification:_identify(src/rtabmap) by extension 'colcon_pkg'
[0.404s] Level 1:colcon.colcon_core.package_identification:_identify(src/rtabmap) by extensions ['colcon_meta']
[0.404s] Level 1:colcon.colcon_core.package_identification:_identify(src/rtabmap) by extension 'colcon_meta'
[0.404s] Level 1:colcon.colcon_core.package_identification:_identify(src/rtabmap) by extensions ['ros']
[0.405s] Level 1:colcon.colcon_core.package_identification:_identify(src/rtabmap) by extension 'ros'
[0.406s] DEBUG:colcon.colcon_core.package_identification:Package 'src/rtabmap' with type 'ros.cmake' and name 'rtabmap'
[0.406s] Level 1:colcon.colcon_core.package_identification:_identify(src/rtabmap_ros) by extensions ['ignore', 'ignore_ament_install']
[0.406s] Level 1:colcon.colcon_core.package_identification:_identify(src/rtabmap_ros) by extension 'ignore'
[0.406s] Level 1:colcon.colcon_core.package_identification:_identify(src/rtabmap_ros) by extension 'ignore_ament_install'
[0.406s] Level 1:colcon.colcon_core.package_identification:_identify(src/rtabmap_ros) by extensions ['colcon_pkg']
[0.406s] Level 1:colcon.colcon_core.package_identification:_identify(src/rtabmap_ros) by extension 'colcon_pkg'
[0.406s] Level 1:colcon.colcon_core.package_identification:_identify(src/rtabmap_ros) by extensions ['colcon_meta']
[0.406s] Level 1:colcon.colcon_core.package_identification:_identify(src/rtabmap_ros) by extension 'colcon_meta'
[0.406s] Level 1:colcon.colcon_core.package_identification:_identify(src/rtabmap_ros) by extensions ['ros']
[0.406s] Level 1:colcon.colcon_core.package_identification:_identify(src/rtabmap_ros) by extension 'ros'
[0.406s] Level 1:colcon.colcon_core.package_identification:_identify(src/rtabmap_ros) by extensions ['cmake', 'python']
[0.406s] Level 1:colcon.colcon_core.package_identification:_identify(src/rtabmap_ros) by extension 'cmake'
[0.406s] Level 1:colcon.colcon_core.package_identification:_identify(src/rtabmap_ros) by extension 'python'
[0.406s] Level 1:colcon.colcon_core.package_identification:_identify(src/rtabmap_ros) by extensions ['python_setup_py']
[0.406s] Level 1:colcon.colcon_core.package_identification:_identify(src/rtabmap_ros) by extension 'python_setup_py'
[0.406s] Level 1:colcon.colcon_core.package_identification:_identify(src/rtabmap_ros/docker) by extensions ['ignore', 'ignore_ament_install']
[0.406s] Level 1:colcon.colcon_core.package_identification:_identify(src/rtabmap_ros/docker) by extension 'ignore'
[0.406s] Level 1:colcon.colcon_core.package_identification:_identify(src/rtabmap_ros/docker) by extension 'ignore_ament_install'
[0.406s] Level 1:colcon.colcon_core.package_identification:_identify(src/rtabmap_ros/docker) by extensions ['colcon_pkg']
[0.406s] Level 1:colcon.colcon_core.package_identification:_identify(src/rtabmap_ros/docker) by extension 'colcon_pkg'
[0.406s] Level 1:colcon.colcon_core.package_identification:_identify(src/rtabmap_ros/docker) by extensions ['colcon_meta']
[0.406s] Level 1:colcon.colcon_core.package_identification:_identify(src/rtabmap_ros/docker) by extension 'colcon_meta'
[0.407s] Level 1:colcon.colcon_core.package_identification:_identify(src/rtabmap_ros/docker) by extensions ['ros']
[0.407s] Level 1:colcon.colcon_core.package_identification:_identify(src/rtabmap_ros/docker) by extension 'ros'
[0.407s] Level 1:colcon.colcon_core.package_identification:_identify(src/rtabmap_ros/docker) by extensions ['cmake', 'python']
[0.407s] Level 1:colcon.colcon_core.package_identification:_identify(src/rtabmap_ros/docker) by extension 'cmake'
[0.407s] Level 1:colcon.colcon_core.package_identification:_identify(src/rtabmap_ros/docker) by extension 'python'
[0.407s] Level 1:colcon.colcon_core.package_identification:_identify(src/rtabmap_ros/docker) by extensions ['python_setup_py']
[0.407s] Level 1:colcon.colcon_core.package_identification:_identify(src/rtabmap_ros/docker) by extension 'python_setup_py'
[0.407s] Level 1:colcon.colcon_core.package_identification:_identify(src/rtabmap_ros/docker/foxy) by extensions ['ignore', 'ignore_ament_install']
[0.407s] Level 1:colcon.colcon_core.package_identification:_identify(src/rtabmap_ros/docker/foxy) by extension 'ignore'
[0.407s] Level 1:colcon.colcon_core.package_identification:_identify(src/rtabmap_ros/docker/foxy) by extension 'ignore_ament_install'
[0.407s] Level 1:colcon.colcon_core.package_identification:_identify(src/rtabmap_ros/docker/foxy) by extensions ['colcon_pkg']
[0.407s] Level 1:colcon.colcon_core.package_identification:_identify(src/rtabmap_ros/docker/foxy) by extension 'colcon_pkg'
[0.407s] Level 1:colcon.colcon_core.package_identification:_identify(src/rtabmap_ros/docker/foxy) by extensions ['colcon_meta']
[0.407s] Level 1:colcon.colcon_core.package_identification:_identify(src/rtabmap_ros/docker/foxy) by extension 'colcon_meta'
[0.407s] Level 1:colcon.colcon_core.package_identification:_identify(src/rtabmap_ros/docker/foxy) by extensions ['ros']
[0.407s] Level 1:colcon.colcon_core.package_identification:_identify(src/rtabmap_ros/docker/foxy) by extension 'ros'
[0.407s] Level 1:colcon.colcon_core.package_identification:_identify(src/rtabmap_ros/docker/foxy) by extensions ['cmake', 'python']
[0.407s] Level 1:colcon.colcon_core.package_identification:_identify(src/rtabmap_ros/docker/foxy) by extension 'cmake'
[0.407s] Level 1:colcon.colcon_core.package_identification:_identify(src/rtabmap_ros/docker/foxy) by extension 'python'
[0.407s] Level 1:colcon.colcon_core.package_identification:_identify(src/rtabmap_ros/docker/foxy) by extensions ['python_setup_py']
[0.407s] Level 1:colcon.colcon_core.package_identification:_identify(src/rtabmap_ros/docker/foxy) by extension 'python_setup_py'
[0.407s] Level 1:colcon.colcon_core.package_identification:_identify(src/rtabmap_ros/docker/foxy/latest) by extensions ['ignore', 'ignore_ament_install']
[0.407s] Level 1:colcon.colcon_core.package_identification:_identify(src/rtabmap_ros/docker/foxy/latest) by extension 'ignore'
[0.407s] Level 1:colcon.colcon_core.package_identification:_identify(src/rtabmap_ros/docker/foxy/latest) by extension 'ignore_ament_install'
[0.407s] Level 1:colcon.colcon_core.package_identification:_identify(src/rtabmap_ros/docker/foxy/latest) by extensions ['colcon_pkg']
[0.408s] Level 1:colcon.colcon_core.package_identification:_identify(src/rtabmap_ros/docker/foxy/latest) by extension 'colcon_pkg'
[0.408s] Level 1:colcon.colcon_core.package_identification:_identify(src/rtabmap_ros/docker/foxy/latest) by extensions ['colcon_meta']
[0.408s] Level 1:colcon.colcon_core.package_identification:_identify(src/rtabmap_ros/docker/foxy/latest) by extension 'colcon_meta'
[0.408s] Level 1:colcon.colcon_core.package_identification:_identify(src/rtabmap_ros/docker/foxy/latest) by extensions ['ros']
[0.408s] Level 1:colcon.colcon_core.package_identification:_identify(src/rtabmap_ros/docker/foxy/latest) by extension 'ros'
[0.408s] Level 1:colcon.colcon_core.package_identification:_identify(src/rtabmap_ros/docker/foxy/latest) by extensions ['cmake', 'python']
[0.408s] Level 1:colcon.colcon_core.package_identification:_identify(src/rtabmap_ros/docker/foxy/latest) by extension 'cmake'
[0.408s] Level 1:colcon.colcon_core.package_identification:_identify(src/rtabmap_ros/docker/foxy/latest) by extension 'python'
[0.408s] Level 1:colcon.colcon_core.package_identification:_identify(src/rtabmap_ros/docker/foxy/latest) by extensions ['python_setup_py']
[0.408s] Level 1:colcon.colcon_core.package_identification:_identify(src/rtabmap_ros/docker/foxy/latest) by extension 'python_setup_py'
[0.408s] Level 1:colcon.colcon_core.package_identification:_identify(src/rtabmap_ros/docker/foxy/latest/hooks) by extensions ['ignore', 'ignore_ament_install']
[0.408s] Level 1:colcon.colcon_core.package_identification:_identify(src/rtabmap_ros/docker/foxy/latest/hooks) by extension 'ignore'
[0.408s] Level 1:colcon.colcon_core.package_identification:_identify(src/rtabmap_ros/docker/foxy/latest/hooks) by extension 'ignore_ament_install'
[0.408s] Level 1:colcon.colcon_core.package_identification:_identify(src/rtabmap_ros/docker/foxy/latest/hooks) by extensions ['colcon_pkg']
[0.408s] Level 1:colcon.colcon_core.package_identification:_identify(src/rtabmap_ros/docker/foxy/latest/hooks) by extension 'colcon_pkg'
[0.408s] Level 1:colcon.colcon_core.package_identification:_identify(src/rtabmap_ros/docker/foxy/latest/hooks) by extensions ['colcon_meta']
[0.408s] Level 1:colcon.colcon_core.package_identification:_identify(src/rtabmap_ros/docker/foxy/latest/hooks) by extension 'colcon_meta'
[0.408s] Level 1:colcon.colcon_core.package_identification:_identify(src/rtabmap_ros/docker/foxy/latest/hooks) by extensions ['ros']
[0.408s] Level 1:colcon.colcon_core.package_identification:_identify(src/rtabmap_ros/docker/foxy/latest/hooks) by extension 'ros'
[0.408s] Level 1:colcon.colcon_core.package_identification:_identify(src/rtabmap_ros/docker/foxy/latest/hooks) by extensions ['cmake', 'python']
[0.408s] Level 1:colcon.colcon_core.package_identification:_identify(src/rtabmap_ros/docker/foxy/latest/hooks) by extension 'cmake'
[0.408s] Level 1:colcon.colcon_core.package_identification:_identify(src/rtabmap_ros/docker/foxy/latest/hooks) by extension 'python'
[0.408s] Level 1:colcon.colcon_core.package_identification:_identify(src/rtabmap_ros/docker/foxy/latest/hooks) by extensions ['python_setup_py']
[0.408s] Level 1:colcon.colcon_core.package_identification:_identify(src/rtabmap_ros/docker/foxy/latest/hooks) by extension 'python_setup_py'
[0.408s] Level 1:colcon.colcon_core.package_identification:_identify(src/rtabmap_ros/docker/humble) by extensions ['ignore', 'ignore_ament_install']
[0.409s] Level 1:colcon.colcon_core.package_identification:_identify(src/rtabmap_ros/docker/humble) by extension 'ignore'
[0.409s] Level 1:colcon.colcon_core.package_identification:_identify(src/rtabmap_ros/docker/humble) by extension 'ignore_ament_install'
[0.409s] Level 1:colcon.colcon_core.package_identification:_identify(src/rtabmap_ros/docker/humble) by extensions ['colcon_pkg']
[0.409s] Level 1:colcon.colcon_core.package_identification:_identify(src/rtabmap_ros/docker/humble) by extension 'colcon_pkg'
[0.409s] Level 1:colcon.colcon_core.package_identification:_identify(src/rtabmap_ros/docker/humble) by extensions ['colcon_meta']
[0.409s] Level 1:colcon.colcon_core.package_identification:_identify(src/rtabmap_ros/docker/humble) by extension 'colcon_meta'
[0.409s] Level 1:colcon.colcon_core.package_identification:_identify(src/rtabmap_ros/docker/humble) by extensions ['ros']
[0.409s] Level 1:colcon.colcon_core.package_identification:_identify(src/rtabmap_ros/docker/humble) by extension 'ros'
[0.409s] Level 1:colcon.colcon_core.package_identification:_identify(src/rtabmap_ros/docker/humble) by extensions ['cmake', 'python']
[0.409s] Level 1:colcon.colcon_core.package_identification:_identify(src/rtabmap_ros/docker/humble) by extension 'cmake'
[0.409s] Level 1:colcon.colcon_core.package_identification:_identify(src/rtabmap_ros/docker/humble) by extension 'python'
[0.409s] Level 1:colcon.colcon_core.package_identification:_identify(src/rtabmap_ros/docker/humble) by extensions ['python_setup_py']
[0.409s] Level 1:colcon.colcon_core.package_identification:_identify(src/rtabmap_ros/docker/humble) by extension 'python_setup_py'
[0.409s] Level 1:colcon.colcon_core.package_identification:_identify(src/rtabmap_ros/docker/humble/latest) by extensions ['ignore', 'ignore_ament_install']
[0.409s] Level 1:colcon.colcon_core.package_identification:_identify(src/rtabmap_ros/docker/humble/latest) by extension 'ignore'
[0.409s] Level 1:colcon.colcon_core.package_identification:_identify(src/rtabmap_ros/docker/humble/latest) by extension 'ignore_ament_install'
[0.409s] Level 1:colcon.colcon_core.package_identification:_identify(src/rtabmap_ros/docker/humble/latest) by extensions ['colcon_pkg']
[0.409s] Level 1:colcon.colcon_core.package_identification:_identify(src/rtabmap_ros/docker/humble/latest) by extension 'colcon_pkg'
[0.409s] Level 1:colcon.colcon_core.package_identification:_identify(src/rtabmap_ros/docker/humble/latest) by extensions ['colcon_meta']
[0.409s] Level 1:colcon.colcon_core.package_identification:_identify(src/rtabmap_ros/docker/humble/latest) by extension 'colcon_meta'
[0.409s] Level 1:colcon.colcon_core.package_identification:_identify(src/rtabmap_ros/docker/humble/latest) by extensions ['ros']
[0.409s] Level 1:colcon.colcon_core.package_identification:_identify(src/rtabmap_ros/docker/humble/latest) by extension 'ros'
[0.409s] Level 1:colcon.colcon_core.package_identification:_identify(src/rtabmap_ros/docker/humble/latest) by extensions ['cmake', 'python']
[0.409s] Level 1:colcon.colcon_core.package_identification:_identify(src/rtabmap_ros/docker/humble/latest) by extension 'cmake'
[0.409s] Level 1:colcon.colcon_core.package_identification:_identify(src/rtabmap_ros/docker/humble/latest) by extension 'python'
[0.409s] Level 1:colcon.colcon_core.package_identification:_identify(src/rtabmap_ros/docker/humble/latest) by extensions ['python_setup_py']
[0.409s] Level 1:colcon.colcon_core.package_identification:_identify(src/rtabmap_ros/docker/humble/latest) by extension 'python_setup_py'
[0.410s] Level 1:colcon.colcon_core.package_identification:_identify(src/rtabmap_ros/docker/humble/latest/hooks) by extensions ['ignore', 'ignore_ament_install']
[0.410s] Level 1:colcon.colcon_core.package_identification:_identify(src/rtabmap_ros/docker/humble/latest/hooks) by extension 'ignore'
[0.410s] Level 1:colcon.colcon_core.package_identification:_identify(src/rtabmap_ros/docker/humble/latest/hooks) by extension 'ignore_ament_install'
[0.410s] Level 1:colcon.colcon_core.package_identification:_identify(src/rtabmap_ros/docker/humble/latest/hooks) by extensions ['colcon_pkg']
[0.410s] Level 1:colcon.colcon_core.package_identification:_identify(src/rtabmap_ros/docker/humble/latest/hooks) by extension 'colcon_pkg'
[0.410s] Level 1:colcon.colcon_core.package_identification:_identify(src/rtabmap_ros/docker/humble/latest/hooks) by extensions ['colcon_meta']
[0.410s] Level 1:colcon.colcon_core.package_identification:_identify(src/rtabmap_ros/docker/humble/latest/hooks) by extension 'colcon_meta'
[0.410s] Level 1:colcon.colcon_core.package_identification:_identify(src/rtabmap_ros/docker/humble/latest/hooks) by extensions ['ros']
[0.410s] Level 1:colcon.colcon_core.package_identification:_identify(src/rtabmap_ros/docker/humble/latest/hooks) by extension 'ros'
[0.410s] Level 1:colcon.colcon_core.package_identification:_identify(src/rtabmap_ros/docker/humble/latest/hooks) by extensions ['cmake', 'python']
[0.410s] Level 1:colcon.colcon_core.package_identification:_identify(src/rtabmap_ros/docker/humble/latest/hooks) by extension 'cmake'
[0.410s] Level 1:colcon.colcon_core.package_identification:_identify(src/rtabmap_ros/docker/humble/latest/hooks) by extension 'python'
[0.410s] Level 1:colcon.colcon_core.package_identification:_identify(src/rtabmap_ros/docker/humble/latest/hooks) by extensions ['python_setup_py']
[0.410s] Level 1:colcon.colcon_core.package_identification:_identify(src/rtabmap_ros/docker/humble/latest/hooks) by extension 'python_setup_py'
[0.410s] Level 1:colcon.colcon_core.package_identification:_identify(src/rtabmap_ros/docker/indigo) by extensions ['ignore', 'ignore_ament_install']
[0.410s] Level 1:colcon.colcon_core.package_identification:_identify(src/rtabmap_ros/docker/indigo) by extension 'ignore'
[0.410s] Level 1:colcon.colcon_core.package_identification:_identify(src/rtabmap_ros/docker/indigo) by extension 'ignore_ament_install'
[0.410s] Level 1:colcon.colcon_core.package_identification:_identify(src/rtabmap_ros/docker/indigo) by extensions ['colcon_pkg']
[0.410s] Level 1:colcon.colcon_core.package_identification:_identify(src/rtabmap_ros/docker/indigo) by extension 'colcon_pkg'
[0.410s] Level 1:colcon.colcon_core.package_identification:_identify(src/rtabmap_ros/docker/indigo) by extensions ['colcon_meta']
[0.410s] Level 1:colcon.colcon_core.package_identification:_identify(src/rtabmap_ros/docker/indigo) by extension 'colcon_meta'
[0.410s] Level 1:colcon.colcon_core.package_identification:_identify(src/rtabmap_ros/docker/indigo) by extensions ['ros']
[0.410s] Level 1:colcon.colcon_core.package_identification:_identify(src/rtabmap_ros/docker/indigo) by extension 'ros'
[0.410s] Level 1:colcon.colcon_core.package_identification:_identify(src/rtabmap_ros/docker/indigo) by extensions ['cmake', 'python']
[0.410s] Level 1:colcon.colcon_core.package_identification:_identify(src/rtabmap_ros/docker/indigo) by extension 'cmake'
[0.410s] Level 1:colcon.colcon_core.package_identification:_identify(src/rtabmap_ros/docker/indigo) by extension 'python'
[0.411s] Level 1:colcon.colcon_core.package_identification:_identify(src/rtabmap_ros/docker/indigo) by extensions ['python_setup_py']
[0.411s] Level 1:colcon.colcon_core.package_identification:_identify(src/rtabmap_ros/docker/indigo) by extension 'python_setup_py'
[0.411s] Level 1:colcon.colcon_core.package_identification:_identify(src/rtabmap_ros/docker/indigo/latest) by extensions ['ignore', 'ignore_ament_install']
[0.411s] Level 1:colcon.colcon_core.package_identification:_identify(src/rtabmap_ros/docker/indigo/latest) by extension 'ignore'
[0.411s] Level 1:colcon.colcon_core.package_identification:_identify(src/rtabmap_ros/docker/indigo/latest) by extension 'ignore_ament_install'
[0.411s] Level 1:colcon.colcon_core.package_identification:_identify(src/rtabmap_ros/docker/indigo/latest) by extensions ['colcon_pkg']
[0.411s] Level 1:colcon.colcon_core.package_identification:_identify(src/rtabmap_ros/docker/indigo/latest) by extension 'colcon_pkg'
[0.411s] Level 1:colcon.colcon_core.package_identification:_identify(src/rtabmap_ros/docker/indigo/latest) by extensions ['colcon_meta']
[0.411s] Level 1:colcon.colcon_core.package_identification:_identify(src/rtabmap_ros/docker/indigo/latest) by extension 'colcon_meta'
[0.411s] Level 1:colcon.colcon_core.package_identification:_identify(src/rtabmap_ros/docker/indigo/latest) by extensions ['ros']
[0.411s] Level 1:colcon.colcon_core.package_identification:_identify(src/rtabmap_ros/docker/indigo/latest) by extension 'ros'
[0.411s] Level 1:colcon.colcon_core.package_identification:_identify(src/rtabmap_ros/docker/indigo/latest) by extensions ['cmake', 'python']
[0.411s] Level 1:colcon.colcon_core.package_identification:_identify(src/rtabmap_ros/docker/indigo/latest) by extension 'cmake'
[0.411s] Level 1:colcon.colcon_core.package_identification:_identify(src/rtabmap_ros/docker/indigo/latest) by extension 'python'
[0.411s] Level 1:colcon.colcon_core.package_identification:_identify(src/rtabmap_ros/docker/indigo/latest) by extensions ['python_setup_py']
[0.411s] Level 1:colcon.colcon_core.package_identification:_identify(src/rtabmap_ros/docker/indigo/latest) by extension 'python_setup_py'
[0.411s] Level 1:colcon.colcon_core.package_identification:_identify(src/rtabmap_ros/docker/indigo/latest/hooks) by extensions ['ignore', 'ignore_ament_install']
[0.411s] Level 1:colcon.colcon_core.package_identification:_identify(src/rtabmap_ros/docker/indigo/latest/hooks) by extension 'ignore'
[0.411s] Level 1:colcon.colcon_core.package_identification:_identify(src/rtabmap_ros/docker/indigo/latest/hooks) by extension 'ignore_ament_install'
[0.411s] Level 1:colcon.colcon_core.package_identification:_identify(src/rtabmap_ros/docker/indigo/latest/hooks) by extensions ['colcon_pkg']
[0.411s] Level 1:colcon.colcon_core.package_identification:_identify(src/rtabmap_ros/docker/indigo/latest/hooks) by extension 'colcon_pkg'
[0.411s] Level 1:colcon.colcon_core.package_identification:_identify(src/rtabmap_ros/docker/indigo/latest/hooks) by extensions ['colcon_meta']
[0.411s] Level 1:colcon.colcon_core.package_identification:_identify(src/rtabmap_ros/docker/indigo/latest/hooks) by extension 'colcon_meta'
[0.411s] Level 1:colcon.colcon_core.package_identification:_identify(src/rtabmap_ros/docker/indigo/latest/hooks) by extensions ['ros']
[0.411s] Level 1:colcon.colcon_core.package_identification:_identify(src/rtabmap_ros/docker/indigo/latest/hooks) by extension 'ros'
[0.412s] Level 1:colcon.colcon_core.package_identification:_identify(src/rtabmap_ros/docker/indigo/latest/hooks) by extensions ['cmake', 'python']
[0.412s] Level 1:colcon.colcon_core.package_identification:_identify(src/rtabmap_ros/docker/indigo/latest/hooks) by extension 'cmake'
[0.412s] Level 1:colcon.colcon_core.package_identification:_identify(src/rtabmap_ros/docker/indigo/latest/hooks) by extension 'python'
[0.412s] Level 1:colcon.colcon_core.package_identification:_identify(src/rtabmap_ros/docker/indigo/latest/hooks) by extensions ['python_setup_py']
[0.412s] Level 1:colcon.colcon_core.package_identification:_identify(src/rtabmap_ros/docker/indigo/latest/hooks) by extension 'python_setup_py'
[0.412s] Level 1:colcon.colcon_core.package_identification:_identify(src/rtabmap_ros/docker/kinetic) by extensions ['ignore', 'ignore_ament_install']
[0.412s] Level 1:colcon.colcon_core.package_identification:_identify(src/rtabmap_ros/docker/kinetic) by extension 'ignore'
[0.412s] Level 1:colcon.colcon_core.package_identification:_identify(src/rtabmap_ros/docker/kinetic) by extension 'ignore_ament_install'
[0.412s] Level 1:colcon.colcon_core.package_identification:_identify(src/rtabmap_ros/docker/kinetic) by extensions ['colcon_pkg']
[0.412s] Level 1:colcon.colcon_core.package_identification:_identify(src/rtabmap_ros/docker/kinetic) by extension 'colcon_pkg'
[0.412s] Level 1:colcon.colcon_core.package_identification:_identify(src/rtabmap_ros/docker/kinetic) by extensions ['colcon_meta']
[0.412s] Level 1:colcon.colcon_core.package_identification:_identify(src/rtabmap_ros/docker/kinetic) by extension 'colcon_meta'
[0.412s] Level 1:colcon.colcon_core.package_identification:_identify(src/rtabmap_ros/docker/kinetic) by extensions ['ros']
[0.412s] Level 1:colcon.colcon_core.package_identification:_identify(src/rtabmap_ros/docker/kinetic) by extension 'ros'
[0.412s] Level 1:colcon.colcon_core.package_identification:_identify(src/rtabmap_ros/docker/kinetic) by extensions ['cmake', 'python']
[0.412s] Level 1:colcon.colcon_core.package_identification:_identify(src/rtabmap_ros/docker/kinetic) by extension 'cmake'
[0.412s] Level 1:colcon.colcon_core.package_identification:_identify(src/rtabmap_ros/docker/kinetic) by extension 'python'
[0.412s] Level 1:colcon.colcon_core.package_identification:_identify(src/rtabmap_ros/docker/kinetic) by extensions ['python_setup_py']
[0.412s] Level 1:colcon.colcon_core.package_identification:_identify(src/rtabmap_ros/docker/kinetic) by extension 'python_setup_py'
[0.412s] Level 1:colcon.colcon_core.package_identification:_identify(src/rtabmap_ros/docker/kinetic/latest) by extensions ['ignore', 'ignore_ament_install']
[0.412s] Level 1:colcon.colcon_core.package_identification:_identify(src/rtabmap_ros/docker/kinetic/latest) by extension 'ignore'
[0.412s] Level 1:colcon.colcon_core.package_identification:_identify(src/rtabmap_ros/docker/kinetic/latest) by extension 'ignore_ament_install'
[0.412s] Level 1:colcon.colcon_core.package_identification:_identify(src/rtabmap_ros/docker/kinetic/latest) by extensions ['colcon_pkg']
[0.412s] Level 1:colcon.colcon_core.package_identification:_identify(src/rtabmap_ros/docker/kinetic/latest) by extension 'colcon_pkg'
[0.412s] Level 1:colcon.colcon_core.package_identification:_identify(src/rtabmap_ros/docker/kinetic/latest) by extensions ['colcon_meta']
[0.413s] Level 1:colcon.colcon_core.package_identification:_identify(src/rtabmap_ros/docker/kinetic/latest) by extension 'colcon_meta'
[0.413s] Level 1:colcon.colcon_core.package_identification:_identify(src/rtabmap_ros/docker/kinetic/latest) by extensions ['ros']
[0.413s] Level 1:colcon.colcon_core.package_identification:_identify(src/rtabmap_ros/docker/kinetic/latest) by extension 'ros'
[0.413s] Level 1:colcon.colcon_core.package_identification:_identify(src/rtabmap_ros/docker/kinetic/latest) by extensions ['cmake', 'python']
[0.413s] Level 1:colcon.colcon_core.package_identification:_identify(src/rtabmap_ros/docker/kinetic/latest) by extension 'cmake'
[0.413s] Level 1:colcon.colcon_core.package_identification:_identify(src/rtabmap_ros/docker/kinetic/latest) by extension 'python'
[0.413s] Level 1:colcon.colcon_core.package_identification:_identify(src/rtabmap_ros/docker/kinetic/latest) by extensions ['python_setup_py']
[0.413s] Level 1:colcon.colcon_core.package_identification:_identify(src/rtabmap_ros/docker/kinetic/latest) by extension 'python_setup_py'
[0.413s] Level 1:colcon.colcon_core.package_identification:_identify(src/rtabmap_ros/docker/kinetic/latest/hooks) by extensions ['ignore', 'ignore_ament_install']
[0.413s] Level 1:colcon.colcon_core.package_identification:_identify(src/rtabmap_ros/docker/kinetic/latest/hooks) by extension 'ignore'
[0.413s] Level 1:colcon.colcon_core.package_identification:_identify(src/rtabmap_ros/docker/kinetic/latest/hooks) by extension 'ignore_ament_install'
[0.413s] Level 1:colcon.colcon_core.package_identification:_identify(src/rtabmap_ros/docker/kinetic/latest/hooks) by extensions ['colcon_pkg']
[0.413s] Level 1:colcon.colcon_core.package_identification:_identify(src/rtabmap_ros/docker/kinetic/latest/hooks) by extension 'colcon_pkg'
[0.413s] Level 1:colcon.colcon_core.package_identification:_identify(src/rtabmap_ros/docker/kinetic/latest/hooks) by extensions ['colcon_meta']
[0.413s] Level 1:colcon.colcon_core.package_identification:_identify(src/rtabmap_ros/docker/kinetic/latest/hooks) by extension 'colcon_meta'
[0.413s] Level 1:colcon.colcon_core.package_identification:_identify(src/rtabmap_ros/docker/kinetic/latest/hooks) by extensions ['ros']
[0.413s] Level 1:colcon.colcon_core.package_identification:_identify(src/rtabmap_ros/docker/kinetic/latest/hooks) by extension 'ros'
[0.413s] Level 1:colcon.colcon_core.package_identification:_identify(src/rtabmap_ros/docker/kinetic/latest/hooks) by extensions ['cmake', 'python']
[0.413s] Level 1:colcon.colcon_core.package_identification:_identify(src/rtabmap_ros/docker/kinetic/latest/hooks) by extension 'cmake'
[0.413s] Level 1:colcon.colcon_core.package_identification:_identify(src/rtabmap_ros/docker/kinetic/latest/hooks) by extension 'python'
[0.413s] Level 1:colcon.colcon_core.package_identification:_identify(src/rtabmap_ros/docker/kinetic/latest/hooks) by extensions ['python_setup_py']
[0.413s] Level 1:colcon.colcon_core.package_identification:_identify(src/rtabmap_ros/docker/kinetic/latest/hooks) by extension 'python_setup_py'
[0.413s] Level 1:colcon.colcon_core.package_identification:_identify(src/rtabmap_ros/docker/melodic) by extensions ['ignore', 'ignore_ament_install']
[0.413s] Level 1:colcon.colcon_core.package_identification:_identify(src/rtabmap_ros/docker/melodic) by extension 'ignore'
[0.413s] Level 1:colcon.colcon_core.package_identification:_identify(src/rtabmap_ros/docker/melodic) by extension 'ignore_ament_install'
[0.414s] Level 1:colcon.colcon_core.package_identification:_identify(src/rtabmap_ros/docker/melodic) by extensions ['colcon_pkg']
[0.414s] Level 1:colcon.colcon_core.package_identification:_identify(src/rtabmap_ros/docker/melodic) by extension 'colcon_pkg'
[0.414s] Level 1:colcon.colcon_core.package_identification:_identify(src/rtabmap_ros/docker/melodic) by extensions ['colcon_meta']
[0.414s] Level 1:colcon.colcon_core.package_identification:_identify(src/rtabmap_ros/docker/melodic) by extension 'colcon_meta'
[0.414s] Level 1:colcon.colcon_core.package_identification:_identify(src/rtabmap_ros/docker/melodic) by extensions ['ros']
[0.414s] Level 1:colcon.colcon_core.package_identification:_identify(src/rtabmap_ros/docker/melodic) by extension 'ros'
[0.414s] Level 1:colcon.colcon_core.package_identification:_identify(src/rtabmap_ros/docker/melodic) by extensions ['cmake', 'python']
[0.414s] Level 1:colcon.colcon_core.package_identification:_identify(src/rtabmap_ros/docker/melodic) by extension 'cmake'
[0.414s] Level 1:colcon.colcon_core.package_identification:_identify(src/rtabmap_ros/docker/melodic) by extension 'python'
[0.414s] Level 1:colcon.colcon_core.package_identification:_identify(src/rtabmap_ros/docker/melodic) by extensions ['python_setup_py']
[0.414s] Level 1:colcon.colcon_core.package_identification:_identify(src/rtabmap_ros/docker/melodic) by extension 'python_setup_py'
[0.414s] Level 1:colcon.colcon_core.package_identification:_identify(src/rtabmap_ros/docker/melodic/latest) by extensions ['ignore', 'ignore_ament_install']
[0.414s] Level 1:colcon.colcon_core.package_identification:_identify(src/rtabmap_ros/docker/melodic/latest) by extension 'ignore'
[0.414s] Level 1:colcon.colcon_core.package_identification:_identify(src/rtabmap_ros/docker/melodic/latest) by extension 'ignore_ament_install'
[0.414s] Level 1:colcon.colcon_core.package_identification:_identify(src/rtabmap_ros/docker/melodic/latest) by extensions ['colcon_pkg']
[0.414s] Level 1:colcon.colcon_core.package_identification:_identify(src/rtabmap_ros/docker/melodic/latest) by extension 'colcon_pkg'
[0.414s] Level 1:colcon.colcon_core.package_identification:_identify(src/rtabmap_ros/docker/melodic/latest) by extensions ['colcon_meta']
[0.414s] Level 1:colcon.colcon_core.package_identification:_identify(src/rtabmap_ros/docker/melodic/latest) by extension 'colcon_meta'
[0.414s] Level 1:colcon.colcon_core.package_identification:_identify(src/rtabmap_ros/docker/melodic/latest) by extensions ['ros']
[0.414s] Level 1:colcon.colcon_core.package_identification:_identify(src/rtabmap_ros/docker/melodic/latest) by extension 'ros'
[0.414s] Level 1:colcon.colcon_core.package_identification:_identify(src/rtabmap_ros/docker/melodic/latest) by extensions ['cmake', 'python']
[0.414s] Level 1:colcon.colcon_core.package_identification:_identify(src/rtabmap_ros/docker/melodic/latest) by extension 'cmake'
[0.414s] Level 1:colcon.colcon_core.package_identification:_identify(src/rtabmap_ros/docker/melodic/latest) by extension 'python'
[0.414s] Level 1:colcon.colcon_core.package_identification:_identify(src/rtabmap_ros/docker/melodic/latest) by extensions ['python_setup_py']
[0.414s] Level 1:colcon.colcon_core.package_identification:_identify(src/rtabmap_ros/docker/melodic/latest) by extension 'python_setup_py'
[0.414s] Level 1:colcon.colcon_core.package_identification:_identify(src/rtabmap_ros/docker/melodic/latest/hooks) by extensions ['ignore', 'ignore_ament_install']
[0.415s] Level 1:colcon.colcon_core.package_identification:_identify(src/rtabmap_ros/docker/melodic/latest/hooks) by extension 'ignore'
[0.415s] Level 1:colcon.colcon_core.package_identification:_identify(src/rtabmap_ros/docker/melodic/latest/hooks) by extension 'ignore_ament_install'
[0.415s] Level 1:colcon.colcon_core.package_identification:_identify(src/rtabmap_ros/docker/melodic/latest/hooks) by extensions ['colcon_pkg']
[0.415s] Level 1:colcon.colcon_core.package_identification:_identify(src/rtabmap_ros/docker/melodic/latest/hooks) by extension 'colcon_pkg'
[0.415s] Level 1:colcon.colcon_core.package_identification:_identify(src/rtabmap_ros/docker/melodic/latest/hooks) by extensions ['colcon_meta']
[0.415s] Level 1:colcon.colcon_core.package_identification:_identify(src/rtabmap_ros/docker/melodic/latest/hooks) by extension 'colcon_meta'
[0.415s] Level 1:colcon.colcon_core.package_identification:_identify(src/rtabmap_ros/docker/melodic/latest/hooks) by extensions ['ros']
[0.415s] Level 1:colcon.colcon_core.package_identification:_identify(src/rtabmap_ros/docker/melodic/latest/hooks) by extension 'ros'
[0.415s] Level 1:colcon.colcon_core.package_identification:_identify(src/rtabmap_ros/docker/melodic/latest/hooks) by extensions ['cmake', 'python']
[0.415s] Level 1:colcon.colcon_core.package_identification:_identify(src/rtabmap_ros/docker/melodic/latest/hooks) by extension 'cmake'
[0.415s] Level 1:colcon.colcon_core.package_identification:_identify(src/rtabmap_ros/docker/melodic/latest/hooks) by extension 'python'
[0.415s] Level 1:colcon.colcon_core.package_identification:_identify(src/rtabmap_ros/docker/melodic/latest/hooks) by extensions ['python_setup_py']
[0.415s] Level 1:colcon.colcon_core.package_identification:_identify(src/rtabmap_ros/docker/melodic/latest/hooks) by extension 'python_setup_py'
[0.415s] Level 1:colcon.colcon_core.package_identification:_identify(src/rtabmap_ros/docker/noetic) by extensions ['ignore', 'ignore_ament_install']
[0.415s] Level 1:colcon.colcon_core.package_identification:_identify(src/rtabmap_ros/docker/noetic) by extension 'ignore'
[0.415s] Level 1:colcon.colcon_core.package_identification:_identify(src/rtabmap_ros/docker/noetic) by extension 'ignore_ament_install'
[0.415s] Level 1:colcon.colcon_core.package_identification:_identify(src/rtabmap_ros/docker/noetic) by extensions ['colcon_pkg']
[0.415s] Level 1:colcon.colcon_core.package_identification:_identify(src/rtabmap_ros/docker/noetic) by extension 'colcon_pkg'
[0.415s] Level 1:colcon.colcon_core.package_identification:_identify(src/rtabmap_ros/docker/noetic) by extensions ['colcon_meta']
[0.415s] Level 1:colcon.colcon_core.package_identification:_identify(src/rtabmap_ros/docker/noetic) by extension 'colcon_meta'
[0.415s] Level 1:colcon.colcon_core.package_identification:_identify(src/rtabmap_ros/docker/noetic) by extensions ['ros']
[0.415s] Level 1:colcon.colcon_core.package_identification:_identify(src/rtabmap_ros/docker/noetic) by extension 'ros'
[0.415s] Level 1:colcon.colcon_core.package_identification:_identify(src/rtabmap_ros/docker/noetic) by extensions ['cmake', 'python']
[0.415s] Level 1:colcon.colcon_core.package_identification:_identify(src/rtabmap_ros/docker/noetic) by extension 'cmake'
[0.415s] Level 1:colcon.colcon_core.package_identification:_identify(src/rtabmap_ros/docker/noetic) by extension 'python'
[0.415s] Level 1:colcon.colcon_core.package_identification:_identify(src/rtabmap_ros/docker/noetic) by extensions ['python_setup_py']
[0.415s] Level 1:colcon.colcon_core.package_identification:_identify(src/rtabmap_ros/docker/noetic) by extension 'python_setup_py'
[0.416s] Level 1:colcon.colcon_core.package_identification:_identify(src/rtabmap_ros/docker/noetic/latest) by extensions ['ignore', 'ignore_ament_install']
[0.416s] Level 1:colcon.colcon_core.package_identification:_identify(src/rtabmap_ros/docker/noetic/latest) by extension 'ignore'
[0.416s] Level 1:colcon.colcon_core.package_identification:_identify(src/rtabmap_ros/docker/noetic/latest) by extension 'ignore_ament_install'
[0.416s] Level 1:colcon.colcon_core.package_identification:_identify(src/rtabmap_ros/docker/noetic/latest) by extensions ['colcon_pkg']
[0.416s] Level 1:colcon.colcon_core.package_identification:_identify(src/rtabmap_ros/docker/noetic/latest) by extension 'colcon_pkg'
[0.416s] Level 1:colcon.colcon_core.package_identification:_identify(src/rtabmap_ros/docker/noetic/latest) by extensions ['colcon_meta']
[0.416s] Level 1:colcon.colcon_core.package_identification:_identify(src/rtabmap_ros/docker/noetic/latest) by extension 'colcon_meta'
[0.416s] Level 1:colcon.colcon_core.package_identification:_identify(src/rtabmap_ros/docker/noetic/latest) by extensions ['ros']
[0.416s] Level 1:colcon.colcon_core.package_identification:_identify(src/rtabmap_ros/docker/noetic/latest) by extension 'ros'
[0.416s] Level 1:colcon.colcon_core.package_identification:_identify(src/rtabmap_ros/docker/noetic/latest) by extensions ['cmake', 'python']
[0.416s] Level 1:colcon.colcon_core.package_identification:_identify(src/rtabmap_ros/docker/noetic/latest) by extension 'cmake'
[0.416s] Level 1:colcon.colcon_core.package_identification:_identify(src/rtabmap_ros/docker/noetic/latest) by extension 'python'
[0.416s] Level 1:colcon.colcon_core.package_identification:_identify(src/rtabmap_ros/docker/noetic/latest) by extensions ['python_setup_py']
[0.416s] Level 1:colcon.colcon_core.package_identification:_identify(src/rtabmap_ros/docker/noetic/latest) by extension 'python_setup_py'
[0.416s] Level 1:colcon.colcon_core.package_identification:_identify(src/rtabmap_ros/docker/noetic/latest/hooks) by extensions ['ignore', 'ignore_ament_install']
[0.416s] Level 1:colcon.colcon_core.package_identification:_identify(src/rtabmap_ros/docker/noetic/latest/hooks) by extension 'ignore'
[0.416s] Level 1:colcon.colcon_core.package_identification:_identify(src/rtabmap_ros/docker/noetic/latest/hooks) by extension 'ignore_ament_install'
[0.416s] Level 1:colcon.colcon_core.package_identification:_identify(src/rtabmap_ros/docker/noetic/latest/hooks) by extensions ['colcon_pkg']
[0.416s] Level 1:colcon.colcon_core.package_identification:_identify(src/rtabmap_ros/docker/noetic/latest/hooks) by extension 'colcon_pkg'
[0.416s] Level 1:colcon.colcon_core.package_identification:_identify(src/rtabmap_ros/docker/noetic/latest/hooks) by extensions ['colcon_meta']
[0.416s] Level 1:colcon.colcon_core.package_identification:_identify(src/rtabmap_ros/docker/noetic/latest/hooks) by extension 'colcon_meta'
[0.416s] Level 1:colcon.colcon_core.package_identification:_identify(src/rtabmap_ros/docker/noetic/latest/hooks) by extensions ['ros']
[0.416s] Level 1:colcon.colcon_core.package_identification:_identify(src/rtabmap_ros/docker/noetic/latest/hooks) by extension 'ros'
[0.416s] Level 1:colcon.colcon_core.package_identification:_identify(src/rtabmap_ros/docker/noetic/latest/hooks) by extensions ['cmake', 'python']
[0.416s] Level 1:colcon.colcon_core.package_identification:_identify(src/rtabmap_ros/docker/noetic/latest/hooks) by extension 'cmake'
[0.417s] Level 1:colcon.colcon_core.package_identification:_identify(src/rtabmap_ros/docker/noetic/latest/hooks) by extension 'python'
[0.417s] Level 1:colcon.colcon_core.package_identification:_identify(src/rtabmap_ros/docker/noetic/latest/hooks) by extensions ['python_setup_py']
[0.417s] Level 1:colcon.colcon_core.package_identification:_identify(src/rtabmap_ros/docker/noetic/latest/hooks) by extension 'python_setup_py'
[0.417s] Level 1:colcon.colcon_core.package_identification:_identify(src/rtabmap_ros/rtabmap_conversions) by extensions ['ignore', 'ignore_ament_install']
[0.417s] Level 1:colcon.colcon_core.package_identification:_identify(src/rtabmap_ros/rtabmap_conversions) by extension 'ignore'
[0.417s] Level 1:colcon.colcon_core.package_identification:_identify(src/rtabmap_ros/rtabmap_conversions) by extension 'ignore_ament_install'
[0.417s] Level 1:colcon.colcon_core.package_identification:_identify(src/rtabmap_ros/rtabmap_conversions) by extensions ['colcon_pkg']
[0.417s] Level 1:colcon.colcon_core.package_identification:_identify(src/rtabmap_ros/rtabmap_conversions) by extension 'colcon_pkg'
[0.417s] Level 1:colcon.colcon_core.package_identification:_identify(src/rtabmap_ros/rtabmap_conversions) by extensions ['colcon_meta']
[0.417s] Level 1:colcon.colcon_core.package_identification:_identify(src/rtabmap_ros/rtabmap_conversions) by extension 'colcon_meta'
[0.417s] Level 1:colcon.colcon_core.package_identification:_identify(src/rtabmap_ros/rtabmap_conversions) by extensions ['ros']
[0.417s] Level 1:colcon.colcon_core.package_identification:_identify(src/rtabmap_ros/rtabmap_conversions) by extension 'ros'
[0.418s] DEBUG:colcon.colcon_core.package_identification:Package 'src/rtabmap_ros/rtabmap_conversions' with type 'ros.ament_cmake' and name 'rtabmap_conversions'
[0.418s] Level 1:colcon.colcon_core.package_identification:_identify(src/rtabmap_ros/rtabmap_demos) by extensions ['ignore', 'ignore_ament_install']
[0.418s] Level 1:colcon.colcon_core.package_identification:_identify(src/rtabmap_ros/rtabmap_demos) by extension 'ignore'
[0.418s] Level 1:colcon.colcon_core.package_identification:_identify(src/rtabmap_ros/rtabmap_demos) by extension 'ignore_ament_install'
[0.418s] Level 1:colcon.colcon_core.package_identification:_identify(src/rtabmap_ros/rtabmap_demos) by extensions ['colcon_pkg']
[0.419s] Level 1:colcon.colcon_core.package_identification:_identify(src/rtabmap_ros/rtabmap_demos) by extension 'colcon_pkg'
[0.419s] Level 1:colcon.colcon_core.package_identification:_identify(src/rtabmap_ros/rtabmap_demos) by extensions ['colcon_meta']
[0.419s] Level 1:colcon.colcon_core.package_identification:_identify(src/rtabmap_ros/rtabmap_demos) by extension 'colcon_meta'
[0.419s] Level 1:colcon.colcon_core.package_identification:_identify(src/rtabmap_ros/rtabmap_demos) by extensions ['ros']
[0.419s] Level 1:colcon.colcon_core.package_identification:_identify(src/rtabmap_ros/rtabmap_demos) by extension 'ros'
[0.419s] DEBUG:colcon.colcon_core.package_identification:Package 'src/rtabmap_ros/rtabmap_demos' with type 'ros.ament_cmake' and name 'rtabmap_demos'
[0.419s] Level 1:colcon.colcon_core.package_identification:_identify(src/rtabmap_ros/rtabmap_examples) by extensions ['ignore', 'ignore_ament_install']
[0.419s] Level 1:colcon.colcon_core.package_identification:_identify(src/rtabmap_ros/rtabmap_examples) by extension 'ignore'
[0.419s] Level 1:colcon.colcon_core.package_identification:_identify(src/rtabmap_ros/rtabmap_examples) by extension 'ignore_ament_install'
[0.419s] Level 1:colcon.colcon_core.package_identification:_identify(src/rtabmap_ros/rtabmap_examples) by extensions ['colcon_pkg']
[0.419s] Level 1:colcon.colcon_core.package_identification:_identify(src/rtabmap_ros/rtabmap_examples) by extension 'colcon_pkg'
[0.419s] Level 1:colcon.colcon_core.package_identification:_identify(src/rtabmap_ros/rtabmap_examples) by extensions ['colcon_meta']
[0.419s] Level 1:colcon.colcon_core.package_identification:_identify(src/rtabmap_ros/rtabmap_examples) by extension 'colcon_meta'
[0.420s] Level 1:colcon.colcon_core.package_identification:_identify(src/rtabmap_ros/rtabmap_examples) by extensions ['ros']
[0.420s] Level 1:colcon.colcon_core.package_identification:_identify(src/rtabmap_ros/rtabmap_examples) by extension 'ros'
[0.420s] DEBUG:colcon.colcon_core.package_identification:Package 'src/rtabmap_ros/rtabmap_examples' with type 'ros.ament_cmake' and name 'rtabmap_examples'
[0.420s] Level 1:colcon.colcon_core.package_identification:_identify(src/rtabmap_ros/rtabmap_launch) by extensions ['ignore', 'ignore_ament_install']
[0.420s] Level 1:colcon.colcon_core.package_identification:_identify(src/rtabmap_ros/rtabmap_launch) by extension 'ignore'
[0.420s] Level 1:colcon.colcon_core.package_identification:_identify(src/rtabmap_ros/rtabmap_launch) by extension 'ignore_ament_install'
[0.420s] Level 1:colcon.colcon_core.package_identification:_identify(src/rtabmap_ros/rtabmap_launch) by extensions ['colcon_pkg']
[0.420s] Level 1:colcon.colcon_core.package_identification:_identify(src/rtabmap_ros/rtabmap_launch) by extension 'colcon_pkg'
[0.420s] Level 1:colcon.colcon_core.package_identification:_identify(src/rtabmap_ros/rtabmap_launch) by extensions ['colcon_meta']
[0.421s] Level 1:colcon.colcon_core.package_identification:_identify(src/rtabmap_ros/rtabmap_launch) by extension 'colcon_meta'
[0.421s] Level 1:colcon.colcon_core.package_identification:_identify(src/rtabmap_ros/rtabmap_launch) by extensions ['ros']
[0.421s] Level 1:colcon.colcon_core.package_identification:_identify(src/rtabmap_ros/rtabmap_launch) by extension 'ros'
[0.421s] DEBUG:colcon.colcon_core.package_identification:Package 'src/rtabmap_ros/rtabmap_launch' with type 'ros.ament_cmake' and name 'rtabmap_launch'
[0.421s] Level 1:colcon.colcon_core.package_identification:_identify(src/rtabmap_ros/rtabmap_msgs) by extensions ['ignore', 'ignore_ament_install']
[0.421s] Level 1:colcon.colcon_core.package_identification:_identify(src/rtabmap_ros/rtabmap_msgs) by extension 'ignore'
[0.421s] Level 1:colcon.colcon_core.package_identification:_identify(src/rtabmap_ros/rtabmap_msgs) by extension 'ignore_ament_install'
[0.421s] Level 1:colcon.colcon_core.package_identification:_identify(src/rtabmap_ros/rtabmap_msgs) by extensions ['colcon_pkg']
[0.421s] Level 1:colcon.colcon_core.package_identification:_identify(src/rtabmap_ros/rtabmap_msgs) by extension 'colcon_pkg'
[0.421s] Level 1:colcon.colcon_core.package_identification:_identify(src/rtabmap_ros/rtabmap_msgs) by extensions ['colcon_meta']
[0.421s] Level 1:colcon.colcon_core.package_identification:_identify(src/rtabmap_ros/rtabmap_msgs) by extension 'colcon_meta'
[0.421s] Level 1:colcon.colcon_core.package_identification:_identify(src/rtabmap_ros/rtabmap_msgs) by extensions ['ros']
[0.421s] Level 1:colcon.colcon_core.package_identification:_identify(src/rtabmap_ros/rtabmap_msgs) by extension 'ros'
[0.422s] DEBUG:colcon.colcon_core.package_identification:Package 'src/rtabmap_ros/rtabmap_msgs' with type 'ros.catkin' and name 'rtabmap_msgs'
[0.422s] Level 1:colcon.colcon_core.package_identification:_identify(src/rtabmap_ros/rtabmap_odom) by extensions ['ignore', 'ignore_ament_install']
[0.422s] Level 1:colcon.colcon_core.package_identification:_identify(src/rtabmap_ros/rtabmap_odom) by extension 'ignore'
[0.422s] Level 1:colcon.colcon_core.package_identification:_identify(src/rtabmap_ros/rtabmap_odom) by extension 'ignore_ament_install'
[0.422s] Level 1:colcon.colcon_core.package_identification:_identify(src/rtabmap_ros/rtabmap_odom) by extensions ['colcon_pkg']
[0.422s] Level 1:colcon.colcon_core.package_identification:_identify(src/rtabmap_ros/rtabmap_odom) by extension 'colcon_pkg'
[0.422s] Level 1:colcon.colcon_core.package_identification:_identify(src/rtabmap_ros/rtabmap_odom) by extensions ['colcon_meta']
[0.422s] Level 1:colcon.colcon_core.package_identification:_identify(src/rtabmap_ros/rtabmap_odom) by extension 'colcon_meta'
[0.422s] Level 1:colcon.colcon_core.package_identification:_identify(src/rtabmap_ros/rtabmap_odom) by extensions ['ros']
[0.422s] Level 1:colcon.colcon_core.package_identification:_identify(src/rtabmap_ros/rtabmap_odom) by extension 'ros'
[0.424s] DEBUG:colcon.colcon_core.package_identification:Package 'src/rtabmap_ros/rtabmap_odom' with type 'ros.ament_cmake' and name 'rtabmap_odom'
[0.424s] Level 1:colcon.colcon_core.package_identification:_identify(src/rtabmap_ros/rtabmap_python) by extensions ['ignore', 'ignore_ament_install']
[0.424s] Level 1:colcon.colcon_core.package_identification:_identify(src/rtabmap_ros/rtabmap_python) by extension 'ignore'
[0.424s] Level 1:colcon.colcon_core.package_identification:_identify(src/rtabmap_ros/rtabmap_python) by extension 'ignore_ament_install'
[0.424s] Level 1:colcon.colcon_core.package_identification:_identify(src/rtabmap_ros/rtabmap_python) by extensions ['colcon_pkg']
[0.424s] Level 1:colcon.colcon_core.package_identification:_identify(src/rtabmap_ros/rtabmap_python) by extension 'colcon_pkg'
[0.424s] Level 1:colcon.colcon_core.package_identification:_identify(src/rtabmap_ros/rtabmap_python) by extensions ['colcon_meta']
[0.424s] Level 1:colcon.colcon_core.package_identification:_identify(src/rtabmap_ros/rtabmap_python) by extension 'colcon_meta'
[0.424s] Level 1:colcon.colcon_core.package_identification:_identify(src/rtabmap_ros/rtabmap_python) by extensions ['ros']
[0.424s] Level 1:colcon.colcon_core.package_identification:_identify(src/rtabmap_ros/rtabmap_python) by extension 'ros'
[0.425s] DEBUG:colcon.colcon_core.package_identification:Package 'src/rtabmap_ros/rtabmap_python' with type 'ros.ament_python' and name 'rtabmap_python'
[0.425s] Level 1:colcon.colcon_core.package_identification:_identify(src/rtabmap_ros/rtabmap_ros) by extensions ['ignore', 'ignore_ament_install']
[0.425s] Level 1:colcon.colcon_core.package_identification:_identify(src/rtabmap_ros/rtabmap_ros) by extension 'ignore'
[0.425s] Level 1:colcon.colcon_core.package_identification:_identify(src/rtabmap_ros/rtabmap_ros) by extension 'ignore_ament_install'
[0.425s] Level 1:colcon.colcon_core.package_identification:_identify(src/rtabmap_ros/rtabmap_ros) by extensions ['colcon_pkg']
[0.425s] Level 1:colcon.colcon_core.package_identification:_identify(src/rtabmap_ros/rtabmap_ros) by extension 'colcon_pkg'
[0.425s] Level 1:colcon.colcon_core.package_identification:_identify(src/rtabmap_ros/rtabmap_ros) by extensions ['colcon_meta']
[0.425s] Level 1:colcon.colcon_core.package_identification:_identify(src/rtabmap_ros/rtabmap_ros) by extension 'colcon_meta'
[0.425s] Level 1:colcon.colcon_core.package_identification:_identify(src/rtabmap_ros/rtabmap_ros) by extensions ['ros']
[0.425s] Level 1:colcon.colcon_core.package_identification:_identify(src/rtabmap_ros/rtabmap_ros) by extension 'ros'
[0.426s] DEBUG:colcon.colcon_core.package_identification:Package 'src/rtabmap_ros/rtabmap_ros' with type 'ros.ament_cmake' and name 'rtabmap_ros'
[0.426s] Level 1:colcon.colcon_core.package_identification:_identify(src/rtabmap_ros/rtabmap_rviz_plugins) by extensions ['ignore', 'ignore_ament_install']
[0.426s] Level 1:colcon.colcon_core.package_identification:_identify(src/rtabmap_ros/rtabmap_rviz_plugins) by extension 'ignore'
[0.426s] Level 1:colcon.colcon_core.package_identification:_identify(src/rtabmap_ros/rtabmap_rviz_plugins) by extension 'ignore_ament_install'
[0.426s] Level 1:colcon.colcon_core.package_identification:_identify(src/rtabmap_ros/rtabmap_rviz_plugins) by extensions ['colcon_pkg']
[0.426s] Level 1:colcon.colcon_core.package_identification:_identify(src/rtabmap_ros/rtabmap_rviz_plugins) by extension 'colcon_pkg'
[0.426s] Level 1:colcon.colcon_core.package_identification:_identify(src/rtabmap_ros/rtabmap_rviz_plugins) by extensions ['colcon_meta']
[0.426s] Level 1:colcon.colcon_core.package_identification:_identify(src/rtabmap_ros/rtabmap_rviz_plugins) by extension 'colcon_meta'
[0.426s] Level 1:colcon.colcon_core.package_identification:_identify(src/rtabmap_ros/rtabmap_rviz_plugins) by extensions ['ros']
[0.426s] Level 1:colcon.colcon_core.package_identification:_identify(src/rtabmap_ros/rtabmap_rviz_plugins) by extension 'ros'
[0.427s] DEBUG:colcon.colcon_core.package_identification:Package 'src/rtabmap_ros/rtabmap_rviz_plugins' with type 'ros.ament_cmake' and name 'rtabmap_rviz_plugins'
[0.427s] Level 1:colcon.colcon_core.package_identification:_identify(src/rtabmap_ros/rtabmap_slam) by extensions ['ignore', 'ignore_ament_install']
[0.427s] Level 1:colcon.colcon_core.package_identification:_identify(src/rtabmap_ros/rtabmap_slam) by extension 'ignore'
[0.427s] Level 1:colcon.colcon_core.package_identification:_identify(src/rtabmap_ros/rtabmap_slam) by extension 'ignore_ament_install'
[0.427s] Level 1:colcon.colcon_core.package_identification:_identify(src/rtabmap_ros/rtabmap_slam) by extensions ['colcon_pkg']
[0.427s] Level 1:colcon.colcon_core.package_identification:_identify(src/rtabmap_ros/rtabmap_slam) by extension 'colcon_pkg'
[0.427s] Level 1:colcon.colcon_core.package_identification:_identify(src/rtabmap_ros/rtabmap_slam) by extensions ['colcon_meta']
[0.427s] Level 1:colcon.colcon_core.package_identification:_identify(src/rtabmap_ros/rtabmap_slam) by extension 'colcon_meta'
[0.427s] Level 1:colcon.colcon_core.package_identification:_identify(src/rtabmap_ros/rtabmap_slam) by extensions ['ros']
[0.427s] Level 1:colcon.colcon_core.package_identification:_identify(src/rtabmap_ros/rtabmap_slam) by extension 'ros'
[0.429s] DEBUG:colcon.colcon_core.package_identification:Package 'src/rtabmap_ros/rtabmap_slam' with type 'ros.ament_cmake' and name 'rtabmap_slam'
[0.429s] Level 1:colcon.colcon_core.package_identification:_identify(src/rtabmap_ros/rtabmap_sync) by extensions ['ignore', 'ignore_ament_install']
[0.429s] Level 1:colcon.colcon_core.package_identification:_identify(src/rtabmap_ros/rtabmap_sync) by extension 'ignore'
[0.429s] Level 1:colcon.colcon_core.package_identification:_identify(src/rtabmap_ros/rtabmap_sync) by extension 'ignore_ament_install'
[0.429s] Level 1:colcon.colcon_core.package_identification:_identify(src/rtabmap_ros/rtabmap_sync) by extensions ['colcon_pkg']
[0.429s] Level 1:colcon.colcon_core.package_identification:_identify(src/rtabmap_ros/rtabmap_sync) by extension 'colcon_pkg'
[0.429s] Level 1:colcon.colcon_core.package_identification:_identify(src/rtabmap_ros/rtabmap_sync) by extensions ['colcon_meta']
[0.429s] Level 1:colcon.colcon_core.package_identification:_identify(src/rtabmap_ros/rtabmap_sync) by extension 'colcon_meta'
[0.429s] Level 1:colcon.colcon_core.package_identification:_identify(src/rtabmap_ros/rtabmap_sync) by extensions ['ros']
[0.429s] Level 1:colcon.colcon_core.package_identification:_identify(src/rtabmap_ros/rtabmap_sync) by extension 'ros'
[0.430s] DEBUG:colcon.colcon_core.package_identification:Package 'src/rtabmap_ros/rtabmap_sync' with type 'ros.ament_cmake' and name 'rtabmap_sync'
[0.430s] Level 1:colcon.colcon_core.package_identification:_identify(src/rtabmap_ros/rtabmap_util) by extensions ['ignore', 'ignore_ament_install']
[0.430s] Level 1:colcon.colcon_core.package_identification:_identify(src/rtabmap_ros/rtabmap_util) by extension 'ignore'
[0.430s] Level 1:colcon.colcon_core.package_identification:_identify(src/rtabmap_ros/rtabmap_util) by extension 'ignore_ament_install'
[0.430s] Level 1:colcon.colcon_core.package_identification:_identify(src/rtabmap_ros/rtabmap_util) by extensions ['colcon_pkg']
[0.430s] Level 1:colcon.colcon_core.package_identification:_identify(src/rtabmap_ros/rtabmap_util) by extension 'colcon_pkg'
[0.430s] Level 1:colcon.colcon_core.package_identification:_identify(src/rtabmap_ros/rtabmap_util) by extensions ['colcon_meta']
[0.430s] Level 1:colcon.colcon_core.package_identification:_identify(src/rtabmap_ros/rtabmap_util) by extension 'colcon_meta'
[0.430s] Level 1:colcon.colcon_core.package_identification:_identify(src/rtabmap_ros/rtabmap_util) by extensions ['ros']
[0.431s] Level 1:colcon.colcon_core.package_identification:_identify(src/rtabmap_ros/rtabmap_util) by extension 'ros'
[0.432s] DEBUG:colcon.colcon_core.package_identification:Package 'src/rtabmap_ros/rtabmap_util' with type 'ros.ament_cmake' and name 'rtabmap_util'
[0.432s] Level 1:colcon.colcon_core.package_identification:_identify(src/rtabmap_ros/rtabmap_viz) by extensions ['ignore', 'ignore_ament_install']
[0.432s] Level 1:colcon.colcon_core.package_identification:_identify(src/rtabmap_ros/rtabmap_viz) by extension 'ignore'
[0.432s] Level 1:colcon.colcon_core.package_identification:_identify(src/rtabmap_ros/rtabmap_viz) by extension 'ignore_ament_install'
[0.432s] Level 1:colcon.colcon_core.package_identification:_identify(src/rtabmap_ros/rtabmap_viz) by extensions ['colcon_pkg']
[0.432s] Level 1:colcon.colcon_core.package_identification:_identify(src/rtabmap_ros/rtabmap_viz) by extension 'colcon_pkg'
[0.432s] Level 1:colcon.colcon_core.package_identification:_identify(src/rtabmap_ros/rtabmap_viz) by extensions ['colcon_meta']
[0.432s] Level 1:colcon.colcon_core.package_identification:_identify(src/rtabmap_ros/rtabmap_viz) by extension 'colcon_meta'
[0.432s] Level 1:colcon.colcon_core.package_identification:_identify(src/rtabmap_ros/rtabmap_viz) by extensions ['ros']
[0.432s] Level 1:colcon.colcon_core.package_identification:_identify(src/rtabmap_ros/rtabmap_viz) by extension 'ros'
[0.433s] DEBUG:colcon.colcon_core.package_identification:Package 'src/rtabmap_ros/rtabmap_viz' with type 'ros.ament_cmake' and name 'rtabmap_viz'
[0.433s] Level 1:colcon.colcon_core.package_discovery:discover_packages(recursive) using defaults
[0.433s] Level 1:colcon.colcon_core.package_discovery:discover_packages(ignore) discover
[0.433s] Level 1:colcon.colcon_core.package_discovery:discover_packages(ignore) using defaults
[0.433s] Level 1:colcon.colcon_core.package_discovery:discover_packages(path) discover
[0.433s] Level 1:colcon.colcon_core.package_discovery:discover_packages(path) using defaults
[0.467s] Level 1:colcon.colcon_core.package_discovery:discover_packages(prefix_path) check parameters
[0.467s] Level 1:colcon.colcon_core.package_discovery:discover_packages(prefix_path) discover
[0.470s] DEBUG:colcon.colcon_installed_package_information.package_discovery:Found 348 installed packages in /opt/ros/foxy
[0.472s] Level 1:colcon.colcon_core.package_discovery:discover_packages(prefix_path) using defaults
[0.546s] Level 5:colcon.colcon_core.verb:set package 'astra_camera_msgs' build argument 'cmake_args' from command line to 'None'
[0.546s] Level 5:colcon.colcon_core.verb:set package 'astra_camera_msgs' build argument 'cmake_target' from command line to 'None'
[0.546s] Level 5:colcon.colcon_core.verb:set package 'astra_camera_msgs' build argument 'cmake_target_skip_unavailable' from command line to 'False'
[0.546s] Level 5:colcon.colcon_core.verb:set package 'astra_camera_msgs' build argument 'cmake_clean_cache' from command line to 'False'
[0.546s] Level 5:colcon.colcon_core.verb:set package 'astra_camera_msgs' build argument 'cmake_clean_first' from command line to 'False'
[0.547s] Level 5:colcon.colcon_core.verb:set package 'astra_camera_msgs' build argument 'cmake_force_configure' from command line to 'False'
[0.547s] Level 5:colcon.colcon_core.verb:set package 'astra_camera_msgs' build argument 'ament_cmake_args' from command line to 'None'
[0.547s] Level 5:colcon.colcon_core.verb:set package 'astra_camera_msgs' build argument 'catkin_cmake_args' from command line to 'None'
[0.547s] Level 5:colcon.colcon_core.verb:set package 'astra_camera_msgs' build argument 'catkin_skip_building_tests' from command line to 'False'
[0.547s] DEBUG:colcon.colcon_core.verb:Building package 'astra_camera_msgs' with the following arguments: {'ament_cmake_args': None, 'build_base': '/home/deepak/electronic_ws/build/astra_camera_msgs', 'catkin_cmake_args': None, 'catkin_skip_building_tests': False, 'cmake_args': None, 'cmake_clean_cache': False, 'cmake_clean_first': False, 'cmake_force_configure': False, 'cmake_target': None, 'cmake_target_skip_unavailable': False, 'install_base': '/home/deepak/electronic_ws/install/astra_camera_msgs', 'merge_install': False, 'path': '/home/deepak/electronic_ws/src/ros2_astra_camera/astra_camera_msgs', 'symlink_install': False, 'test_result_base': None}
[0.547s] Level 5:colcon.colcon_core.verb:set package 'backward_ros' build argument 'cmake_args' from command line to 'None'
[0.547s] Level 5:colcon.colcon_core.verb:set package 'backward_ros' build argument 'cmake_target' from command line to 'None'
[0.547s] Level 5:colcon.colcon_core.verb:set package 'backward_ros' build argument 'cmake_target_skip_unavailable' from command line to 'False'
[0.547s] Level 5:colcon.colcon_core.verb:set package 'backward_ros' build argument 'cmake_clean_cache' from command line to 'False'
[0.547s] Level 5:colcon.colcon_core.verb:set package 'backward_ros' build argument 'cmake_clean_first' from command line to 'False'
[0.547s] Level 5:colcon.colcon_core.verb:set package 'backward_ros' build argument 'cmake_force_configure' from command line to 'False'
[0.547s] Level 5:colcon.colcon_core.verb:set package 'backward_ros' build argument 'ament_cmake_args' from command line to 'None'
[0.547s] Level 5:colcon.colcon_core.verb:set package 'backward_ros' build argument 'catkin_cmake_args' from command line to 'None'
[0.547s] Level 5:colcon.colcon_core.verb:set package 'backward_ros' build argument 'catkin_skip_building_tests' from command line to 'False'
[0.547s] DEBUG:colcon.colcon_core.verb:Building package 'backward_ros' with the following arguments: {'ament_cmake_args': None, 'build_base': '/home/deepak/electronic_ws/build/backward_ros', 'catkin_cmake_args': None, 'catkin_skip_building_tests': False, 'cmake_args': None, 'cmake_clean_cache': False, 'cmake_clean_first': False, 'cmake_force_configure': False, 'cmake_target': None, 'cmake_target_skip_unavailable': False, 'install_base': '/home/deepak/electronic_ws/install/backward_ros', 'merge_install': False, 'path': '/home/deepak/electronic_ws/src/backward_ros', 'symlink_install': False, 'test_result_base': None}
[0.548s] Level 5:colcon.colcon_core.verb:set package 'lslidar_msgs' build argument 'cmake_args' from command line to 'None'
[0.548s] Level 5:colcon.colcon_core.verb:set package 'lslidar_msgs' build argument 'cmake_target' from command line to 'None'
[0.548s] Level 5:colcon.colcon_core.verb:set package 'lslidar_msgs' build argument 'cmake_target_skip_unavailable' from command line to 'False'
[0.548s] Level 5:colcon.colcon_core.verb:set package 'lslidar_msgs' build argument 'cmake_clean_cache' from command line to 'False'
[0.548s] Level 5:colcon.colcon_core.verb:set package 'lslidar_msgs' build argument 'cmake_clean_first' from command line to 'False'
[0.548s] Level 5:colcon.colcon_core.verb:set package 'lslidar_msgs' build argument 'cmake_force_configure' from command line to 'False'
[0.548s] Level 5:colcon.colcon_core.verb:set package 'lslidar_msgs' build argument 'ament_cmake_args' from command line to 'None'
[0.548s] Level 5:colcon.colcon_core.verb:set package 'lslidar_msgs' build argument 'catkin_cmake_args' from command line to 'None'
[0.548s] Level 5:colcon.colcon_core.verb:set package 'lslidar_msgs' build argument 'catkin_skip_building_tests' from command line to 'False'
[0.548s] DEBUG:colcon.colcon_core.verb:Building package 'lslidar_msgs' with the following arguments: {'ament_cmake_args': None, 'build_base': '/home/deepak/electronic_ws/build/lslidar_msgs', 'catkin_cmake_args': None, 'catkin_skip_building_tests': False, 'cmake_args': None, 'cmake_clean_cache': False, 'cmake_clean_first': False, 'cmake_force_configure': False, 'cmake_target': None, 'cmake_target_skip_unavailable': False, 'install_base': '/home/deepak/electronic_ws/install/lslidar_msgs', 'merge_install': False, 'path': '/home/deepak/electronic_ws/src/Lslidar_ROS2_driver-LS-S1_V1.0/lslidar_msgs', 'symlink_install': False, 'test_result_base': None}
[0.548s] Level 5:colcon.colcon_core.verb:set package 'rtabmap' build argument 'cmake_args' from command line to 'None'
[0.548s] Level 5:colcon.colcon_core.verb:set package 'rtabmap' build argument 'cmake_target' from command line to 'None'
[0.548s] Level 5:colcon.colcon_core.verb:set package 'rtabmap' build argument 'cmake_target_skip_unavailable' from command line to 'False'
[0.548s] Level 5:colcon.colcon_core.verb:set package 'rtabmap' build argument 'cmake_clean_cache' from command line to 'False'
[0.548s] Level 5:colcon.colcon_core.verb:set package 'rtabmap' build argument 'cmake_clean_first' from command line to 'False'
[0.548s] Level 5:colcon.colcon_core.verb:set package 'rtabmap' build argument 'cmake_force_configure' from command line to 'False'
[0.548s] Level 5:colcon.colcon_core.verb:set package 'rtabmap' build argument 'ament_cmake_args' from command line to 'None'
[0.548s] Level 5:colcon.colcon_core.verb:set package 'rtabmap' build argument 'catkin_cmake_args' from command line to 'None'
[0.548s] Level 5:colcon.colcon_core.verb:set package 'rtabmap' build argument 'catkin_skip_building_tests' from command line to 'False'
[0.548s] DEBUG:colcon.colcon_core.verb:Building package 'rtabmap' with the following arguments: {'ament_cmake_args': None, 'build_base': '/home/deepak/electronic_ws/build/rtabmap', 'catkin_cmake_args': None, 'catkin_skip_building_tests': False, 'cmake_args': None, 'cmake_clean_cache': False, 'cmake_clean_first': False, 'cmake_force_configure': False, 'cmake_target': None, 'cmake_target_skip_unavailable': False, 'install_base': '/home/deepak/electronic_ws/install/rtabmap', 'merge_install': False, 'path': '/home/deepak/electronic_ws/src/rtabmap', 'symlink_install': False, 'test_result_base': None}
[0.549s] Level 5:colcon.colcon_core.verb:set package 'rtabmap_msgs' build argument 'cmake_args' from command line to 'None'
[0.549s] Level 5:colcon.colcon_core.verb:set package 'rtabmap_msgs' build argument 'cmake_target' from command line to 'None'
[0.549s] Level 5:colcon.colcon_core.verb:set package 'rtabmap_msgs' build argument 'cmake_target_skip_unavailable' from command line to 'False'
[0.549s] Level 5:colcon.colcon_core.verb:set package 'rtabmap_msgs' build argument 'cmake_clean_cache' from command line to 'False'
[0.549s] Level 5:colcon.colcon_core.verb:set package 'rtabmap_msgs' build argument 'cmake_clean_first' from command line to 'False'
[0.549s] Level 5:colcon.colcon_core.verb:set package 'rtabmap_msgs' build argument 'cmake_force_configure' from command line to 'False'
[0.549s] Level 5:colcon.colcon_core.verb:set package 'rtabmap_msgs' build argument 'ament_cmake_args' from command line to 'None'
[0.549s] Level 5:colcon.colcon_core.verb:set package 'rtabmap_msgs' build argument 'catkin_cmake_args' from command line to 'None'
[0.549s] Level 5:colcon.colcon_core.verb:set package 'rtabmap_msgs' build argument 'catkin_skip_building_tests' from command line to 'False'
[0.549s] DEBUG:colcon.colcon_core.verb:Building package 'rtabmap_msgs' with the following arguments: {'ament_cmake_args': None, 'build_base': '/home/deepak/electronic_ws/build/rtabmap_msgs', 'catkin_cmake_args': None, 'catkin_skip_building_tests': False, 'cmake_args': None, 'cmake_clean_cache': False, 'cmake_clean_first': False, 'cmake_force_configure': False, 'cmake_target': None, 'cmake_target_skip_unavailable': False, 'install_base': '/home/deepak/electronic_ws/install/rtabmap_msgs', 'merge_install': False, 'path': '/home/deepak/electronic_ws/src/rtabmap_ros/rtabmap_msgs', 'symlink_install': False, 'test_result_base': None}
[0.549s] Level 5:colcon.colcon_core.verb:set package 'rtabmap_python' build argument 'cmake_args' from command line to 'None'
[0.549s] Level 5:colcon.colcon_core.verb:set package 'rtabmap_python' build argument 'cmake_target' from command line to 'None'
[0.549s] Level 5:colcon.colcon_core.verb:set package 'rtabmap_python' build argument 'cmake_target_skip_unavailable' from command line to 'False'
[0.549s] Level 5:colcon.colcon_core.verb:set package 'rtabmap_python' build argument 'cmake_clean_cache' from command line to 'False'
[0.549s] Level 5:colcon.colcon_core.verb:set package 'rtabmap_python' build argument 'cmake_clean_first' from command line to 'False'
[0.549s] Level 5:colcon.colcon_core.verb:set package 'rtabmap_python' build argument 'cmake_force_configure' from command line to 'False'
[0.549s] Level 5:colcon.colcon_core.verb:set package 'rtabmap_python' build argument 'ament_cmake_args' from command line to 'None'
[0.549s] Level 5:colcon.colcon_core.verb:set package 'rtabmap_python' build argument 'catkin_cmake_args' from command line to 'None'
[0.549s] Level 5:colcon.colcon_core.verb:set package 'rtabmap_python' build argument 'catkin_skip_building_tests' from command line to 'False'
[0.549s] DEBUG:colcon.colcon_core.verb:Building package 'rtabmap_python' with the following arguments: {'ament_cmake_args': None, 'build_base': '/home/deepak/electronic_ws/build/rtabmap_python', 'catkin_cmake_args': None, 'catkin_skip_building_tests': False, 'cmake_args': None, 'cmake_clean_cache': False, 'cmake_clean_first': False, 'cmake_force_configure': False, 'cmake_target': None, 'cmake_target_skip_unavailable': False, 'install_base': '/home/deepak/electronic_ws/install/rtabmap_python', 'merge_install': False, 'path': '/home/deepak/electronic_ws/src/rtabmap_ros/rtabmap_python', 'symlink_install': False, 'test_result_base': None}
[0.549s] Level 5:colcon.colcon_core.verb:set package 'astra_camera' build argument 'cmake_args' from command line to 'None'
[0.550s] Level 5:colcon.colcon_core.verb:set package 'astra_camera' build argument 'cmake_target' from command line to 'None'
[0.550s] Level 5:colcon.colcon_core.verb:set package 'astra_camera' build argument 'cmake_target_skip_unavailable' from command line to 'False'
[0.550s] Level 5:colcon.colcon_core.verb:set package 'astra_camera' build argument 'cmake_clean_cache' from command line to 'False'
[0.550s] Level 5:colcon.colcon_core.verb:set package 'astra_camera' build argument 'cmake_clean_first' from command line to 'False'
[0.550s] Level 5:colcon.colcon_core.verb:set package 'astra_camera' build argument 'cmake_force_configure' from command line to 'False'
[0.550s] Level 5:colcon.colcon_core.verb:set package 'astra_camera' build argument 'ament_cmake_args' from command line to 'None'
[0.550s] Level 5:colcon.colcon_core.verb:set package 'astra_camera' build argument 'catkin_cmake_args' from command line to 'None'
[0.550s] Level 5:colcon.colcon_core.verb:set package 'astra_camera' build argument 'catkin_skip_building_tests' from command line to 'False'
[0.550s] DEBUG:colcon.colcon_core.verb:Building package 'astra_camera' with the following arguments: {'ament_cmake_args': None, 'build_base': '/home/deepak/electronic_ws/build/astra_camera', 'catkin_cmake_args': None, 'catkin_skip_building_tests': False, 'cmake_args': None, 'cmake_clean_cache': False, 'cmake_clean_first': False, 'cmake_force_configure': False, 'cmake_target': None, 'cmake_target_skip_unavailable': False, 'install_base': '/home/deepak/electronic_ws/install/astra_camera', 'merge_install': False, 'path': '/home/deepak/electronic_ws/src/ros2_astra_camera/astra_camera', 'symlink_install': False, 'test_result_base': None}
[0.550s] Level 5:colcon.colcon_core.verb:set package 'lslidar_driver' build argument 'cmake_args' from command line to 'None'
[0.550s] Level 5:colcon.colcon_core.verb:set package 'lslidar_driver' build argument 'cmake_target' from command line to 'None'
[0.550s] Level 5:colcon.colcon_core.verb:set package 'lslidar_driver' build argument 'cmake_target_skip_unavailable' from command line to 'False'
[0.550s] Level 5:colcon.colcon_core.verb:set package 'lslidar_driver' build argument 'cmake_clean_cache' from command line to 'False'
[0.550s] Level 5:colcon.colcon_core.verb:set package 'lslidar_driver' build argument 'cmake_clean_first' from command line to 'False'
[0.550s] Level 5:colcon.colcon_core.verb:set package 'lslidar_driver' build argument 'cmake_force_configure' from command line to 'False'
[0.550s] Level 5:colcon.colcon_core.verb:set package 'lslidar_driver' build argument 'ament_cmake_args' from command line to 'None'
[0.550s] Level 5:colcon.colcon_core.verb:set package 'lslidar_driver' build argument 'catkin_cmake_args' from command line to 'None'
[0.550s] Level 5:colcon.colcon_core.verb:set package 'lslidar_driver' build argument 'catkin_skip_building_tests' from command line to 'False'
[0.550s] DEBUG:colcon.colcon_core.verb:Building package 'lslidar_driver' with the following arguments: {'ament_cmake_args': None, 'build_base': '/home/deepak/electronic_ws/build/lslidar_driver', 'catkin_cmake_args': None, 'catkin_skip_building_tests': False, 'cmake_args': None, 'cmake_clean_cache': False, 'cmake_clean_first': False, 'cmake_force_configure': False, 'cmake_target': None, 'cmake_target_skip_unavailable': False, 'install_base': '/home/deepak/electronic_ws/install/lslidar_driver', 'merge_install': False, 'path': '/home/deepak/electronic_ws/src/Lslidar_ROS2_driver-LS-S1_V1.0/lslidar_driver', 'symlink_install': False, 'test_result_base': None}
[0.550s] Level 5:colcon.colcon_core.verb:set package 'rtabmap_conversions' build argument 'cmake_args' from command line to 'None'
[0.550s] Level 5:colcon.colcon_core.verb:set package 'rtabmap_conversions' build argument 'cmake_target' from command line to 'None'
[0.550s] Level 5:colcon.colcon_core.verb:set package 'rtabmap_conversions' build argument 'cmake_target_skip_unavailable' from command line to 'False'
[0.550s] Level 5:colcon.colcon_core.verb:set package 'rtabmap_conversions' build argument 'cmake_clean_cache' from command line to 'False'
[0.550s] Level 5:colcon.colcon_core.verb:set package 'rtabmap_conversions' build argument 'cmake_clean_first' from command line to 'False'
[0.551s] Level 5:colcon.colcon_core.verb:set package 'rtabmap_conversions' build argument 'cmake_force_configure' from command line to 'False'
[0.551s] Level 5:colcon.colcon_core.verb:set package 'rtabmap_conversions' build argument 'ament_cmake_args' from command line to 'None'
[0.551s] Level 5:colcon.colcon_core.verb:set package 'rtabmap_conversions' build argument 'catkin_cmake_args' from command line to 'None'
[0.551s] Level 5:colcon.colcon_core.verb:set package 'rtabmap_conversions' build argument 'catkin_skip_building_tests' from command line to 'False'
[0.551s] DEBUG:colcon.colcon_core.verb:Building package 'rtabmap_conversions' with the following arguments: {'ament_cmake_args': None, 'build_base': '/home/deepak/electronic_ws/build/rtabmap_conversions', 'catkin_cmake_args': None, 'catkin_skip_building_tests': False, 'cmake_args': None, 'cmake_clean_cache': False, 'cmake_clean_first': False, 'cmake_force_configure': False, 'cmake_target': None, 'cmake_target_skip_unavailable': False, 'install_base': '/home/deepak/electronic_ws/install/rtabmap_conversions', 'merge_install': False, 'path': '/home/deepak/electronic_ws/src/rtabmap_ros/rtabmap_conversions', 'symlink_install': False, 'test_result_base': None}
[0.551s] Level 5:colcon.colcon_core.verb:set package 'rtabmap_rviz_plugins' build argument 'cmake_args' from command line to 'None'
[0.551s] Level 5:colcon.colcon_core.verb:set package 'rtabmap_rviz_plugins' build argument 'cmake_target' from command line to 'None'
[0.551s] Level 5:colcon.colcon_core.verb:set package 'rtabmap_rviz_plugins' build argument 'cmake_target_skip_unavailable' from command line to 'False'
[0.551s] Level 5:colcon.colcon_core.verb:set package 'rtabmap_rviz_plugins' build argument 'cmake_clean_cache' from command line to 'False'
[0.551s] Level 5:colcon.colcon_core.verb:set package 'rtabmap_rviz_plugins' build argument 'cmake_clean_first' from command line to 'False'
[0.551s] Level 5:colcon.colcon_core.verb:set package 'rtabmap_rviz_plugins' build argument 'cmake_force_configure' from command line to 'False'
[0.551s] Level 5:colcon.colcon_core.verb:set package 'rtabmap_rviz_plugins' build argument 'ament_cmake_args' from command line to 'None'
[0.551s] Level 5:colcon.colcon_core.verb:set package 'rtabmap_rviz_plugins' build argument 'catkin_cmake_args' from command line to 'None'
[0.551s] Level 5:colcon.colcon_core.verb:set package 'rtabmap_rviz_plugins' build argument 'catkin_skip_building_tests' from command line to 'False'
[0.551s] DEBUG:colcon.colcon_core.verb:Building package 'rtabmap_rviz_plugins' with the following arguments: {'ament_cmake_args': None, 'build_base': '/home/deepak/electronic_ws/build/rtabmap_rviz_plugins', 'catkin_cmake_args': None, 'catkin_skip_building_tests': False, 'cmake_args': None, 'cmake_clean_cache': False, 'cmake_clean_first': False, 'cmake_force_configure': False, 'cmake_target': None, 'cmake_target_skip_unavailable': False, 'install_base': '/home/deepak/electronic_ws/install/rtabmap_rviz_plugins', 'merge_install': False, 'path': '/home/deepak/electronic_ws/src/rtabmap_ros/rtabmap_rviz_plugins', 'symlink_install': False, 'test_result_base': None}
[0.551s] Level 5:colcon.colcon_core.verb:set package 'rtabmap_sync' build argument 'cmake_args' from command line to 'None'
[0.551s] Level 5:colcon.colcon_core.verb:set package 'rtabmap_sync' build argument 'cmake_target' from command line to 'None'
[0.551s] Level 5:colcon.colcon_core.verb:set package 'rtabmap_sync' build argument 'cmake_target_skip_unavailable' from command line to 'False'
[0.551s] Level 5:colcon.colcon_core.verb:set package 'rtabmap_sync' build argument 'cmake_clean_cache' from command line to 'False'
[0.551s] Level 5:colcon.colcon_core.verb:set package 'rtabmap_sync' build argument 'cmake_clean_first' from command line to 'False'
[0.551s] Level 5:colcon.colcon_core.verb:set package 'rtabmap_sync' build argument 'cmake_force_configure' from command line to 'False'
[0.551s] Level 5:colcon.colcon_core.verb:set package 'rtabmap_sync' build argument 'ament_cmake_args' from command line to 'None'
[0.551s] Level 5:colcon.colcon_core.verb:set package 'rtabmap_sync' build argument 'catkin_cmake_args' from command line to 'None'
[0.551s] Level 5:colcon.colcon_core.verb:set package 'rtabmap_sync' build argument 'catkin_skip_building_tests' from command line to 'False'
[0.552s] DEBUG:colcon.colcon_core.verb:Building package 'rtabmap_sync' with the following arguments: {'ament_cmake_args': None, 'build_base': '/home/deepak/electronic_ws/build/rtabmap_sync', 'catkin_cmake_args': None, 'catkin_skip_building_tests': False, 'cmake_args': None, 'cmake_clean_cache': False, 'cmake_clean_first': False, 'cmake_force_configure': False, 'cmake_target': None, 'cmake_target_skip_unavailable': False, 'install_base': '/home/deepak/electronic_ws/install/rtabmap_sync', 'merge_install': False, 'path': '/home/deepak/electronic_ws/src/rtabmap_ros/rtabmap_sync', 'symlink_install': False, 'test_result_base': None}
[0.552s] Level 5:colcon.colcon_core.verb:set package 'rtabmap_util' build argument 'cmake_args' from command line to 'None'
[0.552s] Level 5:colcon.colcon_core.verb:set package 'rtabmap_util' build argument 'cmake_target' from command line to 'None'
[0.552s] Level 5:colcon.colcon_core.verb:set package 'rtabmap_util' build argument 'cmake_target_skip_unavailable' from command line to 'False'
[0.552s] Level 5:colcon.colcon_core.verb:set package 'rtabmap_util' build argument 'cmake_clean_cache' from command line to 'False'
[0.552s] Level 5:colcon.colcon_core.verb:set package 'rtabmap_util' build argument 'cmake_clean_first' from command line to 'False'
[0.552s] Level 5:colcon.colcon_core.verb:set package 'rtabmap_util' build argument 'cmake_force_configure' from command line to 'False'
[0.552s] Level 5:colcon.colcon_core.verb:set package 'rtabmap_util' build argument 'ament_cmake_args' from command line to 'None'
[0.552s] Level 5:colcon.colcon_core.verb:set package 'rtabmap_util' build argument 'catkin_cmake_args' from command line to 'None'
[0.552s] Level 5:colcon.colcon_core.verb:set package 'rtabmap_util' build argument 'catkin_skip_building_tests' from command line to 'False'
[0.552s] DEBUG:colcon.colcon_core.verb:Building package 'rtabmap_util' with the following arguments: {'ament_cmake_args': None, 'build_base': '/home/deepak/electronic_ws/build/rtabmap_util', 'catkin_cmake_args': None, 'catkin_skip_building_tests': False, 'cmake_args': None, 'cmake_clean_cache': False, 'cmake_clean_first': False, 'cmake_force_configure': False, 'cmake_target': None, 'cmake_target_skip_unavailable': False, 'install_base': '/home/deepak/electronic_ws/install/rtabmap_util', 'merge_install': False, 'path': '/home/deepak/electronic_ws/src/rtabmap_ros/rtabmap_util', 'symlink_install': False, 'test_result_base': None}
[0.552s] Level 5:colcon.colcon_core.verb:set package 'rtabmap_odom' build argument 'cmake_args' from command line to 'None'
[0.552s] Level 5:colcon.colcon_core.verb:set package 'rtabmap_odom' build argument 'cmake_target' from command line to 'None'
[0.552s] Level 5:colcon.colcon_core.verb:set package 'rtabmap_odom' build argument 'cmake_target_skip_unavailable' from command line to 'False'
[0.552s] Level 5:colcon.colcon_core.verb:set package 'rtabmap_odom' build argument 'cmake_clean_cache' from command line to 'False'
[0.552s] Level 5:colcon.colcon_core.verb:set package 'rtabmap_odom' build argument 'cmake_clean_first' from command line to 'False'
[0.552s] Level 5:colcon.colcon_core.verb:set package 'rtabmap_odom' build argument 'cmake_force_configure' from command line to 'False'
[0.552s] Level 5:colcon.colcon_core.verb:set package 'rtabmap_odom' build argument 'ament_cmake_args' from command line to 'None'
[0.552s] Level 5:colcon.colcon_core.verb:set package 'rtabmap_odom' build argument 'catkin_cmake_args' from command line to 'None'
[0.552s] Level 5:colcon.colcon_core.verb:set package 'rtabmap_odom' build argument 'catkin_skip_building_tests' from command line to 'False'
[0.552s] DEBUG:colcon.colcon_core.verb:Building package 'rtabmap_odom' with the following arguments: {'ament_cmake_args': None, 'build_base': '/home/deepak/electronic_ws/build/rtabmap_odom', 'catkin_cmake_args': None, 'catkin_skip_building_tests': False, 'cmake_args': None, 'cmake_clean_cache': False, 'cmake_clean_first': False, 'cmake_force_configure': False, 'cmake_target': None, 'cmake_target_skip_unavailable': False, 'install_base': '/home/deepak/electronic_ws/install/rtabmap_odom', 'merge_install': False, 'path': '/home/deepak/electronic_ws/src/rtabmap_ros/rtabmap_odom', 'symlink_install': False, 'test_result_base': None}
[0.553s] Level 5:colcon.colcon_core.verb:set package 'rtabmap_slam' build argument 'cmake_args' from command line to 'None'
[0.553s] Level 5:colcon.colcon_core.verb:set package 'rtabmap_slam' build argument 'cmake_target' from command line to 'None'
[0.553s] Level 5:colcon.colcon_core.verb:set package 'rtabmap_slam' build argument 'cmake_target_skip_unavailable' from command line to 'False'
[0.553s] Level 5:colcon.colcon_core.verb:set package 'rtabmap_slam' build argument 'cmake_clean_cache' from command line to 'False'
[0.553s] Level 5:colcon.colcon_core.verb:set package 'rtabmap_slam' build argument 'cmake_clean_first' from command line to 'False'
[0.553s] Level 5:colcon.colcon_core.verb:set package 'rtabmap_slam' build argument 'cmake_force_configure' from command line to 'False'
[0.553s] Level 5:colcon.colcon_core.verb:set package 'rtabmap_slam' build argument 'ament_cmake_args' from command line to 'None'
[0.553s] Level 5:colcon.colcon_core.verb:set package 'rtabmap_slam' build argument 'catkin_cmake_args' from command line to 'None'
[0.553s] Level 5:colcon.colcon_core.verb:set package 'rtabmap_slam' build argument 'catkin_skip_building_tests' from command line to 'False'
[0.553s] DEBUG:colcon.colcon_core.verb:Building package 'rtabmap_slam' with the following arguments: {'ament_cmake_args': None, 'build_base': '/home/deepak/electronic_ws/build/rtabmap_slam', 'catkin_cmake_args': None, 'catkin_skip_building_tests': False, 'cmake_args': None, 'cmake_clean_cache': False, 'cmake_clean_first': False, 'cmake_force_configure': False, 'cmake_target': None, 'cmake_target_skip_unavailable': False, 'install_base': '/home/deepak/electronic_ws/install/rtabmap_slam', 'merge_install': False, 'path': '/home/deepak/electronic_ws/src/rtabmap_ros/rtabmap_slam', 'symlink_install': False, 'test_result_base': None}
[0.553s] Level 5:colcon.colcon_core.verb:set package 'rtabmap_viz' build argument 'cmake_args' from command line to 'None'
[0.553s] Level 5:colcon.colcon_core.verb:set package 'rtabmap_viz' build argument 'cmake_target' from command line to 'None'
[0.553s] Level 5:colcon.colcon_core.verb:set package 'rtabmap_viz' build argument 'cmake_target_skip_unavailable' from command line to 'False'
[0.553s] Level 5:colcon.colcon_core.verb:set package 'rtabmap_viz' build argument 'cmake_clean_cache' from command line to 'False'
[0.553s] Level 5:colcon.colcon_core.verb:set package 'rtabmap_viz' build argument 'cmake_clean_first' from command line to 'False'
[0.553s] Level 5:colcon.colcon_core.verb:set package 'rtabmap_viz' build argument 'cmake_force_configure' from command line to 'False'
[0.553s] Level 5:colcon.colcon_core.verb:set package 'rtabmap_viz' build argument 'ament_cmake_args' from command line to 'None'
[0.553s] Level 5:colcon.colcon_core.verb:set package 'rtabmap_viz' build argument 'catkin_cmake_args' from command line to 'None'
[0.553s] Level 5:colcon.colcon_core.verb:set package 'rtabmap_viz' build argument 'catkin_skip_building_tests' from command line to 'False'
[0.553s] DEBUG:colcon.colcon_core.verb:Building package 'rtabmap_viz' with the following arguments: {'ament_cmake_args': None, 'build_base': '/home/deepak/electronic_ws/build/rtabmap_viz', 'catkin_cmake_args': None, 'catkin_skip_building_tests': False, 'cmake_args': None, 'cmake_clean_cache': False, 'cmake_clean_first': False, 'cmake_force_configure': False, 'cmake_target': None, 'cmake_target_skip_unavailable': False, 'install_base': '/home/deepak/electronic_ws/install/rtabmap_viz', 'merge_install': False, 'path': '/home/deepak/electronic_ws/src/rtabmap_ros/rtabmap_viz', 'symlink_install': False, 'test_result_base': None}
[0.554s] Level 5:colcon.colcon_core.verb:set package 'rtabmap_demos' build argument 'cmake_args' from command line to 'None'
[0.554s] Level 5:colcon.colcon_core.verb:set package 'rtabmap_demos' build argument 'cmake_target' from command line to 'None'
[0.554s] Level 5:colcon.colcon_core.verb:set package 'rtabmap_demos' build argument 'cmake_target_skip_unavailable' from command line to 'False'
[0.554s] Level 5:colcon.colcon_core.verb:set package 'rtabmap_demos' build argument 'cmake_clean_cache' from command line to 'False'
[0.554s] Level 5:colcon.colcon_core.verb:set package 'rtabmap_demos' build argument 'cmake_clean_first' from command line to 'False'
[0.554s] Level 5:colcon.colcon_core.verb:set package 'rtabmap_demos' build argument 'cmake_force_configure' from command line to 'False'
[0.554s] Level 5:colcon.colcon_core.verb:set package 'rtabmap_demos' build argument 'ament_cmake_args' from command line to 'None'
[0.554s] Level 5:colcon.colcon_core.verb:set package 'rtabmap_demos' build argument 'catkin_cmake_args' from command line to 'None'
[0.554s] Level 5:colcon.colcon_core.verb:set package 'rtabmap_demos' build argument 'catkin_skip_building_tests' from command line to 'False'
[0.554s] DEBUG:colcon.colcon_core.verb:Building package 'rtabmap_demos' with the following arguments: {'ament_cmake_args': None, 'build_base': '/home/deepak/electronic_ws/build/rtabmap_demos', 'catkin_cmake_args': None, 'catkin_skip_building_tests': False, 'cmake_args': None, 'cmake_clean_cache': False, 'cmake_clean_first': False, 'cmake_force_configure': False, 'cmake_target': None, 'cmake_target_skip_unavailable': False, 'install_base': '/home/deepak/electronic_ws/install/rtabmap_demos', 'merge_install': False, 'path': '/home/deepak/electronic_ws/src/rtabmap_ros/rtabmap_demos', 'symlink_install': False, 'test_result_base': None}
[0.554s] Level 5:colcon.colcon_core.verb:set package 'rtabmap_examples' build argument 'cmake_args' from command line to 'None'
[0.554s] Level 5:colcon.colcon_core.verb:set package 'rtabmap_examples' build argument 'cmake_target' from command line to 'None'
[0.554s] Level 5:colcon.colcon_core.verb:set package 'rtabmap_examples' build argument 'cmake_target_skip_unavailable' from command line to 'False'
[0.554s] Level 5:colcon.colcon_core.verb:set package 'rtabmap_examples' build argument 'cmake_clean_cache' from command line to 'False'
[0.554s] Level 5:colcon.colcon_core.verb:set package 'rtabmap_examples' build argument 'cmake_clean_first' from command line to 'False'
[0.554s] Level 5:colcon.colcon_core.verb:set package 'rtabmap_examples' build argument 'cmake_force_configure' from command line to 'False'
[0.554s] Level 5:colcon.colcon_core.verb:set package 'rtabmap_examples' build argument 'ament_cmake_args' from command line to 'None'
[0.554s] Level 5:colcon.colcon_core.verb:set package 'rtabmap_examples' build argument 'catkin_cmake_args' from command line to 'None'
[0.554s] Level 5:colcon.colcon_core.verb:set package 'rtabmap_examples' build argument 'catkin_skip_building_tests' from command line to 'False'
[0.554s] DEBUG:colcon.colcon_core.verb:Building package 'rtabmap_examples' with the following arguments: {'ament_cmake_args': None, 'build_base': '/home/deepak/electronic_ws/build/rtabmap_examples', 'catkin_cmake_args': None, 'catkin_skip_building_tests': False, 'cmake_args': None, 'cmake_clean_cache': False, 'cmake_clean_first': False, 'cmake_force_configure': False, 'cmake_target': None, 'cmake_target_skip_unavailable': False, 'install_base': '/home/deepak/electronic_ws/install/rtabmap_examples', 'merge_install': False, 'path': '/home/deepak/electronic_ws/src/rtabmap_ros/rtabmap_examples', 'symlink_install': False, 'test_result_base': None}
[0.555s] Level 5:colcon.colcon_core.verb:set package 'rtabmap_launch' build argument 'cmake_args' from command line to 'None'
[0.555s] Level 5:colcon.colcon_core.verb:set package 'rtabmap_launch' build argument 'cmake_target' from command line to 'None'
[0.555s] Level 5:colcon.colcon_core.verb:set package 'rtabmap_launch' build argument 'cmake_target_skip_unavailable' from command line to 'False'
[0.555s] Level 5:colcon.colcon_core.verb:set package 'rtabmap_launch' build argument 'cmake_clean_cache' from command line to 'False'
[0.555s] Level 5:colcon.colcon_core.verb:set package 'rtabmap_launch' build argument 'cmake_clean_first' from command line to 'False'
[0.555s] Level 5:colcon.colcon_core.verb:set package 'rtabmap_launch' build argument 'cmake_force_configure' from command line to 'False'
[0.555s] Level 5:colcon.colcon_core.verb:set package 'rtabmap_launch' build argument 'ament_cmake_args' from command line to 'None'
[0.555s] Level 5:colcon.colcon_core.verb:set package 'rtabmap_launch' build argument 'catkin_cmake_args' from command line to 'None'
[0.555s] Level 5:colcon.colcon_core.verb:set package 'rtabmap_launch' build argument 'catkin_skip_building_tests' from command line to 'False'
[0.555s] DEBUG:colcon.colcon_core.verb:Building package 'rtabmap_launch' with the following arguments: {'ament_cmake_args': None, 'build_base': '/home/deepak/electronic_ws/build/rtabmap_launch', 'catkin_cmake_args': None, 'catkin_skip_building_tests': False, 'cmake_args': None, 'cmake_clean_cache': False, 'cmake_clean_first': False, 'cmake_force_configure': False, 'cmake_target': None, 'cmake_target_skip_unavailable': False, 'install_base': '/home/deepak/electronic_ws/install/rtabmap_launch', 'merge_install': False, 'path': '/home/deepak/electronic_ws/src/rtabmap_ros/rtabmap_launch', 'symlink_install': False, 'test_result_base': None}
[0.555s] Level 5:colcon.colcon_core.verb:set package 'rtabmap_ros' build argument 'cmake_args' from command line to 'None'
[0.555s] Level 5:colcon.colcon_core.verb:set package 'rtabmap_ros' build argument 'cmake_target' from command line to 'None'
[0.555s] Level 5:colcon.colcon_core.verb:set package 'rtabmap_ros' build argument 'cmake_target_skip_unavailable' from command line to 'False'
[0.555s] Level 5:colcon.colcon_core.verb:set package 'rtabmap_ros' build argument 'cmake_clean_cache' from command line to 'False'
[0.555s] Level 5:colcon.colcon_core.verb:set package 'rtabmap_ros' build argument 'cmake_clean_first' from command line to 'False'
[0.555s] Level 5:colcon.colcon_core.verb:set package 'rtabmap_ros' build argument 'cmake_force_configure' from command line to 'False'
[0.555s] Level 5:colcon.colcon_core.verb:set package 'rtabmap_ros' build argument 'ament_cmake_args' from command line to 'None'
[0.555s] Level 5:colcon.colcon_core.verb:set package 'rtabmap_ros' build argument 'catkin_cmake_args' from command line to 'None'
[0.555s] Level 5:colcon.colcon_core.verb:set package 'rtabmap_ros' build argument 'catkin_skip_building_tests' from command line to 'False'
[0.555s] DEBUG:colcon.colcon_core.verb:Building package 'rtabmap_ros' with the following arguments: {'ament_cmake_args': None, 'build_base': '/home/deepak/electronic_ws/build/rtabmap_ros', 'catkin_cmake_args': None, 'catkin_skip_building_tests': False, 'cmake_args': None, 'cmake_clean_cache': False, 'cmake_clean_first': False, 'cmake_force_configure': False, 'cmake_target': None, 'cmake_target_skip_unavailable': False, 'install_base': '/home/deepak/electronic_ws/install/rtabmap_ros', 'merge_install': False, 'path': '/home/deepak/electronic_ws/src/rtabmap_ros/rtabmap_ros', 'symlink_install': False, 'test_result_base': None}
[0.555s] INFO:colcon.colcon_core.executor:Executing jobs using 'parallel' executor
[0.556s] DEBUG:colcon.colcon_parallel_executor.executor.parallel:run_until_complete
[0.557s] INFO:colcon.colcon_ros.task.cmake.build:Building ROS package in '/home/deepak/electronic_ws/src/rtabmap' with build type 'cmake'
[0.557s] INFO:colcon.colcon_cmake.task.cmake.build:Building CMake package in '/home/deepak/electronic_ws/src/rtabmap'
[0.559s] INFO:colcon.colcon_core.plugin_system:Skipping extension 'colcon_core.shell.bat': Not used on non-Windows systems
[0.559s] INFO:colcon.colcon_core.shell:Skip shell extension 'powershell' for command environment: Not usable outside of PowerShell
[0.559s] DEBUG:colcon.colcon_core.shell:Skip shell extension 'dsv' for command environment
[0.564s] INFO:colcon.colcon_ros.task.catkin.build:Building ROS package in '/home/deepak/electronic_ws/src/rtabmap_ros/rtabmap_msgs' with build type 'catkin'
[0.564s] INFO:colcon.colcon_cmake.task.cmake.build:Building CMake package in '/home/deepak/electronic_ws/src/rtabmap_ros/rtabmap_msgs'
[0.564s] INFO:colcon.colcon_core.shell:Skip shell extension 'powershell' for command environment: Not usable outside of PowerShell
[0.564s] DEBUG:colcon.colcon_core.shell:Skip shell extension 'dsv' for command environment
[0.568s] INFO:colcon.colcon_ros.task.ament_cmake.build:Building ROS package in '/home/deepak/electronic_ws/src/ros2_astra_camera/astra_camera_msgs' with build type 'ament_cmake'
[0.569s] INFO:colcon.colcon_cmake.task.cmake.build:Building CMake package in '/home/deepak/electronic_ws/src/ros2_astra_camera/astra_camera_msgs'
[0.569s] INFO:colcon.colcon_core.shell:Skip shell extension 'powershell' for command environment: Not usable outside of PowerShell
[0.569s] DEBUG:colcon.colcon_core.shell:Skip shell extension 'dsv' for command environment
[0.574s] INFO:colcon.colcon_ros.task.ament_cmake.build:Building ROS package in '/home/deepak/electronic_ws/src/Lslidar_ROS2_driver-LS-S1_V1.0/lslidar_msgs' with build type 'ament_cmake'
[0.575s] INFO:colcon.colcon_cmake.task.cmake.build:Building CMake package in '/home/deepak/electronic_ws/src/Lslidar_ROS2_driver-LS-S1_V1.0/lslidar_msgs'
[0.575s] INFO:colcon.colcon_core.shell:Skip shell extension 'powershell' for command environment: Not usable outside of PowerShell
[0.575s] DEBUG:colcon.colcon_core.shell:Skip shell extension 'dsv' for command environment
[0.579s] INFO:colcon.colcon_ros.task.ament_python.build:Building ROS package in '/home/deepak/electronic_ws/src/rtabmap_ros/rtabmap_python' with build type 'ament_python'
[0.580s] Level 1:colcon.colcon_core.shell:create_environment_hook('rtabmap_python', 'ament_prefix_path')
[0.580s] INFO:colcon.colcon_core.shell:Creating environment hook '/home/deepak/electronic_ws/install/rtabmap_python/share/rtabmap_python/hook/ament_prefix_path.ps1'
[0.581s] INFO:colcon.colcon_core.shell:Creating environment descriptor '/home/deepak/electronic_ws/install/rtabmap_python/share/rtabmap_python/hook/ament_prefix_path.dsv'
[0.581s] INFO:colcon.colcon_core.shell:Creating environment hook '/home/deepak/electronic_ws/install/rtabmap_python/share/rtabmap_python/hook/ament_prefix_path.sh'
[0.582s] INFO:colcon.colcon_core.shell:Skip shell extension 'powershell' for command environment: Not usable outside of PowerShell
[0.582s] DEBUG:colcon.colcon_core.shell:Skip shell extension 'dsv' for command environment
[0.587s] INFO:colcon.colcon_ros.task.cmake.build:Building ROS package in '/home/deepak/electronic_ws/src/backward_ros' with build type 'cmake'
[0.587s] INFO:colcon.colcon_cmake.task.cmake.build:Building CMake package in '/home/deepak/electronic_ws/src/backward_ros'
[0.587s] INFO:colcon.colcon_core.shell:Skip shell extension 'powershell' for command environment: Not usable outside of PowerShell
[0.587s] DEBUG:colcon.colcon_core.shell:Skip shell extension 'dsv' for command environment
[0.601s] DEBUG:colcon.colcon_core.event_handler.log_command:Invoking command in '/home/deepak/electronic_ws/build/rtabmap': CMAKE_PREFIX_PATH=/opt/ros/foxy /usr/bin/cmake --build /home/deepak/electronic_ws/build/rtabmap -- -j8 -l8
[0.608s] DEBUG:colcon.colcon_core.event_handler.log_command:Invoking command in '/home/deepak/electronic_ws/build/rtabmap_msgs': /usr/bin/cmake /home/deepak/electronic_ws/src/rtabmap_ros/rtabmap_msgs -DCATKIN_INSTALL_INTO_PREFIX_ROOT=0 -DCMAKE_INSTALL_PREFIX=/home/deepak/electronic_ws/install/rtabmap_msgs
[0.613s] DEBUG:colcon.colcon_core.event_handler.log_command:Invoking command in '/home/deepak/electronic_ws/build/astra_camera_msgs': CMAKE_PREFIX_PATH=/opt/ros/foxy /usr/bin/cmake /home/deepak/electronic_ws/src/ros2_astra_camera/astra_camera_msgs -DCMAKE_INSTALL_PREFIX=/home/deepak/electronic_ws/install/astra_camera_msgs
[0.622s] DEBUG:colcon.colcon_core.event_handler.log_command:Invoking command in '/home/deepak/electronic_ws/build/lslidar_msgs': CMAKE_PREFIX_PATH=/opt/ros/foxy /usr/bin/cmake /home/deepak/electronic_ws/src/Lslidar_ROS2_driver-LS-S1_V1.0/lslidar_msgs -DCMAKE_INSTALL_PREFIX=/home/deepak/electronic_ws/install/lslidar_msgs
[0.847s] INFO:colcon.colcon_core.task.python.build:Building Python package in '/home/deepak/electronic_ws/src/rtabmap_ros/rtabmap_python'
[0.848s] INFO:colcon.colcon_core.shell:Skip shell extension 'powershell' for command environment: Not usable outside of PowerShell
[0.848s] DEBUG:colcon.colcon_core.shell:Skip shell extension 'dsv' for command environment
[0.859s] DEBUG:colcon.colcon_core.event_handler.log_command:Invoking command in '/home/deepak/electronic_ws/build/backward_ros': CMAKE_PREFIX_PATH=/opt/ros/foxy /usr/bin/cmake --build /home/deepak/electronic_ws/build/backward_ros -- -j8 -l8
[0.943s] DEBUG:colcon.colcon_core.event_handler.log_command:Invoked command in '/home/deepak/electronic_ws/build/backward_ros' returned '0': CMAKE_PREFIX_PATH=/opt/ros/foxy /usr/bin/cmake --build /home/deepak/electronic_ws/build/backward_ros -- -j8 -l8
[0.960s] DEBUG:colcon.colcon_core.event_handler.log_command:Invoking command in '/home/deepak/electronic_ws/build/backward_ros': CMAKE_PREFIX_PATH=/opt/ros/foxy /usr/bin/cmake --install /home/deepak/electronic_ws/build/backward_ros
[0.973s] DEBUG:colcon.colcon_core.event_handler.log_command:Invoked command in '/home/deepak/electronic_ws/build/backward_ros' returned '0': CMAKE_PREFIX_PATH=/opt/ros/foxy /usr/bin/cmake --install /home/deepak/electronic_ws/build/backward_ros
[0.973s] Level 1:colcon.colcon_core.shell:create_environment_hook('backward_ros', 'pkg_config_path')
[0.974s] INFO:colcon.colcon_core.shell:Creating environment hook '/home/deepak/electronic_ws/install/backward_ros/share/backward_ros/hook/pkg_config_path.ps1'
[0.975s] INFO:colcon.colcon_core.shell:Creating environment descriptor '/home/deepak/electronic_ws/install/backward_ros/share/backward_ros/hook/pkg_config_path.dsv'
[0.976s] INFO:colcon.colcon_core.shell:Creating environment hook '/home/deepak/electronic_ws/install/backward_ros/share/backward_ros/hook/pkg_config_path.sh'
[0.979s] Level 1:colcon.colcon_core.shell:create_environment_hook('backward_ros', 'pkg_config_path_multiarch')
[0.980s] INFO:colcon.colcon_core.shell:Creating environment hook '/home/deepak/electronic_ws/install/backward_ros/share/backward_ros/hook/pkg_config_path_multiarch.ps1'
[0.981s] INFO:colcon.colcon_core.shell:Creating environment descriptor '/home/deepak/electronic_ws/install/backward_ros/share/backward_ros/hook/pkg_config_path_multiarch.dsv'
[0.982s] INFO:colcon.colcon_core.shell:Creating environment hook '/home/deepak/electronic_ws/install/backward_ros/share/backward_ros/hook/pkg_config_path_multiarch.sh'
[0.982s] Level 1:colcon.colcon_core.environment:create_environment_scripts_only(backward_ros)
[0.986s] Level 1:colcon.colcon_core.environment:checking '/home/deepak/electronic_ws/install/backward_ros' for CMake module files
[0.987s] Level 1:colcon.colcon_core.environment:checking '/home/deepak/electronic_ws/install/backward_ros' for CMake config files
[0.988s] Level 1:colcon.colcon_core.shell:create_environment_hook('backward_ros', 'cmake_prefix_path')
[0.988s] INFO:colcon.colcon_core.shell:Creating environment hook '/home/deepak/electronic_ws/install/backward_ros/share/backward_ros/hook/cmake_prefix_path.ps1'
[0.989s] INFO:colcon.colcon_core.shell:Creating environment descriptor '/home/deepak/electronic_ws/install/backward_ros/share/backward_ros/hook/cmake_prefix_path.dsv'
[0.989s] INFO:colcon.colcon_core.shell:Creating environment hook '/home/deepak/electronic_ws/install/backward_ros/share/backward_ros/hook/cmake_prefix_path.sh'
[0.990s] Level 1:colcon.colcon_core.environment:checking '/home/deepak/electronic_ws/install/backward_ros/lib'
[0.991s] Level 1:colcon.colcon_core.shell:create_environment_hook('backward_ros', 'ld_library_path_lib')
[0.991s] INFO:colcon.colcon_core.shell:Creating environment hook '/home/deepak/electronic_ws/install/backward_ros/share/backward_ros/hook/ld_library_path_lib.ps1'
[0.991s] INFO:colcon.colcon_core.shell:Creating environment descriptor '/home/deepak/electronic_ws/install/backward_ros/share/backward_ros/hook/ld_library_path_lib.dsv'
[0.992s] INFO:colcon.colcon_core.shell:Creating environment hook '/home/deepak/electronic_ws/install/backward_ros/share/backward_ros/hook/ld_library_path_lib.sh'
[0.992s] Level 1:colcon.colcon_core.environment:checking '/home/deepak/electronic_ws/install/backward_ros/bin'
[0.992s] Level 1:colcon.colcon_core.environment:checking '/home/deepak/electronic_ws/install/backward_ros/lib/pkgconfig/backward_ros.pc'
[0.993s] Level 1:colcon.colcon_core.environment:checking '/home/deepak/electronic_ws/install/backward_ros/lib/python3.8/site-packages'
[0.993s] Level 1:colcon.colcon_core.environment:checking '/home/deepak/electronic_ws/install/backward_ros/bin'
[0.994s] INFO:colcon.colcon_core.shell:Creating package script '/home/deepak/electronic_ws/install/backward_ros/share/backward_ros/package.ps1'
[0.995s] INFO:colcon.colcon_core.shell:Creating package descriptor '/home/deepak/electronic_ws/install/backward_ros/share/backward_ros/package.dsv'
[0.996s] INFO:colcon.colcon_core.shell:Creating package script '/home/deepak/electronic_ws/install/backward_ros/share/backward_ros/package.sh'
[0.997s] INFO:colcon.colcon_core.shell:Creating package script '/home/deepak/electronic_ws/install/backward_ros/share/backward_ros/package.bash'
[0.999s] INFO:colcon.colcon_core.shell:Creating package script '/home/deepak/electronic_ws/install/backward_ros/share/backward_ros/package.zsh'
[1.000s] Level 1:colcon.colcon_core.environment:create_file_with_runtime_dependencies(/home/deepak/electronic_ws/install/backward_ros/share/colcon-core/packages/backward_ros)
[1.636s] DEBUG:colcon.colcon_core.event_handler.log_command:Invoked command in '/home/deepak/electronic_ws/build/rtabmap' returned '0': CMAKE_PREFIX_PATH=/opt/ros/foxy /usr/bin/cmake --build /home/deepak/electronic_ws/build/rtabmap -- -j8 -l8
[1.641s] DEBUG:colcon.colcon_core.event_handler.log_command:Invoking command in '/home/deepak/electronic_ws/build/rtabmap': CMAKE_PREFIX_PATH=/opt/ros/foxy /usr/bin/cmake --install /home/deepak/electronic_ws/build/rtabmap
[1.652s] DEBUG:colcon.colcon_core.event_handler.log_command:Invoking command in '/home/deepak/electronic_ws/build/rtabmap_python': PYTHONPATH=/home/deepak/electronic_ws/build/rtabmap_python/prefix_override:/usr/lib/python3/dist-packages/colcon_core/task/python/colcon_distutils_commands:/home/deepak/electronic_ws/install/rtabmap_python/lib/python3.8/site-packages:${PYTHONPATH} /usr/bin/python3 -W ignore:setup.py install is deprecated -W ignore:easy_install command is deprecated setup.py develop --uninstall --editable --build-directory /home/deepak/electronic_ws/build/rtabmap_python/build
[1.709s] DEBUG:colcon.colcon_core.event_handler.log_command:Invoked command in '/home/deepak/electronic_ws/build/rtabmap' returned '0': CMAKE_PREFIX_PATH=/opt/ros/foxy /usr/bin/cmake --install /home/deepak/electronic_ws/build/rtabmap
[1.710s] Level 1:colcon.colcon_core.shell:create_environment_hook('rtabmap', 'pkg_config_path')
[1.711s] INFO:colcon.colcon_core.shell:Creating environment hook '/home/deepak/electronic_ws/install/rtabmap/share/rtabmap/hook/pkg_config_path.ps1'
[1.712s] INFO:colcon.colcon_core.shell:Creating environment descriptor '/home/deepak/electronic_ws/install/rtabmap/share/rtabmap/hook/pkg_config_path.dsv'
[1.712s] INFO:colcon.colcon_core.shell:Creating environment hook '/home/deepak/electronic_ws/install/rtabmap/share/rtabmap/hook/pkg_config_path.sh'
[1.712s] Level 1:colcon.colcon_core.shell:create_environment_hook('rtabmap', 'pkg_config_path_multiarch')
[1.713s] INFO:colcon.colcon_core.shell:Creating environment hook '/home/deepak/electronic_ws/install/rtabmap/share/rtabmap/hook/pkg_config_path_multiarch.ps1'
[1.713s] INFO:colcon.colcon_core.shell:Creating environment descriptor '/home/deepak/electronic_ws/install/rtabmap/share/rtabmap/hook/pkg_config_path_multiarch.dsv'
[1.714s] INFO:colcon.colcon_core.shell:Creating environment hook '/home/deepak/electronic_ws/install/rtabmap/share/rtabmap/hook/pkg_config_path_multiarch.sh'
[1.714s] Level 1:colcon.colcon_core.environment:create_environment_scripts_only(rtabmap)
[1.715s] Level 1:colcon.colcon_core.environment:checking '/home/deepak/electronic_ws/install/rtabmap' for CMake module files
[1.715s] Level 1:colcon.colcon_core.environment:checking '/home/deepak/electronic_ws/install/rtabmap' for CMake config files
[1.716s] Level 1:colcon.colcon_core.shell:create_environment_hook('rtabmap', 'cmake_prefix_path')
[1.716s] INFO:colcon.colcon_core.shell:Creating environment hook '/home/deepak/electronic_ws/install/rtabmap/share/rtabmap/hook/cmake_prefix_path.ps1'
[1.717s] INFO:colcon.colcon_core.shell:Creating environment descriptor '/home/deepak/electronic_ws/install/rtabmap/share/rtabmap/hook/cmake_prefix_path.dsv'
[1.717s] INFO:colcon.colcon_core.shell:Creating environment hook '/home/deepak/electronic_ws/install/rtabmap/share/rtabmap/hook/cmake_prefix_path.sh'
[1.718s] Level 1:colcon.colcon_core.environment:checking '/home/deepak/electronic_ws/install/rtabmap/lib'
[1.718s] Level 1:colcon.colcon_core.shell:create_environment_hook('rtabmap', 'ld_library_path_lib')
[1.718s] INFO:colcon.colcon_core.shell:Creating environment hook '/home/deepak/electronic_ws/install/rtabmap/share/rtabmap/hook/ld_library_path_lib.ps1'
[1.719s] INFO:colcon.colcon_core.shell:Creating environment descriptor '/home/deepak/electronic_ws/install/rtabmap/share/rtabmap/hook/ld_library_path_lib.dsv'
[1.719s] INFO:colcon.colcon_core.shell:Creating environment hook '/home/deepak/electronic_ws/install/rtabmap/share/rtabmap/hook/ld_library_path_lib.sh'
[1.720s] Level 1:colcon.colcon_core.environment:checking '/home/deepak/electronic_ws/install/rtabmap/bin'
[1.720s] Level 1:colcon.colcon_core.shell:create_environment_hook('rtabmap', 'path')
[1.720s] INFO:colcon.colcon_core.shell:Creating environment hook '/home/deepak/electronic_ws/install/rtabmap/share/rtabmap/hook/path.ps1'
[1.720s] INFO:colcon.colcon_core.shell:Creating environment descriptor '/home/deepak/electronic_ws/install/rtabmap/share/rtabmap/hook/path.dsv'
[1.721s] INFO:colcon.colcon_core.shell:Creating environment hook '/home/deepak/electronic_ws/install/rtabmap/share/rtabmap/hook/path.sh'
[1.721s] Level 1:colcon.colcon_core.environment:checking '/home/deepak/electronic_ws/install/rtabmap/lib/pkgconfig/rtabmap.pc'
[1.722s] Level 1:colcon.colcon_core.environment:checking '/home/deepak/electronic_ws/install/rtabmap/lib/python3.8/site-packages'
[1.722s] Level 1:colcon.colcon_core.environment:checking '/home/deepak/electronic_ws/install/rtabmap/bin'
[1.722s] Level 1:colcon.colcon_core.shell:create_environment_hook('rtabmap', 'pythonscriptspath')
[1.722s] INFO:colcon.colcon_core.shell:Creating environment hook '/home/deepak/electronic_ws/install/rtabmap/share/rtabmap/hook/pythonscriptspath.ps1'
[1.723s] INFO:colcon.colcon_core.shell:Creating environment descriptor '/home/deepak/electronic_ws/install/rtabmap/share/rtabmap/hook/pythonscriptspath.dsv'
[1.723s] INFO:colcon.colcon_core.shell:Creating environment hook '/home/deepak/electronic_ws/install/rtabmap/share/rtabmap/hook/pythonscriptspath.sh'
[1.725s] INFO:colcon.colcon_core.shell:Creating package script '/home/deepak/electronic_ws/install/rtabmap/share/rtabmap/package.ps1'
[1.726s] INFO:colcon.colcon_core.shell:Creating package descriptor '/home/deepak/electronic_ws/install/rtabmap/share/rtabmap/package.dsv'
[1.726s] INFO:colcon.colcon_core.shell:Creating package script '/home/deepak/electronic_ws/install/rtabmap/share/rtabmap/package.sh'
[1.727s] INFO:colcon.colcon_core.shell:Creating package script '/home/deepak/electronic_ws/install/rtabmap/share/rtabmap/package.bash'
[1.728s] INFO:colcon.colcon_core.shell:Creating package script '/home/deepak/electronic_ws/install/rtabmap/share/rtabmap/package.zsh'
[1.728s] Level 1:colcon.colcon_core.environment:create_file_with_runtime_dependencies(/home/deepak/electronic_ws/install/rtabmap/share/colcon-core/packages/rtabmap)
[1.931s] DEBUG:colcon.colcon_core.event_handler.log_command:Invoked command in '/home/deepak/electronic_ws/build/lslidar_msgs' returned '0': CMAKE_PREFIX_PATH=/opt/ros/foxy /usr/bin/cmake /home/deepak/electronic_ws/src/Lslidar_ROS2_driver-LS-S1_V1.0/lslidar_msgs -DCMAKE_INSTALL_PREFIX=/home/deepak/electronic_ws/install/lslidar_msgs
[1.934s] DEBUG:colcon.colcon_core.event_handler.log_command:Invoking command in '/home/deepak/electronic_ws/build/lslidar_msgs': CMAKE_PREFIX_PATH=/opt/ros/foxy /usr/bin/cmake --build /home/deepak/electronic_ws/build/lslidar_msgs -- -j8 -l8
[2.095s] DEBUG:colcon.colcon_core.event_handler.log_command:Invoked command in '/home/deepak/electronic_ws/build/rtabmap_python' returned '0': PYTHONPATH=/home/deepak/electronic_ws/build/rtabmap_python/prefix_override:/usr/lib/python3/dist-packages/colcon_core/task/python/colcon_distutils_commands:/home/deepak/electronic_ws/install/rtabmap_python/lib/python3.8/site-packages:${PYTHONPATH} /usr/bin/python3 -W ignore:setup.py install is deprecated -W ignore:easy_install command is deprecated setup.py develop --uninstall --editable --build-directory /home/deepak/electronic_ws/build/rtabmap_python/build
[2.099s] DEBUG:colcon.colcon_core.event_handler.log_command:Invoking command in '/home/deepak/electronic_ws/src/rtabmap_ros/rtabmap_python': PYTHONPATH=/home/deepak/electronic_ws/build/rtabmap_python/prefix_override:/usr/lib/python3/dist-packages/colcon_core/task/python/colcon_distutils_commands:/home/deepak/electronic_ws/install/rtabmap_python/lib/python3.8/site-packages:${PYTHONPATH} /usr/bin/python3 -W ignore:setup.py install is deprecated -W ignore:easy_install command is deprecated setup.py egg_info --egg-base ../../../build/rtabmap_python build --build-base /home/deepak/electronic_ws/build/rtabmap_python/build install --record /home/deepak/electronic_ws/build/rtabmap_python/install.log --single-version-externally-managed install_data --force
[2.196s] DEBUG:colcon.colcon_core.event_handler.log_command:Invoked command in '/home/deepak/electronic_ws/build/lslidar_msgs' returned '0': CMAKE_PREFIX_PATH=/opt/ros/foxy /usr/bin/cmake --build /home/deepak/electronic_ws/build/lslidar_msgs -- -j8 -l8
[2.200s] DEBUG:colcon.colcon_core.event_handler.log_command:Invoking command in '/home/deepak/electronic_ws/build/lslidar_msgs': CMAKE_PREFIX_PATH=/opt/ros/foxy /usr/bin/cmake --install /home/deepak/electronic_ws/build/lslidar_msgs
[2.369s] Level 1:colcon.colcon_core.environment:create_environment_scripts_only(lslidar_msgs)
[2.370s] Level 1:colcon.colcon_core.environment:checking '/home/deepak/electronic_ws/install/lslidar_msgs' for CMake module files
[2.370s] DEBUG:colcon.colcon_core.event_handler.log_command:Invoked command in '/home/deepak/electronic_ws/build/lslidar_msgs' returned '0': CMAKE_PREFIX_PATH=/opt/ros/foxy /usr/bin/cmake --install /home/deepak/electronic_ws/build/lslidar_msgs
[2.371s] Level 1:colcon.colcon_core.environment:checking '/home/deepak/electronic_ws/install/lslidar_msgs' for CMake config files
[2.372s] Level 1:colcon.colcon_core.shell:create_environment_hook('lslidar_msgs', 'cmake_prefix_path')
[2.372s] INFO:colcon.colcon_core.shell:Creating environment hook '/home/deepak/electronic_ws/install/lslidar_msgs/share/lslidar_msgs/hook/cmake_prefix_path.ps1'
[2.374s] INFO:colcon.colcon_core.shell:Creating environment descriptor '/home/deepak/electronic_ws/install/lslidar_msgs/share/lslidar_msgs/hook/cmake_prefix_path.dsv'
[2.374s] INFO:colcon.colcon_core.shell:Creating environment hook '/home/deepak/electronic_ws/install/lslidar_msgs/share/lslidar_msgs/hook/cmake_prefix_path.sh'
[2.375s] Level 1:colcon.colcon_core.environment:checking '/home/deepak/electronic_ws/install/lslidar_msgs/lib'
[2.375s] Level 1:colcon.colcon_core.shell:create_environment_hook('lslidar_msgs', 'ld_library_path_lib')
[2.375s] INFO:colcon.colcon_core.shell:Creating environment hook '/home/deepak/electronic_ws/install/lslidar_msgs/share/lslidar_msgs/hook/ld_library_path_lib.ps1'
[2.376s] INFO:colcon.colcon_core.shell:Creating environment descriptor '/home/deepak/electronic_ws/install/lslidar_msgs/share/lslidar_msgs/hook/ld_library_path_lib.dsv'
[2.376s] INFO:colcon.colcon_core.shell:Creating environment hook '/home/deepak/electronic_ws/install/lslidar_msgs/share/lslidar_msgs/hook/ld_library_path_lib.sh'
[2.377s] Level 1:colcon.colcon_core.environment:checking '/home/deepak/electronic_ws/install/lslidar_msgs/bin'
[2.377s] Level 1:colcon.colcon_core.environment:checking '/home/deepak/electronic_ws/install/lslidar_msgs/lib/pkgconfig/lslidar_msgs.pc'
[2.377s] Level 1:colcon.colcon_core.environment:checking '/home/deepak/electronic_ws/install/lslidar_msgs/lib/python3.8/site-packages'
[2.377s] Level 1:colcon.colcon_core.shell:create_environment_hook('lslidar_msgs', 'pythonpath')
[2.378s] INFO:colcon.colcon_core.shell:Creating environment hook '/home/deepak/electronic_ws/install/lslidar_msgs/share/lslidar_msgs/hook/pythonpath.ps1'
[2.378s] INFO:colcon.colcon_core.shell:Creating environment descriptor '/home/deepak/electronic_ws/install/lslidar_msgs/share/lslidar_msgs/hook/pythonpath.dsv'
[2.379s] INFO:colcon.colcon_core.shell:Creating environment hook '/home/deepak/electronic_ws/install/lslidar_msgs/share/lslidar_msgs/hook/pythonpath.sh'
[2.380s] Level 1:colcon.colcon_core.environment:checking '/home/deepak/electronic_ws/install/lslidar_msgs/bin'
[2.380s] INFO:colcon.colcon_core.shell:Creating package script '/home/deepak/electronic_ws/install/lslidar_msgs/share/lslidar_msgs/package.ps1'
[2.381s] INFO:colcon.colcon_core.shell:Creating package descriptor '/home/deepak/electronic_ws/install/lslidar_msgs/share/lslidar_msgs/package.dsv'
[2.382s] INFO:colcon.colcon_core.shell:Creating package script '/home/deepak/electronic_ws/install/lslidar_msgs/share/lslidar_msgs/package.sh'
[2.382s] INFO:colcon.colcon_core.shell:Creating package script '/home/deepak/electronic_ws/install/lslidar_msgs/share/lslidar_msgs/package.bash'
[2.383s] INFO:colcon.colcon_core.shell:Creating package script '/home/deepak/electronic_ws/install/lslidar_msgs/share/lslidar_msgs/package.zsh'
[2.383s] Level 1:colcon.colcon_core.environment:create_file_with_runtime_dependencies(/home/deepak/electronic_ws/install/lslidar_msgs/share/colcon-core/packages/lslidar_msgs)
[2.384s] Level 1:colcon.colcon_core.environment:create_environment_scripts_only(lslidar_msgs)
[2.384s] Level 1:colcon.colcon_core.environment:checking '/home/deepak/electronic_ws/install/lslidar_msgs' for CMake module files
[2.385s] Level 1:colcon.colcon_core.environment:checking '/home/deepak/electronic_ws/install/lslidar_msgs' for CMake config files
[2.386s] Level 1:colcon.colcon_core.shell:create_environment_hook('lslidar_msgs', 'cmake_prefix_path')
[2.386s] INFO:colcon.colcon_core.shell:Creating environment hook '/home/deepak/electronic_ws/install/lslidar_msgs/share/lslidar_msgs/hook/cmake_prefix_path.ps1'
[2.386s] INFO:colcon.colcon_core.shell:Creating environment descriptor '/home/deepak/electronic_ws/install/lslidar_msgs/share/lslidar_msgs/hook/cmake_prefix_path.dsv'
[2.387s] INFO:colcon.colcon_core.shell:Creating environment hook '/home/deepak/electronic_ws/install/lslidar_msgs/share/lslidar_msgs/hook/cmake_prefix_path.sh'
[2.388s] Level 1:colcon.colcon_core.environment:checking '/home/deepak/electronic_ws/install/lslidar_msgs/lib'
[2.388s] Level 1:colcon.colcon_core.shell:create_environment_hook('lslidar_msgs', 'ld_library_path_lib')
[2.388s] INFO:colcon.colcon_core.shell:Creating environment hook '/home/deepak/electronic_ws/install/lslidar_msgs/share/lslidar_msgs/hook/ld_library_path_lib.ps1'
[2.389s] INFO:colcon.colcon_core.shell:Creating environment descriptor '/home/deepak/electronic_ws/install/lslidar_msgs/share/lslidar_msgs/hook/ld_library_path_lib.dsv'
[2.389s] INFO:colcon.colcon_core.shell:Creating environment hook '/home/deepak/electronic_ws/install/lslidar_msgs/share/lslidar_msgs/hook/ld_library_path_lib.sh'
[2.390s] Level 1:colcon.colcon_core.environment:checking '/home/deepak/electronic_ws/install/lslidar_msgs/bin'
[2.390s] Level 1:colcon.colcon_core.environment:checking '/home/deepak/electronic_ws/install/lslidar_msgs/lib/pkgconfig/lslidar_msgs.pc'
[2.390s] Level 1:colcon.colcon_core.environment:checking '/home/deepak/electronic_ws/install/lslidar_msgs/lib/python3.8/site-packages'
[2.390s] Level 1:colcon.colcon_core.shell:create_environment_hook('lslidar_msgs', 'pythonpath')
[2.390s] INFO:colcon.colcon_core.shell:Creating environment hook '/home/deepak/electronic_ws/install/lslidar_msgs/share/lslidar_msgs/hook/pythonpath.ps1'
[2.391s] INFO:colcon.colcon_core.shell:Creating environment descriptor '/home/deepak/electronic_ws/install/lslidar_msgs/share/lslidar_msgs/hook/pythonpath.dsv'
[2.391s] INFO:colcon.colcon_core.shell:Creating environment hook '/home/deepak/electronic_ws/install/lslidar_msgs/share/lslidar_msgs/hook/pythonpath.sh'
[2.392s] Level 1:colcon.colcon_core.environment:checking '/home/deepak/electronic_ws/install/lslidar_msgs/bin'
[2.393s] INFO:colcon.colcon_core.shell:Creating package script '/home/deepak/electronic_ws/install/lslidar_msgs/share/lslidar_msgs/package.ps1'
[2.394s] INFO:colcon.colcon_core.shell:Creating package descriptor '/home/deepak/electronic_ws/install/lslidar_msgs/share/lslidar_msgs/package.dsv'
[2.395s] INFO:colcon.colcon_core.shell:Creating package script '/home/deepak/electronic_ws/install/lslidar_msgs/share/lslidar_msgs/package.sh'
[2.395s] INFO:colcon.colcon_core.shell:Creating package script '/home/deepak/electronic_ws/install/lslidar_msgs/share/lslidar_msgs/package.bash'
[2.396s] INFO:colcon.colcon_core.shell:Creating package script '/home/deepak/electronic_ws/install/lslidar_msgs/share/lslidar_msgs/package.zsh'
[2.396s] Level 1:colcon.colcon_core.environment:create_file_with_runtime_dependencies(/home/deepak/electronic_ws/install/lslidar_msgs/share/colcon-core/packages/lslidar_msgs)
[2.397s] INFO:colcon.colcon_ros.task.ament_cmake.build:Building ROS package in '/home/deepak/electronic_ws/src/Lslidar_ROS2_driver-LS-S1_V1.0/lslidar_driver' with build type 'ament_cmake'
[2.397s] INFO:colcon.colcon_cmake.task.cmake.build:Building CMake package in '/home/deepak/electronic_ws/src/Lslidar_ROS2_driver-LS-S1_V1.0/lslidar_driver'
[2.398s] INFO:colcon.colcon_core.shell:Skip shell extension 'powershell' for command environment: Not usable outside of PowerShell
[2.398s] DEBUG:colcon.colcon_core.shell:Skip shell extension 'dsv' for command environment
[2.417s] DEBUG:colcon.colcon_core.event_handler.log_command:Invoking command in '/home/deepak/electronic_ws/build/lslidar_driver': AMENT_PREFIX_PATH=/home/deepak/electronic_ws/install/lslidar_msgs:${AMENT_PREFIX_PATH} CMAKE_PREFIX_PATH=/home/deepak/electronic_ws/install/lslidar_msgs:/opt/ros/foxy LD_LIBRARY_PATH=/home/deepak/electronic_ws/install/lslidar_msgs/lib:${LD_LIBRARY_PATH} PYTHONPATH=/home/deepak/electronic_ws/install/lslidar_msgs/lib/python3.8/site-packages:${PYTHONPATH} /usr/bin/cmake /home/deepak/electronic_ws/src/Lslidar_ROS2_driver-LS-S1_V1.0/lslidar_driver -DCMAKE_INSTALL_PREFIX=/home/deepak/electronic_ws/install/lslidar_driver
[2.420s] Level 1:colcon.colcon_core.environment:checking '/home/deepak/electronic_ws/install/rtabmap_python' for CMake module files
[2.421s] DEBUG:colcon.colcon_core.event_handler.log_command:Invoked command in '/home/deepak/electronic_ws/src/rtabmap_ros/rtabmap_python' returned '0': PYTHONPATH=/home/deepak/electronic_ws/build/rtabmap_python/prefix_override:/usr/lib/python3/dist-packages/colcon_core/task/python/colcon_distutils_commands:/home/deepak/electronic_ws/install/rtabmap_python/lib/python3.8/site-packages:${PYTHONPATH} /usr/bin/python3 -W ignore:setup.py install is deprecated -W ignore:easy_install command is deprecated setup.py egg_info --egg-base ../../../build/rtabmap_python build --build-base /home/deepak/electronic_ws/build/rtabmap_python/build install --record /home/deepak/electronic_ws/build/rtabmap_python/install.log --single-version-externally-managed install_data --force
[2.422s] Level 1:colcon.colcon_core.environment:checking '/home/deepak/electronic_ws/install/rtabmap_python' for CMake config files
[2.423s] Level 1:colcon.colcon_core.environment:checking '/home/deepak/electronic_ws/install/rtabmap_python/lib'
[2.423s] Level 1:colcon.colcon_core.environment:checking '/home/deepak/electronic_ws/install/rtabmap_python/bin'
[2.423s] Level 1:colcon.colcon_core.environment:checking '/home/deepak/electronic_ws/install/rtabmap_python/lib/pkgconfig/rtabmap_python.pc'
[2.424s] Level 1:colcon.colcon_core.environment:checking '/home/deepak/electronic_ws/install/rtabmap_python/lib/python3.8/site-packages'
[2.424s] Level 1:colcon.colcon_core.shell:create_environment_hook('rtabmap_python', 'pythonpath')
[2.424s] INFO:colcon.colcon_core.shell:Creating environment hook '/home/deepak/electronic_ws/install/rtabmap_python/share/rtabmap_python/hook/pythonpath.ps1'
[2.425s] INFO:colcon.colcon_core.shell:Creating environment descriptor '/home/deepak/electronic_ws/install/rtabmap_python/share/rtabmap_python/hook/pythonpath.dsv'
[2.425s] INFO:colcon.colcon_core.shell:Creating environment hook '/home/deepak/electronic_ws/install/rtabmap_python/share/rtabmap_python/hook/pythonpath.sh'
[2.426s] Level 1:colcon.colcon_core.environment:checking '/home/deepak/electronic_ws/install/rtabmap_python/bin'
[2.426s] Level 1:colcon.colcon_core.environment:create_environment_scripts_only(rtabmap_python)
[2.427s] INFO:colcon.colcon_core.shell:Creating package script '/home/deepak/electronic_ws/install/rtabmap_python/share/rtabmap_python/package.ps1'
[2.427s] INFO:colcon.colcon_core.shell:Creating package descriptor '/home/deepak/electronic_ws/install/rtabmap_python/share/rtabmap_python/package.dsv'
[2.428s] INFO:colcon.colcon_core.shell:Creating package script '/home/deepak/electronic_ws/install/rtabmap_python/share/rtabmap_python/package.sh'
[2.428s] INFO:colcon.colcon_core.shell:Creating package script '/home/deepak/electronic_ws/install/rtabmap_python/share/rtabmap_python/package.bash'
[2.428s] INFO:colcon.colcon_core.shell:Creating package script '/home/deepak/electronic_ws/install/rtabmap_python/share/rtabmap_python/package.zsh'
[2.429s] Level 1:colcon.colcon_core.environment:create_file_with_runtime_dependencies(/home/deepak/electronic_ws/install/rtabmap_python/share/colcon-core/packages/rtabmap_python)
[2.590s] DEBUG:colcon.colcon_core.event_handler.log_command:Invoked command in '/home/deepak/electronic_ws/build/astra_camera_msgs' returned '0': CMAKE_PREFIX_PATH=/opt/ros/foxy /usr/bin/cmake /home/deepak/electronic_ws/src/ros2_astra_camera/astra_camera_msgs -DCMAKE_INSTALL_PREFIX=/home/deepak/electronic_ws/install/astra_camera_msgs
[2.593s] DEBUG:colcon.colcon_core.event_handler.log_command:Invoking command in '/home/deepak/electronic_ws/build/astra_camera_msgs': CMAKE_PREFIX_PATH=/opt/ros/foxy /usr/bin/cmake --build /home/deepak/electronic_ws/build/astra_camera_msgs -- -j8 -l8
[2.854s] DEBUG:colcon.colcon_core.event_handler.log_command:Invoked command in '/home/deepak/electronic_ws/build/astra_camera_msgs' returned '0': CMAKE_PREFIX_PATH=/opt/ros/foxy /usr/bin/cmake --build /home/deepak/electronic_ws/build/astra_camera_msgs -- -j8 -l8
[2.857s] DEBUG:colcon.colcon_core.event_handler.log_command:Invoking command in '/home/deepak/electronic_ws/build/astra_camera_msgs': CMAKE_PREFIX_PATH=/opt/ros/foxy /usr/bin/cmake --install /home/deepak/electronic_ws/build/astra_camera_msgs
[2.944s] DEBUG:colcon.colcon_core.event_handler.log_command:Invoked command in '/home/deepak/electronic_ws/build/rtabmap_msgs' returned '0': /usr/bin/cmake /home/deepak/electronic_ws/src/rtabmap_ros/rtabmap_msgs -DCATKIN_INSTALL_INTO_PREFIX_ROOT=0 -DCMAKE_INSTALL_PREFIX=/home/deepak/electronic_ws/install/rtabmap_msgs
[2.947s] DEBUG:colcon.colcon_core.event_handler.log_command:Invoking command in '/home/deepak/electronic_ws/build/rtabmap_msgs': /usr/bin/cmake --build /home/deepak/electronic_ws/build/rtabmap_msgs -- -j8 -l8
[2.988s] Level 1:colcon.colcon_core.environment:create_environment_scripts_only(astra_camera_msgs)
[2.989s] DEBUG:colcon.colcon_core.event_handler.log_command:Invoked command in '/home/deepak/electronic_ws/build/astra_camera_msgs' returned '0': CMAKE_PREFIX_PATH=/opt/ros/foxy /usr/bin/cmake --install /home/deepak/electronic_ws/build/astra_camera_msgs
[2.989s] Level 1:colcon.colcon_core.environment:checking '/home/deepak/electronic_ws/install/astra_camera_msgs' for CMake module files
[2.990s] Level 1:colcon.colcon_core.environment:checking '/home/deepak/electronic_ws/install/astra_camera_msgs' for CMake config files
[2.990s] Level 1:colcon.colcon_core.shell:create_environment_hook('astra_camera_msgs', 'cmake_prefix_path')
[2.990s] INFO:colcon.colcon_core.shell:Creating environment hook '/home/deepak/electronic_ws/install/astra_camera_msgs/share/astra_camera_msgs/hook/cmake_prefix_path.ps1'
[2.991s] INFO:colcon.colcon_core.shell:Creating environment descriptor '/home/deepak/electronic_ws/install/astra_camera_msgs/share/astra_camera_msgs/hook/cmake_prefix_path.dsv'
[2.991s] INFO:colcon.colcon_core.shell:Creating environment hook '/home/deepak/electronic_ws/install/astra_camera_msgs/share/astra_camera_msgs/hook/cmake_prefix_path.sh'
[2.992s] Level 1:colcon.colcon_core.environment:checking '/home/deepak/electronic_ws/install/astra_camera_msgs/lib'
[2.992s] Level 1:colcon.colcon_core.shell:create_environment_hook('astra_camera_msgs', 'ld_library_path_lib')
[2.992s] INFO:colcon.colcon_core.shell:Creating environment hook '/home/deepak/electronic_ws/install/astra_camera_msgs/share/astra_camera_msgs/hook/ld_library_path_lib.ps1'
[2.993s] INFO:colcon.colcon_core.shell:Creating environment descriptor '/home/deepak/electronic_ws/install/astra_camera_msgs/share/astra_camera_msgs/hook/ld_library_path_lib.dsv'
[2.993s] INFO:colcon.colcon_core.shell:Creating environment hook '/home/deepak/electronic_ws/install/astra_camera_msgs/share/astra_camera_msgs/hook/ld_library_path_lib.sh'
[2.993s] Level 1:colcon.colcon_core.environment:checking '/home/deepak/electronic_ws/install/astra_camera_msgs/bin'
[2.993s] Level 1:colcon.colcon_core.environment:checking '/home/deepak/electronic_ws/install/astra_camera_msgs/lib/pkgconfig/astra_camera_msgs.pc'
[2.993s] Level 1:colcon.colcon_core.environment:checking '/home/deepak/electronic_ws/install/astra_camera_msgs/lib/python3.8/site-packages'
[2.993s] Level 1:colcon.colcon_core.shell:create_environment_hook('astra_camera_msgs', 'pythonpath')
[2.994s] INFO:colcon.colcon_core.shell:Creating environment hook '/home/deepak/electronic_ws/install/astra_camera_msgs/share/astra_camera_msgs/hook/pythonpath.ps1'
[2.994s] INFO:colcon.colcon_core.shell:Creating environment descriptor '/home/deepak/electronic_ws/install/astra_camera_msgs/share/astra_camera_msgs/hook/pythonpath.dsv'
[2.994s] INFO:colcon.colcon_core.shell:Creating environment hook '/home/deepak/electronic_ws/install/astra_camera_msgs/share/astra_camera_msgs/hook/pythonpath.sh'
[2.995s] Level 1:colcon.colcon_core.environment:checking '/home/deepak/electronic_ws/install/astra_camera_msgs/bin'
[2.995s] INFO:colcon.colcon_core.shell:Creating package script '/home/deepak/electronic_ws/install/astra_camera_msgs/share/astra_camera_msgs/package.ps1'
[2.996s] INFO:colcon.colcon_core.shell:Creating package descriptor '/home/deepak/electronic_ws/install/astra_camera_msgs/share/astra_camera_msgs/package.dsv'
[2.996s] INFO:colcon.colcon_core.shell:Creating package script '/home/deepak/electronic_ws/install/astra_camera_msgs/share/astra_camera_msgs/package.sh'
[2.996s] INFO:colcon.colcon_core.shell:Creating package script '/home/deepak/electronic_ws/install/astra_camera_msgs/share/astra_camera_msgs/package.bash'
[2.997s] INFO:colcon.colcon_core.shell:Creating package script '/home/deepak/electronic_ws/install/astra_camera_msgs/share/astra_camera_msgs/package.zsh'
[2.997s] Level 1:colcon.colcon_core.environment:create_file_with_runtime_dependencies(/home/deepak/electronic_ws/install/astra_camera_msgs/share/colcon-core/packages/astra_camera_msgs)
[2.997s] Level 1:colcon.colcon_core.environment:create_environment_scripts_only(astra_camera_msgs)
[2.998s] Level 1:colcon.colcon_core.environment:checking '/home/deepak/electronic_ws/install/astra_camera_msgs' for CMake module files
[2.998s] Level 1:colcon.colcon_core.environment:checking '/home/deepak/electronic_ws/install/astra_camera_msgs' for CMake config files
[2.998s] Level 1:colcon.colcon_core.shell:create_environment_hook('astra_camera_msgs', 'cmake_prefix_path')
[2.999s] INFO:colcon.colcon_core.shell:Creating environment hook '/home/deepak/electronic_ws/install/astra_camera_msgs/share/astra_camera_msgs/hook/cmake_prefix_path.ps1'
[2.999s] INFO:colcon.colcon_core.shell:Creating environment descriptor '/home/deepak/electronic_ws/install/astra_camera_msgs/share/astra_camera_msgs/hook/cmake_prefix_path.dsv'
[2.999s] INFO:colcon.colcon_core.shell:Creating environment hook '/home/deepak/electronic_ws/install/astra_camera_msgs/share/astra_camera_msgs/hook/cmake_prefix_path.sh'
[3.000s] Level 1:colcon.colcon_core.environment:checking '/home/deepak/electronic_ws/install/astra_camera_msgs/lib'
[3.000s] Level 1:colcon.colcon_core.shell:create_environment_hook('astra_camera_msgs', 'ld_library_path_lib')
[3.000s] INFO:colcon.colcon_core.shell:Creating environment hook '/home/deepak/electronic_ws/install/astra_camera_msgs/share/astra_camera_msgs/hook/ld_library_path_lib.ps1'
[3.000s] INFO:colcon.colcon_core.shell:Creating environment descriptor '/home/deepak/electronic_ws/install/astra_camera_msgs/share/astra_camera_msgs/hook/ld_library_path_lib.dsv'
[3.001s] INFO:colcon.colcon_core.shell:Creating environment hook '/home/deepak/electronic_ws/install/astra_camera_msgs/share/astra_camera_msgs/hook/ld_library_path_lib.sh'
[3.001s] Level 1:colcon.colcon_core.environment:checking '/home/deepak/electronic_ws/install/astra_camera_msgs/bin'
[3.001s] Level 1:colcon.colcon_core.environment:checking '/home/deepak/electronic_ws/install/astra_camera_msgs/lib/pkgconfig/astra_camera_msgs.pc'
[3.001s] Level 1:colcon.colcon_core.environment:checking '/home/deepak/electronic_ws/install/astra_camera_msgs/lib/python3.8/site-packages'
[3.001s] Level 1:colcon.colcon_core.shell:create_environment_hook('astra_camera_msgs', 'pythonpath')
[3.001s] INFO:colcon.colcon_core.shell:Creating environment hook '/home/deepak/electronic_ws/install/astra_camera_msgs/share/astra_camera_msgs/hook/pythonpath.ps1'
[3.002s] INFO:colcon.colcon_core.shell:Creating environment descriptor '/home/deepak/electronic_ws/install/astra_camera_msgs/share/astra_camera_msgs/hook/pythonpath.dsv'
[3.002s] INFO:colcon.colcon_core.shell:Creating environment hook '/home/deepak/electronic_ws/install/astra_camera_msgs/share/astra_camera_msgs/hook/pythonpath.sh'
[3.003s] Level 1:colcon.colcon_core.environment:checking '/home/deepak/electronic_ws/install/astra_camera_msgs/bin'
[3.003s] INFO:colcon.colcon_core.shell:Creating package script '/home/deepak/electronic_ws/install/astra_camera_msgs/share/astra_camera_msgs/package.ps1'
[3.003s] INFO:colcon.colcon_core.shell:Creating package descriptor '/home/deepak/electronic_ws/install/astra_camera_msgs/share/astra_camera_msgs/package.dsv'
[3.004s] INFO:colcon.colcon_core.shell:Creating package script '/home/deepak/electronic_ws/install/astra_camera_msgs/share/astra_camera_msgs/package.sh'
[3.004s] INFO:colcon.colcon_core.shell:Creating package script '/home/deepak/electronic_ws/install/astra_camera_msgs/share/astra_camera_msgs/package.bash'
[3.005s] INFO:colcon.colcon_core.shell:Creating package script '/home/deepak/electronic_ws/install/astra_camera_msgs/share/astra_camera_msgs/package.zsh'
[3.005s] Level 1:colcon.colcon_core.environment:create_file_with_runtime_dependencies(/home/deepak/electronic_ws/install/astra_camera_msgs/share/colcon-core/packages/astra_camera_msgs)
[3.005s] INFO:colcon.colcon_ros.task.ament_cmake.build:Building ROS package in '/home/deepak/electronic_ws/src/ros2_astra_camera/astra_camera' with build type 'ament_cmake'
[3.005s] INFO:colcon.colcon_cmake.task.cmake.build:Building CMake package in '/home/deepak/electronic_ws/src/ros2_astra_camera/astra_camera'
[3.006s] INFO:colcon.colcon_core.shell:Skip shell extension 'powershell' for command environment: Not usable outside of PowerShell
[3.006s] DEBUG:colcon.colcon_core.shell:Skip shell extension 'dsv' for command environment
[3.020s] DEBUG:colcon.colcon_core.event_handler.log_command:Invoking command in '/home/deepak/electronic_ws/build/astra_camera': AMENT_PREFIX_PATH=/home/deepak/electronic_ws/install/astra_camera_msgs:${AMENT_PREFIX_PATH} CMAKE_PREFIX_PATH=/home/deepak/electronic_ws/install/astra_camera_msgs:/opt/ros/foxy LD_LIBRARY_PATH=/home/deepak/electronic_ws/install/astra_camera_msgs/lib:${LD_LIBRARY_PATH} PYTHONPATH=/home/deepak/electronic_ws/install/astra_camera_msgs/lib/python3.8/site-packages:${PYTHONPATH} /usr/bin/cmake /home/deepak/electronic_ws/src/ros2_astra_camera/astra_camera -DCMAKE_INSTALL_PREFIX=/home/deepak/electronic_ws/install/astra_camera
[3.274s] DEBUG:colcon.colcon_core.event_handler.log_command:Invoked command in '/home/deepak/electronic_ws/build/rtabmap_msgs' returned '0': /usr/bin/cmake --build /home/deepak/electronic_ws/build/rtabmap_msgs -- -j8 -l8
[3.277s] DEBUG:colcon.colcon_core.event_handler.log_command:Invoking command in '/home/deepak/electronic_ws/build/rtabmap_msgs': /usr/bin/cmake --install /home/deepak/electronic_ws/build/rtabmap_msgs
[3.390s] DEBUG:colcon.colcon_core.event_handler.log_command:Invoked command in '/home/deepak/electronic_ws/build/rtabmap_msgs' returned '0': /usr/bin/cmake --install /home/deepak/electronic_ws/build/rtabmap_msgs
[3.391s] Level 1:colcon.colcon_core.shell:create_environment_hook('rtabmap_msgs', 'ros_package_path')
[3.392s] INFO:colcon.colcon_core.shell:Creating environment hook '/home/deepak/electronic_ws/install/rtabmap_msgs/share/rtabmap_msgs/hook/ros_package_path.ps1'
[3.392s] INFO:colcon.colcon_core.shell:Creating environment descriptor '/home/deepak/electronic_ws/install/rtabmap_msgs/share/rtabmap_msgs/hook/ros_package_path.dsv'
[3.393s] INFO:colcon.colcon_core.shell:Creating environment hook '/home/deepak/electronic_ws/install/rtabmap_msgs/share/rtabmap_msgs/hook/ros_package_path.sh'
[3.394s] Level 1:colcon.colcon_ros.task.catkin:checking '/home/deepak/electronic_ws/install/rtabmap_msgs/lib/python3.8/site-packages'
[3.395s] Level 1:colcon.colcon_core.shell:create_environment_hook('rtabmap_msgs', 'catkin_pythonpath')
[3.396s] INFO:colcon.colcon_core.shell:Creating environment hook '/home/deepak/electronic_ws/install/rtabmap_msgs/share/rtabmap_msgs/hook/catkin_pythonpath.ps1'
[3.399s] INFO:colcon.colcon_core.shell:Creating environment descriptor '/home/deepak/electronic_ws/install/rtabmap_msgs/share/rtabmap_msgs/hook/catkin_pythonpath.dsv'
[3.399s] INFO:colcon.colcon_core.shell:Creating environment hook '/home/deepak/electronic_ws/install/rtabmap_msgs/share/rtabmap_msgs/hook/catkin_pythonpath.sh'
[3.400s] Level 1:colcon.colcon_core.shell:create_environment_hook('rtabmap_msgs', 'pkg_config_path')
[3.400s] INFO:colcon.colcon_core.shell:Creating environment hook '/home/deepak/electronic_ws/install/rtabmap_msgs/share/rtabmap_msgs/hook/pkg_config_path.ps1'
[3.401s] INFO:colcon.colcon_core.shell:Creating environment descriptor '/home/deepak/electronic_ws/install/rtabmap_msgs/share/rtabmap_msgs/hook/pkg_config_path.dsv'
[3.402s] INFO:colcon.colcon_core.shell:Creating environment hook '/home/deepak/electronic_ws/install/rtabmap_msgs/share/rtabmap_msgs/hook/pkg_config_path.sh'
[3.402s] Level 1:colcon.colcon_core.shell:create_environment_hook('rtabmap_msgs', 'pkg_config_path_multiarch')
[3.403s] INFO:colcon.colcon_core.shell:Creating environment hook '/home/deepak/electronic_ws/install/rtabmap_msgs/share/rtabmap_msgs/hook/pkg_config_path_multiarch.ps1'
[3.403s] INFO:colcon.colcon_core.shell:Creating environment descriptor '/home/deepak/electronic_ws/install/rtabmap_msgs/share/rtabmap_msgs/hook/pkg_config_path_multiarch.dsv'
[3.404s] INFO:colcon.colcon_core.shell:Creating environment hook '/home/deepak/electronic_ws/install/rtabmap_msgs/share/rtabmap_msgs/hook/pkg_config_path_multiarch.sh'
[3.406s] Level 1:colcon.colcon_core.environment:create_environment_scripts_only(rtabmap_msgs)
[3.406s] Level 1:colcon.colcon_core.environment:checking '/home/deepak/electronic_ws/install/rtabmap_msgs' for CMake module files
[3.407s] Level 1:colcon.colcon_core.environment:checking '/home/deepak/electronic_ws/install/rtabmap_msgs' for CMake config files
[3.408s] Level 1:colcon.colcon_core.shell:create_environment_hook('rtabmap_msgs', 'cmake_prefix_path')
[3.408s] INFO:colcon.colcon_core.shell:Creating environment hook '/home/deepak/electronic_ws/install/rtabmap_msgs/share/rtabmap_msgs/hook/cmake_prefix_path.ps1'
[3.409s] INFO:colcon.colcon_core.shell:Creating environment descriptor '/home/deepak/electronic_ws/install/rtabmap_msgs/share/rtabmap_msgs/hook/cmake_prefix_path.dsv'
[3.409s] INFO:colcon.colcon_core.shell:Creating environment hook '/home/deepak/electronic_ws/install/rtabmap_msgs/share/rtabmap_msgs/hook/cmake_prefix_path.sh'
[3.410s] Level 1:colcon.colcon_core.environment:checking '/home/deepak/electronic_ws/install/rtabmap_msgs/lib'
[3.410s] Level 1:colcon.colcon_core.shell:create_environment_hook('rtabmap_msgs', 'ld_library_path_lib')
[3.410s] INFO:colcon.colcon_core.shell:Creating environment hook '/home/deepak/electronic_ws/install/rtabmap_msgs/share/rtabmap_msgs/hook/ld_library_path_lib.ps1'
[3.411s] INFO:colcon.colcon_core.shell:Creating environment descriptor '/home/deepak/electronic_ws/install/rtabmap_msgs/share/rtabmap_msgs/hook/ld_library_path_lib.dsv'
[3.411s] INFO:colcon.colcon_core.shell:Creating environment hook '/home/deepak/electronic_ws/install/rtabmap_msgs/share/rtabmap_msgs/hook/ld_library_path_lib.sh'
[3.412s] Level 1:colcon.colcon_core.environment:checking '/home/deepak/electronic_ws/install/rtabmap_msgs/bin'
[3.412s] Level 1:colcon.colcon_core.environment:checking '/home/deepak/electronic_ws/install/rtabmap_msgs/lib/pkgconfig/rtabmap_msgs.pc'
[3.412s] Level 1:colcon.colcon_core.environment:checking '/home/deepak/electronic_ws/install/rtabmap_msgs/lib/python3.8/site-packages'
[3.413s] Level 1:colcon.colcon_core.shell:create_environment_hook('rtabmap_msgs', 'pythonpath')
[3.413s] INFO:colcon.colcon_core.shell:Creating environment hook '/home/deepak/electronic_ws/install/rtabmap_msgs/share/rtabmap_msgs/hook/pythonpath.ps1'
[3.413s] INFO:colcon.colcon_core.shell:Creating environment descriptor '/home/deepak/electronic_ws/install/rtabmap_msgs/share/rtabmap_msgs/hook/pythonpath.dsv'
[3.414s] INFO:colcon.colcon_core.shell:Creating environment hook '/home/deepak/electronic_ws/install/rtabmap_msgs/share/rtabmap_msgs/hook/pythonpath.sh'
[3.415s] Level 1:colcon.colcon_core.environment:checking '/home/deepak/electronic_ws/install/rtabmap_msgs/bin'
[3.415s] INFO:colcon.colcon_core.shell:Creating package script '/home/deepak/electronic_ws/install/rtabmap_msgs/share/rtabmap_msgs/package.ps1'
[3.416s] INFO:colcon.colcon_core.shell:Creating package descriptor '/home/deepak/electronic_ws/install/rtabmap_msgs/share/rtabmap_msgs/package.dsv'
[3.417s] INFO:colcon.colcon_core.shell:Creating package script '/home/deepak/electronic_ws/install/rtabmap_msgs/share/rtabmap_msgs/package.sh'
[3.418s] INFO:colcon.colcon_core.shell:Creating package script '/home/deepak/electronic_ws/install/rtabmap_msgs/share/rtabmap_msgs/package.bash'
[3.419s] INFO:colcon.colcon_core.shell:Creating package script '/home/deepak/electronic_ws/install/rtabmap_msgs/share/rtabmap_msgs/package.zsh'
[3.419s] Level 1:colcon.colcon_core.environment:create_file_with_runtime_dependencies(/home/deepak/electronic_ws/install/rtabmap_msgs/share/colcon-core/packages/rtabmap_msgs)
[3.420s] INFO:colcon.colcon_ros.task.ament_cmake.build:Building ROS package in '/home/deepak/electronic_ws/src/rtabmap_ros/rtabmap_conversions' with build type 'ament_cmake'
[3.420s] INFO:colcon.colcon_cmake.task.cmake.build:Building CMake package in '/home/deepak/electronic_ws/src/rtabmap_ros/rtabmap_conversions'
[3.420s] INFO:colcon.colcon_core.shell:Skip shell extension 'powershell' for command environment: Not usable outside of PowerShell
[3.420s] DEBUG:colcon.colcon_core.shell:Skip shell extension 'dsv' for command environment
[3.438s] DEBUG:colcon.colcon_core.event_handler.log_command:Invoking command in '/home/deepak/electronic_ws/build/rtabmap_conversions': CMAKE_PREFIX_PATH=/opt/ros/foxy:/home/deepak/electronic_ws/install/rtabmap_msgs:/home/deepak/electronic_ws/install/rtabmap LD_LIBRARY_PATH=/home/deepak/electronic_ws/install/rtabmap_msgs/lib:/home/deepak/electronic_ws/install/rtabmap/lib:${LD_LIBRARY_PATH} PATH=/home/deepak/electronic_ws/install/rtabmap/bin:${PATH} PKG_CONFIG_PATH=/home/deepak/electronic_ws/install/rtabmap_msgs/lib/x86_64-linux-gnu/pkgconfig:/home/deepak/electronic_ws/install/rtabmap_msgs/lib/pkgconfig:/home/deepak/electronic_ws/install/rtabmap/lib/x86_64-linux-gnu/pkgconfig:/home/deepak/electronic_ws/install/rtabmap/lib/pkgconfig PYTHONPATH=/home/deepak/electronic_ws/install/rtabmap_msgs/lib/python3.8/site-packages:${PYTHONPATH} ROS_PACKAGE_PATH=/home/deepak/electronic_ws/install/rtabmap_msgs/share /usr/bin/cmake /home/deepak/electronic_ws/src/rtabmap_ros/rtabmap_conversions -DCMAKE_INSTALL_PREFIX=/home/deepak/electronic_ws/install/rtabmap_conversions
[4.003s] DEBUG:colcon.colcon_core.event_handler.log_command:Invoked command in '/home/deepak/electronic_ws/build/lslidar_driver' returned '0': AMENT_PREFIX_PATH=/home/deepak/electronic_ws/install/lslidar_msgs:${AMENT_PREFIX_PATH} CMAKE_PREFIX_PATH=/home/deepak/electronic_ws/install/lslidar_msgs:/opt/ros/foxy LD_LIBRARY_PATH=/home/deepak/electronic_ws/install/lslidar_msgs/lib:${LD_LIBRARY_PATH} PYTHONPATH=/home/deepak/electronic_ws/install/lslidar_msgs/lib/python3.8/site-packages:${PYTHONPATH} /usr/bin/cmake /home/deepak/electronic_ws/src/Lslidar_ROS2_driver-LS-S1_V1.0/lslidar_driver -DCMAKE_INSTALL_PREFIX=/home/deepak/electronic_ws/install/lslidar_driver
[4.006s] DEBUG:colcon.colcon_core.event_handler.log_command:Invoking command in '/home/deepak/electronic_ws/build/lslidar_driver': AMENT_PREFIX_PATH=/home/deepak/electronic_ws/install/lslidar_msgs:${AMENT_PREFIX_PATH} CMAKE_PREFIX_PATH=/home/deepak/electronic_ws/install/lslidar_msgs:/opt/ros/foxy LD_LIBRARY_PATH=/home/deepak/electronic_ws/install/lslidar_msgs/lib:${LD_LIBRARY_PATH} PYTHONPATH=/home/deepak/electronic_ws/install/lslidar_msgs/lib/python3.8/site-packages:${PYTHONPATH} /usr/bin/cmake --build /home/deepak/electronic_ws/build/lslidar_driver -- -j8 -l8
[4.148s] DEBUG:colcon.colcon_core.event_handler.log_command:Invoked command in '/home/deepak/electronic_ws/build/lslidar_driver' returned '0': AMENT_PREFIX_PATH=/home/deepak/electronic_ws/install/lslidar_msgs:${AMENT_PREFIX_PATH} CMAKE_PREFIX_PATH=/home/deepak/electronic_ws/install/lslidar_msgs:/opt/ros/foxy LD_LIBRARY_PATH=/home/deepak/electronic_ws/install/lslidar_msgs/lib:${LD_LIBRARY_PATH} PYTHONPATH=/home/deepak/electronic_ws/install/lslidar_msgs/lib/python3.8/site-packages:${PYTHONPATH} /usr/bin/cmake --build /home/deepak/electronic_ws/build/lslidar_driver -- -j8 -l8
[4.152s] DEBUG:colcon.colcon_core.event_handler.log_command:Invoking command in '/home/deepak/electronic_ws/build/lslidar_driver': AMENT_PREFIX_PATH=/home/deepak/electronic_ws/install/lslidar_msgs:${AMENT_PREFIX_PATH} CMAKE_PREFIX_PATH=/home/deepak/electronic_ws/install/lslidar_msgs:/opt/ros/foxy LD_LIBRARY_PATH=/home/deepak/electronic_ws/install/lslidar_msgs/lib:${LD_LIBRARY_PATH} PYTHONPATH=/home/deepak/electronic_ws/install/lslidar_msgs/lib/python3.8/site-packages:${PYTHONPATH} /usr/bin/cmake --install /home/deepak/electronic_ws/build/lslidar_driver
[4.192s] Level 1:colcon.colcon_core.environment:create_environment_scripts_only(lslidar_driver)
[4.192s] Level 1:colcon.colcon_core.environment:checking '/home/deepak/electronic_ws/install/lslidar_driver' for CMake module files
[4.193s] DEBUG:colcon.colcon_core.event_handler.log_command:Invoked command in '/home/deepak/electronic_ws/build/lslidar_driver' returned '0': AMENT_PREFIX_PATH=/home/deepak/electronic_ws/install/lslidar_msgs:${AMENT_PREFIX_PATH} CMAKE_PREFIX_PATH=/home/deepak/electronic_ws/install/lslidar_msgs:/opt/ros/foxy LD_LIBRARY_PATH=/home/deepak/electronic_ws/install/lslidar_msgs/lib:${LD_LIBRARY_PATH} PYTHONPATH=/home/deepak/electronic_ws/install/lslidar_msgs/lib/python3.8/site-packages:${PYTHONPATH} /usr/bin/cmake --install /home/deepak/electronic_ws/build/lslidar_driver
[4.193s] Level 1:colcon.colcon_core.environment:checking '/home/deepak/electronic_ws/install/lslidar_driver' for CMake config files
[4.194s] Level 1:colcon.colcon_core.shell:create_environment_hook('lslidar_driver', 'cmake_prefix_path')
[4.194s] INFO:colcon.colcon_core.shell:Creating environment hook '/home/deepak/electronic_ws/install/lslidar_driver/share/lslidar_driver/hook/cmake_prefix_path.ps1'
[4.195s] INFO:colcon.colcon_core.shell:Creating environment descriptor '/home/deepak/electronic_ws/install/lslidar_driver/share/lslidar_driver/hook/cmake_prefix_path.dsv'
[4.195s] INFO:colcon.colcon_core.shell:Creating environment hook '/home/deepak/electronic_ws/install/lslidar_driver/share/lslidar_driver/hook/cmake_prefix_path.sh'
[4.196s] Level 1:colcon.colcon_core.environment:checking '/home/deepak/electronic_ws/install/lslidar_driver/lib'
[4.196s] Level 1:colcon.colcon_core.environment:checking '/home/deepak/electronic_ws/install/lslidar_driver/bin'
[4.196s] Level 1:colcon.colcon_core.environment:checking '/home/deepak/electronic_ws/install/lslidar_driver/lib/pkgconfig/lslidar_driver.pc'
[4.196s] Level 1:colcon.colcon_core.environment:checking '/home/deepak/electronic_ws/install/lslidar_driver/lib/python3.8/site-packages'
[4.196s] Level 1:colcon.colcon_core.environment:checking '/home/deepak/electronic_ws/install/lslidar_driver/bin'
[4.197s] INFO:colcon.colcon_core.shell:Creating package script '/home/deepak/electronic_ws/install/lslidar_driver/share/lslidar_driver/package.ps1'
[4.197s] INFO:colcon.colcon_core.shell:Creating package descriptor '/home/deepak/electronic_ws/install/lslidar_driver/share/lslidar_driver/package.dsv'
[4.197s] INFO:colcon.colcon_core.shell:Creating package script '/home/deepak/electronic_ws/install/lslidar_driver/share/lslidar_driver/package.sh'
[4.198s] INFO:colcon.colcon_core.shell:Creating package script '/home/deepak/electronic_ws/install/lslidar_driver/share/lslidar_driver/package.bash'
[4.198s] INFO:colcon.colcon_core.shell:Creating package script '/home/deepak/electronic_ws/install/lslidar_driver/share/lslidar_driver/package.zsh'
[4.198s] Level 1:colcon.colcon_core.environment:create_file_with_runtime_dependencies(/home/deepak/electronic_ws/install/lslidar_driver/share/colcon-core/packages/lslidar_driver)
[4.199s] Level 1:colcon.colcon_core.environment:create_environment_scripts_only(lslidar_driver)
[4.199s] Level 1:colcon.colcon_core.environment:checking '/home/deepak/electronic_ws/install/lslidar_driver' for CMake module files
[4.199s] Level 1:colcon.colcon_core.environment:checking '/home/deepak/electronic_ws/install/lslidar_driver' for CMake config files
[4.200s] Level 1:colcon.colcon_core.shell:create_environment_hook('lslidar_driver', 'cmake_prefix_path')
[4.200s] INFO:colcon.colcon_core.shell:Creating environment hook '/home/deepak/electronic_ws/install/lslidar_driver/share/lslidar_driver/hook/cmake_prefix_path.ps1'
[4.200s] INFO:colcon.colcon_core.shell:Creating environment descriptor '/home/deepak/electronic_ws/install/lslidar_driver/share/lslidar_driver/hook/cmake_prefix_path.dsv'
[4.201s] INFO:colcon.colcon_core.shell:Creating environment hook '/home/deepak/electronic_ws/install/lslidar_driver/share/lslidar_driver/hook/cmake_prefix_path.sh'
[4.201s] Level 1:colcon.colcon_core.environment:checking '/home/deepak/electronic_ws/install/lslidar_driver/lib'
[4.201s] Level 1:colcon.colcon_core.environment:checking '/home/deepak/electronic_ws/install/lslidar_driver/bin'
[4.201s] Level 1:colcon.colcon_core.environment:checking '/home/deepak/electronic_ws/install/lslidar_driver/lib/pkgconfig/lslidar_driver.pc'
[4.201s] Level 1:colcon.colcon_core.environment:checking '/home/deepak/electronic_ws/install/lslidar_driver/lib/python3.8/site-packages'
[4.202s] Level 1:colcon.colcon_core.environment:checking '/home/deepak/electronic_ws/install/lslidar_driver/bin'
[4.202s] INFO:colcon.colcon_core.shell:Creating package script '/home/deepak/electronic_ws/install/lslidar_driver/share/lslidar_driver/package.ps1'
[4.202s] INFO:colcon.colcon_core.shell:Creating package descriptor '/home/deepak/electronic_ws/install/lslidar_driver/share/lslidar_driver/package.dsv'
[4.203s] INFO:colcon.colcon_core.shell:Creating package script '/home/deepak/electronic_ws/install/lslidar_driver/share/lslidar_driver/package.sh'
[4.203s] INFO:colcon.colcon_core.shell:Creating package script '/home/deepak/electronic_ws/install/lslidar_driver/share/lslidar_driver/package.bash'
[4.204s] INFO:colcon.colcon_core.shell:Creating package script '/home/deepak/electronic_ws/install/lslidar_driver/share/lslidar_driver/package.zsh'
[4.204s] Level 1:colcon.colcon_core.environment:create_file_with_runtime_dependencies(/home/deepak/electronic_ws/install/lslidar_driver/share/colcon-core/packages/lslidar_driver)
[5.270s] DEBUG:colcon.colcon_core.event_handler.log_command:Invoked command in '/home/deepak/electronic_ws/build/rtabmap_conversions' returned '0': CMAKE_PREFIX_PATH=/opt/ros/foxy:/home/deepak/electronic_ws/install/rtabmap_msgs:/home/deepak/electronic_ws/install/rtabmap LD_LIBRARY_PATH=/home/deepak/electronic_ws/install/rtabmap_msgs/lib:/home/deepak/electronic_ws/install/rtabmap/lib:${LD_LIBRARY_PATH} PATH=/home/deepak/electronic_ws/install/rtabmap/bin:${PATH} PKG_CONFIG_PATH=/home/deepak/electronic_ws/install/rtabmap_msgs/lib/x86_64-linux-gnu/pkgconfig:/home/deepak/electronic_ws/install/rtabmap_msgs/lib/pkgconfig:/home/deepak/electronic_ws/install/rtabmap/lib/x86_64-linux-gnu/pkgconfig:/home/deepak/electronic_ws/install/rtabmap/lib/pkgconfig PYTHONPATH=/home/deepak/electronic_ws/install/rtabmap_msgs/lib/python3.8/site-packages:${PYTHONPATH} ROS_PACKAGE_PATH=/home/deepak/electronic_ws/install/rtabmap_msgs/share /usr/bin/cmake /home/deepak/electronic_ws/src/rtabmap_ros/rtabmap_conversions -DCMAKE_INSTALL_PREFIX=/home/deepak/electronic_ws/install/rtabmap_conversions
[5.273s] DEBUG:colcon.colcon_core.event_handler.log_command:Invoking command in '/home/deepak/electronic_ws/build/rtabmap_conversions': CMAKE_PREFIX_PATH=/opt/ros/foxy:/home/deepak/electronic_ws/install/rtabmap_msgs:/home/deepak/electronic_ws/install/rtabmap LD_LIBRARY_PATH=/home/deepak/electronic_ws/install/rtabmap_msgs/lib:/home/deepak/electronic_ws/install/rtabmap/lib:${LD_LIBRARY_PATH} PATH=/home/deepak/electronic_ws/install/rtabmap/bin:${PATH} PKG_CONFIG_PATH=/home/deepak/electronic_ws/install/rtabmap_msgs/lib/x86_64-linux-gnu/pkgconfig:/home/deepak/electronic_ws/install/rtabmap_msgs/lib/pkgconfig:/home/deepak/electronic_ws/install/rtabmap/lib/x86_64-linux-gnu/pkgconfig:/home/deepak/electronic_ws/install/rtabmap/lib/pkgconfig PYTHONPATH=/home/deepak/electronic_ws/install/rtabmap_msgs/lib/python3.8/site-packages:${PYTHONPATH} ROS_PACKAGE_PATH=/home/deepak/electronic_ws/install/rtabmap_msgs/share /usr/bin/cmake --build /home/deepak/electronic_ws/build/rtabmap_conversions -- -j8 -l8
[5.370s] DEBUG:colcon.colcon_core.event_handler.log_command:Invoked command in '/home/deepak/electronic_ws/build/rtabmap_conversions' returned '0': CMAKE_PREFIX_PATH=/opt/ros/foxy:/home/deepak/electronic_ws/install/rtabmap_msgs:/home/deepak/electronic_ws/install/rtabmap LD_LIBRARY_PATH=/home/deepak/electronic_ws/install/rtabmap_msgs/lib:/home/deepak/electronic_ws/install/rtabmap/lib:${LD_LIBRARY_PATH} PATH=/home/deepak/electronic_ws/install/rtabmap/bin:${PATH} PKG_CONFIG_PATH=/home/deepak/electronic_ws/install/rtabmap_msgs/lib/x86_64-linux-gnu/pkgconfig:/home/deepak/electronic_ws/install/rtabmap_msgs/lib/pkgconfig:/home/deepak/electronic_ws/install/rtabmap/lib/x86_64-linux-gnu/pkgconfig:/home/deepak/electronic_ws/install/rtabmap/lib/pkgconfig PYTHONPATH=/home/deepak/electronic_ws/install/rtabmap_msgs/lib/python3.8/site-packages:${PYTHONPATH} ROS_PACKAGE_PATH=/home/deepak/electronic_ws/install/rtabmap_msgs/share /usr/bin/cmake --build /home/deepak/electronic_ws/build/rtabmap_conversions -- -j8 -l8
[5.373s] DEBUG:colcon.colcon_core.event_handler.log_command:Invoking command in '/home/deepak/electronic_ws/build/rtabmap_conversions': CMAKE_PREFIX_PATH=/opt/ros/foxy:/home/deepak/electronic_ws/install/rtabmap_msgs:/home/deepak/electronic_ws/install/rtabmap LD_LIBRARY_PATH=/home/deepak/electronic_ws/install/rtabmap_msgs/lib:/home/deepak/electronic_ws/install/rtabmap/lib:${LD_LIBRARY_PATH} PATH=/home/deepak/electronic_ws/install/rtabmap/bin:${PATH} PKG_CONFIG_PATH=/home/deepak/electronic_ws/install/rtabmap_msgs/lib/x86_64-linux-gnu/pkgconfig:/home/deepak/electronic_ws/install/rtabmap_msgs/lib/pkgconfig:/home/deepak/electronic_ws/install/rtabmap/lib/x86_64-linux-gnu/pkgconfig:/home/deepak/electronic_ws/install/rtabmap/lib/pkgconfig PYTHONPATH=/home/deepak/electronic_ws/install/rtabmap_msgs/lib/python3.8/site-packages:${PYTHONPATH} ROS_PACKAGE_PATH=/home/deepak/electronic_ws/install/rtabmap_msgs/share /usr/bin/cmake --install /home/deepak/electronic_ws/build/rtabmap_conversions
[5.400s] Level 1:colcon.colcon_core.environment:create_environment_scripts_only(rtabmap_conversions)
[5.401s] Level 1:colcon.colcon_core.environment:checking '/home/deepak/electronic_ws/install/rtabmap_conversions' for CMake module files
[5.401s] DEBUG:colcon.colcon_core.event_handler.log_command:Invoked command in '/home/deepak/electronic_ws/build/rtabmap_conversions' returned '0': CMAKE_PREFIX_PATH=/opt/ros/foxy:/home/deepak/electronic_ws/install/rtabmap_msgs:/home/deepak/electronic_ws/install/rtabmap LD_LIBRARY_PATH=/home/deepak/electronic_ws/install/rtabmap_msgs/lib:/home/deepak/electronic_ws/install/rtabmap/lib:${LD_LIBRARY_PATH} PATH=/home/deepak/electronic_ws/install/rtabmap/bin:${PATH} PKG_CONFIG_PATH=/home/deepak/electronic_ws/install/rtabmap_msgs/lib/x86_64-linux-gnu/pkgconfig:/home/deepak/electronic_ws/install/rtabmap_msgs/lib/pkgconfig:/home/deepak/electronic_ws/install/rtabmap/lib/x86_64-linux-gnu/pkgconfig:/home/deepak/electronic_ws/install/rtabmap/lib/pkgconfig PYTHONPATH=/home/deepak/electronic_ws/install/rtabmap_msgs/lib/python3.8/site-packages:${PYTHONPATH} ROS_PACKAGE_PATH=/home/deepak/electronic_ws/install/rtabmap_msgs/share /usr/bin/cmake --install /home/deepak/electronic_ws/build/rtabmap_conversions
[5.402s] Level 1:colcon.colcon_core.environment:checking '/home/deepak/electronic_ws/install/rtabmap_conversions' for CMake config files
[5.402s] Level 1:colcon.colcon_core.shell:create_environment_hook('rtabmap_conversions', 'cmake_prefix_path')
[5.403s] INFO:colcon.colcon_core.shell:Creating environment hook '/home/deepak/electronic_ws/install/rtabmap_conversions/share/rtabmap_conversions/hook/cmake_prefix_path.ps1'
[5.403s] INFO:colcon.colcon_core.shell:Creating environment descriptor '/home/deepak/electronic_ws/install/rtabmap_conversions/share/rtabmap_conversions/hook/cmake_prefix_path.dsv'
[5.404s] INFO:colcon.colcon_core.shell:Creating environment hook '/home/deepak/electronic_ws/install/rtabmap_conversions/share/rtabmap_conversions/hook/cmake_prefix_path.sh'
[5.404s] Level 1:colcon.colcon_core.environment:checking '/home/deepak/electronic_ws/install/rtabmap_conversions/lib'
[5.404s] Level 1:colcon.colcon_core.shell:create_environment_hook('rtabmap_conversions', 'ld_library_path_lib')
[5.404s] INFO:colcon.colcon_core.shell:Creating environment hook '/home/deepak/electronic_ws/install/rtabmap_conversions/share/rtabmap_conversions/hook/ld_library_path_lib.ps1'
[5.405s] INFO:colcon.colcon_core.shell:Creating environment descriptor '/home/deepak/electronic_ws/install/rtabmap_conversions/share/rtabmap_conversions/hook/ld_library_path_lib.dsv'
[5.405s] INFO:colcon.colcon_core.shell:Creating environment hook '/home/deepak/electronic_ws/install/rtabmap_conversions/share/rtabmap_conversions/hook/ld_library_path_lib.sh'
[5.405s] Level 1:colcon.colcon_core.environment:checking '/home/deepak/electronic_ws/install/rtabmap_conversions/bin'
[5.405s] Level 1:colcon.colcon_core.environment:checking '/home/deepak/electronic_ws/install/rtabmap_conversions/lib/pkgconfig/rtabmap_conversions.pc'
[5.406s] Level 1:colcon.colcon_core.environment:checking '/home/deepak/electronic_ws/install/rtabmap_conversions/lib/python3.8/site-packages'
[5.406s] Level 1:colcon.colcon_core.environment:checking '/home/deepak/electronic_ws/install/rtabmap_conversions/bin'
[5.406s] INFO:colcon.colcon_core.shell:Creating package script '/home/deepak/electronic_ws/install/rtabmap_conversions/share/rtabmap_conversions/package.ps1'
[5.407s] INFO:colcon.colcon_core.shell:Creating package descriptor '/home/deepak/electronic_ws/install/rtabmap_conversions/share/rtabmap_conversions/package.dsv'
[5.407s] INFO:colcon.colcon_core.shell:Creating package script '/home/deepak/electronic_ws/install/rtabmap_conversions/share/rtabmap_conversions/package.sh'
[5.407s] INFO:colcon.colcon_core.shell:Creating package script '/home/deepak/electronic_ws/install/rtabmap_conversions/share/rtabmap_conversions/package.bash'
[5.407s] INFO:colcon.colcon_core.shell:Creating package script '/home/deepak/electronic_ws/install/rtabmap_conversions/share/rtabmap_conversions/package.zsh'
[5.408s] Level 1:colcon.colcon_core.environment:create_file_with_runtime_dependencies(/home/deepak/electronic_ws/install/rtabmap_conversions/share/colcon-core/packages/rtabmap_conversions)
[5.408s] Level 1:colcon.colcon_core.environment:create_environment_scripts_only(rtabmap_conversions)
[5.408s] Level 1:colcon.colcon_core.environment:checking '/home/deepak/electronic_ws/install/rtabmap_conversions' for CMake module files
[5.409s] Level 1:colcon.colcon_core.environment:checking '/home/deepak/electronic_ws/install/rtabmap_conversions' for CMake config files
[5.409s] Level 1:colcon.colcon_core.shell:create_environment_hook('rtabmap_conversions', 'cmake_prefix_path')
[5.409s] INFO:colcon.colcon_core.shell:Creating environment hook '/home/deepak/electronic_ws/install/rtabmap_conversions/share/rtabmap_conversions/hook/cmake_prefix_path.ps1'
[5.410s] INFO:colcon.colcon_core.shell:Creating environment descriptor '/home/deepak/electronic_ws/install/rtabmap_conversions/share/rtabmap_conversions/hook/cmake_prefix_path.dsv'
[5.410s] INFO:colcon.colcon_core.shell:Creating environment hook '/home/deepak/electronic_ws/install/rtabmap_conversions/share/rtabmap_conversions/hook/cmake_prefix_path.sh'
[5.410s] Level 1:colcon.colcon_core.environment:checking '/home/deepak/electronic_ws/install/rtabmap_conversions/lib'
[5.410s] Level 1:colcon.colcon_core.shell:create_environment_hook('rtabmap_conversions', 'ld_library_path_lib')
[5.410s] INFO:colcon.colcon_core.shell:Creating environment hook '/home/deepak/electronic_ws/install/rtabmap_conversions/share/rtabmap_conversions/hook/ld_library_path_lib.ps1'
[5.411s] INFO:colcon.colcon_core.shell:Creating environment descriptor '/home/deepak/electronic_ws/install/rtabmap_conversions/share/rtabmap_conversions/hook/ld_library_path_lib.dsv'
[5.411s] INFO:colcon.colcon_core.shell:Creating environment hook '/home/deepak/electronic_ws/install/rtabmap_conversions/share/rtabmap_conversions/hook/ld_library_path_lib.sh'
[5.411s] Level 1:colcon.colcon_core.environment:checking '/home/deepak/electronic_ws/install/rtabmap_conversions/bin'
[5.411s] Level 1:colcon.colcon_core.environment:checking '/home/deepak/electronic_ws/install/rtabmap_conversions/lib/pkgconfig/rtabmap_conversions.pc'
[5.412s] Level 1:colcon.colcon_core.environment:checking '/home/deepak/electronic_ws/install/rtabmap_conversions/lib/python3.8/site-packages'
[5.412s] Level 1:colcon.colcon_core.environment:checking '/home/deepak/electronic_ws/install/rtabmap_conversions/bin'
[5.412s] INFO:colcon.colcon_core.shell:Creating package script '/home/deepak/electronic_ws/install/rtabmap_conversions/share/rtabmap_conversions/package.ps1'
[5.413s] INFO:colcon.colcon_core.shell:Creating package descriptor '/home/deepak/electronic_ws/install/rtabmap_conversions/share/rtabmap_conversions/package.dsv'
[5.413s] INFO:colcon.colcon_core.shell:Creating package script '/home/deepak/electronic_ws/install/rtabmap_conversions/share/rtabmap_conversions/package.sh'
[5.413s] INFO:colcon.colcon_core.shell:Creating package script '/home/deepak/electronic_ws/install/rtabmap_conversions/share/rtabmap_conversions/package.bash'
[5.414s] INFO:colcon.colcon_core.shell:Creating package script '/home/deepak/electronic_ws/install/rtabmap_conversions/share/rtabmap_conversions/package.zsh'
[5.414s] Level 1:colcon.colcon_core.environment:create_file_with_runtime_dependencies(/home/deepak/electronic_ws/install/rtabmap_conversions/share/colcon-core/packages/rtabmap_conversions)
[5.414s] INFO:colcon.colcon_ros.task.ament_cmake.build:Building ROS package in '/home/deepak/electronic_ws/src/rtabmap_ros/rtabmap_sync' with build type 'ament_cmake'
[5.414s] INFO:colcon.colcon_cmake.task.cmake.build:Building CMake package in '/home/deepak/electronic_ws/src/rtabmap_ros/rtabmap_sync'
[5.415s] INFO:colcon.colcon_core.shell:Skip shell extension 'powershell' for command environment: Not usable outside of PowerShell
[5.415s] DEBUG:colcon.colcon_core.shell:Skip shell extension 'dsv' for command environment
[5.419s] INFO:colcon.colcon_ros.task.ament_cmake.build:Building ROS package in '/home/deepak/electronic_ws/src/rtabmap_ros/rtabmap_util' with build type 'ament_cmake'
[5.420s] INFO:colcon.colcon_cmake.task.cmake.build:Building CMake package in '/home/deepak/electronic_ws/src/rtabmap_ros/rtabmap_util'
[5.420s] INFO:colcon.colcon_core.shell:Skip shell extension 'powershell' for command environment: Not usable outside of PowerShell
[5.420s] DEBUG:colcon.colcon_core.shell:Skip shell extension 'dsv' for command environment
[5.426s] INFO:colcon.colcon_ros.task.ament_cmake.build:Building ROS package in '/home/deepak/electronic_ws/src/rtabmap_ros/rtabmap_rviz_plugins' with build type 'ament_cmake'
[5.426s] INFO:colcon.colcon_cmake.task.cmake.build:Building CMake package in '/home/deepak/electronic_ws/src/rtabmap_ros/rtabmap_rviz_plugins'
[5.427s] INFO:colcon.colcon_core.shell:Skip shell extension 'powershell' for command environment: Not usable outside of PowerShell
[5.427s] DEBUG:colcon.colcon_core.shell:Skip shell extension 'dsv' for command environment
[5.440s] DEBUG:colcon.colcon_core.event_handler.log_command:Invoking command in '/home/deepak/electronic_ws/build/rtabmap_sync': AMENT_PREFIX_PATH=/home/deepak/electronic_ws/install/rtabmap_conversions:${AMENT_PREFIX_PATH} CMAKE_PREFIX_PATH=/home/deepak/electronic_ws/install/rtabmap_conversions:/opt/ros/foxy:/home/deepak/electronic_ws/install/rtabmap_msgs:/home/deepak/electronic_ws/install/rtabmap LD_LIBRARY_PATH=/home/deepak/electronic_ws/install/rtabmap_conversions/lib:/home/deepak/electronic_ws/install/rtabmap_msgs/lib:/home/deepak/electronic_ws/install/rtabmap/lib:${LD_LIBRARY_PATH} PATH=/home/deepak/electronic_ws/install/rtabmap/bin:${PATH} PKG_CONFIG_PATH=/home/deepak/electronic_ws/install/rtabmap_msgs/lib/x86_64-linux-gnu/pkgconfig:/home/deepak/electronic_ws/install/rtabmap_msgs/lib/pkgconfig:/home/deepak/electronic_ws/install/rtabmap/lib/x86_64-linux-gnu/pkgconfig:/home/deepak/electronic_ws/install/rtabmap/lib/pkgconfig PYTHONPATH=/home/deepak/electronic_ws/install/rtabmap_msgs/lib/python3.8/site-packages:${PYTHONPATH} ROS_PACKAGE_PATH=/home/deepak/electronic_ws/install/rtabmap_msgs/share /usr/bin/cmake /home/deepak/electronic_ws/src/rtabmap_ros/rtabmap_sync -DCMAKE_INSTALL_PREFIX=/home/deepak/electronic_ws/install/rtabmap_sync
[5.446s] DEBUG:colcon.colcon_core.event_handler.log_command:Invoking command in '/home/deepak/electronic_ws/build/rtabmap_util': AMENT_PREFIX_PATH=/home/deepak/electronic_ws/install/rtabmap_conversions:${AMENT_PREFIX_PATH} CMAKE_PREFIX_PATH=/home/deepak/electronic_ws/install/rtabmap_conversions:/opt/ros/foxy:/home/deepak/electronic_ws/install/rtabmap_msgs:/home/deepak/electronic_ws/install/rtabmap LD_LIBRARY_PATH=/home/deepak/electronic_ws/install/rtabmap_conversions/lib:/home/deepak/electronic_ws/install/rtabmap_msgs/lib:/home/deepak/electronic_ws/install/rtabmap/lib:${LD_LIBRARY_PATH} PATH=/home/deepak/electronic_ws/install/rtabmap/bin:${PATH} PKG_CONFIG_PATH=/home/deepak/electronic_ws/install/rtabmap_msgs/lib/x86_64-linux-gnu/pkgconfig:/home/deepak/electronic_ws/install/rtabmap_msgs/lib/pkgconfig:/home/deepak/electronic_ws/install/rtabmap/lib/x86_64-linux-gnu/pkgconfig:/home/deepak/electronic_ws/install/rtabmap/lib/pkgconfig PYTHONPATH=/home/deepak/electronic_ws/install/rtabmap_msgs/lib/python3.8/site-packages:${PYTHONPATH} ROS_PACKAGE_PATH=/home/deepak/electronic_ws/install/rtabmap_msgs/share /usr/bin/cmake /home/deepak/electronic_ws/src/rtabmap_ros/rtabmap_util -DCMAKE_INSTALL_PREFIX=/home/deepak/electronic_ws/install/rtabmap_util
[5.455s] DEBUG:colcon.colcon_core.event_handler.log_command:Invoking command in '/home/deepak/electronic_ws/build/rtabmap_rviz_plugins': AMENT_PREFIX_PATH=/home/deepak/electronic_ws/install/rtabmap_conversions:${AMENT_PREFIX_PATH} CMAKE_PREFIX_PATH=/home/deepak/electronic_ws/install/rtabmap_conversions:/opt/ros/foxy:/home/deepak/electronic_ws/install/rtabmap_msgs:/home/deepak/electronic_ws/install/rtabmap LD_LIBRARY_PATH=/home/deepak/electronic_ws/install/rtabmap_conversions/lib:/home/deepak/electronic_ws/install/rtabmap_msgs/lib:/home/deepak/electronic_ws/install/rtabmap/lib:${LD_LIBRARY_PATH} PATH=/home/deepak/electronic_ws/install/rtabmap/bin:${PATH} PKG_CONFIG_PATH=/home/deepak/electronic_ws/install/rtabmap_msgs/lib/x86_64-linux-gnu/pkgconfig:/home/deepak/electronic_ws/install/rtabmap_msgs/lib/pkgconfig:/home/deepak/electronic_ws/install/rtabmap/lib/x86_64-linux-gnu/pkgconfig:/home/deepak/electronic_ws/install/rtabmap/lib/pkgconfig PYTHONPATH=/home/deepak/electronic_ws/install/rtabmap_msgs/lib/python3.8/site-packages:${PYTHONPATH} ROS_PACKAGE_PATH=/home/deepak/electronic_ws/install/rtabmap_msgs/share /usr/bin/cmake /home/deepak/electronic_ws/src/rtabmap_ros/rtabmap_rviz_plugins -DCMAKE_INSTALL_PREFIX=/home/deepak/electronic_ws/install/rtabmap_rviz_plugins
[6.239s] DEBUG:colcon.colcon_core.event_handler.log_command:Invoked command in '/home/deepak/electronic_ws/build/astra_camera' returned '0': AMENT_PREFIX_PATH=/home/deepak/electronic_ws/install/astra_camera_msgs:${AMENT_PREFIX_PATH} CMAKE_PREFIX_PATH=/home/deepak/electronic_ws/install/astra_camera_msgs:/opt/ros/foxy LD_LIBRARY_PATH=/home/deepak/electronic_ws/install/astra_camera_msgs/lib:${LD_LIBRARY_PATH} PYTHONPATH=/home/deepak/electronic_ws/install/astra_camera_msgs/lib/python3.8/site-packages:${PYTHONPATH} /usr/bin/cmake /home/deepak/electronic_ws/src/ros2_astra_camera/astra_camera -DCMAKE_INSTALL_PREFIX=/home/deepak/electronic_ws/install/astra_camera
[6.242s] DEBUG:colcon.colcon_core.event_handler.log_command:Invoking command in '/home/deepak/electronic_ws/build/astra_camera': AMENT_PREFIX_PATH=/home/deepak/electronic_ws/install/astra_camera_msgs:${AMENT_PREFIX_PATH} CMAKE_PREFIX_PATH=/home/deepak/electronic_ws/install/astra_camera_msgs:/opt/ros/foxy LD_LIBRARY_PATH=/home/deepak/electronic_ws/install/astra_camera_msgs/lib:${LD_LIBRARY_PATH} PYTHONPATH=/home/deepak/electronic_ws/install/astra_camera_msgs/lib/python3.8/site-packages:${PYTHONPATH} /usr/bin/cmake --build /home/deepak/electronic_ws/build/astra_camera -- -j8 -l8
[6.430s] DEBUG:colcon.colcon_core.event_handler.log_command:Invoked command in '/home/deepak/electronic_ws/build/astra_camera' returned '0': AMENT_PREFIX_PATH=/home/deepak/electronic_ws/install/astra_camera_msgs:${AMENT_PREFIX_PATH} CMAKE_PREFIX_PATH=/home/deepak/electronic_ws/install/astra_camera_msgs:/opt/ros/foxy LD_LIBRARY_PATH=/home/deepak/electronic_ws/install/astra_camera_msgs/lib:${LD_LIBRARY_PATH} PYTHONPATH=/home/deepak/electronic_ws/install/astra_camera_msgs/lib/python3.8/site-packages:${PYTHONPATH} /usr/bin/cmake --build /home/deepak/electronic_ws/build/astra_camera -- -j8 -l8
[6.434s] DEBUG:colcon.colcon_core.event_handler.log_command:Invoking command in '/home/deepak/electronic_ws/build/astra_camera': AMENT_PREFIX_PATH=/home/deepak/electronic_ws/install/astra_camera_msgs:${AMENT_PREFIX_PATH} CMAKE_PREFIX_PATH=/home/deepak/electronic_ws/install/astra_camera_msgs:/opt/ros/foxy LD_LIBRARY_PATH=/home/deepak/electronic_ws/install/astra_camera_msgs/lib:${LD_LIBRARY_PATH} PYTHONPATH=/home/deepak/electronic_ws/install/astra_camera_msgs/lib/python3.8/site-packages:${PYTHONPATH} /usr/bin/cmake --install /home/deepak/electronic_ws/build/astra_camera
[6.491s] Level 1:colcon.colcon_core.environment:create_environment_scripts_only(astra_camera)
[6.492s] Level 1:colcon.colcon_core.environment:checking '/home/deepak/electronic_ws/install/astra_camera' for CMake module files
[6.492s] DEBUG:colcon.colcon_core.event_handler.log_command:Invoked command in '/home/deepak/electronic_ws/build/astra_camera' returned '0': AMENT_PREFIX_PATH=/home/deepak/electronic_ws/install/astra_camera_msgs:${AMENT_PREFIX_PATH} CMAKE_PREFIX_PATH=/home/deepak/electronic_ws/install/astra_camera_msgs:/opt/ros/foxy LD_LIBRARY_PATH=/home/deepak/electronic_ws/install/astra_camera_msgs/lib:${LD_LIBRARY_PATH} PYTHONPATH=/home/deepak/electronic_ws/install/astra_camera_msgs/lib/python3.8/site-packages:${PYTHONPATH} /usr/bin/cmake --install /home/deepak/electronic_ws/build/astra_camera
[6.493s] Level 1:colcon.colcon_core.environment:checking '/home/deepak/electronic_ws/install/astra_camera' for CMake config files
[6.493s] Level 1:colcon.colcon_core.shell:create_environment_hook('astra_camera', 'cmake_prefix_path')
[6.494s] INFO:colcon.colcon_core.shell:Creating environment hook '/home/deepak/electronic_ws/install/astra_camera/share/astra_camera/hook/cmake_prefix_path.ps1'
[6.494s] INFO:colcon.colcon_core.shell:Creating environment descriptor '/home/deepak/electronic_ws/install/astra_camera/share/astra_camera/hook/cmake_prefix_path.dsv'
[6.495s] INFO:colcon.colcon_core.shell:Creating environment hook '/home/deepak/electronic_ws/install/astra_camera/share/astra_camera/hook/cmake_prefix_path.sh'
[6.495s] Level 1:colcon.colcon_core.environment:checking '/home/deepak/electronic_ws/install/astra_camera/lib'
[6.495s] Level 1:colcon.colcon_core.shell:create_environment_hook('astra_camera', 'ld_library_path_lib')
[6.495s] INFO:colcon.colcon_core.shell:Creating environment hook '/home/deepak/electronic_ws/install/astra_camera/share/astra_camera/hook/ld_library_path_lib.ps1'
[6.496s] INFO:colcon.colcon_core.shell:Creating environment descriptor '/home/deepak/electronic_ws/install/astra_camera/share/astra_camera/hook/ld_library_path_lib.dsv'
[6.496s] INFO:colcon.colcon_core.shell:Creating environment hook '/home/deepak/electronic_ws/install/astra_camera/share/astra_camera/hook/ld_library_path_lib.sh'
[6.496s] Level 1:colcon.colcon_core.environment:checking '/home/deepak/electronic_ws/install/astra_camera/bin'
[6.497s] Level 1:colcon.colcon_core.environment:checking '/home/deepak/electronic_ws/install/astra_camera/lib/pkgconfig/astra_camera.pc'
[6.497s] Level 1:colcon.colcon_core.environment:checking '/home/deepak/electronic_ws/install/astra_camera/lib/python3.8/site-packages'
[6.497s] Level 1:colcon.colcon_core.environment:checking '/home/deepak/electronic_ws/install/astra_camera/bin'
[6.497s] INFO:colcon.colcon_core.shell:Creating package script '/home/deepak/electronic_ws/install/astra_camera/share/astra_camera/package.ps1'
[6.498s] INFO:colcon.colcon_core.shell:Creating package descriptor '/home/deepak/electronic_ws/install/astra_camera/share/astra_camera/package.dsv'
[6.498s] INFO:colcon.colcon_core.shell:Creating package script '/home/deepak/electronic_ws/install/astra_camera/share/astra_camera/package.sh'
[6.499s] INFO:colcon.colcon_core.shell:Creating package script '/home/deepak/electronic_ws/install/astra_camera/share/astra_camera/package.bash'
[6.499s] INFO:colcon.colcon_core.shell:Creating package script '/home/deepak/electronic_ws/install/astra_camera/share/astra_camera/package.zsh'
[6.499s] Level 1:colcon.colcon_core.environment:create_file_with_runtime_dependencies(/home/deepak/electronic_ws/install/astra_camera/share/colcon-core/packages/astra_camera)
[6.500s] Level 1:colcon.colcon_core.environment:create_environment_scripts_only(astra_camera)
[6.500s] Level 1:colcon.colcon_core.environment:checking '/home/deepak/electronic_ws/install/astra_camera' for CMake module files
[6.500s] Level 1:colcon.colcon_core.environment:checking '/home/deepak/electronic_ws/install/astra_camera' for CMake config files
[6.501s] Level 1:colcon.colcon_core.shell:create_environment_hook('astra_camera', 'cmake_prefix_path')
[6.501s] INFO:colcon.colcon_core.shell:Creating environment hook '/home/deepak/electronic_ws/install/astra_camera/share/astra_camera/hook/cmake_prefix_path.ps1'
[6.501s] INFO:colcon.colcon_core.shell:Creating environment descriptor '/home/deepak/electronic_ws/install/astra_camera/share/astra_camera/hook/cmake_prefix_path.dsv'
[6.501s] INFO:colcon.colcon_core.shell:Creating environment hook '/home/deepak/electronic_ws/install/astra_camera/share/astra_camera/hook/cmake_prefix_path.sh'
[6.502s] Level 1:colcon.colcon_core.environment:checking '/home/deepak/electronic_ws/install/astra_camera/lib'
[6.502s] Level 1:colcon.colcon_core.shell:create_environment_hook('astra_camera', 'ld_library_path_lib')
[6.502s] INFO:colcon.colcon_core.shell:Creating environment hook '/home/deepak/electronic_ws/install/astra_camera/share/astra_camera/hook/ld_library_path_lib.ps1'
[6.502s] INFO:colcon.colcon_core.shell:Creating environment descriptor '/home/deepak/electronic_ws/install/astra_camera/share/astra_camera/hook/ld_library_path_lib.dsv'
[6.503s] INFO:colcon.colcon_core.shell:Creating environment hook '/home/deepak/electronic_ws/install/astra_camera/share/astra_camera/hook/ld_library_path_lib.sh'
[6.503s] Level 1:colcon.colcon_core.environment:checking '/home/deepak/electronic_ws/install/astra_camera/bin'
[6.503s] Level 1:colcon.colcon_core.environment:checking '/home/deepak/electronic_ws/install/astra_camera/lib/pkgconfig/astra_camera.pc'
[6.503s] Level 1:colcon.colcon_core.environment:checking '/home/deepak/electronic_ws/install/astra_camera/lib/python3.8/site-packages'
[6.503s] Level 1:colcon.colcon_core.environment:checking '/home/deepak/electronic_ws/install/astra_camera/bin'
[6.504s] INFO:colcon.colcon_core.shell:Creating package script '/home/deepak/electronic_ws/install/astra_camera/share/astra_camera/package.ps1'
[6.504s] INFO:colcon.colcon_core.shell:Creating package descriptor '/home/deepak/electronic_ws/install/astra_camera/share/astra_camera/package.dsv'
[6.505s] INFO:colcon.colcon_core.shell:Creating package script '/home/deepak/electronic_ws/install/astra_camera/share/astra_camera/package.sh'
[6.505s] INFO:colcon.colcon_core.shell:Creating package script '/home/deepak/electronic_ws/install/astra_camera/share/astra_camera/package.bash'
[6.505s] INFO:colcon.colcon_core.shell:Creating package script '/home/deepak/electronic_ws/install/astra_camera/share/astra_camera/package.zsh'
[6.506s] Level 1:colcon.colcon_core.environment:create_file_with_runtime_dependencies(/home/deepak/electronic_ws/install/astra_camera/share/colcon-core/packages/astra_camera)
[7.995s] DEBUG:colcon.colcon_core.event_handler.log_command:Invoked command in '/home/deepak/electronic_ws/build/rtabmap_sync' returned '0': AMENT_PREFIX_PATH=/home/deepak/electronic_ws/install/rtabmap_conversions:${AMENT_PREFIX_PATH} CMAKE_PREFIX_PATH=/home/deepak/electronic_ws/install/rtabmap_conversions:/opt/ros/foxy:/home/deepak/electronic_ws/install/rtabmap_msgs:/home/deepak/electronic_ws/install/rtabmap LD_LIBRARY_PATH=/home/deepak/electronic_ws/install/rtabmap_conversions/lib:/home/deepak/electronic_ws/install/rtabmap_msgs/lib:/home/deepak/electronic_ws/install/rtabmap/lib:${LD_LIBRARY_PATH} PATH=/home/deepak/electronic_ws/install/rtabmap/bin:${PATH} PKG_CONFIG_PATH=/home/deepak/electronic_ws/install/rtabmap_msgs/lib/x86_64-linux-gnu/pkgconfig:/home/deepak/electronic_ws/install/rtabmap_msgs/lib/pkgconfig:/home/deepak/electronic_ws/install/rtabmap/lib/x86_64-linux-gnu/pkgconfig:/home/deepak/electronic_ws/install/rtabmap/lib/pkgconfig PYTHONPATH=/home/deepak/electronic_ws/install/rtabmap_msgs/lib/python3.8/site-packages:${PYTHONPATH} ROS_PACKAGE_PATH=/home/deepak/electronic_ws/install/rtabmap_msgs/share /usr/bin/cmake /home/deepak/electronic_ws/src/rtabmap_ros/rtabmap_sync -DCMAKE_INSTALL_PREFIX=/home/deepak/electronic_ws/install/rtabmap_sync
[7.998s] DEBUG:colcon.colcon_core.event_handler.log_command:Invoking command in '/home/deepak/electronic_ws/build/rtabmap_sync': AMENT_PREFIX_PATH=/home/deepak/electronic_ws/install/rtabmap_conversions:${AMENT_PREFIX_PATH} CMAKE_PREFIX_PATH=/home/deepak/electronic_ws/install/rtabmap_conversions:/opt/ros/foxy:/home/deepak/electronic_ws/install/rtabmap_msgs:/home/deepak/electronic_ws/install/rtabmap LD_LIBRARY_PATH=/home/deepak/electronic_ws/install/rtabmap_conversions/lib:/home/deepak/electronic_ws/install/rtabmap_msgs/lib:/home/deepak/electronic_ws/install/rtabmap/lib:${LD_LIBRARY_PATH} PATH=/home/deepak/electronic_ws/install/rtabmap/bin:${PATH} PKG_CONFIG_PATH=/home/deepak/electronic_ws/install/rtabmap_msgs/lib/x86_64-linux-gnu/pkgconfig:/home/deepak/electronic_ws/install/rtabmap_msgs/lib/pkgconfig:/home/deepak/electronic_ws/install/rtabmap/lib/x86_64-linux-gnu/pkgconfig:/home/deepak/electronic_ws/install/rtabmap/lib/pkgconfig PYTHONPATH=/home/deepak/electronic_ws/install/rtabmap_msgs/lib/python3.8/site-packages:${PYTHONPATH} ROS_PACKAGE_PATH=/home/deepak/electronic_ws/install/rtabmap_msgs/share /usr/bin/cmake --build /home/deepak/electronic_ws/build/rtabmap_sync -- -j8 -l8
[8.105s] DEBUG:colcon.colcon_core.event_handler.log_command:Invoked command in '/home/deepak/electronic_ws/build/rtabmap_rviz_plugins' returned '0': AMENT_PREFIX_PATH=/home/deepak/electronic_ws/install/rtabmap_conversions:${AMENT_PREFIX_PATH} CMAKE_PREFIX_PATH=/home/deepak/electronic_ws/install/rtabmap_conversions:/opt/ros/foxy:/home/deepak/electronic_ws/install/rtabmap_msgs:/home/deepak/electronic_ws/install/rtabmap LD_LIBRARY_PATH=/home/deepak/electronic_ws/install/rtabmap_conversions/lib:/home/deepak/electronic_ws/install/rtabmap_msgs/lib:/home/deepak/electronic_ws/install/rtabmap/lib:${LD_LIBRARY_PATH} PATH=/home/deepak/electronic_ws/install/rtabmap/bin:${PATH} PKG_CONFIG_PATH=/home/deepak/electronic_ws/install/rtabmap_msgs/lib/x86_64-linux-gnu/pkgconfig:/home/deepak/electronic_ws/install/rtabmap_msgs/lib/pkgconfig:/home/deepak/electronic_ws/install/rtabmap/lib/x86_64-linux-gnu/pkgconfig:/home/deepak/electronic_ws/install/rtabmap/lib/pkgconfig PYTHONPATH=/home/deepak/electronic_ws/install/rtabmap_msgs/lib/python3.8/site-packages:${PYTHONPATH} ROS_PACKAGE_PATH=/home/deepak/electronic_ws/install/rtabmap_msgs/share /usr/bin/cmake /home/deepak/electronic_ws/src/rtabmap_ros/rtabmap_rviz_plugins -DCMAKE_INSTALL_PREFIX=/home/deepak/electronic_ws/install/rtabmap_rviz_plugins
[8.109s] DEBUG:colcon.colcon_core.event_handler.log_command:Invoking command in '/home/deepak/electronic_ws/build/rtabmap_rviz_plugins': AMENT_PREFIX_PATH=/home/deepak/electronic_ws/install/rtabmap_conversions:${AMENT_PREFIX_PATH} CMAKE_PREFIX_PATH=/home/deepak/electronic_ws/install/rtabmap_conversions:/opt/ros/foxy:/home/deepak/electronic_ws/install/rtabmap_msgs:/home/deepak/electronic_ws/install/rtabmap LD_LIBRARY_PATH=/home/deepak/electronic_ws/install/rtabmap_conversions/lib:/home/deepak/electronic_ws/install/rtabmap_msgs/lib:/home/deepak/electronic_ws/install/rtabmap/lib:${LD_LIBRARY_PATH} PATH=/home/deepak/electronic_ws/install/rtabmap/bin:${PATH} PKG_CONFIG_PATH=/home/deepak/electronic_ws/install/rtabmap_msgs/lib/x86_64-linux-gnu/pkgconfig:/home/deepak/electronic_ws/install/rtabmap_msgs/lib/pkgconfig:/home/deepak/electronic_ws/install/rtabmap/lib/x86_64-linux-gnu/pkgconfig:/home/deepak/electronic_ws/install/rtabmap/lib/pkgconfig PYTHONPATH=/home/deepak/electronic_ws/install/rtabmap_msgs/lib/python3.8/site-packages:${PYTHONPATH} ROS_PACKAGE_PATH=/home/deepak/electronic_ws/install/rtabmap_msgs/share /usr/bin/cmake --build /home/deepak/electronic_ws/build/rtabmap_rviz_plugins -- -j8 -l8
[8.156s] DEBUG:colcon.colcon_core.event_handler.log_command:Invoked command in '/home/deepak/electronic_ws/build/rtabmap_sync' returned '0': AMENT_PREFIX_PATH=/home/deepak/electronic_ws/install/rtabmap_conversions:${AMENT_PREFIX_PATH} CMAKE_PREFIX_PATH=/home/deepak/electronic_ws/install/rtabmap_conversions:/opt/ros/foxy:/home/deepak/electronic_ws/install/rtabmap_msgs:/home/deepak/electronic_ws/install/rtabmap LD_LIBRARY_PATH=/home/deepak/electronic_ws/install/rtabmap_conversions/lib:/home/deepak/electronic_ws/install/rtabmap_msgs/lib:/home/deepak/electronic_ws/install/rtabmap/lib:${LD_LIBRARY_PATH} PATH=/home/deepak/electronic_ws/install/rtabmap/bin:${PATH} PKG_CONFIG_PATH=/home/deepak/electronic_ws/install/rtabmap_msgs/lib/x86_64-linux-gnu/pkgconfig:/home/deepak/electronic_ws/install/rtabmap_msgs/lib/pkgconfig:/home/deepak/electronic_ws/install/rtabmap/lib/x86_64-linux-gnu/pkgconfig:/home/deepak/electronic_ws/install/rtabmap/lib/pkgconfig PYTHONPATH=/home/deepak/electronic_ws/install/rtabmap_msgs/lib/python3.8/site-packages:${PYTHONPATH} ROS_PACKAGE_PATH=/home/deepak/electronic_ws/install/rtabmap_msgs/share /usr/bin/cmake --build /home/deepak/electronic_ws/build/rtabmap_sync -- -j8 -l8
[8.159s] DEBUG:colcon.colcon_core.event_handler.log_command:Invoking command in '/home/deepak/electronic_ws/build/rtabmap_sync': AMENT_PREFIX_PATH=/home/deepak/electronic_ws/install/rtabmap_conversions:${AMENT_PREFIX_PATH} CMAKE_PREFIX_PATH=/home/deepak/electronic_ws/install/rtabmap_conversions:/opt/ros/foxy:/home/deepak/electronic_ws/install/rtabmap_msgs:/home/deepak/electronic_ws/install/rtabmap LD_LIBRARY_PATH=/home/deepak/electronic_ws/install/rtabmap_conversions/lib:/home/deepak/electronic_ws/install/rtabmap_msgs/lib:/home/deepak/electronic_ws/install/rtabmap/lib:${LD_LIBRARY_PATH} PATH=/home/deepak/electronic_ws/install/rtabmap/bin:${PATH} PKG_CONFIG_PATH=/home/deepak/electronic_ws/install/rtabmap_msgs/lib/x86_64-linux-gnu/pkgconfig:/home/deepak/electronic_ws/install/rtabmap_msgs/lib/pkgconfig:/home/deepak/electronic_ws/install/rtabmap/lib/x86_64-linux-gnu/pkgconfig:/home/deepak/electronic_ws/install/rtabmap/lib/pkgconfig PYTHONPATH=/home/deepak/electronic_ws/install/rtabmap_msgs/lib/python3.8/site-packages:${PYTHONPATH} ROS_PACKAGE_PATH=/home/deepak/electronic_ws/install/rtabmap_msgs/share /usr/bin/cmake --install /home/deepak/electronic_ws/build/rtabmap_sync
[8.193s] Level 1:colcon.colcon_core.environment:create_environment_scripts_only(rtabmap_sync)
[8.193s] Level 1:colcon.colcon_core.environment:checking '/home/deepak/electronic_ws/install/rtabmap_sync' for CMake module files
[8.194s] DEBUG:colcon.colcon_core.event_handler.log_command:Invoked command in '/home/deepak/electronic_ws/build/rtabmap_sync' returned '0': AMENT_PREFIX_PATH=/home/deepak/electronic_ws/install/rtabmap_conversions:${AMENT_PREFIX_PATH} CMAKE_PREFIX_PATH=/home/deepak/electronic_ws/install/rtabmap_conversions:/opt/ros/foxy:/home/deepak/electronic_ws/install/rtabmap_msgs:/home/deepak/electronic_ws/install/rtabmap LD_LIBRARY_PATH=/home/deepak/electronic_ws/install/rtabmap_conversions/lib:/home/deepak/electronic_ws/install/rtabmap_msgs/lib:/home/deepak/electronic_ws/install/rtabmap/lib:${LD_LIBRARY_PATH} PATH=/home/deepak/electronic_ws/install/rtabmap/bin:${PATH} PKG_CONFIG_PATH=/home/deepak/electronic_ws/install/rtabmap_msgs/lib/x86_64-linux-gnu/pkgconfig:/home/deepak/electronic_ws/install/rtabmap_msgs/lib/pkgconfig:/home/deepak/electronic_ws/install/rtabmap/lib/x86_64-linux-gnu/pkgconfig:/home/deepak/electronic_ws/install/rtabmap/lib/pkgconfig PYTHONPATH=/home/deepak/electronic_ws/install/rtabmap_msgs/lib/python3.8/site-packages:${PYTHONPATH} ROS_PACKAGE_PATH=/home/deepak/electronic_ws/install/rtabmap_msgs/share /usr/bin/cmake --install /home/deepak/electronic_ws/build/rtabmap_sync
[8.194s] Level 1:colcon.colcon_core.environment:checking '/home/deepak/electronic_ws/install/rtabmap_sync' for CMake config files
[8.195s] Level 1:colcon.colcon_core.shell:create_environment_hook('rtabmap_sync', 'cmake_prefix_path')
[8.195s] INFO:colcon.colcon_core.shell:Creating environment hook '/home/deepak/electronic_ws/install/rtabmap_sync/share/rtabmap_sync/hook/cmake_prefix_path.ps1'
[8.196s] INFO:colcon.colcon_core.shell:Creating environment descriptor '/home/deepak/electronic_ws/install/rtabmap_sync/share/rtabmap_sync/hook/cmake_prefix_path.dsv'
[8.196s] INFO:colcon.colcon_core.shell:Creating environment hook '/home/deepak/electronic_ws/install/rtabmap_sync/share/rtabmap_sync/hook/cmake_prefix_path.sh'
[8.197s] Level 1:colcon.colcon_core.environment:checking '/home/deepak/electronic_ws/install/rtabmap_sync/lib'
[8.197s] Level 1:colcon.colcon_core.shell:create_environment_hook('rtabmap_sync', 'ld_library_path_lib')
[8.197s] INFO:colcon.colcon_core.shell:Creating environment hook '/home/deepak/electronic_ws/install/rtabmap_sync/share/rtabmap_sync/hook/ld_library_path_lib.ps1'
[8.198s] INFO:colcon.colcon_core.shell:Creating environment descriptor '/home/deepak/electronic_ws/install/rtabmap_sync/share/rtabmap_sync/hook/ld_library_path_lib.dsv'
[8.198s] INFO:colcon.colcon_core.shell:Creating environment hook '/home/deepak/electronic_ws/install/rtabmap_sync/share/rtabmap_sync/hook/ld_library_path_lib.sh'
[8.198s] Level 1:colcon.colcon_core.environment:checking '/home/deepak/electronic_ws/install/rtabmap_sync/bin'
[8.199s] Level 1:colcon.colcon_core.environment:checking '/home/deepak/electronic_ws/install/rtabmap_sync/lib/pkgconfig/rtabmap_sync.pc'
[8.199s] Level 1:colcon.colcon_core.environment:checking '/home/deepak/electronic_ws/install/rtabmap_sync/lib/python3.8/site-packages'
[8.199s] Level 1:colcon.colcon_core.environment:checking '/home/deepak/electronic_ws/install/rtabmap_sync/bin'
[8.200s] INFO:colcon.colcon_core.shell:Creating package script '/home/deepak/electronic_ws/install/rtabmap_sync/share/rtabmap_sync/package.ps1'
[8.200s] INFO:colcon.colcon_core.shell:Creating package descriptor '/home/deepak/electronic_ws/install/rtabmap_sync/share/rtabmap_sync/package.dsv'
[8.201s] INFO:colcon.colcon_core.shell:Creating package script '/home/deepak/electronic_ws/install/rtabmap_sync/share/rtabmap_sync/package.sh'
[8.201s] INFO:colcon.colcon_core.shell:Creating package script '/home/deepak/electronic_ws/install/rtabmap_sync/share/rtabmap_sync/package.bash'
[8.201s] INFO:colcon.colcon_core.shell:Creating package script '/home/deepak/electronic_ws/install/rtabmap_sync/share/rtabmap_sync/package.zsh'
[8.202s] Level 1:colcon.colcon_core.environment:create_file_with_runtime_dependencies(/home/deepak/electronic_ws/install/rtabmap_sync/share/colcon-core/packages/rtabmap_sync)
[8.203s] Level 1:colcon.colcon_core.environment:create_environment_scripts_only(rtabmap_sync)
[8.203s] Level 1:colcon.colcon_core.environment:checking '/home/deepak/electronic_ws/install/rtabmap_sync' for CMake module files
[8.203s] Level 1:colcon.colcon_core.environment:checking '/home/deepak/electronic_ws/install/rtabmap_sync' for CMake config files
[8.203s] Level 1:colcon.colcon_core.shell:create_environment_hook('rtabmap_sync', 'cmake_prefix_path')
[8.204s] INFO:colcon.colcon_core.shell:Creating environment hook '/home/deepak/electronic_ws/install/rtabmap_sync/share/rtabmap_sync/hook/cmake_prefix_path.ps1'
[8.204s] INFO:colcon.colcon_core.shell:Creating environment descriptor '/home/deepak/electronic_ws/install/rtabmap_sync/share/rtabmap_sync/hook/cmake_prefix_path.dsv'
[8.204s] INFO:colcon.colcon_core.shell:Creating environment hook '/home/deepak/electronic_ws/install/rtabmap_sync/share/rtabmap_sync/hook/cmake_prefix_path.sh'
[8.205s] Level 1:colcon.colcon_core.environment:checking '/home/deepak/electronic_ws/install/rtabmap_sync/lib'
[8.205s] Level 1:colcon.colcon_core.shell:create_environment_hook('rtabmap_sync', 'ld_library_path_lib')
[8.205s] INFO:colcon.colcon_core.shell:Creating environment hook '/home/deepak/electronic_ws/install/rtabmap_sync/share/rtabmap_sync/hook/ld_library_path_lib.ps1'
[8.205s] INFO:colcon.colcon_core.shell:Creating environment descriptor '/home/deepak/electronic_ws/install/rtabmap_sync/share/rtabmap_sync/hook/ld_library_path_lib.dsv'
[8.206s] INFO:colcon.colcon_core.shell:Creating environment hook '/home/deepak/electronic_ws/install/rtabmap_sync/share/rtabmap_sync/hook/ld_library_path_lib.sh'
[8.206s] Level 1:colcon.colcon_core.environment:checking '/home/deepak/electronic_ws/install/rtabmap_sync/bin'
[8.206s] Level 1:colcon.colcon_core.environment:checking '/home/deepak/electronic_ws/install/rtabmap_sync/lib/pkgconfig/rtabmap_sync.pc'
[8.206s] Level 1:colcon.colcon_core.environment:checking '/home/deepak/electronic_ws/install/rtabmap_sync/lib/python3.8/site-packages'
[8.206s] Level 1:colcon.colcon_core.environment:checking '/home/deepak/electronic_ws/install/rtabmap_sync/bin'
[8.207s] INFO:colcon.colcon_core.shell:Creating package script '/home/deepak/electronic_ws/install/rtabmap_sync/share/rtabmap_sync/package.ps1'
[8.207s] INFO:colcon.colcon_core.shell:Creating package descriptor '/home/deepak/electronic_ws/install/rtabmap_sync/share/rtabmap_sync/package.dsv'
[8.207s] INFO:colcon.colcon_core.shell:Creating package script '/home/deepak/electronic_ws/install/rtabmap_sync/share/rtabmap_sync/package.sh'
[8.208s] INFO:colcon.colcon_core.shell:Creating package script '/home/deepak/electronic_ws/install/rtabmap_sync/share/rtabmap_sync/package.bash'
[8.208s] INFO:colcon.colcon_core.shell:Creating package script '/home/deepak/electronic_ws/install/rtabmap_sync/share/rtabmap_sync/package.zsh'
[8.208s] Level 1:colcon.colcon_core.environment:create_file_with_runtime_dependencies(/home/deepak/electronic_ws/install/rtabmap_sync/share/colcon-core/packages/rtabmap_sync)
[8.209s] INFO:colcon.colcon_ros.task.ament_cmake.build:Building ROS package in '/home/deepak/electronic_ws/src/rtabmap_ros/rtabmap_viz' with build type 'ament_cmake'
[8.209s] INFO:colcon.colcon_cmake.task.cmake.build:Building CMake package in '/home/deepak/electronic_ws/src/rtabmap_ros/rtabmap_viz'
[8.209s] INFO:colcon.colcon_core.shell:Skip shell extension 'powershell' for command environment: Not usable outside of PowerShell
[8.209s] DEBUG:colcon.colcon_core.shell:Skip shell extension 'dsv' for command environment
[8.226s] DEBUG:colcon.colcon_core.event_handler.log_command:Invoking command in '/home/deepak/electronic_ws/build/rtabmap_viz': AMENT_PREFIX_PATH=/home/deepak/electronic_ws/install/rtabmap_sync:/home/deepak/electronic_ws/install/rtabmap_conversions:${AMENT_PREFIX_PATH} CMAKE_PREFIX_PATH=/home/deepak/electronic_ws/install/rtabmap_sync:/home/deepak/electronic_ws/install/rtabmap_conversions:/opt/ros/foxy:/home/deepak/electronic_ws/install/rtabmap_msgs:/home/deepak/electronic_ws/install/rtabmap LD_LIBRARY_PATH=/home/deepak/electronic_ws/install/rtabmap_sync/lib:/home/deepak/electronic_ws/install/rtabmap_conversions/lib:/home/deepak/electronic_ws/install/rtabmap_msgs/lib:/home/deepak/electronic_ws/install/rtabmap/lib:${LD_LIBRARY_PATH} PATH=/home/deepak/electronic_ws/install/rtabmap/bin:${PATH} PKG_CONFIG_PATH=/home/deepak/electronic_ws/install/rtabmap_msgs/lib/x86_64-linux-gnu/pkgconfig:/home/deepak/electronic_ws/install/rtabmap_msgs/lib/pkgconfig:/home/deepak/electronic_ws/install/rtabmap/lib/x86_64-linux-gnu/pkgconfig:/home/deepak/electronic_ws/install/rtabmap/lib/pkgconfig PYTHONPATH=/home/deepak/electronic_ws/install/rtabmap_msgs/lib/python3.8/site-packages:${PYTHONPATH} ROS_PACKAGE_PATH=/home/deepak/electronic_ws/install/rtabmap_msgs/share /usr/bin/cmake /home/deepak/electronic_ws/src/rtabmap_ros/rtabmap_viz -DCMAKE_INSTALL_PREFIX=/home/deepak/electronic_ws/install/rtabmap_viz
[8.267s] DEBUG:colcon.colcon_core.event_handler.log_command:Invoked command in '/home/deepak/electronic_ws/build/rtabmap_rviz_plugins' returned '0': AMENT_PREFIX_PATH=/home/deepak/electronic_ws/install/rtabmap_conversions:${AMENT_PREFIX_PATH} CMAKE_PREFIX_PATH=/home/deepak/electronic_ws/install/rtabmap_conversions:/opt/ros/foxy:/home/deepak/electronic_ws/install/rtabmap_msgs:/home/deepak/electronic_ws/install/rtabmap LD_LIBRARY_PATH=/home/deepak/electronic_ws/install/rtabmap_conversions/lib:/home/deepak/electronic_ws/install/rtabmap_msgs/lib:/home/deepak/electronic_ws/install/rtabmap/lib:${LD_LIBRARY_PATH} PATH=/home/deepak/electronic_ws/install/rtabmap/bin:${PATH} PKG_CONFIG_PATH=/home/deepak/electronic_ws/install/rtabmap_msgs/lib/x86_64-linux-gnu/pkgconfig:/home/deepak/electronic_ws/install/rtabmap_msgs/lib/pkgconfig:/home/deepak/electronic_ws/install/rtabmap/lib/x86_64-linux-gnu/pkgconfig:/home/deepak/electronic_ws/install/rtabmap/lib/pkgconfig PYTHONPATH=/home/deepak/electronic_ws/install/rtabmap_msgs/lib/python3.8/site-packages:${PYTHONPATH} ROS_PACKAGE_PATH=/home/deepak/electronic_ws/install/rtabmap_msgs/share /usr/bin/cmake --build /home/deepak/electronic_ws/build/rtabmap_rviz_plugins -- -j8 -l8
[8.271s] DEBUG:colcon.colcon_core.event_handler.log_command:Invoking command in '/home/deepak/electronic_ws/build/rtabmap_rviz_plugins': AMENT_PREFIX_PATH=/home/deepak/electronic_ws/install/rtabmap_conversions:${AMENT_PREFIX_PATH} CMAKE_PREFIX_PATH=/home/deepak/electronic_ws/install/rtabmap_conversions:/opt/ros/foxy:/home/deepak/electronic_ws/install/rtabmap_msgs:/home/deepak/electronic_ws/install/rtabmap LD_LIBRARY_PATH=/home/deepak/electronic_ws/install/rtabmap_conversions/lib:/home/deepak/electronic_ws/install/rtabmap_msgs/lib:/home/deepak/electronic_ws/install/rtabmap/lib:${LD_LIBRARY_PATH} PATH=/home/deepak/electronic_ws/install/rtabmap/bin:${PATH} PKG_CONFIG_PATH=/home/deepak/electronic_ws/install/rtabmap_msgs/lib/x86_64-linux-gnu/pkgconfig:/home/deepak/electronic_ws/install/rtabmap_msgs/lib/pkgconfig:/home/deepak/electronic_ws/install/rtabmap/lib/x86_64-linux-gnu/pkgconfig:/home/deepak/electronic_ws/install/rtabmap/lib/pkgconfig PYTHONPATH=/home/deepak/electronic_ws/install/rtabmap_msgs/lib/python3.8/site-packages:${PYTHONPATH} ROS_PACKAGE_PATH=/home/deepak/electronic_ws/install/rtabmap_msgs/share /usr/bin/cmake --install /home/deepak/electronic_ws/build/rtabmap_rviz_plugins
[8.302s] Level 1:colcon.colcon_core.environment:create_environment_scripts_only(rtabmap_rviz_plugins)
[8.302s] Level 1:colcon.colcon_core.environment:checking '/home/deepak/electronic_ws/install/rtabmap_rviz_plugins' for CMake module files
[8.303s] DEBUG:colcon.colcon_core.event_handler.log_command:Invoked command in '/home/deepak/electronic_ws/build/rtabmap_rviz_plugins' returned '0': AMENT_PREFIX_PATH=/home/deepak/electronic_ws/install/rtabmap_conversions:${AMENT_PREFIX_PATH} CMAKE_PREFIX_PATH=/home/deepak/electronic_ws/install/rtabmap_conversions:/opt/ros/foxy:/home/deepak/electronic_ws/install/rtabmap_msgs:/home/deepak/electronic_ws/install/rtabmap LD_LIBRARY_PATH=/home/deepak/electronic_ws/install/rtabmap_conversions/lib:/home/deepak/electronic_ws/install/rtabmap_msgs/lib:/home/deepak/electronic_ws/install/rtabmap/lib:${LD_LIBRARY_PATH} PATH=/home/deepak/electronic_ws/install/rtabmap/bin:${PATH} PKG_CONFIG_PATH=/home/deepak/electronic_ws/install/rtabmap_msgs/lib/x86_64-linux-gnu/pkgconfig:/home/deepak/electronic_ws/install/rtabmap_msgs/lib/pkgconfig:/home/deepak/electronic_ws/install/rtabmap/lib/x86_64-linux-gnu/pkgconfig:/home/deepak/electronic_ws/install/rtabmap/lib/pkgconfig PYTHONPATH=/home/deepak/electronic_ws/install/rtabmap_msgs/lib/python3.8/site-packages:${PYTHONPATH} ROS_PACKAGE_PATH=/home/deepak/electronic_ws/install/rtabmap_msgs/share /usr/bin/cmake --install /home/deepak/electronic_ws/build/rtabmap_rviz_plugins
[8.303s] Level 1:colcon.colcon_core.environment:checking '/home/deepak/electronic_ws/install/rtabmap_rviz_plugins' for CMake config files
[8.304s] Level 1:colcon.colcon_core.shell:create_environment_hook('rtabmap_rviz_plugins', 'cmake_prefix_path')
[8.304s] INFO:colcon.colcon_core.shell:Creating environment hook '/home/deepak/electronic_ws/install/rtabmap_rviz_plugins/share/rtabmap_rviz_plugins/hook/cmake_prefix_path.ps1'
[8.305s] INFO:colcon.colcon_core.shell:Creating environment descriptor '/home/deepak/electronic_ws/install/rtabmap_rviz_plugins/share/rtabmap_rviz_plugins/hook/cmake_prefix_path.dsv'
[8.305s] INFO:colcon.colcon_core.shell:Creating environment hook '/home/deepak/electronic_ws/install/rtabmap_rviz_plugins/share/rtabmap_rviz_plugins/hook/cmake_prefix_path.sh'
[8.306s] Level 1:colcon.colcon_core.environment:checking '/home/deepak/electronic_ws/install/rtabmap_rviz_plugins/lib'
[8.306s] Level 1:colcon.colcon_core.shell:create_environment_hook('rtabmap_rviz_plugins', 'ld_library_path_lib')
[8.306s] INFO:colcon.colcon_core.shell:Creating environment hook '/home/deepak/electronic_ws/install/rtabmap_rviz_plugins/share/rtabmap_rviz_plugins/hook/ld_library_path_lib.ps1'
[8.306s] INFO:colcon.colcon_core.shell:Creating environment descriptor '/home/deepak/electronic_ws/install/rtabmap_rviz_plugins/share/rtabmap_rviz_plugins/hook/ld_library_path_lib.dsv'
[8.306s] INFO:colcon.colcon_core.shell:Creating environment hook '/home/deepak/electronic_ws/install/rtabmap_rviz_plugins/share/rtabmap_rviz_plugins/hook/ld_library_path_lib.sh'
[8.307s] Level 1:colcon.colcon_core.environment:checking '/home/deepak/electronic_ws/install/rtabmap_rviz_plugins/bin'
[8.307s] Level 1:colcon.colcon_core.environment:checking '/home/deepak/electronic_ws/install/rtabmap_rviz_plugins/lib/pkgconfig/rtabmap_rviz_plugins.pc'
[8.307s] Level 1:colcon.colcon_core.environment:checking '/home/deepak/electronic_ws/install/rtabmap_rviz_plugins/lib/python3.8/site-packages'
[8.307s] Level 1:colcon.colcon_core.environment:checking '/home/deepak/electronic_ws/install/rtabmap_rviz_plugins/bin'
[8.308s] INFO:colcon.colcon_core.shell:Creating package script '/home/deepak/electronic_ws/install/rtabmap_rviz_plugins/share/rtabmap_rviz_plugins/package.ps1'
[8.308s] INFO:colcon.colcon_core.shell:Creating package descriptor '/home/deepak/electronic_ws/install/rtabmap_rviz_plugins/share/rtabmap_rviz_plugins/package.dsv'
[8.308s] INFO:colcon.colcon_core.shell:Creating package script '/home/deepak/electronic_ws/install/rtabmap_rviz_plugins/share/rtabmap_rviz_plugins/package.sh'
[8.309s] INFO:colcon.colcon_core.shell:Creating package script '/home/deepak/electronic_ws/install/rtabmap_rviz_plugins/share/rtabmap_rviz_plugins/package.bash'
[8.309s] INFO:colcon.colcon_core.shell:Creating package script '/home/deepak/electronic_ws/install/rtabmap_rviz_plugins/share/rtabmap_rviz_plugins/package.zsh'
[8.309s] Level 1:colcon.colcon_core.environment:create_file_with_runtime_dependencies(/home/deepak/electronic_ws/install/rtabmap_rviz_plugins/share/colcon-core/packages/rtabmap_rviz_plugins)
[8.310s] Level 1:colcon.colcon_core.environment:create_environment_scripts_only(rtabmap_rviz_plugins)
[8.310s] Level 1:colcon.colcon_core.environment:checking '/home/deepak/electronic_ws/install/rtabmap_rviz_plugins' for CMake module files
[8.310s] Level 1:colcon.colcon_core.environment:checking '/home/deepak/electronic_ws/install/rtabmap_rviz_plugins' for CMake config files
[8.311s] Level 1:colcon.colcon_core.shell:create_environment_hook('rtabmap_rviz_plugins', 'cmake_prefix_path')
[8.311s] INFO:colcon.colcon_core.shell:Creating environment hook '/home/deepak/electronic_ws/install/rtabmap_rviz_plugins/share/rtabmap_rviz_plugins/hook/cmake_prefix_path.ps1'
[8.311s] INFO:colcon.colcon_core.shell:Creating environment descriptor '/home/deepak/electronic_ws/install/rtabmap_rviz_plugins/share/rtabmap_rviz_plugins/hook/cmake_prefix_path.dsv'
[8.311s] INFO:colcon.colcon_core.shell:Creating environment hook '/home/deepak/electronic_ws/install/rtabmap_rviz_plugins/share/rtabmap_rviz_plugins/hook/cmake_prefix_path.sh'
[8.312s] Level 1:colcon.colcon_core.environment:checking '/home/deepak/electronic_ws/install/rtabmap_rviz_plugins/lib'
[8.312s] Level 1:colcon.colcon_core.shell:create_environment_hook('rtabmap_rviz_plugins', 'ld_library_path_lib')
[8.312s] INFO:colcon.colcon_core.shell:Creating environment hook '/home/deepak/electronic_ws/install/rtabmap_rviz_plugins/share/rtabmap_rviz_plugins/hook/ld_library_path_lib.ps1'
[8.312s] INFO:colcon.colcon_core.shell:Creating environment descriptor '/home/deepak/electronic_ws/install/rtabmap_rviz_plugins/share/rtabmap_rviz_plugins/hook/ld_library_path_lib.dsv'
[8.313s] INFO:colcon.colcon_core.shell:Creating environment hook '/home/deepak/electronic_ws/install/rtabmap_rviz_plugins/share/rtabmap_rviz_plugins/hook/ld_library_path_lib.sh'
[8.313s] Level 1:colcon.colcon_core.environment:checking '/home/deepak/electronic_ws/install/rtabmap_rviz_plugins/bin'
[8.313s] Level 1:colcon.colcon_core.environment:checking '/home/deepak/electronic_ws/install/rtabmap_rviz_plugins/lib/pkgconfig/rtabmap_rviz_plugins.pc'
[8.313s] Level 1:colcon.colcon_core.environment:checking '/home/deepak/electronic_ws/install/rtabmap_rviz_plugins/lib/python3.8/site-packages'
[8.313s] Level 1:colcon.colcon_core.environment:checking '/home/deepak/electronic_ws/install/rtabmap_rviz_plugins/bin'
[8.314s] INFO:colcon.colcon_core.shell:Creating package script '/home/deepak/electronic_ws/install/rtabmap_rviz_plugins/share/rtabmap_rviz_plugins/package.ps1'
[8.314s] INFO:colcon.colcon_core.shell:Creating package descriptor '/home/deepak/electronic_ws/install/rtabmap_rviz_plugins/share/rtabmap_rviz_plugins/package.dsv'
[8.315s] INFO:colcon.colcon_core.shell:Creating package script '/home/deepak/electronic_ws/install/rtabmap_rviz_plugins/share/rtabmap_rviz_plugins/package.sh'
[8.315s] INFO:colcon.colcon_core.shell:Creating package script '/home/deepak/electronic_ws/install/rtabmap_rviz_plugins/share/rtabmap_rviz_plugins/package.bash'
[8.315s] INFO:colcon.colcon_core.shell:Creating package script '/home/deepak/electronic_ws/install/rtabmap_rviz_plugins/share/rtabmap_rviz_plugins/package.zsh'
[8.316s] Level 1:colcon.colcon_core.environment:create_file_with_runtime_dependencies(/home/deepak/electronic_ws/install/rtabmap_rviz_plugins/share/colcon-core/packages/rtabmap_rviz_plugins)
[9.516s] DEBUG:colcon.colcon_core.event_handler.log_command:Invoked command in '/home/deepak/electronic_ws/build/rtabmap_util' returned '0': AMENT_PREFIX_PATH=/home/deepak/electronic_ws/install/rtabmap_conversions:${AMENT_PREFIX_PATH} CMAKE_PREFIX_PATH=/home/deepak/electronic_ws/install/rtabmap_conversions:/opt/ros/foxy:/home/deepak/electronic_ws/install/rtabmap_msgs:/home/deepak/electronic_ws/install/rtabmap LD_LIBRARY_PATH=/home/deepak/electronic_ws/install/rtabmap_conversions/lib:/home/deepak/electronic_ws/install/rtabmap_msgs/lib:/home/deepak/electronic_ws/install/rtabmap/lib:${LD_LIBRARY_PATH} PATH=/home/deepak/electronic_ws/install/rtabmap/bin:${PATH} PKG_CONFIG_PATH=/home/deepak/electronic_ws/install/rtabmap_msgs/lib/x86_64-linux-gnu/pkgconfig:/home/deepak/electronic_ws/install/rtabmap_msgs/lib/pkgconfig:/home/deepak/electronic_ws/install/rtabmap/lib/x86_64-linux-gnu/pkgconfig:/home/deepak/electronic_ws/install/rtabmap/lib/pkgconfig PYTHONPATH=/home/deepak/electronic_ws/install/rtabmap_msgs/lib/python3.8/site-packages:${PYTHONPATH} ROS_PACKAGE_PATH=/home/deepak/electronic_ws/install/rtabmap_msgs/share /usr/bin/cmake /home/deepak/electronic_ws/src/rtabmap_ros/rtabmap_util -DCMAKE_INSTALL_PREFIX=/home/deepak/electronic_ws/install/rtabmap_util
[9.518s] DEBUG:colcon.colcon_core.event_handler.log_command:Invoking command in '/home/deepak/electronic_ws/build/rtabmap_util': AMENT_PREFIX_PATH=/home/deepak/electronic_ws/install/rtabmap_conversions:${AMENT_PREFIX_PATH} CMAKE_PREFIX_PATH=/home/deepak/electronic_ws/install/rtabmap_conversions:/opt/ros/foxy:/home/deepak/electronic_ws/install/rtabmap_msgs:/home/deepak/electronic_ws/install/rtabmap LD_LIBRARY_PATH=/home/deepak/electronic_ws/install/rtabmap_conversions/lib:/home/deepak/electronic_ws/install/rtabmap_msgs/lib:/home/deepak/electronic_ws/install/rtabmap/lib:${LD_LIBRARY_PATH} PATH=/home/deepak/electronic_ws/install/rtabmap/bin:${PATH} PKG_CONFIG_PATH=/home/deepak/electronic_ws/install/rtabmap_msgs/lib/x86_64-linux-gnu/pkgconfig:/home/deepak/electronic_ws/install/rtabmap_msgs/lib/pkgconfig:/home/deepak/electronic_ws/install/rtabmap/lib/x86_64-linux-gnu/pkgconfig:/home/deepak/electronic_ws/install/rtabmap/lib/pkgconfig PYTHONPATH=/home/deepak/electronic_ws/install/rtabmap_msgs/lib/python3.8/site-packages:${PYTHONPATH} ROS_PACKAGE_PATH=/home/deepak/electronic_ws/install/rtabmap_msgs/share /usr/bin/cmake --build /home/deepak/electronic_ws/build/rtabmap_util -- -j8 -l8
[9.768s] DEBUG:colcon.colcon_core.event_handler.log_command:Invoked command in '/home/deepak/electronic_ws/build/rtabmap_util' returned '0': AMENT_PREFIX_PATH=/home/deepak/electronic_ws/install/rtabmap_conversions:${AMENT_PREFIX_PATH} CMAKE_PREFIX_PATH=/home/deepak/electronic_ws/install/rtabmap_conversions:/opt/ros/foxy:/home/deepak/electronic_ws/install/rtabmap_msgs:/home/deepak/electronic_ws/install/rtabmap LD_LIBRARY_PATH=/home/deepak/electronic_ws/install/rtabmap_conversions/lib:/home/deepak/electronic_ws/install/rtabmap_msgs/lib:/home/deepak/electronic_ws/install/rtabmap/lib:${LD_LIBRARY_PATH} PATH=/home/deepak/electronic_ws/install/rtabmap/bin:${PATH} PKG_CONFIG_PATH=/home/deepak/electronic_ws/install/rtabmap_msgs/lib/x86_64-linux-gnu/pkgconfig:/home/deepak/electronic_ws/install/rtabmap_msgs/lib/pkgconfig:/home/deepak/electronic_ws/install/rtabmap/lib/x86_64-linux-gnu/pkgconfig:/home/deepak/electronic_ws/install/rtabmap/lib/pkgconfig PYTHONPATH=/home/deepak/electronic_ws/install/rtabmap_msgs/lib/python3.8/site-packages:${PYTHONPATH} ROS_PACKAGE_PATH=/home/deepak/electronic_ws/install/rtabmap_msgs/share /usr/bin/cmake --build /home/deepak/electronic_ws/build/rtabmap_util -- -j8 -l8
[9.771s] DEBUG:colcon.colcon_core.event_handler.log_command:Invoking command in '/home/deepak/electronic_ws/build/rtabmap_util': AMENT_PREFIX_PATH=/home/deepak/electronic_ws/install/rtabmap_conversions:${AMENT_PREFIX_PATH} CMAKE_PREFIX_PATH=/home/deepak/electronic_ws/install/rtabmap_conversions:/opt/ros/foxy:/home/deepak/electronic_ws/install/rtabmap_msgs:/home/deepak/electronic_ws/install/rtabmap LD_LIBRARY_PATH=/home/deepak/electronic_ws/install/rtabmap_conversions/lib:/home/deepak/electronic_ws/install/rtabmap_msgs/lib:/home/deepak/electronic_ws/install/rtabmap/lib:${LD_LIBRARY_PATH} PATH=/home/deepak/electronic_ws/install/rtabmap/bin:${PATH} PKG_CONFIG_PATH=/home/deepak/electronic_ws/install/rtabmap_msgs/lib/x86_64-linux-gnu/pkgconfig:/home/deepak/electronic_ws/install/rtabmap_msgs/lib/pkgconfig:/home/deepak/electronic_ws/install/rtabmap/lib/x86_64-linux-gnu/pkgconfig:/home/deepak/electronic_ws/install/rtabmap/lib/pkgconfig PYTHONPATH=/home/deepak/electronic_ws/install/rtabmap_msgs/lib/python3.8/site-packages:${PYTHONPATH} ROS_PACKAGE_PATH=/home/deepak/electronic_ws/install/rtabmap_msgs/share /usr/bin/cmake --install /home/deepak/electronic_ws/build/rtabmap_util
[9.806s] Level 1:colcon.colcon_core.environment:create_environment_scripts_only(rtabmap_util)
[9.807s] Level 1:colcon.colcon_core.environment:checking '/home/deepak/electronic_ws/install/rtabmap_util' for CMake module files
[9.807s] DEBUG:colcon.colcon_core.event_handler.log_command:Invoked command in '/home/deepak/electronic_ws/build/rtabmap_util' returned '0': AMENT_PREFIX_PATH=/home/deepak/electronic_ws/install/rtabmap_conversions:${AMENT_PREFIX_PATH} CMAKE_PREFIX_PATH=/home/deepak/electronic_ws/install/rtabmap_conversions:/opt/ros/foxy:/home/deepak/electronic_ws/install/rtabmap_msgs:/home/deepak/electronic_ws/install/rtabmap LD_LIBRARY_PATH=/home/deepak/electronic_ws/install/rtabmap_conversions/lib:/home/deepak/electronic_ws/install/rtabmap_msgs/lib:/home/deepak/electronic_ws/install/rtabmap/lib:${LD_LIBRARY_PATH} PATH=/home/deepak/electronic_ws/install/rtabmap/bin:${PATH} PKG_CONFIG_PATH=/home/deepak/electronic_ws/install/rtabmap_msgs/lib/x86_64-linux-gnu/pkgconfig:/home/deepak/electronic_ws/install/rtabmap_msgs/lib/pkgconfig:/home/deepak/electronic_ws/install/rtabmap/lib/x86_64-linux-gnu/pkgconfig:/home/deepak/electronic_ws/install/rtabmap/lib/pkgconfig PYTHONPATH=/home/deepak/electronic_ws/install/rtabmap_msgs/lib/python3.8/site-packages:${PYTHONPATH} ROS_PACKAGE_PATH=/home/deepak/electronic_ws/install/rtabmap_msgs/share /usr/bin/cmake --install /home/deepak/electronic_ws/build/rtabmap_util
[9.808s] Level 1:colcon.colcon_core.environment:checking '/home/deepak/electronic_ws/install/rtabmap_util' for CMake config files
[9.808s] Level 1:colcon.colcon_core.shell:create_environment_hook('rtabmap_util', 'cmake_prefix_path')
[9.809s] INFO:colcon.colcon_core.shell:Creating environment hook '/home/deepak/electronic_ws/install/rtabmap_util/share/rtabmap_util/hook/cmake_prefix_path.ps1'
[9.810s] INFO:colcon.colcon_core.shell:Creating environment descriptor '/home/deepak/electronic_ws/install/rtabmap_util/share/rtabmap_util/hook/cmake_prefix_path.dsv'
[9.810s] INFO:colcon.colcon_core.shell:Creating environment hook '/home/deepak/electronic_ws/install/rtabmap_util/share/rtabmap_util/hook/cmake_prefix_path.sh'
[9.811s] Level 1:colcon.colcon_core.environment:checking '/home/deepak/electronic_ws/install/rtabmap_util/lib'
[9.811s] Level 1:colcon.colcon_core.shell:create_environment_hook('rtabmap_util', 'ld_library_path_lib')
[9.811s] INFO:colcon.colcon_core.shell:Creating environment hook '/home/deepak/electronic_ws/install/rtabmap_util/share/rtabmap_util/hook/ld_library_path_lib.ps1'
[9.812s] INFO:colcon.colcon_core.shell:Creating environment descriptor '/home/deepak/electronic_ws/install/rtabmap_util/share/rtabmap_util/hook/ld_library_path_lib.dsv'
[9.812s] INFO:colcon.colcon_core.shell:Creating environment hook '/home/deepak/electronic_ws/install/rtabmap_util/share/rtabmap_util/hook/ld_library_path_lib.sh'
[9.813s] Level 1:colcon.colcon_core.environment:checking '/home/deepak/electronic_ws/install/rtabmap_util/bin'
[9.813s] Level 1:colcon.colcon_core.environment:checking '/home/deepak/electronic_ws/install/rtabmap_util/lib/pkgconfig/rtabmap_util.pc'
[9.813s] Level 1:colcon.colcon_core.environment:checking '/home/deepak/electronic_ws/install/rtabmap_util/lib/python3.8/site-packages'
[9.813s] Level 1:colcon.colcon_core.environment:checking '/home/deepak/electronic_ws/install/rtabmap_util/bin'
[9.814s] INFO:colcon.colcon_core.shell:Creating package script '/home/deepak/electronic_ws/install/rtabmap_util/share/rtabmap_util/package.ps1'
[9.815s] INFO:colcon.colcon_core.shell:Creating package descriptor '/home/deepak/electronic_ws/install/rtabmap_util/share/rtabmap_util/package.dsv'
[9.815s] INFO:colcon.colcon_core.shell:Creating package script '/home/deepak/electronic_ws/install/rtabmap_util/share/rtabmap_util/package.sh'
[9.816s] INFO:colcon.colcon_core.shell:Creating package script '/home/deepak/electronic_ws/install/rtabmap_util/share/rtabmap_util/package.bash'
[9.816s] INFO:colcon.colcon_core.shell:Creating package script '/home/deepak/electronic_ws/install/rtabmap_util/share/rtabmap_util/package.zsh'
[9.816s] Level 1:colcon.colcon_core.environment:create_file_with_runtime_dependencies(/home/deepak/electronic_ws/install/rtabmap_util/share/colcon-core/packages/rtabmap_util)
[9.818s] Level 1:colcon.colcon_core.environment:create_environment_scripts_only(rtabmap_util)
[9.818s] Level 1:colcon.colcon_core.environment:checking '/home/deepak/electronic_ws/install/rtabmap_util' for CMake module files
[9.819s] Level 1:colcon.colcon_core.environment:checking '/home/deepak/electronic_ws/install/rtabmap_util' for CMake config files
[9.819s] Level 1:colcon.colcon_core.shell:create_environment_hook('rtabmap_util', 'cmake_prefix_path')
[9.819s] INFO:colcon.colcon_core.shell:Creating environment hook '/home/deepak/electronic_ws/install/rtabmap_util/share/rtabmap_util/hook/cmake_prefix_path.ps1'
[9.820s] INFO:colcon.colcon_core.shell:Creating environment descriptor '/home/deepak/electronic_ws/install/rtabmap_util/share/rtabmap_util/hook/cmake_prefix_path.dsv'
[9.820s] INFO:colcon.colcon_core.shell:Creating environment hook '/home/deepak/electronic_ws/install/rtabmap_util/share/rtabmap_util/hook/cmake_prefix_path.sh'
[9.821s] Level 1:colcon.colcon_core.environment:checking '/home/deepak/electronic_ws/install/rtabmap_util/lib'
[9.821s] Level 1:colcon.colcon_core.shell:create_environment_hook('rtabmap_util', 'ld_library_path_lib')
[9.821s] INFO:colcon.colcon_core.shell:Creating environment hook '/home/deepak/electronic_ws/install/rtabmap_util/share/rtabmap_util/hook/ld_library_path_lib.ps1'
[9.822s] INFO:colcon.colcon_core.shell:Creating environment descriptor '/home/deepak/electronic_ws/install/rtabmap_util/share/rtabmap_util/hook/ld_library_path_lib.dsv'
[9.822s] INFO:colcon.colcon_core.shell:Creating environment hook '/home/deepak/electronic_ws/install/rtabmap_util/share/rtabmap_util/hook/ld_library_path_lib.sh'
[9.822s] Level 1:colcon.colcon_core.environment:checking '/home/deepak/electronic_ws/install/rtabmap_util/bin'
[9.822s] Level 1:colcon.colcon_core.environment:checking '/home/deepak/electronic_ws/install/rtabmap_util/lib/pkgconfig/rtabmap_util.pc'
[9.823s] Level 1:colcon.colcon_core.environment:checking '/home/deepak/electronic_ws/install/rtabmap_util/lib/python3.8/site-packages'
[9.823s] Level 1:colcon.colcon_core.environment:checking '/home/deepak/electronic_ws/install/rtabmap_util/bin'
[9.823s] INFO:colcon.colcon_core.shell:Creating package script '/home/deepak/electronic_ws/install/rtabmap_util/share/rtabmap_util/package.ps1'
[9.824s] INFO:colcon.colcon_core.shell:Creating package descriptor '/home/deepak/electronic_ws/install/rtabmap_util/share/rtabmap_util/package.dsv'
[9.825s] INFO:colcon.colcon_core.shell:Creating package script '/home/deepak/electronic_ws/install/rtabmap_util/share/rtabmap_util/package.sh'
[9.825s] INFO:colcon.colcon_core.shell:Creating package script '/home/deepak/electronic_ws/install/rtabmap_util/share/rtabmap_util/package.bash'
[9.826s] INFO:colcon.colcon_core.shell:Creating package script '/home/deepak/electronic_ws/install/rtabmap_util/share/rtabmap_util/package.zsh'
[9.826s] Level 1:colcon.colcon_core.environment:create_file_with_runtime_dependencies(/home/deepak/electronic_ws/install/rtabmap_util/share/colcon-core/packages/rtabmap_util)
[9.827s] INFO:colcon.colcon_ros.task.ament_cmake.build:Building ROS package in '/home/deepak/electronic_ws/src/rtabmap_ros/rtabmap_odom' with build type 'ament_cmake'
[9.827s] INFO:colcon.colcon_cmake.task.cmake.build:Building CMake package in '/home/deepak/electronic_ws/src/rtabmap_ros/rtabmap_odom'
[9.827s] INFO:colcon.colcon_core.shell:Skip shell extension 'powershell' for command environment: Not usable outside of PowerShell
[9.827s] DEBUG:colcon.colcon_core.shell:Skip shell extension 'dsv' for command environment
[9.835s] INFO:colcon.colcon_ros.task.ament_cmake.build:Building ROS package in '/home/deepak/electronic_ws/src/rtabmap_ros/rtabmap_slam' with build type 'ament_cmake'
[9.836s] INFO:colcon.colcon_cmake.task.cmake.build:Building CMake package in '/home/deepak/electronic_ws/src/rtabmap_ros/rtabmap_slam'
[9.836s] INFO:colcon.colcon_core.shell:Skip shell extension 'powershell' for command environment: Not usable outside of PowerShell
[9.836s] DEBUG:colcon.colcon_core.shell:Skip shell extension 'dsv' for command environment
[9.850s] DEBUG:colcon.colcon_core.event_handler.log_command:Invoking command in '/home/deepak/electronic_ws/build/rtabmap_odom': AMENT_PREFIX_PATH=/home/deepak/electronic_ws/install/rtabmap_util:/home/deepak/electronic_ws/install/rtabmap_conversions:${AMENT_PREFIX_PATH} CMAKE_PREFIX_PATH=/home/deepak/electronic_ws/install/rtabmap_util:/home/deepak/electronic_ws/install/rtabmap_conversions:/opt/ros/foxy:/home/deepak/electronic_ws/install/rtabmap_msgs:/home/deepak/electronic_ws/install/rtabmap LD_LIBRARY_PATH=/home/deepak/electronic_ws/install/rtabmap_util/lib:/home/deepak/electronic_ws/install/rtabmap_conversions/lib:/home/deepak/electronic_ws/install/rtabmap_msgs/lib:/home/deepak/electronic_ws/install/rtabmap/lib:${LD_LIBRARY_PATH} PATH=/home/deepak/electronic_ws/install/rtabmap/bin:${PATH} PKG_CONFIG_PATH=/home/deepak/electronic_ws/install/rtabmap_msgs/lib/x86_64-linux-gnu/pkgconfig:/home/deepak/electronic_ws/install/rtabmap_msgs/lib/pkgconfig:/home/deepak/electronic_ws/install/rtabmap/lib/x86_64-linux-gnu/pkgconfig:/home/deepak/electronic_ws/install/rtabmap/lib/pkgconfig PYTHONPATH=/home/deepak/electronic_ws/install/rtabmap_msgs/lib/python3.8/site-packages:${PYTHONPATH} ROS_PACKAGE_PATH=/home/deepak/electronic_ws/install/rtabmap_msgs/share /usr/bin/cmake /home/deepak/electronic_ws/src/rtabmap_ros/rtabmap_odom -DCMAKE_INSTALL_PREFIX=/home/deepak/electronic_ws/install/rtabmap_odom
[9.859s] DEBUG:colcon.colcon_core.event_handler.log_command:Invoking command in '/home/deepak/electronic_ws/build/rtabmap_slam': AMENT_PREFIX_PATH=/home/deepak/electronic_ws/install/rtabmap_util:/home/deepak/electronic_ws/install/rtabmap_sync:/home/deepak/electronic_ws/install/rtabmap_conversions:${AMENT_PREFIX_PATH} CMAKE_PREFIX_PATH=/home/deepak/electronic_ws/install/rtabmap_util:/home/deepak/electronic_ws/install/rtabmap_sync:/home/deepak/electronic_ws/install/rtabmap_conversions:/opt/ros/foxy:/home/deepak/electronic_ws/install/rtabmap_msgs:/home/deepak/electronic_ws/install/rtabmap LD_LIBRARY_PATH=/home/deepak/electronic_ws/install/rtabmap_util/lib:/home/deepak/electronic_ws/install/rtabmap_sync/lib:/home/deepak/electronic_ws/install/rtabmap_conversions/lib:/home/deepak/electronic_ws/install/rtabmap_msgs/lib:/home/deepak/electronic_ws/install/rtabmap/lib:${LD_LIBRARY_PATH} PATH=/home/deepak/electronic_ws/install/rtabmap/bin:${PATH} PKG_CONFIG_PATH=/home/deepak/electronic_ws/install/rtabmap_msgs/lib/x86_64-linux-gnu/pkgconfig:/home/deepak/electronic_ws/install/rtabmap_msgs/lib/pkgconfig:/home/deepak/electronic_ws/install/rtabmap/lib/x86_64-linux-gnu/pkgconfig:/home/deepak/electronic_ws/install/rtabmap/lib/pkgconfig PYTHONPATH=/home/deepak/electronic_ws/install/rtabmap_msgs/lib/python3.8/site-packages:${PYTHONPATH} ROS_PACKAGE_PATH=/home/deepak/electronic_ws/install/rtabmap_msgs/share /usr/bin/cmake /home/deepak/electronic_ws/src/rtabmap_ros/rtabmap_slam -DCMAKE_INSTALL_PREFIX=/home/deepak/electronic_ws/install/rtabmap_slam
[10.442s] DEBUG:colcon.colcon_core.event_handler.log_command:Invoked command in '/home/deepak/electronic_ws/build/rtabmap_viz' returned '0': AMENT_PREFIX_PATH=/home/deepak/electronic_ws/install/rtabmap_sync:/home/deepak/electronic_ws/install/rtabmap_conversions:${AMENT_PREFIX_PATH} CMAKE_PREFIX_PATH=/home/deepak/electronic_ws/install/rtabmap_sync:/home/deepak/electronic_ws/install/rtabmap_conversions:/opt/ros/foxy:/home/deepak/electronic_ws/install/rtabmap_msgs:/home/deepak/electronic_ws/install/rtabmap LD_LIBRARY_PATH=/home/deepak/electronic_ws/install/rtabmap_sync/lib:/home/deepak/electronic_ws/install/rtabmap_conversions/lib:/home/deepak/electronic_ws/install/rtabmap_msgs/lib:/home/deepak/electronic_ws/install/rtabmap/lib:${LD_LIBRARY_PATH} PATH=/home/deepak/electronic_ws/install/rtabmap/bin:${PATH} PKG_CONFIG_PATH=/home/deepak/electronic_ws/install/rtabmap_msgs/lib/x86_64-linux-gnu/pkgconfig:/home/deepak/electronic_ws/install/rtabmap_msgs/lib/pkgconfig:/home/deepak/electronic_ws/install/rtabmap/lib/x86_64-linux-gnu/pkgconfig:/home/deepak/electronic_ws/install/rtabmap/lib/pkgconfig PYTHONPATH=/home/deepak/electronic_ws/install/rtabmap_msgs/lib/python3.8/site-packages:${PYTHONPATH} ROS_PACKAGE_PATH=/home/deepak/electronic_ws/install/rtabmap_msgs/share /usr/bin/cmake /home/deepak/electronic_ws/src/rtabmap_ros/rtabmap_viz -DCMAKE_INSTALL_PREFIX=/home/deepak/electronic_ws/install/rtabmap_viz
[10.445s] DEBUG:colcon.colcon_core.event_handler.log_command:Invoking command in '/home/deepak/electronic_ws/build/rtabmap_viz': AMENT_PREFIX_PATH=/home/deepak/electronic_ws/install/rtabmap_sync:/home/deepak/electronic_ws/install/rtabmap_conversions:${AMENT_PREFIX_PATH} CMAKE_PREFIX_PATH=/home/deepak/electronic_ws/install/rtabmap_sync:/home/deepak/electronic_ws/install/rtabmap_conversions:/opt/ros/foxy:/home/deepak/electronic_ws/install/rtabmap_msgs:/home/deepak/electronic_ws/install/rtabmap LD_LIBRARY_PATH=/home/deepak/electronic_ws/install/rtabmap_sync/lib:/home/deepak/electronic_ws/install/rtabmap_conversions/lib:/home/deepak/electronic_ws/install/rtabmap_msgs/lib:/home/deepak/electronic_ws/install/rtabmap/lib:${LD_LIBRARY_PATH} PATH=/home/deepak/electronic_ws/install/rtabmap/bin:${PATH} PKG_CONFIG_PATH=/home/deepak/electronic_ws/install/rtabmap_msgs/lib/x86_64-linux-gnu/pkgconfig:/home/deepak/electronic_ws/install/rtabmap_msgs/lib/pkgconfig:/home/deepak/electronic_ws/install/rtabmap/lib/x86_64-linux-gnu/pkgconfig:/home/deepak/electronic_ws/install/rtabmap/lib/pkgconfig PYTHONPATH=/home/deepak/electronic_ws/install/rtabmap_msgs/lib/python3.8/site-packages:${PYTHONPATH} ROS_PACKAGE_PATH=/home/deepak/electronic_ws/install/rtabmap_msgs/share /usr/bin/cmake --build /home/deepak/electronic_ws/build/rtabmap_viz -- -j8 -l8
[10.554s] DEBUG:colcon.colcon_core.event_handler.log_command:Invoked command in '/home/deepak/electronic_ws/build/rtabmap_viz' returned '0': AMENT_PREFIX_PATH=/home/deepak/electronic_ws/install/rtabmap_sync:/home/deepak/electronic_ws/install/rtabmap_conversions:${AMENT_PREFIX_PATH} CMAKE_PREFIX_PATH=/home/deepak/electronic_ws/install/rtabmap_sync:/home/deepak/electronic_ws/install/rtabmap_conversions:/opt/ros/foxy:/home/deepak/electronic_ws/install/rtabmap_msgs:/home/deepak/electronic_ws/install/rtabmap LD_LIBRARY_PATH=/home/deepak/electronic_ws/install/rtabmap_sync/lib:/home/deepak/electronic_ws/install/rtabmap_conversions/lib:/home/deepak/electronic_ws/install/rtabmap_msgs/lib:/home/deepak/electronic_ws/install/rtabmap/lib:${LD_LIBRARY_PATH} PATH=/home/deepak/electronic_ws/install/rtabmap/bin:${PATH} PKG_CONFIG_PATH=/home/deepak/electronic_ws/install/rtabmap_msgs/lib/x86_64-linux-gnu/pkgconfig:/home/deepak/electronic_ws/install/rtabmap_msgs/lib/pkgconfig:/home/deepak/electronic_ws/install/rtabmap/lib/x86_64-linux-gnu/pkgconfig:/home/deepak/electronic_ws/install/rtabmap/lib/pkgconfig PYTHONPATH=/home/deepak/electronic_ws/install/rtabmap_msgs/lib/python3.8/site-packages:${PYTHONPATH} ROS_PACKAGE_PATH=/home/deepak/electronic_ws/install/rtabmap_msgs/share /usr/bin/cmake --build /home/deepak/electronic_ws/build/rtabmap_viz -- -j8 -l8
[10.556s] DEBUG:colcon.colcon_core.event_handler.log_command:Invoking command in '/home/deepak/electronic_ws/build/rtabmap_viz': AMENT_PREFIX_PATH=/home/deepak/electronic_ws/install/rtabmap_sync:/home/deepak/electronic_ws/install/rtabmap_conversions:${AMENT_PREFIX_PATH} CMAKE_PREFIX_PATH=/home/deepak/electronic_ws/install/rtabmap_sync:/home/deepak/electronic_ws/install/rtabmap_conversions:/opt/ros/foxy:/home/deepak/electronic_ws/install/rtabmap_msgs:/home/deepak/electronic_ws/install/rtabmap LD_LIBRARY_PATH=/home/deepak/electronic_ws/install/rtabmap_sync/lib:/home/deepak/electronic_ws/install/rtabmap_conversions/lib:/home/deepak/electronic_ws/install/rtabmap_msgs/lib:/home/deepak/electronic_ws/install/rtabmap/lib:${LD_LIBRARY_PATH} PATH=/home/deepak/electronic_ws/install/rtabmap/bin:${PATH} PKG_CONFIG_PATH=/home/deepak/electronic_ws/install/rtabmap_msgs/lib/x86_64-linux-gnu/pkgconfig:/home/deepak/electronic_ws/install/rtabmap_msgs/lib/pkgconfig:/home/deepak/electronic_ws/install/rtabmap/lib/x86_64-linux-gnu/pkgconfig:/home/deepak/electronic_ws/install/rtabmap/lib/pkgconfig PYTHONPATH=/home/deepak/electronic_ws/install/rtabmap_msgs/lib/python3.8/site-packages:${PYTHONPATH} ROS_PACKAGE_PATH=/home/deepak/electronic_ws/install/rtabmap_msgs/share /usr/bin/cmake --install /home/deepak/electronic_ws/build/rtabmap_viz
[10.581s] Level 1:colcon.colcon_core.environment:create_environment_scripts_only(rtabmap_viz)
[10.582s] Level 1:colcon.colcon_core.environment:checking '/home/deepak/electronic_ws/install/rtabmap_viz' for CMake module files
[10.582s] DEBUG:colcon.colcon_core.event_handler.log_command:Invoked command in '/home/deepak/electronic_ws/build/rtabmap_viz' returned '0': AMENT_PREFIX_PATH=/home/deepak/electronic_ws/install/rtabmap_sync:/home/deepak/electronic_ws/install/rtabmap_conversions:${AMENT_PREFIX_PATH} CMAKE_PREFIX_PATH=/home/deepak/electronic_ws/install/rtabmap_sync:/home/deepak/electronic_ws/install/rtabmap_conversions:/opt/ros/foxy:/home/deepak/electronic_ws/install/rtabmap_msgs:/home/deepak/electronic_ws/install/rtabmap LD_LIBRARY_PATH=/home/deepak/electronic_ws/install/rtabmap_sync/lib:/home/deepak/electronic_ws/install/rtabmap_conversions/lib:/home/deepak/electronic_ws/install/rtabmap_msgs/lib:/home/deepak/electronic_ws/install/rtabmap/lib:${LD_LIBRARY_PATH} PATH=/home/deepak/electronic_ws/install/rtabmap/bin:${PATH} PKG_CONFIG_PATH=/home/deepak/electronic_ws/install/rtabmap_msgs/lib/x86_64-linux-gnu/pkgconfig:/home/deepak/electronic_ws/install/rtabmap_msgs/lib/pkgconfig:/home/deepak/electronic_ws/install/rtabmap/lib/x86_64-linux-gnu/pkgconfig:/home/deepak/electronic_ws/install/rtabmap/lib/pkgconfig PYTHONPATH=/home/deepak/electronic_ws/install/rtabmap_msgs/lib/python3.8/site-packages:${PYTHONPATH} ROS_PACKAGE_PATH=/home/deepak/electronic_ws/install/rtabmap_msgs/share /usr/bin/cmake --install /home/deepak/electronic_ws/build/rtabmap_viz
[10.582s] Level 1:colcon.colcon_core.environment:checking '/home/deepak/electronic_ws/install/rtabmap_viz' for CMake config files
[10.583s] Level 1:colcon.colcon_core.shell:create_environment_hook('rtabmap_viz', 'cmake_prefix_path')
[10.583s] INFO:colcon.colcon_core.shell:Creating environment hook '/home/deepak/electronic_ws/install/rtabmap_viz/share/rtabmap_viz/hook/cmake_prefix_path.ps1'
[10.584s] INFO:colcon.colcon_core.shell:Creating environment descriptor '/home/deepak/electronic_ws/install/rtabmap_viz/share/rtabmap_viz/hook/cmake_prefix_path.dsv'
[10.584s] INFO:colcon.colcon_core.shell:Creating environment hook '/home/deepak/electronic_ws/install/rtabmap_viz/share/rtabmap_viz/hook/cmake_prefix_path.sh'
[10.585s] Level 1:colcon.colcon_core.environment:checking '/home/deepak/electronic_ws/install/rtabmap_viz/lib'
[10.585s] Level 1:colcon.colcon_core.environment:checking '/home/deepak/electronic_ws/install/rtabmap_viz/bin'
[10.585s] Level 1:colcon.colcon_core.environment:checking '/home/deepak/electronic_ws/install/rtabmap_viz/lib/pkgconfig/rtabmap_viz.pc'
[10.585s] Level 1:colcon.colcon_core.environment:checking '/home/deepak/electronic_ws/install/rtabmap_viz/lib/python3.8/site-packages'
[10.585s] Level 1:colcon.colcon_core.environment:checking '/home/deepak/electronic_ws/install/rtabmap_viz/bin'
[10.586s] INFO:colcon.colcon_core.shell:Creating package script '/home/deepak/electronic_ws/install/rtabmap_viz/share/rtabmap_viz/package.ps1'
[10.586s] INFO:colcon.colcon_core.shell:Creating package descriptor '/home/deepak/electronic_ws/install/rtabmap_viz/share/rtabmap_viz/package.dsv'
[10.586s] INFO:colcon.colcon_core.shell:Creating package script '/home/deepak/electronic_ws/install/rtabmap_viz/share/rtabmap_viz/package.sh'
[10.587s] INFO:colcon.colcon_core.shell:Creating package script '/home/deepak/electronic_ws/install/rtabmap_viz/share/rtabmap_viz/package.bash'
[10.587s] INFO:colcon.colcon_core.shell:Creating package script '/home/deepak/electronic_ws/install/rtabmap_viz/share/rtabmap_viz/package.zsh'
[10.587s] Level 1:colcon.colcon_core.environment:create_file_with_runtime_dependencies(/home/deepak/electronic_ws/install/rtabmap_viz/share/colcon-core/packages/rtabmap_viz)
[10.588s] Level 1:colcon.colcon_core.environment:create_environment_scripts_only(rtabmap_viz)
[10.588s] Level 1:colcon.colcon_core.environment:checking '/home/deepak/electronic_ws/install/rtabmap_viz' for CMake module files
[10.589s] Level 1:colcon.colcon_core.environment:checking '/home/deepak/electronic_ws/install/rtabmap_viz' for CMake config files
[10.589s] Level 1:colcon.colcon_core.shell:create_environment_hook('rtabmap_viz', 'cmake_prefix_path')
[10.589s] INFO:colcon.colcon_core.shell:Creating environment hook '/home/deepak/electronic_ws/install/rtabmap_viz/share/rtabmap_viz/hook/cmake_prefix_path.ps1'
[10.589s] INFO:colcon.colcon_core.shell:Creating environment descriptor '/home/deepak/electronic_ws/install/rtabmap_viz/share/rtabmap_viz/hook/cmake_prefix_path.dsv'
[10.590s] INFO:colcon.colcon_core.shell:Creating environment hook '/home/deepak/electronic_ws/install/rtabmap_viz/share/rtabmap_viz/hook/cmake_prefix_path.sh'
[10.590s] Level 1:colcon.colcon_core.environment:checking '/home/deepak/electronic_ws/install/rtabmap_viz/lib'
[10.590s] Level 1:colcon.colcon_core.environment:checking '/home/deepak/electronic_ws/install/rtabmap_viz/bin'
[10.590s] Level 1:colcon.colcon_core.environment:checking '/home/deepak/electronic_ws/install/rtabmap_viz/lib/pkgconfig/rtabmap_viz.pc'
[10.590s] Level 1:colcon.colcon_core.environment:checking '/home/deepak/electronic_ws/install/rtabmap_viz/lib/python3.8/site-packages'
[10.591s] Level 1:colcon.colcon_core.environment:checking '/home/deepak/electronic_ws/install/rtabmap_viz/bin'
[10.591s] INFO:colcon.colcon_core.shell:Creating package script '/home/deepak/electronic_ws/install/rtabmap_viz/share/rtabmap_viz/package.ps1'
[10.591s] INFO:colcon.colcon_core.shell:Creating package descriptor '/home/deepak/electronic_ws/install/rtabmap_viz/share/rtabmap_viz/package.dsv'
[10.592s] INFO:colcon.colcon_core.shell:Creating package script '/home/deepak/electronic_ws/install/rtabmap_viz/share/rtabmap_viz/package.sh'
[10.592s] INFO:colcon.colcon_core.shell:Creating package script '/home/deepak/electronic_ws/install/rtabmap_viz/share/rtabmap_viz/package.bash'
[10.592s] INFO:colcon.colcon_core.shell:Creating package script '/home/deepak/electronic_ws/install/rtabmap_viz/share/rtabmap_viz/package.zsh'
[10.593s] Level 1:colcon.colcon_core.environment:create_file_with_runtime_dependencies(/home/deepak/electronic_ws/install/rtabmap_viz/share/colcon-core/packages/rtabmap_viz)
[13.127s] DEBUG:colcon.colcon_core.event_handler.log_command:Invoked command in '/home/deepak/electronic_ws/build/rtabmap_slam' returned '0': AMENT_PREFIX_PATH=/home/deepak/electronic_ws/install/rtabmap_util:/home/deepak/electronic_ws/install/rtabmap_sync:/home/deepak/electronic_ws/install/rtabmap_conversions:${AMENT_PREFIX_PATH} CMAKE_PREFIX_PATH=/home/deepak/electronic_ws/install/rtabmap_util:/home/deepak/electronic_ws/install/rtabmap_sync:/home/deepak/electronic_ws/install/rtabmap_conversions:/opt/ros/foxy:/home/deepak/electronic_ws/install/rtabmap_msgs:/home/deepak/electronic_ws/install/rtabmap LD_LIBRARY_PATH=/home/deepak/electronic_ws/install/rtabmap_util/lib:/home/deepak/electronic_ws/install/rtabmap_sync/lib:/home/deepak/electronic_ws/install/rtabmap_conversions/lib:/home/deepak/electronic_ws/install/rtabmap_msgs/lib:/home/deepak/electronic_ws/install/rtabmap/lib:${LD_LIBRARY_PATH} PATH=/home/deepak/electronic_ws/install/rtabmap/bin:${PATH} PKG_CONFIG_PATH=/home/deepak/electronic_ws/install/rtabmap_msgs/lib/x86_64-linux-gnu/pkgconfig:/home/deepak/electronic_ws/install/rtabmap_msgs/lib/pkgconfig:/home/deepak/electronic_ws/install/rtabmap/lib/x86_64-linux-gnu/pkgconfig:/home/deepak/electronic_ws/install/rtabmap/lib/pkgconfig PYTHONPATH=/home/deepak/electronic_ws/install/rtabmap_msgs/lib/python3.8/site-packages:${PYTHONPATH} ROS_PACKAGE_PATH=/home/deepak/electronic_ws/install/rtabmap_msgs/share /usr/bin/cmake /home/deepak/electronic_ws/src/rtabmap_ros/rtabmap_slam -DCMAKE_INSTALL_PREFIX=/home/deepak/electronic_ws/install/rtabmap_slam
[13.130s] DEBUG:colcon.colcon_core.event_handler.log_command:Invoking command in '/home/deepak/electronic_ws/build/rtabmap_slam': AMENT_PREFIX_PATH=/home/deepak/electronic_ws/install/rtabmap_util:/home/deepak/electronic_ws/install/rtabmap_sync:/home/deepak/electronic_ws/install/rtabmap_conversions:${AMENT_PREFIX_PATH} CMAKE_PREFIX_PATH=/home/deepak/electronic_ws/install/rtabmap_util:/home/deepak/electronic_ws/install/rtabmap_sync:/home/deepak/electronic_ws/install/rtabmap_conversions:/opt/ros/foxy:/home/deepak/electronic_ws/install/rtabmap_msgs:/home/deepak/electronic_ws/install/rtabmap LD_LIBRARY_PATH=/home/deepak/electronic_ws/install/rtabmap_util/lib:/home/deepak/electronic_ws/install/rtabmap_sync/lib:/home/deepak/electronic_ws/install/rtabmap_conversions/lib:/home/deepak/electronic_ws/install/rtabmap_msgs/lib:/home/deepak/electronic_ws/install/rtabmap/lib:${LD_LIBRARY_PATH} PATH=/home/deepak/electronic_ws/install/rtabmap/bin:${PATH} PKG_CONFIG_PATH=/home/deepak/electronic_ws/install/rtabmap_msgs/lib/x86_64-linux-gnu/pkgconfig:/home/deepak/electronic_ws/install/rtabmap_msgs/lib/pkgconfig:/home/deepak/electronic_ws/install/rtabmap/lib/x86_64-linux-gnu/pkgconfig:/home/deepak/electronic_ws/install/rtabmap/lib/pkgconfig PYTHONPATH=/home/deepak/electronic_ws/install/rtabmap_msgs/lib/python3.8/site-packages:${PYTHONPATH} ROS_PACKAGE_PATH=/home/deepak/electronic_ws/install/rtabmap_msgs/share /usr/bin/cmake --build /home/deepak/electronic_ws/build/rtabmap_slam -- -j8 -l8
[13.259s] DEBUG:colcon.colcon_core.event_handler.log_command:Invoked command in '/home/deepak/electronic_ws/build/rtabmap_odom' returned '0': AMENT_PREFIX_PATH=/home/deepak/electronic_ws/install/rtabmap_util:/home/deepak/electronic_ws/install/rtabmap_conversions:${AMENT_PREFIX_PATH} CMAKE_PREFIX_PATH=/home/deepak/electronic_ws/install/rtabmap_util:/home/deepak/electronic_ws/install/rtabmap_conversions:/opt/ros/foxy:/home/deepak/electronic_ws/install/rtabmap_msgs:/home/deepak/electronic_ws/install/rtabmap LD_LIBRARY_PATH=/home/deepak/electronic_ws/install/rtabmap_util/lib:/home/deepak/electronic_ws/install/rtabmap_conversions/lib:/home/deepak/electronic_ws/install/rtabmap_msgs/lib:/home/deepak/electronic_ws/install/rtabmap/lib:${LD_LIBRARY_PATH} PATH=/home/deepak/electronic_ws/install/rtabmap/bin:${PATH} PKG_CONFIG_PATH=/home/deepak/electronic_ws/install/rtabmap_msgs/lib/x86_64-linux-gnu/pkgconfig:/home/deepak/electronic_ws/install/rtabmap_msgs/lib/pkgconfig:/home/deepak/electronic_ws/install/rtabmap/lib/x86_64-linux-gnu/pkgconfig:/home/deepak/electronic_ws/install/rtabmap/lib/pkgconfig PYTHONPATH=/home/deepak/electronic_ws/install/rtabmap_msgs/lib/python3.8/site-packages:${PYTHONPATH} ROS_PACKAGE_PATH=/home/deepak/electronic_ws/install/rtabmap_msgs/share /usr/bin/cmake /home/deepak/electronic_ws/src/rtabmap_ros/rtabmap_odom -DCMAKE_INSTALL_PREFIX=/home/deepak/electronic_ws/install/rtabmap_odom
[13.262s] DEBUG:colcon.colcon_core.event_handler.log_command:Invoking command in '/home/deepak/electronic_ws/build/rtabmap_odom': AMENT_PREFIX_PATH=/home/deepak/electronic_ws/install/rtabmap_util:/home/deepak/electronic_ws/install/rtabmap_conversions:${AMENT_PREFIX_PATH} CMAKE_PREFIX_PATH=/home/deepak/electronic_ws/install/rtabmap_util:/home/deepak/electronic_ws/install/rtabmap_conversions:/opt/ros/foxy:/home/deepak/electronic_ws/install/rtabmap_msgs:/home/deepak/electronic_ws/install/rtabmap LD_LIBRARY_PATH=/home/deepak/electronic_ws/install/rtabmap_util/lib:/home/deepak/electronic_ws/install/rtabmap_conversions/lib:/home/deepak/electronic_ws/install/rtabmap_msgs/lib:/home/deepak/electronic_ws/install/rtabmap/lib:${LD_LIBRARY_PATH} PATH=/home/deepak/electronic_ws/install/rtabmap/bin:${PATH} PKG_CONFIG_PATH=/home/deepak/electronic_ws/install/rtabmap_msgs/lib/x86_64-linux-gnu/pkgconfig:/home/deepak/electronic_ws/install/rtabmap_msgs/lib/pkgconfig:/home/deepak/electronic_ws/install/rtabmap/lib/x86_64-linux-gnu/pkgconfig:/home/deepak/electronic_ws/install/rtabmap/lib/pkgconfig PYTHONPATH=/home/deepak/electronic_ws/install/rtabmap_msgs/lib/python3.8/site-packages:${PYTHONPATH} ROS_PACKAGE_PATH=/home/deepak/electronic_ws/install/rtabmap_msgs/share /usr/bin/cmake --build /home/deepak/electronic_ws/build/rtabmap_odom -- -j8 -l8
[13.297s] DEBUG:colcon.colcon_core.event_handler.log_command:Invoked command in '/home/deepak/electronic_ws/build/rtabmap_slam' returned '0': AMENT_PREFIX_PATH=/home/deepak/electronic_ws/install/rtabmap_util:/home/deepak/electronic_ws/install/rtabmap_sync:/home/deepak/electronic_ws/install/rtabmap_conversions:${AMENT_PREFIX_PATH} CMAKE_PREFIX_PATH=/home/deepak/electronic_ws/install/rtabmap_util:/home/deepak/electronic_ws/install/rtabmap_sync:/home/deepak/electronic_ws/install/rtabmap_conversions:/opt/ros/foxy:/home/deepak/electronic_ws/install/rtabmap_msgs:/home/deepak/electronic_ws/install/rtabmap LD_LIBRARY_PATH=/home/deepak/electronic_ws/install/rtabmap_util/lib:/home/deepak/electronic_ws/install/rtabmap_sync/lib:/home/deepak/electronic_ws/install/rtabmap_conversions/lib:/home/deepak/electronic_ws/install/rtabmap_msgs/lib:/home/deepak/electronic_ws/install/rtabmap/lib:${LD_LIBRARY_PATH} PATH=/home/deepak/electronic_ws/install/rtabmap/bin:${PATH} PKG_CONFIG_PATH=/home/deepak/electronic_ws/install/rtabmap_msgs/lib/x86_64-linux-gnu/pkgconfig:/home/deepak/electronic_ws/install/rtabmap_msgs/lib/pkgconfig:/home/deepak/electronic_ws/install/rtabmap/lib/x86_64-linux-gnu/pkgconfig:/home/deepak/electronic_ws/install/rtabmap/lib/pkgconfig PYTHONPATH=/home/deepak/electronic_ws/install/rtabmap_msgs/lib/python3.8/site-packages:${PYTHONPATH} ROS_PACKAGE_PATH=/home/deepak/electronic_ws/install/rtabmap_msgs/share /usr/bin/cmake --build /home/deepak/electronic_ws/build/rtabmap_slam -- -j8 -l8
[13.300s] DEBUG:colcon.colcon_core.event_handler.log_command:Invoking command in '/home/deepak/electronic_ws/build/rtabmap_slam': AMENT_PREFIX_PATH=/home/deepak/electronic_ws/install/rtabmap_util:/home/deepak/electronic_ws/install/rtabmap_sync:/home/deepak/electronic_ws/install/rtabmap_conversions:${AMENT_PREFIX_PATH} CMAKE_PREFIX_PATH=/home/deepak/electronic_ws/install/rtabmap_util:/home/deepak/electronic_ws/install/rtabmap_sync:/home/deepak/electronic_ws/install/rtabmap_conversions:/opt/ros/foxy:/home/deepak/electronic_ws/install/rtabmap_msgs:/home/deepak/electronic_ws/install/rtabmap LD_LIBRARY_PATH=/home/deepak/electronic_ws/install/rtabmap_util/lib:/home/deepak/electronic_ws/install/rtabmap_sync/lib:/home/deepak/electronic_ws/install/rtabmap_conversions/lib:/home/deepak/electronic_ws/install/rtabmap_msgs/lib:/home/deepak/electronic_ws/install/rtabmap/lib:${LD_LIBRARY_PATH} PATH=/home/deepak/electronic_ws/install/rtabmap/bin:${PATH} PKG_CONFIG_PATH=/home/deepak/electronic_ws/install/rtabmap_msgs/lib/x86_64-linux-gnu/pkgconfig:/home/deepak/electronic_ws/install/rtabmap_msgs/lib/pkgconfig:/home/deepak/electronic_ws/install/rtabmap/lib/x86_64-linux-gnu/pkgconfig:/home/deepak/electronic_ws/install/rtabmap/lib/pkgconfig PYTHONPATH=/home/deepak/electronic_ws/install/rtabmap_msgs/lib/python3.8/site-packages:${PYTHONPATH} ROS_PACKAGE_PATH=/home/deepak/electronic_ws/install/rtabmap_msgs/share /usr/bin/cmake --install /home/deepak/electronic_ws/build/rtabmap_slam
[13.332s] Level 1:colcon.colcon_core.environment:create_environment_scripts_only(rtabmap_slam)
[13.333s] DEBUG:colcon.colcon_core.event_handler.log_command:Invoked command in '/home/deepak/electronic_ws/build/rtabmap_slam' returned '0': AMENT_PREFIX_PATH=/home/deepak/electronic_ws/install/rtabmap_util:/home/deepak/electronic_ws/install/rtabmap_sync:/home/deepak/electronic_ws/install/rtabmap_conversions:${AMENT_PREFIX_PATH} CMAKE_PREFIX_PATH=/home/deepak/electronic_ws/install/rtabmap_util:/home/deepak/electronic_ws/install/rtabmap_sync:/home/deepak/electronic_ws/install/rtabmap_conversions:/opt/ros/foxy:/home/deepak/electronic_ws/install/rtabmap_msgs:/home/deepak/electronic_ws/install/rtabmap LD_LIBRARY_PATH=/home/deepak/electronic_ws/install/rtabmap_util/lib:/home/deepak/electronic_ws/install/rtabmap_sync/lib:/home/deepak/electronic_ws/install/rtabmap_conversions/lib:/home/deepak/electronic_ws/install/rtabmap_msgs/lib:/home/deepak/electronic_ws/install/rtabmap/lib:${LD_LIBRARY_PATH} PATH=/home/deepak/electronic_ws/install/rtabmap/bin:${PATH} PKG_CONFIG_PATH=/home/deepak/electronic_ws/install/rtabmap_msgs/lib/x86_64-linux-gnu/pkgconfig:/home/deepak/electronic_ws/install/rtabmap_msgs/lib/pkgconfig:/home/deepak/electronic_ws/install/rtabmap/lib/x86_64-linux-gnu/pkgconfig:/home/deepak/electronic_ws/install/rtabmap/lib/pkgconfig PYTHONPATH=/home/deepak/electronic_ws/install/rtabmap_msgs/lib/python3.8/site-packages:${PYTHONPATH} ROS_PACKAGE_PATH=/home/deepak/electronic_ws/install/rtabmap_msgs/share /usr/bin/cmake --install /home/deepak/electronic_ws/build/rtabmap_slam
[13.333s] Level 1:colcon.colcon_core.environment:checking '/home/deepak/electronic_ws/install/rtabmap_slam' for CMake module files
[13.334s] Level 1:colcon.colcon_core.environment:checking '/home/deepak/electronic_ws/install/rtabmap_slam' for CMake config files
[13.334s] Level 1:colcon.colcon_core.shell:create_environment_hook('rtabmap_slam', 'cmake_prefix_path')
[13.335s] INFO:colcon.colcon_core.shell:Creating environment hook '/home/deepak/electronic_ws/install/rtabmap_slam/share/rtabmap_slam/hook/cmake_prefix_path.ps1'
[13.335s] INFO:colcon.colcon_core.shell:Creating environment descriptor '/home/deepak/electronic_ws/install/rtabmap_slam/share/rtabmap_slam/hook/cmake_prefix_path.dsv'
[13.336s] INFO:colcon.colcon_core.shell:Creating environment hook '/home/deepak/electronic_ws/install/rtabmap_slam/share/rtabmap_slam/hook/cmake_prefix_path.sh'
[13.336s] Level 1:colcon.colcon_core.environment:checking '/home/deepak/electronic_ws/install/rtabmap_slam/lib'
[13.336s] Level 1:colcon.colcon_core.shell:create_environment_hook('rtabmap_slam', 'ld_library_path_lib')
[13.337s] INFO:colcon.colcon_core.shell:Creating environment hook '/home/deepak/electronic_ws/install/rtabmap_slam/share/rtabmap_slam/hook/ld_library_path_lib.ps1'
[13.337s] INFO:colcon.colcon_core.shell:Creating environment descriptor '/home/deepak/electronic_ws/install/rtabmap_slam/share/rtabmap_slam/hook/ld_library_path_lib.dsv'
[13.337s] INFO:colcon.colcon_core.shell:Creating environment hook '/home/deepak/electronic_ws/install/rtabmap_slam/share/rtabmap_slam/hook/ld_library_path_lib.sh'
[13.337s] Level 1:colcon.colcon_core.environment:checking '/home/deepak/electronic_ws/install/rtabmap_slam/bin'
[13.337s] Level 1:colcon.colcon_core.environment:checking '/home/deepak/electronic_ws/install/rtabmap_slam/lib/pkgconfig/rtabmap_slam.pc'
[13.338s] Level 1:colcon.colcon_core.environment:checking '/home/deepak/electronic_ws/install/rtabmap_slam/lib/python3.8/site-packages'
[13.338s] Level 1:colcon.colcon_core.environment:checking '/home/deepak/electronic_ws/install/rtabmap_slam/bin'
[13.338s] INFO:colcon.colcon_core.shell:Creating package script '/home/deepak/electronic_ws/install/rtabmap_slam/share/rtabmap_slam/package.ps1'
[13.339s] INFO:colcon.colcon_core.shell:Creating package descriptor '/home/deepak/electronic_ws/install/rtabmap_slam/share/rtabmap_slam/package.dsv'
[13.339s] INFO:colcon.colcon_core.shell:Creating package script '/home/deepak/electronic_ws/install/rtabmap_slam/share/rtabmap_slam/package.sh'
[13.339s] INFO:colcon.colcon_core.shell:Creating package script '/home/deepak/electronic_ws/install/rtabmap_slam/share/rtabmap_slam/package.bash'
[13.340s] INFO:colcon.colcon_core.shell:Creating package script '/home/deepak/electronic_ws/install/rtabmap_slam/share/rtabmap_slam/package.zsh'
[13.340s] Level 1:colcon.colcon_core.environment:create_file_with_runtime_dependencies(/home/deepak/electronic_ws/install/rtabmap_slam/share/colcon-core/packages/rtabmap_slam)
[13.340s] Level 1:colcon.colcon_core.environment:create_environment_scripts_only(rtabmap_slam)
[13.341s] Level 1:colcon.colcon_core.environment:checking '/home/deepak/electronic_ws/install/rtabmap_slam' for CMake module files
[13.341s] Level 1:colcon.colcon_core.environment:checking '/home/deepak/electronic_ws/install/rtabmap_slam' for CMake config files
[13.341s] Level 1:colcon.colcon_core.shell:create_environment_hook('rtabmap_slam', 'cmake_prefix_path')
[13.342s] INFO:colcon.colcon_core.shell:Creating environment hook '/home/deepak/electronic_ws/install/rtabmap_slam/share/rtabmap_slam/hook/cmake_prefix_path.ps1'
[13.342s] INFO:colcon.colcon_core.shell:Creating environment descriptor '/home/deepak/electronic_ws/install/rtabmap_slam/share/rtabmap_slam/hook/cmake_prefix_path.dsv'
[13.342s] INFO:colcon.colcon_core.shell:Creating environment hook '/home/deepak/electronic_ws/install/rtabmap_slam/share/rtabmap_slam/hook/cmake_prefix_path.sh'
[13.343s] Level 1:colcon.colcon_core.environment:checking '/home/deepak/electronic_ws/install/rtabmap_slam/lib'
[13.343s] Level 1:colcon.colcon_core.shell:create_environment_hook('rtabmap_slam', 'ld_library_path_lib')
[13.343s] INFO:colcon.colcon_core.shell:Creating environment hook '/home/deepak/electronic_ws/install/rtabmap_slam/share/rtabmap_slam/hook/ld_library_path_lib.ps1'
[13.343s] INFO:colcon.colcon_core.shell:Creating environment descriptor '/home/deepak/electronic_ws/install/rtabmap_slam/share/rtabmap_slam/hook/ld_library_path_lib.dsv'
[13.343s] INFO:colcon.colcon_core.shell:Creating environment hook '/home/deepak/electronic_ws/install/rtabmap_slam/share/rtabmap_slam/hook/ld_library_path_lib.sh'
[13.344s] Level 1:colcon.colcon_core.environment:checking '/home/deepak/electronic_ws/install/rtabmap_slam/bin'
[13.344s] Level 1:colcon.colcon_core.environment:checking '/home/deepak/electronic_ws/install/rtabmap_slam/lib/pkgconfig/rtabmap_slam.pc'
[13.344s] Level 1:colcon.colcon_core.environment:checking '/home/deepak/electronic_ws/install/rtabmap_slam/lib/python3.8/site-packages'
[13.344s] Level 1:colcon.colcon_core.environment:checking '/home/deepak/electronic_ws/install/rtabmap_slam/bin'
[13.344s] INFO:colcon.colcon_core.shell:Creating package script '/home/deepak/electronic_ws/install/rtabmap_slam/share/rtabmap_slam/package.ps1'
[13.345s] INFO:colcon.colcon_core.shell:Creating package descriptor '/home/deepak/electronic_ws/install/rtabmap_slam/share/rtabmap_slam/package.dsv'
[13.345s] INFO:colcon.colcon_core.shell:Creating package script '/home/deepak/electronic_ws/install/rtabmap_slam/share/rtabmap_slam/package.sh'
[13.346s] INFO:colcon.colcon_core.shell:Creating package script '/home/deepak/electronic_ws/install/rtabmap_slam/share/rtabmap_slam/package.bash'
[13.346s] INFO:colcon.colcon_core.shell:Creating package script '/home/deepak/electronic_ws/install/rtabmap_slam/share/rtabmap_slam/package.zsh'
[13.346s] Level 1:colcon.colcon_core.environment:create_file_with_runtime_dependencies(/home/deepak/electronic_ws/install/rtabmap_slam/share/colcon-core/packages/rtabmap_slam)
[13.524s] DEBUG:colcon.colcon_core.event_handler.log_command:Invoked command in '/home/deepak/electronic_ws/build/rtabmap_odom' returned '0': AMENT_PREFIX_PATH=/home/deepak/electronic_ws/install/rtabmap_util:/home/deepak/electronic_ws/install/rtabmap_conversions:${AMENT_PREFIX_PATH} CMAKE_PREFIX_PATH=/home/deepak/electronic_ws/install/rtabmap_util:/home/deepak/electronic_ws/install/rtabmap_conversions:/opt/ros/foxy:/home/deepak/electronic_ws/install/rtabmap_msgs:/home/deepak/electronic_ws/install/rtabmap LD_LIBRARY_PATH=/home/deepak/electronic_ws/install/rtabmap_util/lib:/home/deepak/electronic_ws/install/rtabmap_conversions/lib:/home/deepak/electronic_ws/install/rtabmap_msgs/lib:/home/deepak/electronic_ws/install/rtabmap/lib:${LD_LIBRARY_PATH} PATH=/home/deepak/electronic_ws/install/rtabmap/bin:${PATH} PKG_CONFIG_PATH=/home/deepak/electronic_ws/install/rtabmap_msgs/lib/x86_64-linux-gnu/pkgconfig:/home/deepak/electronic_ws/install/rtabmap_msgs/lib/pkgconfig:/home/deepak/electronic_ws/install/rtabmap/lib/x86_64-linux-gnu/pkgconfig:/home/deepak/electronic_ws/install/rtabmap/lib/pkgconfig PYTHONPATH=/home/deepak/electronic_ws/install/rtabmap_msgs/lib/python3.8/site-packages:${PYTHONPATH} ROS_PACKAGE_PATH=/home/deepak/electronic_ws/install/rtabmap_msgs/share /usr/bin/cmake --build /home/deepak/electronic_ws/build/rtabmap_odom -- -j8 -l8
[13.527s] DEBUG:colcon.colcon_core.event_handler.log_command:Invoking command in '/home/deepak/electronic_ws/build/rtabmap_odom': AMENT_PREFIX_PATH=/home/deepak/electronic_ws/install/rtabmap_util:/home/deepak/electronic_ws/install/rtabmap_conversions:${AMENT_PREFIX_PATH} CMAKE_PREFIX_PATH=/home/deepak/electronic_ws/install/rtabmap_util:/home/deepak/electronic_ws/install/rtabmap_conversions:/opt/ros/foxy:/home/deepak/electronic_ws/install/rtabmap_msgs:/home/deepak/electronic_ws/install/rtabmap LD_LIBRARY_PATH=/home/deepak/electronic_ws/install/rtabmap_util/lib:/home/deepak/electronic_ws/install/rtabmap_conversions/lib:/home/deepak/electronic_ws/install/rtabmap_msgs/lib:/home/deepak/electronic_ws/install/rtabmap/lib:${LD_LIBRARY_PATH} PATH=/home/deepak/electronic_ws/install/rtabmap/bin:${PATH} PKG_CONFIG_PATH=/home/deepak/electronic_ws/install/rtabmap_msgs/lib/x86_64-linux-gnu/pkgconfig:/home/deepak/electronic_ws/install/rtabmap_msgs/lib/pkgconfig:/home/deepak/electronic_ws/install/rtabmap/lib/x86_64-linux-gnu/pkgconfig:/home/deepak/electronic_ws/install/rtabmap/lib/pkgconfig PYTHONPATH=/home/deepak/electronic_ws/install/rtabmap_msgs/lib/python3.8/site-packages:${PYTHONPATH} ROS_PACKAGE_PATH=/home/deepak/electronic_ws/install/rtabmap_msgs/share /usr/bin/cmake --install /home/deepak/electronic_ws/build/rtabmap_odom
[13.568s] Level 1:colcon.colcon_core.environment:create_environment_scripts_only(rtabmap_odom)
[13.568s] DEBUG:colcon.colcon_core.event_handler.log_command:Invoked command in '/home/deepak/electronic_ws/build/rtabmap_odom' returned '0': AMENT_PREFIX_PATH=/home/deepak/electronic_ws/install/rtabmap_util:/home/deepak/electronic_ws/install/rtabmap_conversions:${AMENT_PREFIX_PATH} CMAKE_PREFIX_PATH=/home/deepak/electronic_ws/install/rtabmap_util:/home/deepak/electronic_ws/install/rtabmap_conversions:/opt/ros/foxy:/home/deepak/electronic_ws/install/rtabmap_msgs:/home/deepak/electronic_ws/install/rtabmap LD_LIBRARY_PATH=/home/deepak/electronic_ws/install/rtabmap_util/lib:/home/deepak/electronic_ws/install/rtabmap_conversions/lib:/home/deepak/electronic_ws/install/rtabmap_msgs/lib:/home/deepak/electronic_ws/install/rtabmap/lib:${LD_LIBRARY_PATH} PATH=/home/deepak/electronic_ws/install/rtabmap/bin:${PATH} PKG_CONFIG_PATH=/home/deepak/electronic_ws/install/rtabmap_msgs/lib/x86_64-linux-gnu/pkgconfig:/home/deepak/electronic_ws/install/rtabmap_msgs/lib/pkgconfig:/home/deepak/electronic_ws/install/rtabmap/lib/x86_64-linux-gnu/pkgconfig:/home/deepak/electronic_ws/install/rtabmap/lib/pkgconfig PYTHONPATH=/home/deepak/electronic_ws/install/rtabmap_msgs/lib/python3.8/site-packages:${PYTHONPATH} ROS_PACKAGE_PATH=/home/deepak/electronic_ws/install/rtabmap_msgs/share /usr/bin/cmake --install /home/deepak/electronic_ws/build/rtabmap_odom
[13.569s] Level 1:colcon.colcon_core.environment:checking '/home/deepak/electronic_ws/install/rtabmap_odom' for CMake module files
[13.570s] Level 1:colcon.colcon_core.environment:checking '/home/deepak/electronic_ws/install/rtabmap_odom' for CMake config files
[13.571s] Level 1:colcon.colcon_core.shell:create_environment_hook('rtabmap_odom', 'cmake_prefix_path')
[13.571s] INFO:colcon.colcon_core.shell:Creating environment hook '/home/deepak/electronic_ws/install/rtabmap_odom/share/rtabmap_odom/hook/cmake_prefix_path.ps1'
[13.573s] INFO:colcon.colcon_core.shell:Creating environment descriptor '/home/deepak/electronic_ws/install/rtabmap_odom/share/rtabmap_odom/hook/cmake_prefix_path.dsv'
[13.573s] INFO:colcon.colcon_core.shell:Creating environment hook '/home/deepak/electronic_ws/install/rtabmap_odom/share/rtabmap_odom/hook/cmake_prefix_path.sh'
[13.574s] Level 1:colcon.colcon_core.environment:checking '/home/deepak/electronic_ws/install/rtabmap_odom/lib'
[13.575s] Level 1:colcon.colcon_core.shell:create_environment_hook('rtabmap_odom', 'ld_library_path_lib')
[13.575s] INFO:colcon.colcon_core.shell:Creating environment hook '/home/deepak/electronic_ws/install/rtabmap_odom/share/rtabmap_odom/hook/ld_library_path_lib.ps1'
[13.576s] INFO:colcon.colcon_core.shell:Creating environment descriptor '/home/deepak/electronic_ws/install/rtabmap_odom/share/rtabmap_odom/hook/ld_library_path_lib.dsv'
[13.576s] INFO:colcon.colcon_core.shell:Creating environment hook '/home/deepak/electronic_ws/install/rtabmap_odom/share/rtabmap_odom/hook/ld_library_path_lib.sh'
[13.577s] Level 1:colcon.colcon_core.environment:checking '/home/deepak/electronic_ws/install/rtabmap_odom/bin'
[13.577s] Level 1:colcon.colcon_core.environment:checking '/home/deepak/electronic_ws/install/rtabmap_odom/lib/pkgconfig/rtabmap_odom.pc'
[13.578s] Level 1:colcon.colcon_core.environment:checking '/home/deepak/electronic_ws/install/rtabmap_odom/lib/python3.8/site-packages'
[13.578s] Level 1:colcon.colcon_core.environment:checking '/home/deepak/electronic_ws/install/rtabmap_odom/bin'
[13.579s] INFO:colcon.colcon_core.shell:Creating package script '/home/deepak/electronic_ws/install/rtabmap_odom/share/rtabmap_odom/package.ps1'
[13.580s] INFO:colcon.colcon_core.shell:Creating package descriptor '/home/deepak/electronic_ws/install/rtabmap_odom/share/rtabmap_odom/package.dsv'
[13.580s] INFO:colcon.colcon_core.shell:Creating package script '/home/deepak/electronic_ws/install/rtabmap_odom/share/rtabmap_odom/package.sh'
[13.582s] INFO:colcon.colcon_core.shell:Creating package script '/home/deepak/electronic_ws/install/rtabmap_odom/share/rtabmap_odom/package.bash'
[13.582s] INFO:colcon.colcon_core.shell:Creating package script '/home/deepak/electronic_ws/install/rtabmap_odom/share/rtabmap_odom/package.zsh'
[13.583s] Level 1:colcon.colcon_core.environment:create_file_with_runtime_dependencies(/home/deepak/electronic_ws/install/rtabmap_odom/share/colcon-core/packages/rtabmap_odom)
[13.584s] Level 1:colcon.colcon_core.environment:create_environment_scripts_only(rtabmap_odom)
[13.585s] Level 1:colcon.colcon_core.environment:checking '/home/deepak/electronic_ws/install/rtabmap_odom' for CMake module files
[13.585s] Level 1:colcon.colcon_core.environment:checking '/home/deepak/electronic_ws/install/rtabmap_odom' for CMake config files
[13.586s] Level 1:colcon.colcon_core.shell:create_environment_hook('rtabmap_odom', 'cmake_prefix_path')
[13.586s] INFO:colcon.colcon_core.shell:Creating environment hook '/home/deepak/electronic_ws/install/rtabmap_odom/share/rtabmap_odom/hook/cmake_prefix_path.ps1'
[13.587s] INFO:colcon.colcon_core.shell:Creating environment descriptor '/home/deepak/electronic_ws/install/rtabmap_odom/share/rtabmap_odom/hook/cmake_prefix_path.dsv'
[13.587s] INFO:colcon.colcon_core.shell:Creating environment hook '/home/deepak/electronic_ws/install/rtabmap_odom/share/rtabmap_odom/hook/cmake_prefix_path.sh'
[13.588s] Level 1:colcon.colcon_core.environment:checking '/home/deepak/electronic_ws/install/rtabmap_odom/lib'
[13.588s] Level 1:colcon.colcon_core.shell:create_environment_hook('rtabmap_odom', 'ld_library_path_lib')
[13.589s] INFO:colcon.colcon_core.shell:Creating environment hook '/home/deepak/electronic_ws/install/rtabmap_odom/share/rtabmap_odom/hook/ld_library_path_lib.ps1'
[13.589s] INFO:colcon.colcon_core.shell:Creating environment descriptor '/home/deepak/electronic_ws/install/rtabmap_odom/share/rtabmap_odom/hook/ld_library_path_lib.dsv'
[13.590s] INFO:colcon.colcon_core.shell:Creating environment hook '/home/deepak/electronic_ws/install/rtabmap_odom/share/rtabmap_odom/hook/ld_library_path_lib.sh'
[13.590s] Level 1:colcon.colcon_core.environment:checking '/home/deepak/electronic_ws/install/rtabmap_odom/bin'
[13.591s] Level 1:colcon.colcon_core.environment:checking '/home/deepak/electronic_ws/install/rtabmap_odom/lib/pkgconfig/rtabmap_odom.pc'
[13.591s] Level 1:colcon.colcon_core.environment:checking '/home/deepak/electronic_ws/install/rtabmap_odom/lib/python3.8/site-packages'
[13.591s] Level 1:colcon.colcon_core.environment:checking '/home/deepak/electronic_ws/install/rtabmap_odom/bin'
[13.592s] INFO:colcon.colcon_core.shell:Creating package script '/home/deepak/electronic_ws/install/rtabmap_odom/share/rtabmap_odom/package.ps1'
[13.593s] INFO:colcon.colcon_core.shell:Creating package descriptor '/home/deepak/electronic_ws/install/rtabmap_odom/share/rtabmap_odom/package.dsv'
[13.594s] INFO:colcon.colcon_core.shell:Creating package script '/home/deepak/electronic_ws/install/rtabmap_odom/share/rtabmap_odom/package.sh'
[13.595s] INFO:colcon.colcon_core.shell:Creating package script '/home/deepak/electronic_ws/install/rtabmap_odom/share/rtabmap_odom/package.bash'
[13.595s] INFO:colcon.colcon_core.shell:Creating package script '/home/deepak/electronic_ws/install/rtabmap_odom/share/rtabmap_odom/package.zsh'
[13.596s] Level 1:colcon.colcon_core.environment:create_file_with_runtime_dependencies(/home/deepak/electronic_ws/install/rtabmap_odom/share/colcon-core/packages/rtabmap_odom)
[13.597s] INFO:colcon.colcon_ros.task.ament_cmake.build:Building ROS package in '/home/deepak/electronic_ws/src/rtabmap_ros/rtabmap_demos' with build type 'ament_cmake'
[13.597s] INFO:colcon.colcon_cmake.task.cmake.build:Building CMake package in '/home/deepak/electronic_ws/src/rtabmap_ros/rtabmap_demos'
[13.597s] INFO:colcon.colcon_core.shell:Skip shell extension 'powershell' for command environment: Not usable outside of PowerShell
[13.597s] DEBUG:colcon.colcon_core.shell:Skip shell extension 'dsv' for command environment
[13.606s] INFO:colcon.colcon_ros.task.ament_cmake.build:Building ROS package in '/home/deepak/electronic_ws/src/rtabmap_ros/rtabmap_examples' with build type 'ament_cmake'
[13.607s] INFO:colcon.colcon_cmake.task.cmake.build:Building CMake package in '/home/deepak/electronic_ws/src/rtabmap_ros/rtabmap_examples'
[13.607s] INFO:colcon.colcon_core.shell:Skip shell extension 'powershell' for command environment: Not usable outside of PowerShell
[13.607s] DEBUG:colcon.colcon_core.shell:Skip shell extension 'dsv' for command environment
[13.618s] INFO:colcon.colcon_ros.task.ament_cmake.build:Building ROS package in '/home/deepak/electronic_ws/src/rtabmap_ros/rtabmap_launch' with build type 'ament_cmake'
[13.618s] INFO:colcon.colcon_cmake.task.cmake.build:Building CMake package in '/home/deepak/electronic_ws/src/rtabmap_ros/rtabmap_launch'
[13.619s] INFO:colcon.colcon_core.shell:Skip shell extension 'powershell' for command environment: Not usable outside of PowerShell
[13.619s] DEBUG:colcon.colcon_core.shell:Skip shell extension 'dsv' for command environment
[13.640s] DEBUG:colcon.colcon_core.event_handler.log_command:Invoking command in '/home/deepak/electronic_ws/build/rtabmap_demos': AMENT_PREFIX_PATH=/home/deepak/electronic_ws/install/rtabmap_viz:/home/deepak/electronic_ws/install/rtabmap_slam:/home/deepak/electronic_ws/install/rtabmap_odom:/home/deepak/electronic_ws/install/rtabmap_util:/home/deepak/electronic_ws/install/rtabmap_sync:/home/deepak/electronic_ws/install/rtabmap_rviz_plugins:/home/deepak/electronic_ws/install/rtabmap_conversions:${AMENT_PREFIX_PATH} CMAKE_PREFIX_PATH=/home/deepak/electronic_ws/install/rtabmap_viz:/home/deepak/electronic_ws/install/rtabmap_slam:/home/deepak/electronic_ws/install/rtabmap_odom:/home/deepak/electronic_ws/install/rtabmap_util:/home/deepak/electronic_ws/install/rtabmap_sync:/home/deepak/electronic_ws/install/rtabmap_rviz_plugins:/home/deepak/electronic_ws/install/rtabmap_conversions:/opt/ros/foxy:/home/deepak/electronic_ws/install/rtabmap_msgs:/home/deepak/electronic_ws/install/rtabmap LD_LIBRARY_PATH=/home/deepak/electronic_ws/install/rtabmap_slam/lib:/home/deepak/electronic_ws/install/rtabmap_odom/lib:/home/deepak/electronic_ws/install/rtabmap_util/lib:/home/deepak/electronic_ws/install/rtabmap_sync/lib:/home/deepak/electronic_ws/install/rtabmap_rviz_plugins/lib:/home/deepak/electronic_ws/install/rtabmap_conversions/lib:/home/deepak/electronic_ws/install/rtabmap_msgs/lib:/home/deepak/electronic_ws/install/rtabmap/lib:${LD_LIBRARY_PATH} PATH=/home/deepak/electronic_ws/install/rtabmap/bin:${PATH} PKG_CONFIG_PATH=/home/deepak/electronic_ws/install/rtabmap_msgs/lib/x86_64-linux-gnu/pkgconfig:/home/deepak/electronic_ws/install/rtabmap_msgs/lib/pkgconfig:/home/deepak/electronic_ws/install/rtabmap/lib/x86_64-linux-gnu/pkgconfig:/home/deepak/electronic_ws/install/rtabmap/lib/pkgconfig PYTHONPATH=/home/deepak/electronic_ws/install/rtabmap_msgs/lib/python3.8/site-packages:${PYTHONPATH} ROS_PACKAGE_PATH=/home/deepak/electronic_ws/install/rtabmap_msgs/share /usr/bin/cmake /home/deepak/electronic_ws/src/rtabmap_ros/rtabmap_demos -DCMAKE_INSTALL_PREFIX=/home/deepak/electronic_ws/install/rtabmap_demos
[13.651s] DEBUG:colcon.colcon_core.event_handler.log_command:Invoking command in '/home/deepak/electronic_ws/build/rtabmap_examples': AMENT_PREFIX_PATH=/home/deepak/electronic_ws/install/rtabmap_viz:/home/deepak/electronic_ws/install/rtabmap_slam:/home/deepak/electronic_ws/install/rtabmap_odom:/home/deepak/electronic_ws/install/rtabmap_util:/home/deepak/electronic_ws/install/rtabmap_sync:/home/deepak/electronic_ws/install/rtabmap_rviz_plugins:/home/deepak/electronic_ws/install/rtabmap_conversions:${AMENT_PREFIX_PATH} CMAKE_PREFIX_PATH=/home/deepak/electronic_ws/install/rtabmap_viz:/home/deepak/electronic_ws/install/rtabmap_slam:/home/deepak/electronic_ws/install/rtabmap_odom:/home/deepak/electronic_ws/install/rtabmap_util:/home/deepak/electronic_ws/install/rtabmap_sync:/home/deepak/electronic_ws/install/rtabmap_rviz_plugins:/home/deepak/electronic_ws/install/rtabmap_conversions:/opt/ros/foxy:/home/deepak/electronic_ws/install/rtabmap_msgs:/home/deepak/electronic_ws/install/rtabmap LD_LIBRARY_PATH=/home/deepak/electronic_ws/install/rtabmap_slam/lib:/home/deepak/electronic_ws/install/rtabmap_odom/lib:/home/deepak/electronic_ws/install/rtabmap_util/lib:/home/deepak/electronic_ws/install/rtabmap_sync/lib:/home/deepak/electronic_ws/install/rtabmap_rviz_plugins/lib:/home/deepak/electronic_ws/install/rtabmap_conversions/lib:/home/deepak/electronic_ws/install/rtabmap_msgs/lib:/home/deepak/electronic_ws/install/rtabmap/lib:${LD_LIBRARY_PATH} PATH=/home/deepak/electronic_ws/install/rtabmap/bin:${PATH} PKG_CONFIG_PATH=/home/deepak/electronic_ws/install/rtabmap_msgs/lib/x86_64-linux-gnu/pkgconfig:/home/deepak/electronic_ws/install/rtabmap_msgs/lib/pkgconfig:/home/deepak/electronic_ws/install/rtabmap/lib/x86_64-linux-gnu/pkgconfig:/home/deepak/electronic_ws/install/rtabmap/lib/pkgconfig PYTHONPATH=/home/deepak/electronic_ws/install/rtabmap_msgs/lib/python3.8/site-packages:${PYTHONPATH} ROS_PACKAGE_PATH=/home/deepak/electronic_ws/install/rtabmap_msgs/share /usr/bin/cmake /home/deepak/electronic_ws/src/rtabmap_ros/rtabmap_examples -DCMAKE_INSTALL_PREFIX=/home/deepak/electronic_ws/install/rtabmap_examples
[13.660s] DEBUG:colcon.colcon_core.event_handler.log_command:Invoking command in '/home/deepak/electronic_ws/build/rtabmap_launch': AMENT_PREFIX_PATH=/home/deepak/electronic_ws/install/rtabmap_viz:/home/deepak/electronic_ws/install/rtabmap_slam:/home/deepak/electronic_ws/install/rtabmap_odom:/home/deepak/electronic_ws/install/rtabmap_util:/home/deepak/electronic_ws/install/rtabmap_sync:/home/deepak/electronic_ws/install/rtabmap_rviz_plugins:/home/deepak/electronic_ws/install/rtabmap_conversions:${AMENT_PREFIX_PATH} CMAKE_PREFIX_PATH=/home/deepak/electronic_ws/install/rtabmap_viz:/home/deepak/electronic_ws/install/rtabmap_slam:/home/deepak/electronic_ws/install/rtabmap_odom:/home/deepak/electronic_ws/install/rtabmap_util:/home/deepak/electronic_ws/install/rtabmap_sync:/home/deepak/electronic_ws/install/rtabmap_rviz_plugins:/home/deepak/electronic_ws/install/rtabmap_conversions:/opt/ros/foxy:/home/deepak/electronic_ws/install/rtabmap_msgs:/home/deepak/electronic_ws/install/rtabmap LD_LIBRARY_PATH=/home/deepak/electronic_ws/install/rtabmap_slam/lib:/home/deepak/electronic_ws/install/rtabmap_odom/lib:/home/deepak/electronic_ws/install/rtabmap_util/lib:/home/deepak/electronic_ws/install/rtabmap_sync/lib:/home/deepak/electronic_ws/install/rtabmap_rviz_plugins/lib:/home/deepak/electronic_ws/install/rtabmap_conversions/lib:/home/deepak/electronic_ws/install/rtabmap_msgs/lib:/home/deepak/electronic_ws/install/rtabmap/lib:${LD_LIBRARY_PATH} PATH=/home/deepak/electronic_ws/install/rtabmap/bin:${PATH} PKG_CONFIG_PATH=/home/deepak/electronic_ws/install/rtabmap_msgs/lib/x86_64-linux-gnu/pkgconfig:/home/deepak/electronic_ws/install/rtabmap_msgs/lib/pkgconfig:/home/deepak/electronic_ws/install/rtabmap/lib/x86_64-linux-gnu/pkgconfig:/home/deepak/electronic_ws/install/rtabmap/lib/pkgconfig PYTHONPATH=/home/deepak/electronic_ws/install/rtabmap_msgs/lib/python3.8/site-packages:${PYTHONPATH} ROS_PACKAGE_PATH=/home/deepak/electronic_ws/install/rtabmap_msgs/share /usr/bin/cmake /home/deepak/electronic_ws/src/rtabmap_ros/rtabmap_launch -DCMAKE_INSTALL_PREFIX=/home/deepak/electronic_ws/install/rtabmap_launch
[13.998s] DEBUG:colcon.colcon_core.event_handler.log_command:Invoked command in '/home/deepak/electronic_ws/build/rtabmap_demos' returned '0': AMENT_PREFIX_PATH=/home/deepak/electronic_ws/install/rtabmap_viz:/home/deepak/electronic_ws/install/rtabmap_slam:/home/deepak/electronic_ws/install/rtabmap_odom:/home/deepak/electronic_ws/install/rtabmap_util:/home/deepak/electronic_ws/install/rtabmap_sync:/home/deepak/electronic_ws/install/rtabmap_rviz_plugins:/home/deepak/electronic_ws/install/rtabmap_conversions:${AMENT_PREFIX_PATH} CMAKE_PREFIX_PATH=/home/deepak/electronic_ws/install/rtabmap_viz:/home/deepak/electronic_ws/install/rtabmap_slam:/home/deepak/electronic_ws/install/rtabmap_odom:/home/deepak/electronic_ws/install/rtabmap_util:/home/deepak/electronic_ws/install/rtabmap_sync:/home/deepak/electronic_ws/install/rtabmap_rviz_plugins:/home/deepak/electronic_ws/install/rtabmap_conversions:/opt/ros/foxy:/home/deepak/electronic_ws/install/rtabmap_msgs:/home/deepak/electronic_ws/install/rtabmap LD_LIBRARY_PATH=/home/deepak/electronic_ws/install/rtabmap_slam/lib:/home/deepak/electronic_ws/install/rtabmap_odom/lib:/home/deepak/electronic_ws/install/rtabmap_util/lib:/home/deepak/electronic_ws/install/rtabmap_sync/lib:/home/deepak/electronic_ws/install/rtabmap_rviz_plugins/lib:/home/deepak/electronic_ws/install/rtabmap_conversions/lib:/home/deepak/electronic_ws/install/rtabmap_msgs/lib:/home/deepak/electronic_ws/install/rtabmap/lib:${LD_LIBRARY_PATH} PATH=/home/deepak/electronic_ws/install/rtabmap/bin:${PATH} PKG_CONFIG_PATH=/home/deepak/electronic_ws/install/rtabmap_msgs/lib/x86_64-linux-gnu/pkgconfig:/home/deepak/electronic_ws/install/rtabmap_msgs/lib/pkgconfig:/home/deepak/electronic_ws/install/rtabmap/lib/x86_64-linux-gnu/pkgconfig:/home/deepak/electronic_ws/install/rtabmap/lib/pkgconfig PYTHONPATH=/home/deepak/electronic_ws/install/rtabmap_msgs/lib/python3.8/site-packages:${PYTHONPATH} ROS_PACKAGE_PATH=/home/deepak/electronic_ws/install/rtabmap_msgs/share /usr/bin/cmake /home/deepak/electronic_ws/src/rtabmap_ros/rtabmap_demos -DCMAKE_INSTALL_PREFIX=/home/deepak/electronic_ws/install/rtabmap_demos
[14.001s] DEBUG:colcon.colcon_core.event_handler.log_command:Invoking command in '/home/deepak/electronic_ws/build/rtabmap_demos': AMENT_PREFIX_PATH=/home/deepak/electronic_ws/install/rtabmap_viz:/home/deepak/electronic_ws/install/rtabmap_slam:/home/deepak/electronic_ws/install/rtabmap_odom:/home/deepak/electronic_ws/install/rtabmap_util:/home/deepak/electronic_ws/install/rtabmap_sync:/home/deepak/electronic_ws/install/rtabmap_rviz_plugins:/home/deepak/electronic_ws/install/rtabmap_conversions:${AMENT_PREFIX_PATH} CMAKE_PREFIX_PATH=/home/deepak/electronic_ws/install/rtabmap_viz:/home/deepak/electronic_ws/install/rtabmap_slam:/home/deepak/electronic_ws/install/rtabmap_odom:/home/deepak/electronic_ws/install/rtabmap_util:/home/deepak/electronic_ws/install/rtabmap_sync:/home/deepak/electronic_ws/install/rtabmap_rviz_plugins:/home/deepak/electronic_ws/install/rtabmap_conversions:/opt/ros/foxy:/home/deepak/electronic_ws/install/rtabmap_msgs:/home/deepak/electronic_ws/install/rtabmap LD_LIBRARY_PATH=/home/deepak/electronic_ws/install/rtabmap_slam/lib:/home/deepak/electronic_ws/install/rtabmap_odom/lib:/home/deepak/electronic_ws/install/rtabmap_util/lib:/home/deepak/electronic_ws/install/rtabmap_sync/lib:/home/deepak/electronic_ws/install/rtabmap_rviz_plugins/lib:/home/deepak/electronic_ws/install/rtabmap_conversions/lib:/home/deepak/electronic_ws/install/rtabmap_msgs/lib:/home/deepak/electronic_ws/install/rtabmap/lib:${LD_LIBRARY_PATH} PATH=/home/deepak/electronic_ws/install/rtabmap/bin:${PATH} PKG_CONFIG_PATH=/home/deepak/electronic_ws/install/rtabmap_msgs/lib/x86_64-linux-gnu/pkgconfig:/home/deepak/electronic_ws/install/rtabmap_msgs/lib/pkgconfig:/home/deepak/electronic_ws/install/rtabmap/lib/x86_64-linux-gnu/pkgconfig:/home/deepak/electronic_ws/install/rtabmap/lib/pkgconfig PYTHONPATH=/home/deepak/electronic_ws/install/rtabmap_msgs/lib/python3.8/site-packages:${PYTHONPATH} ROS_PACKAGE_PATH=/home/deepak/electronic_ws/install/rtabmap_msgs/share /usr/bin/cmake --build /home/deepak/electronic_ws/build/rtabmap_demos -- -j8 -l8
[14.004s] DEBUG:colcon.colcon_core.event_handler.log_command:Invoked command in '/home/deepak/electronic_ws/build/rtabmap_launch' returned '0': AMENT_PREFIX_PATH=/home/deepak/electronic_ws/install/rtabmap_viz:/home/deepak/electronic_ws/install/rtabmap_slam:/home/deepak/electronic_ws/install/rtabmap_odom:/home/deepak/electronic_ws/install/rtabmap_util:/home/deepak/electronic_ws/install/rtabmap_sync:/home/deepak/electronic_ws/install/rtabmap_rviz_plugins:/home/deepak/electronic_ws/install/rtabmap_conversions:${AMENT_PREFIX_PATH} CMAKE_PREFIX_PATH=/home/deepak/electronic_ws/install/rtabmap_viz:/home/deepak/electronic_ws/install/rtabmap_slam:/home/deepak/electronic_ws/install/rtabmap_odom:/home/deepak/electronic_ws/install/rtabmap_util:/home/deepak/electronic_ws/install/rtabmap_sync:/home/deepak/electronic_ws/install/rtabmap_rviz_plugins:/home/deepak/electronic_ws/install/rtabmap_conversions:/opt/ros/foxy:/home/deepak/electronic_ws/install/rtabmap_msgs:/home/deepak/electronic_ws/install/rtabmap LD_LIBRARY_PATH=/home/deepak/electronic_ws/install/rtabmap_slam/lib:/home/deepak/electronic_ws/install/rtabmap_odom/lib:/home/deepak/electronic_ws/install/rtabmap_util/lib:/home/deepak/electronic_ws/install/rtabmap_sync/lib:/home/deepak/electronic_ws/install/rtabmap_rviz_plugins/lib:/home/deepak/electronic_ws/install/rtabmap_conversions/lib:/home/deepak/electronic_ws/install/rtabmap_msgs/lib:/home/deepak/electronic_ws/install/rtabmap/lib:${LD_LIBRARY_PATH} PATH=/home/deepak/electronic_ws/install/rtabmap/bin:${PATH} PKG_CONFIG_PATH=/home/deepak/electronic_ws/install/rtabmap_msgs/lib/x86_64-linux-gnu/pkgconfig:/home/deepak/electronic_ws/install/rtabmap_msgs/lib/pkgconfig:/home/deepak/electronic_ws/install/rtabmap/lib/x86_64-linux-gnu/pkgconfig:/home/deepak/electronic_ws/install/rtabmap/lib/pkgconfig PYTHONPATH=/home/deepak/electronic_ws/install/rtabmap_msgs/lib/python3.8/site-packages:${PYTHONPATH} ROS_PACKAGE_PATH=/home/deepak/electronic_ws/install/rtabmap_msgs/share /usr/bin/cmake /home/deepak/electronic_ws/src/rtabmap_ros/rtabmap_launch -DCMAKE_INSTALL_PREFIX=/home/deepak/electronic_ws/install/rtabmap_launch
[14.006s] DEBUG:colcon.colcon_core.event_handler.log_command:Invoking command in '/home/deepak/electronic_ws/build/rtabmap_launch': AMENT_PREFIX_PATH=/home/deepak/electronic_ws/install/rtabmap_viz:/home/deepak/electronic_ws/install/rtabmap_slam:/home/deepak/electronic_ws/install/rtabmap_odom:/home/deepak/electronic_ws/install/rtabmap_util:/home/deepak/electronic_ws/install/rtabmap_sync:/home/deepak/electronic_ws/install/rtabmap_rviz_plugins:/home/deepak/electronic_ws/install/rtabmap_conversions:${AMENT_PREFIX_PATH} CMAKE_PREFIX_PATH=/home/deepak/electronic_ws/install/rtabmap_viz:/home/deepak/electronic_ws/install/rtabmap_slam:/home/deepak/electronic_ws/install/rtabmap_odom:/home/deepak/electronic_ws/install/rtabmap_util:/home/deepak/electronic_ws/install/rtabmap_sync:/home/deepak/electronic_ws/install/rtabmap_rviz_plugins:/home/deepak/electronic_ws/install/rtabmap_conversions:/opt/ros/foxy:/home/deepak/electronic_ws/install/rtabmap_msgs:/home/deepak/electronic_ws/install/rtabmap LD_LIBRARY_PATH=/home/deepak/electronic_ws/install/rtabmap_slam/lib:/home/deepak/electronic_ws/install/rtabmap_odom/lib:/home/deepak/electronic_ws/install/rtabmap_util/lib:/home/deepak/electronic_ws/install/rtabmap_sync/lib:/home/deepak/electronic_ws/install/rtabmap_rviz_plugins/lib:/home/deepak/electronic_ws/install/rtabmap_conversions/lib:/home/deepak/electronic_ws/install/rtabmap_msgs/lib:/home/deepak/electronic_ws/install/rtabmap/lib:${LD_LIBRARY_PATH} PATH=/home/deepak/electronic_ws/install/rtabmap/bin:${PATH} PKG_CONFIG_PATH=/home/deepak/electronic_ws/install/rtabmap_msgs/lib/x86_64-linux-gnu/pkgconfig:/home/deepak/electronic_ws/install/rtabmap_msgs/lib/pkgconfig:/home/deepak/electronic_ws/install/rtabmap/lib/x86_64-linux-gnu/pkgconfig:/home/deepak/electronic_ws/install/rtabmap/lib/pkgconfig PYTHONPATH=/home/deepak/electronic_ws/install/rtabmap_msgs/lib/python3.8/site-packages:${PYTHONPATH} ROS_PACKAGE_PATH=/home/deepak/electronic_ws/install/rtabmap_msgs/share /usr/bin/cmake --build /home/deepak/electronic_ws/build/rtabmap_launch -- -j8 -l8
[14.008s] DEBUG:colcon.colcon_core.event_handler.log_command:Invoked command in '/home/deepak/electronic_ws/build/rtabmap_examples' returned '0': AMENT_PREFIX_PATH=/home/deepak/electronic_ws/install/rtabmap_viz:/home/deepak/electronic_ws/install/rtabmap_slam:/home/deepak/electronic_ws/install/rtabmap_odom:/home/deepak/electronic_ws/install/rtabmap_util:/home/deepak/electronic_ws/install/rtabmap_sync:/home/deepak/electronic_ws/install/rtabmap_rviz_plugins:/home/deepak/electronic_ws/install/rtabmap_conversions:${AMENT_PREFIX_PATH} CMAKE_PREFIX_PATH=/home/deepak/electronic_ws/install/rtabmap_viz:/home/deepak/electronic_ws/install/rtabmap_slam:/home/deepak/electronic_ws/install/rtabmap_odom:/home/deepak/electronic_ws/install/rtabmap_util:/home/deepak/electronic_ws/install/rtabmap_sync:/home/deepak/electronic_ws/install/rtabmap_rviz_plugins:/home/deepak/electronic_ws/install/rtabmap_conversions:/opt/ros/foxy:/home/deepak/electronic_ws/install/rtabmap_msgs:/home/deepak/electronic_ws/install/rtabmap LD_LIBRARY_PATH=/home/deepak/electronic_ws/install/rtabmap_slam/lib:/home/deepak/electronic_ws/install/rtabmap_odom/lib:/home/deepak/electronic_ws/install/rtabmap_util/lib:/home/deepak/electronic_ws/install/rtabmap_sync/lib:/home/deepak/electronic_ws/install/rtabmap_rviz_plugins/lib:/home/deepak/electronic_ws/install/rtabmap_conversions/lib:/home/deepak/electronic_ws/install/rtabmap_msgs/lib:/home/deepak/electronic_ws/install/rtabmap/lib:${LD_LIBRARY_PATH} PATH=/home/deepak/electronic_ws/install/rtabmap/bin:${PATH} PKG_CONFIG_PATH=/home/deepak/electronic_ws/install/rtabmap_msgs/lib/x86_64-linux-gnu/pkgconfig:/home/deepak/electronic_ws/install/rtabmap_msgs/lib/pkgconfig:/home/deepak/electronic_ws/install/rtabmap/lib/x86_64-linux-gnu/pkgconfig:/home/deepak/electronic_ws/install/rtabmap/lib/pkgconfig PYTHONPATH=/home/deepak/electronic_ws/install/rtabmap_msgs/lib/python3.8/site-packages:${PYTHONPATH} ROS_PACKAGE_PATH=/home/deepak/electronic_ws/install/rtabmap_msgs/share /usr/bin/cmake /home/deepak/electronic_ws/src/rtabmap_ros/rtabmap_examples -DCMAKE_INSTALL_PREFIX=/home/deepak/electronic_ws/install/rtabmap_examples
[14.011s] DEBUG:colcon.colcon_core.event_handler.log_command:Invoking command in '/home/deepak/electronic_ws/build/rtabmap_examples': AMENT_PREFIX_PATH=/home/deepak/electronic_ws/install/rtabmap_viz:/home/deepak/electronic_ws/install/rtabmap_slam:/home/deepak/electronic_ws/install/rtabmap_odom:/home/deepak/electronic_ws/install/rtabmap_util:/home/deepak/electronic_ws/install/rtabmap_sync:/home/deepak/electronic_ws/install/rtabmap_rviz_plugins:/home/deepak/electronic_ws/install/rtabmap_conversions:${AMENT_PREFIX_PATH} CMAKE_PREFIX_PATH=/home/deepak/electronic_ws/install/rtabmap_viz:/home/deepak/electronic_ws/install/rtabmap_slam:/home/deepak/electronic_ws/install/rtabmap_odom:/home/deepak/electronic_ws/install/rtabmap_util:/home/deepak/electronic_ws/install/rtabmap_sync:/home/deepak/electronic_ws/install/rtabmap_rviz_plugins:/home/deepak/electronic_ws/install/rtabmap_conversions:/opt/ros/foxy:/home/deepak/electronic_ws/install/rtabmap_msgs:/home/deepak/electronic_ws/install/rtabmap LD_LIBRARY_PATH=/home/deepak/electronic_ws/install/rtabmap_slam/lib:/home/deepak/electronic_ws/install/rtabmap_odom/lib:/home/deepak/electronic_ws/install/rtabmap_util/lib:/home/deepak/electronic_ws/install/rtabmap_sync/lib:/home/deepak/electronic_ws/install/rtabmap_rviz_plugins/lib:/home/deepak/electronic_ws/install/rtabmap_conversions/lib:/home/deepak/electronic_ws/install/rtabmap_msgs/lib:/home/deepak/electronic_ws/install/rtabmap/lib:${LD_LIBRARY_PATH} PATH=/home/deepak/electronic_ws/install/rtabmap/bin:${PATH} PKG_CONFIG_PATH=/home/deepak/electronic_ws/install/rtabmap_msgs/lib/x86_64-linux-gnu/pkgconfig:/home/deepak/electronic_ws/install/rtabmap_msgs/lib/pkgconfig:/home/deepak/electronic_ws/install/rtabmap/lib/x86_64-linux-gnu/pkgconfig:/home/deepak/electronic_ws/install/rtabmap/lib/pkgconfig PYTHONPATH=/home/deepak/electronic_ws/install/rtabmap_msgs/lib/python3.8/site-packages:${PYTHONPATH} ROS_PACKAGE_PATH=/home/deepak/electronic_ws/install/rtabmap_msgs/share /usr/bin/cmake --build /home/deepak/electronic_ws/build/rtabmap_examples -- -j8 -l8
[14.048s] DEBUG:colcon.colcon_core.event_handler.log_command:Invoked command in '/home/deepak/electronic_ws/build/rtabmap_demos' returned '0': AMENT_PREFIX_PATH=/home/deepak/electronic_ws/install/rtabmap_viz:/home/deepak/electronic_ws/install/rtabmap_slam:/home/deepak/electronic_ws/install/rtabmap_odom:/home/deepak/electronic_ws/install/rtabmap_util:/home/deepak/electronic_ws/install/rtabmap_sync:/home/deepak/electronic_ws/install/rtabmap_rviz_plugins:/home/deepak/electronic_ws/install/rtabmap_conversions:${AMENT_PREFIX_PATH} CMAKE_PREFIX_PATH=/home/deepak/electronic_ws/install/rtabmap_viz:/home/deepak/electronic_ws/install/rtabmap_slam:/home/deepak/electronic_ws/install/rtabmap_odom:/home/deepak/electronic_ws/install/rtabmap_util:/home/deepak/electronic_ws/install/rtabmap_sync:/home/deepak/electronic_ws/install/rtabmap_rviz_plugins:/home/deepak/electronic_ws/install/rtabmap_conversions:/opt/ros/foxy:/home/deepak/electronic_ws/install/rtabmap_msgs:/home/deepak/electronic_ws/install/rtabmap LD_LIBRARY_PATH=/home/deepak/electronic_ws/install/rtabmap_slam/lib:/home/deepak/electronic_ws/install/rtabmap_odom/lib:/home/deepak/electronic_ws/install/rtabmap_util/lib:/home/deepak/electronic_ws/install/rtabmap_sync/lib:/home/deepak/electronic_ws/install/rtabmap_rviz_plugins/lib:/home/deepak/electronic_ws/install/rtabmap_conversions/lib:/home/deepak/electronic_ws/install/rtabmap_msgs/lib:/home/deepak/electronic_ws/install/rtabmap/lib:${LD_LIBRARY_PATH} PATH=/home/deepak/electronic_ws/install/rtabmap/bin:${PATH} PKG_CONFIG_PATH=/home/deepak/electronic_ws/install/rtabmap_msgs/lib/x86_64-linux-gnu/pkgconfig:/home/deepak/electronic_ws/install/rtabmap_msgs/lib/pkgconfig:/home/deepak/electronic_ws/install/rtabmap/lib/x86_64-linux-gnu/pkgconfig:/home/deepak/electronic_ws/install/rtabmap/lib/pkgconfig PYTHONPATH=/home/deepak/electronic_ws/install/rtabmap_msgs/lib/python3.8/site-packages:${PYTHONPATH} ROS_PACKAGE_PATH=/home/deepak/electronic_ws/install/rtabmap_msgs/share /usr/bin/cmake --build /home/deepak/electronic_ws/build/rtabmap_demos -- -j8 -l8
[14.052s] DEBUG:colcon.colcon_core.event_handler.log_command:Invoking command in '/home/deepak/electronic_ws/build/rtabmap_demos': AMENT_PREFIX_PATH=/home/deepak/electronic_ws/install/rtabmap_viz:/home/deepak/electronic_ws/install/rtabmap_slam:/home/deepak/electronic_ws/install/rtabmap_odom:/home/deepak/electronic_ws/install/rtabmap_util:/home/deepak/electronic_ws/install/rtabmap_sync:/home/deepak/electronic_ws/install/rtabmap_rviz_plugins:/home/deepak/electronic_ws/install/rtabmap_conversions:${AMENT_PREFIX_PATH} CMAKE_PREFIX_PATH=/home/deepak/electronic_ws/install/rtabmap_viz:/home/deepak/electronic_ws/install/rtabmap_slam:/home/deepak/electronic_ws/install/rtabmap_odom:/home/deepak/electronic_ws/install/rtabmap_util:/home/deepak/electronic_ws/install/rtabmap_sync:/home/deepak/electronic_ws/install/rtabmap_rviz_plugins:/home/deepak/electronic_ws/install/rtabmap_conversions:/opt/ros/foxy:/home/deepak/electronic_ws/install/rtabmap_msgs:/home/deepak/electronic_ws/install/rtabmap LD_LIBRARY_PATH=/home/deepak/electronic_ws/install/rtabmap_slam/lib:/home/deepak/electronic_ws/install/rtabmap_odom/lib:/home/deepak/electronic_ws/install/rtabmap_util/lib:/home/deepak/electronic_ws/install/rtabmap_sync/lib:/home/deepak/electronic_ws/install/rtabmap_rviz_plugins/lib:/home/deepak/electronic_ws/install/rtabmap_conversions/lib:/home/deepak/electronic_ws/install/rtabmap_msgs/lib:/home/deepak/electronic_ws/install/rtabmap/lib:${LD_LIBRARY_PATH} PATH=/home/deepak/electronic_ws/install/rtabmap/bin:${PATH} PKG_CONFIG_PATH=/home/deepak/electronic_ws/install/rtabmap_msgs/lib/x86_64-linux-gnu/pkgconfig:/home/deepak/electronic_ws/install/rtabmap_msgs/lib/pkgconfig:/home/deepak/electronic_ws/install/rtabmap/lib/x86_64-linux-gnu/pkgconfig:/home/deepak/electronic_ws/install/rtabmap/lib/pkgconfig PYTHONPATH=/home/deepak/electronic_ws/install/rtabmap_msgs/lib/python3.8/site-packages:${PYTHONPATH} ROS_PACKAGE_PATH=/home/deepak/electronic_ws/install/rtabmap_msgs/share /usr/bin/cmake --install /home/deepak/electronic_ws/build/rtabmap_demos
[14.054s] DEBUG:colcon.colcon_core.event_handler.log_command:Invoked command in '/home/deepak/electronic_ws/build/rtabmap_launch' returned '0': AMENT_PREFIX_PATH=/home/deepak/electronic_ws/install/rtabmap_viz:/home/deepak/electronic_ws/install/rtabmap_slam:/home/deepak/electronic_ws/install/rtabmap_odom:/home/deepak/electronic_ws/install/rtabmap_util:/home/deepak/electronic_ws/install/rtabmap_sync:/home/deepak/electronic_ws/install/rtabmap_rviz_plugins:/home/deepak/electronic_ws/install/rtabmap_conversions:${AMENT_PREFIX_PATH} CMAKE_PREFIX_PATH=/home/deepak/electronic_ws/install/rtabmap_viz:/home/deepak/electronic_ws/install/rtabmap_slam:/home/deepak/electronic_ws/install/rtabmap_odom:/home/deepak/electronic_ws/install/rtabmap_util:/home/deepak/electronic_ws/install/rtabmap_sync:/home/deepak/electronic_ws/install/rtabmap_rviz_plugins:/home/deepak/electronic_ws/install/rtabmap_conversions:/opt/ros/foxy:/home/deepak/electronic_ws/install/rtabmap_msgs:/home/deepak/electronic_ws/install/rtabmap LD_LIBRARY_PATH=/home/deepak/electronic_ws/install/rtabmap_slam/lib:/home/deepak/electronic_ws/install/rtabmap_odom/lib:/home/deepak/electronic_ws/install/rtabmap_util/lib:/home/deepak/electronic_ws/install/rtabmap_sync/lib:/home/deepak/electronic_ws/install/rtabmap_rviz_plugins/lib:/home/deepak/electronic_ws/install/rtabmap_conversions/lib:/home/deepak/electronic_ws/install/rtabmap_msgs/lib:/home/deepak/electronic_ws/install/rtabmap/lib:${LD_LIBRARY_PATH} PATH=/home/deepak/electronic_ws/install/rtabmap/bin:${PATH} PKG_CONFIG_PATH=/home/deepak/electronic_ws/install/rtabmap_msgs/lib/x86_64-linux-gnu/pkgconfig:/home/deepak/electronic_ws/install/rtabmap_msgs/lib/pkgconfig:/home/deepak/electronic_ws/install/rtabmap/lib/x86_64-linux-gnu/pkgconfig:/home/deepak/electronic_ws/install/rtabmap/lib/pkgconfig PYTHONPATH=/home/deepak/electronic_ws/install/rtabmap_msgs/lib/python3.8/site-packages:${PYTHONPATH} ROS_PACKAGE_PATH=/home/deepak/electronic_ws/install/rtabmap_msgs/share /usr/bin/cmake --build /home/deepak/electronic_ws/build/rtabmap_launch -- -j8 -l8
[14.058s] DEBUG:colcon.colcon_core.event_handler.log_command:Invoking command in '/home/deepak/electronic_ws/build/rtabmap_launch': AMENT_PREFIX_PATH=/home/deepak/electronic_ws/install/rtabmap_viz:/home/deepak/electronic_ws/install/rtabmap_slam:/home/deepak/electronic_ws/install/rtabmap_odom:/home/deepak/electronic_ws/install/rtabmap_util:/home/deepak/electronic_ws/install/rtabmap_sync:/home/deepak/electronic_ws/install/rtabmap_rviz_plugins:/home/deepak/electronic_ws/install/rtabmap_conversions:${AMENT_PREFIX_PATH} CMAKE_PREFIX_PATH=/home/deepak/electronic_ws/install/rtabmap_viz:/home/deepak/electronic_ws/install/rtabmap_slam:/home/deepak/electronic_ws/install/rtabmap_odom:/home/deepak/electronic_ws/install/rtabmap_util:/home/deepak/electronic_ws/install/rtabmap_sync:/home/deepak/electronic_ws/install/rtabmap_rviz_plugins:/home/deepak/electronic_ws/install/rtabmap_conversions:/opt/ros/foxy:/home/deepak/electronic_ws/install/rtabmap_msgs:/home/deepak/electronic_ws/install/rtabmap LD_LIBRARY_PATH=/home/deepak/electronic_ws/install/rtabmap_slam/lib:/home/deepak/electronic_ws/install/rtabmap_odom/lib:/home/deepak/electronic_ws/install/rtabmap_util/lib:/home/deepak/electronic_ws/install/rtabmap_sync/lib:/home/deepak/electronic_ws/install/rtabmap_rviz_plugins/lib:/home/deepak/electronic_ws/install/rtabmap_conversions/lib:/home/deepak/electronic_ws/install/rtabmap_msgs/lib:/home/deepak/electronic_ws/install/rtabmap/lib:${LD_LIBRARY_PATH} PATH=/home/deepak/electronic_ws/install/rtabmap/bin:${PATH} PKG_CONFIG_PATH=/home/deepak/electronic_ws/install/rtabmap_msgs/lib/x86_64-linux-gnu/pkgconfig:/home/deepak/electronic_ws/install/rtabmap_msgs/lib/pkgconfig:/home/deepak/electronic_ws/install/rtabmap/lib/x86_64-linux-gnu/pkgconfig:/home/deepak/electronic_ws/install/rtabmap/lib/pkgconfig PYTHONPATH=/home/deepak/electronic_ws/install/rtabmap_msgs/lib/python3.8/site-packages:${PYTHONPATH} ROS_PACKAGE_PATH=/home/deepak/electronic_ws/install/rtabmap_msgs/share /usr/bin/cmake --install /home/deepak/electronic_ws/build/rtabmap_launch
[14.060s] DEBUG:colcon.colcon_core.event_handler.log_command:Invoked command in '/home/deepak/electronic_ws/build/rtabmap_examples' returned '0': AMENT_PREFIX_PATH=/home/deepak/electronic_ws/install/rtabmap_viz:/home/deepak/electronic_ws/install/rtabmap_slam:/home/deepak/electronic_ws/install/rtabmap_odom:/home/deepak/electronic_ws/install/rtabmap_util:/home/deepak/electronic_ws/install/rtabmap_sync:/home/deepak/electronic_ws/install/rtabmap_rviz_plugins:/home/deepak/electronic_ws/install/rtabmap_conversions:${AMENT_PREFIX_PATH} CMAKE_PREFIX_PATH=/home/deepak/electronic_ws/install/rtabmap_viz:/home/deepak/electronic_ws/install/rtabmap_slam:/home/deepak/electronic_ws/install/rtabmap_odom:/home/deepak/electronic_ws/install/rtabmap_util:/home/deepak/electronic_ws/install/rtabmap_sync:/home/deepak/electronic_ws/install/rtabmap_rviz_plugins:/home/deepak/electronic_ws/install/rtabmap_conversions:/opt/ros/foxy:/home/deepak/electronic_ws/install/rtabmap_msgs:/home/deepak/electronic_ws/install/rtabmap LD_LIBRARY_PATH=/home/deepak/electronic_ws/install/rtabmap_slam/lib:/home/deepak/electronic_ws/install/rtabmap_odom/lib:/home/deepak/electronic_ws/install/rtabmap_util/lib:/home/deepak/electronic_ws/install/rtabmap_sync/lib:/home/deepak/electronic_ws/install/rtabmap_rviz_plugins/lib:/home/deepak/electronic_ws/install/rtabmap_conversions/lib:/home/deepak/electronic_ws/install/rtabmap_msgs/lib:/home/deepak/electronic_ws/install/rtabmap/lib:${LD_LIBRARY_PATH} PATH=/home/deepak/electronic_ws/install/rtabmap/bin:${PATH} PKG_CONFIG_PATH=/home/deepak/electronic_ws/install/rtabmap_msgs/lib/x86_64-linux-gnu/pkgconfig:/home/deepak/electronic_ws/install/rtabmap_msgs/lib/pkgconfig:/home/deepak/electronic_ws/install/rtabmap/lib/x86_64-linux-gnu/pkgconfig:/home/deepak/electronic_ws/install/rtabmap/lib/pkgconfig PYTHONPATH=/home/deepak/electronic_ws/install/rtabmap_msgs/lib/python3.8/site-packages:${PYTHONPATH} ROS_PACKAGE_PATH=/home/deepak/electronic_ws/install/rtabmap_msgs/share /usr/bin/cmake --build /home/deepak/electronic_ws/build/rtabmap_examples -- -j8 -l8
[14.063s] DEBUG:colcon.colcon_core.event_handler.log_command:Invoking command in '/home/deepak/electronic_ws/build/rtabmap_examples': AMENT_PREFIX_PATH=/home/deepak/electronic_ws/install/rtabmap_viz:/home/deepak/electronic_ws/install/rtabmap_slam:/home/deepak/electronic_ws/install/rtabmap_odom:/home/deepak/electronic_ws/install/rtabmap_util:/home/deepak/electronic_ws/install/rtabmap_sync:/home/deepak/electronic_ws/install/rtabmap_rviz_plugins:/home/deepak/electronic_ws/install/rtabmap_conversions:${AMENT_PREFIX_PATH} CMAKE_PREFIX_PATH=/home/deepak/electronic_ws/install/rtabmap_viz:/home/deepak/electronic_ws/install/rtabmap_slam:/home/deepak/electronic_ws/install/rtabmap_odom:/home/deepak/electronic_ws/install/rtabmap_util:/home/deepak/electronic_ws/install/rtabmap_sync:/home/deepak/electronic_ws/install/rtabmap_rviz_plugins:/home/deepak/electronic_ws/install/rtabmap_conversions:/opt/ros/foxy:/home/deepak/electronic_ws/install/rtabmap_msgs:/home/deepak/electronic_ws/install/rtabmap LD_LIBRARY_PATH=/home/deepak/electronic_ws/install/rtabmap_slam/lib:/home/deepak/electronic_ws/install/rtabmap_odom/lib:/home/deepak/electronic_ws/install/rtabmap_util/lib:/home/deepak/electronic_ws/install/rtabmap_sync/lib:/home/deepak/electronic_ws/install/rtabmap_rviz_plugins/lib:/home/deepak/electronic_ws/install/rtabmap_conversions/lib:/home/deepak/electronic_ws/install/rtabmap_msgs/lib:/home/deepak/electronic_ws/install/rtabmap/lib:${LD_LIBRARY_PATH} PATH=/home/deepak/electronic_ws/install/rtabmap/bin:${PATH} PKG_CONFIG_PATH=/home/deepak/electronic_ws/install/rtabmap_msgs/lib/x86_64-linux-gnu/pkgconfig:/home/deepak/electronic_ws/install/rtabmap_msgs/lib/pkgconfig:/home/deepak/electronic_ws/install/rtabmap/lib/x86_64-linux-gnu/pkgconfig:/home/deepak/electronic_ws/install/rtabmap/lib/pkgconfig PYTHONPATH=/home/deepak/electronic_ws/install/rtabmap_msgs/lib/python3.8/site-packages:${PYTHONPATH} ROS_PACKAGE_PATH=/home/deepak/electronic_ws/install/rtabmap_msgs/share /usr/bin/cmake --install /home/deepak/electronic_ws/build/rtabmap_examples
[14.085s] Level 1:colcon.colcon_core.environment:create_environment_scripts_only(rtabmap_demos)
[14.086s] Level 1:colcon.colcon_core.environment:checking '/home/deepak/electronic_ws/install/rtabmap_demos' for CMake module files
[14.086s] DEBUG:colcon.colcon_core.event_handler.log_command:Invoked command in '/home/deepak/electronic_ws/build/rtabmap_demos' returned '0': AMENT_PREFIX_PATH=/home/deepak/electronic_ws/install/rtabmap_viz:/home/deepak/electronic_ws/install/rtabmap_slam:/home/deepak/electronic_ws/install/rtabmap_odom:/home/deepak/electronic_ws/install/rtabmap_util:/home/deepak/electronic_ws/install/rtabmap_sync:/home/deepak/electronic_ws/install/rtabmap_rviz_plugins:/home/deepak/electronic_ws/install/rtabmap_conversions:${AMENT_PREFIX_PATH} CMAKE_PREFIX_PATH=/home/deepak/electronic_ws/install/rtabmap_viz:/home/deepak/electronic_ws/install/rtabmap_slam:/home/deepak/electronic_ws/install/rtabmap_odom:/home/deepak/electronic_ws/install/rtabmap_util:/home/deepak/electronic_ws/install/rtabmap_sync:/home/deepak/electronic_ws/install/rtabmap_rviz_plugins:/home/deepak/electronic_ws/install/rtabmap_conversions:/opt/ros/foxy:/home/deepak/electronic_ws/install/rtabmap_msgs:/home/deepak/electronic_ws/install/rtabmap LD_LIBRARY_PATH=/home/deepak/electronic_ws/install/rtabmap_slam/lib:/home/deepak/electronic_ws/install/rtabmap_odom/lib:/home/deepak/electronic_ws/install/rtabmap_util/lib:/home/deepak/electronic_ws/install/rtabmap_sync/lib:/home/deepak/electronic_ws/install/rtabmap_rviz_plugins/lib:/home/deepak/electronic_ws/install/rtabmap_conversions/lib:/home/deepak/electronic_ws/install/rtabmap_msgs/lib:/home/deepak/electronic_ws/install/rtabmap/lib:${LD_LIBRARY_PATH} PATH=/home/deepak/electronic_ws/install/rtabmap/bin:${PATH} PKG_CONFIG_PATH=/home/deepak/electronic_ws/install/rtabmap_msgs/lib/x86_64-linux-gnu/pkgconfig:/home/deepak/electronic_ws/install/rtabmap_msgs/lib/pkgconfig:/home/deepak/electronic_ws/install/rtabmap/lib/x86_64-linux-gnu/pkgconfig:/home/deepak/electronic_ws/install/rtabmap/lib/pkgconfig PYTHONPATH=/home/deepak/electronic_ws/install/rtabmap_msgs/lib/python3.8/site-packages:${PYTHONPATH} ROS_PACKAGE_PATH=/home/deepak/electronic_ws/install/rtabmap_msgs/share /usr/bin/cmake --install /home/deepak/electronic_ws/build/rtabmap_demos
[14.087s] Level 1:colcon.colcon_core.environment:checking '/home/deepak/electronic_ws/install/rtabmap_demos' for CMake config files
[14.088s] Level 1:colcon.colcon_core.shell:create_environment_hook('rtabmap_demos', 'cmake_prefix_path')
[14.089s] INFO:colcon.colcon_core.shell:Creating environment hook '/home/deepak/electronic_ws/install/rtabmap_demos/share/rtabmap_demos/hook/cmake_prefix_path.ps1'
[14.090s] INFO:colcon.colcon_core.shell:Creating environment descriptor '/home/deepak/electronic_ws/install/rtabmap_demos/share/rtabmap_demos/hook/cmake_prefix_path.dsv'
[14.090s] INFO:colcon.colcon_core.shell:Creating environment hook '/home/deepak/electronic_ws/install/rtabmap_demos/share/rtabmap_demos/hook/cmake_prefix_path.sh'
[14.091s] Level 1:colcon.colcon_core.environment:checking '/home/deepak/electronic_ws/install/rtabmap_demos/bin'
[14.091s] Level 1:colcon.colcon_core.environment:checking '/home/deepak/electronic_ws/install/rtabmap_demos/lib/pkgconfig/rtabmap_demos.pc'
[14.091s] Level 1:colcon.colcon_core.environment:checking '/home/deepak/electronic_ws/install/rtabmap_demos/lib/python3.8/site-packages'
[14.092s] Level 1:colcon.colcon_core.environment:checking '/home/deepak/electronic_ws/install/rtabmap_demos/bin'
[14.092s] INFO:colcon.colcon_core.shell:Creating package script '/home/deepak/electronic_ws/install/rtabmap_demos/share/rtabmap_demos/package.ps1'
[14.093s] INFO:colcon.colcon_core.shell:Creating package descriptor '/home/deepak/electronic_ws/install/rtabmap_demos/share/rtabmap_demos/package.dsv'
[14.093s] INFO:colcon.colcon_core.shell:Creating package script '/home/deepak/electronic_ws/install/rtabmap_demos/share/rtabmap_demos/package.sh'
[14.094s] INFO:colcon.colcon_core.shell:Creating package script '/home/deepak/electronic_ws/install/rtabmap_demos/share/rtabmap_demos/package.bash'
[14.094s] INFO:colcon.colcon_core.shell:Creating package script '/home/deepak/electronic_ws/install/rtabmap_demos/share/rtabmap_demos/package.zsh'
[14.095s] Level 1:colcon.colcon_core.environment:create_file_with_runtime_dependencies(/home/deepak/electronic_ws/install/rtabmap_demos/share/colcon-core/packages/rtabmap_demos)
[14.095s] Level 1:colcon.colcon_core.environment:create_environment_scripts_only(rtabmap_demos)
[14.096s] Level 1:colcon.colcon_core.environment:checking '/home/deepak/electronic_ws/install/rtabmap_demos' for CMake module files
[14.096s] Level 1:colcon.colcon_core.environment:checking '/home/deepak/electronic_ws/install/rtabmap_demos' for CMake config files
[14.096s] Level 1:colcon.colcon_core.shell:create_environment_hook('rtabmap_demos', 'cmake_prefix_path')
[14.097s] INFO:colcon.colcon_core.shell:Creating environment hook '/home/deepak/electronic_ws/install/rtabmap_demos/share/rtabmap_demos/hook/cmake_prefix_path.ps1'
[14.097s] INFO:colcon.colcon_core.shell:Creating environment descriptor '/home/deepak/electronic_ws/install/rtabmap_demos/share/rtabmap_demos/hook/cmake_prefix_path.dsv'
[14.098s] INFO:colcon.colcon_core.shell:Creating environment hook '/home/deepak/electronic_ws/install/rtabmap_demos/share/rtabmap_demos/hook/cmake_prefix_path.sh'
[14.098s] Level 1:colcon.colcon_core.environment:checking '/home/deepak/electronic_ws/install/rtabmap_demos/bin'
[14.098s] Level 1:colcon.colcon_core.environment:checking '/home/deepak/electronic_ws/install/rtabmap_demos/lib/pkgconfig/rtabmap_demos.pc'
[14.099s] Level 1:colcon.colcon_core.environment:checking '/home/deepak/electronic_ws/install/rtabmap_demos/lib/python3.8/site-packages'
[14.099s] Level 1:colcon.colcon_core.environment:checking '/home/deepak/electronic_ws/install/rtabmap_demos/bin'
[14.100s] INFO:colcon.colcon_core.shell:Creating package script '/home/deepak/electronic_ws/install/rtabmap_demos/share/rtabmap_demos/package.ps1'
[14.101s] INFO:colcon.colcon_core.shell:Creating package descriptor '/home/deepak/electronic_ws/install/rtabmap_demos/share/rtabmap_demos/package.dsv'
[14.102s] INFO:colcon.colcon_core.shell:Creating package script '/home/deepak/electronic_ws/install/rtabmap_demos/share/rtabmap_demos/package.sh'
[14.103s] INFO:colcon.colcon_core.shell:Creating package script '/home/deepak/electronic_ws/install/rtabmap_demos/share/rtabmap_demos/package.bash'
[14.104s] INFO:colcon.colcon_core.shell:Creating package script '/home/deepak/electronic_ws/install/rtabmap_demos/share/rtabmap_demos/package.zsh'
[14.104s] Level 1:colcon.colcon_core.environment:create_file_with_runtime_dependencies(/home/deepak/electronic_ws/install/rtabmap_demos/share/colcon-core/packages/rtabmap_demos)
[14.106s] Level 1:colcon.colcon_core.environment:create_environment_scripts_only(rtabmap_examples)
[14.107s] Level 1:colcon.colcon_core.environment:checking '/home/deepak/electronic_ws/install/rtabmap_examples' for CMake module files
[14.108s] DEBUG:colcon.colcon_core.event_handler.log_command:Invoked command in '/home/deepak/electronic_ws/build/rtabmap_examples' returned '0': AMENT_PREFIX_PATH=/home/deepak/electronic_ws/install/rtabmap_viz:/home/deepak/electronic_ws/install/rtabmap_slam:/home/deepak/electronic_ws/install/rtabmap_odom:/home/deepak/electronic_ws/install/rtabmap_util:/home/deepak/electronic_ws/install/rtabmap_sync:/home/deepak/electronic_ws/install/rtabmap_rviz_plugins:/home/deepak/electronic_ws/install/rtabmap_conversions:${AMENT_PREFIX_PATH} CMAKE_PREFIX_PATH=/home/deepak/electronic_ws/install/rtabmap_viz:/home/deepak/electronic_ws/install/rtabmap_slam:/home/deepak/electronic_ws/install/rtabmap_odom:/home/deepak/electronic_ws/install/rtabmap_util:/home/deepak/electronic_ws/install/rtabmap_sync:/home/deepak/electronic_ws/install/rtabmap_rviz_plugins:/home/deepak/electronic_ws/install/rtabmap_conversions:/opt/ros/foxy:/home/deepak/electronic_ws/install/rtabmap_msgs:/home/deepak/electronic_ws/install/rtabmap LD_LIBRARY_PATH=/home/deepak/electronic_ws/install/rtabmap_slam/lib:/home/deepak/electronic_ws/install/rtabmap_odom/lib:/home/deepak/electronic_ws/install/rtabmap_util/lib:/home/deepak/electronic_ws/install/rtabmap_sync/lib:/home/deepak/electronic_ws/install/rtabmap_rviz_plugins/lib:/home/deepak/electronic_ws/install/rtabmap_conversions/lib:/home/deepak/electronic_ws/install/rtabmap_msgs/lib:/home/deepak/electronic_ws/install/rtabmap/lib:${LD_LIBRARY_PATH} PATH=/home/deepak/electronic_ws/install/rtabmap/bin:${PATH} PKG_CONFIG_PATH=/home/deepak/electronic_ws/install/rtabmap_msgs/lib/x86_64-linux-gnu/pkgconfig:/home/deepak/electronic_ws/install/rtabmap_msgs/lib/pkgconfig:/home/deepak/electronic_ws/install/rtabmap/lib/x86_64-linux-gnu/pkgconfig:/home/deepak/electronic_ws/install/rtabmap/lib/pkgconfig PYTHONPATH=/home/deepak/electronic_ws/install/rtabmap_msgs/lib/python3.8/site-packages:${PYTHONPATH} ROS_PACKAGE_PATH=/home/deepak/electronic_ws/install/rtabmap_msgs/share /usr/bin/cmake --install /home/deepak/electronic_ws/build/rtabmap_examples
[14.108s] Level 1:colcon.colcon_core.environment:checking '/home/deepak/electronic_ws/install/rtabmap_examples' for CMake config files
[14.109s] Level 1:colcon.colcon_core.shell:create_environment_hook('rtabmap_examples', 'cmake_prefix_path')
[14.109s] INFO:colcon.colcon_core.shell:Creating environment hook '/home/deepak/electronic_ws/install/rtabmap_examples/share/rtabmap_examples/hook/cmake_prefix_path.ps1'
[14.110s] INFO:colcon.colcon_core.shell:Creating environment descriptor '/home/deepak/electronic_ws/install/rtabmap_examples/share/rtabmap_examples/hook/cmake_prefix_path.dsv'
[14.111s] INFO:colcon.colcon_core.shell:Creating environment hook '/home/deepak/electronic_ws/install/rtabmap_examples/share/rtabmap_examples/hook/cmake_prefix_path.sh'
[14.111s] Level 1:colcon.colcon_core.environment:checking '/home/deepak/electronic_ws/install/rtabmap_examples/bin'
[14.112s] Level 1:colcon.colcon_core.environment:checking '/home/deepak/electronic_ws/install/rtabmap_examples/lib/pkgconfig/rtabmap_examples.pc'
[14.112s] Level 1:colcon.colcon_core.environment:checking '/home/deepak/electronic_ws/install/rtabmap_examples/lib/python3.8/site-packages'
[14.112s] Level 1:colcon.colcon_core.environment:checking '/home/deepak/electronic_ws/install/rtabmap_examples/bin'
[14.112s] INFO:colcon.colcon_core.shell:Creating package script '/home/deepak/electronic_ws/install/rtabmap_examples/share/rtabmap_examples/package.ps1'
[14.113s] INFO:colcon.colcon_core.shell:Creating package descriptor '/home/deepak/electronic_ws/install/rtabmap_examples/share/rtabmap_examples/package.dsv'
[14.113s] INFO:colcon.colcon_core.shell:Creating package script '/home/deepak/electronic_ws/install/rtabmap_examples/share/rtabmap_examples/package.sh'
[14.113s] INFO:colcon.colcon_core.shell:Creating package script '/home/deepak/electronic_ws/install/rtabmap_examples/share/rtabmap_examples/package.bash'
[14.114s] INFO:colcon.colcon_core.shell:Creating package script '/home/deepak/electronic_ws/install/rtabmap_examples/share/rtabmap_examples/package.zsh'
[14.114s] Level 1:colcon.colcon_core.environment:create_file_with_runtime_dependencies(/home/deepak/electronic_ws/install/rtabmap_examples/share/colcon-core/packages/rtabmap_examples)
[14.115s] Level 1:colcon.colcon_core.environment:create_environment_scripts_only(rtabmap_examples)
[14.116s] Level 1:colcon.colcon_core.environment:checking '/home/deepak/electronic_ws/install/rtabmap_examples' for CMake module files
[14.117s] Level 1:colcon.colcon_core.environment:checking '/home/deepak/electronic_ws/install/rtabmap_examples' for CMake config files
[14.117s] Level 1:colcon.colcon_core.shell:create_environment_hook('rtabmap_examples', 'cmake_prefix_path')
[14.118s] INFO:colcon.colcon_core.shell:Creating environment hook '/home/deepak/electronic_ws/install/rtabmap_examples/share/rtabmap_examples/hook/cmake_prefix_path.ps1'
[14.118s] INFO:colcon.colcon_core.shell:Creating environment descriptor '/home/deepak/electronic_ws/install/rtabmap_examples/share/rtabmap_examples/hook/cmake_prefix_path.dsv'
[14.119s] INFO:colcon.colcon_core.shell:Creating environment hook '/home/deepak/electronic_ws/install/rtabmap_examples/share/rtabmap_examples/hook/cmake_prefix_path.sh'
[14.120s] Level 1:colcon.colcon_core.environment:checking '/home/deepak/electronic_ws/install/rtabmap_examples/bin'
[14.120s] Level 1:colcon.colcon_core.environment:checking '/home/deepak/electronic_ws/install/rtabmap_examples/lib/pkgconfig/rtabmap_examples.pc'
[14.121s] Level 1:colcon.colcon_core.environment:checking '/home/deepak/electronic_ws/install/rtabmap_examples/lib/python3.8/site-packages'
[14.121s] Level 1:colcon.colcon_core.environment:checking '/home/deepak/electronic_ws/install/rtabmap_examples/bin'
[14.121s] INFO:colcon.colcon_core.shell:Creating package script '/home/deepak/electronic_ws/install/rtabmap_examples/share/rtabmap_examples/package.ps1'
[14.122s] INFO:colcon.colcon_core.shell:Creating package descriptor '/home/deepak/electronic_ws/install/rtabmap_examples/share/rtabmap_examples/package.dsv'
[14.123s] INFO:colcon.colcon_core.shell:Creating package script '/home/deepak/electronic_ws/install/rtabmap_examples/share/rtabmap_examples/package.sh'
[14.124s] INFO:colcon.colcon_core.shell:Creating package script '/home/deepak/electronic_ws/install/rtabmap_examples/share/rtabmap_examples/package.bash'
[14.124s] INFO:colcon.colcon_core.shell:Creating package script '/home/deepak/electronic_ws/install/rtabmap_examples/share/rtabmap_examples/package.zsh'
[14.125s] Level 1:colcon.colcon_core.environment:create_file_with_runtime_dependencies(/home/deepak/electronic_ws/install/rtabmap_examples/share/colcon-core/packages/rtabmap_examples)
[14.126s] Level 1:colcon.colcon_core.environment:create_environment_scripts_only(rtabmap_launch)
[14.126s] Level 1:colcon.colcon_core.environment:checking '/home/deepak/electronic_ws/install/rtabmap_launch' for CMake module files
[14.128s] DEBUG:colcon.colcon_core.event_handler.log_command:Invoked command in '/home/deepak/electronic_ws/build/rtabmap_launch' returned '0': AMENT_PREFIX_PATH=/home/deepak/electronic_ws/install/rtabmap_viz:/home/deepak/electronic_ws/install/rtabmap_slam:/home/deepak/electronic_ws/install/rtabmap_odom:/home/deepak/electronic_ws/install/rtabmap_util:/home/deepak/electronic_ws/install/rtabmap_sync:/home/deepak/electronic_ws/install/rtabmap_rviz_plugins:/home/deepak/electronic_ws/install/rtabmap_conversions:${AMENT_PREFIX_PATH} CMAKE_PREFIX_PATH=/home/deepak/electronic_ws/install/rtabmap_viz:/home/deepak/electronic_ws/install/rtabmap_slam:/home/deepak/electronic_ws/install/rtabmap_odom:/home/deepak/electronic_ws/install/rtabmap_util:/home/deepak/electronic_ws/install/rtabmap_sync:/home/deepak/electronic_ws/install/rtabmap_rviz_plugins:/home/deepak/electronic_ws/install/rtabmap_conversions:/opt/ros/foxy:/home/deepak/electronic_ws/install/rtabmap_msgs:/home/deepak/electronic_ws/install/rtabmap LD_LIBRARY_PATH=/home/deepak/electronic_ws/install/rtabmap_slam/lib:/home/deepak/electronic_ws/install/rtabmap_odom/lib:/home/deepak/electronic_ws/install/rtabmap_util/lib:/home/deepak/electronic_ws/install/rtabmap_sync/lib:/home/deepak/electronic_ws/install/rtabmap_rviz_plugins/lib:/home/deepak/electronic_ws/install/rtabmap_conversions/lib:/home/deepak/electronic_ws/install/rtabmap_msgs/lib:/home/deepak/electronic_ws/install/rtabmap/lib:${LD_LIBRARY_PATH} PATH=/home/deepak/electronic_ws/install/rtabmap/bin:${PATH} PKG_CONFIG_PATH=/home/deepak/electronic_ws/install/rtabmap_msgs/lib/x86_64-linux-gnu/pkgconfig:/home/deepak/electronic_ws/install/rtabmap_msgs/lib/pkgconfig:/home/deepak/electronic_ws/install/rtabmap/lib/x86_64-linux-gnu/pkgconfig:/home/deepak/electronic_ws/install/rtabmap/lib/pkgconfig PYTHONPATH=/home/deepak/electronic_ws/install/rtabmap_msgs/lib/python3.8/site-packages:${PYTHONPATH} ROS_PACKAGE_PATH=/home/deepak/electronic_ws/install/rtabmap_msgs/share /usr/bin/cmake --install /home/deepak/electronic_ws/build/rtabmap_launch
[14.128s] Level 1:colcon.colcon_core.environment:checking '/home/deepak/electronic_ws/install/rtabmap_launch' for CMake config files
[14.129s] Level 1:colcon.colcon_core.shell:create_environment_hook('rtabmap_launch', 'cmake_prefix_path')
[14.129s] INFO:colcon.colcon_core.shell:Creating environment hook '/home/deepak/electronic_ws/install/rtabmap_launch/share/rtabmap_launch/hook/cmake_prefix_path.ps1'
[14.130s] INFO:colcon.colcon_core.shell:Creating environment descriptor '/home/deepak/electronic_ws/install/rtabmap_launch/share/rtabmap_launch/hook/cmake_prefix_path.dsv'
[14.130s] INFO:colcon.colcon_core.shell:Creating environment hook '/home/deepak/electronic_ws/install/rtabmap_launch/share/rtabmap_launch/hook/cmake_prefix_path.sh'
[14.131s] Level 1:colcon.colcon_core.environment:checking '/home/deepak/electronic_ws/install/rtabmap_launch/bin'
[14.131s] Level 1:colcon.colcon_core.environment:checking '/home/deepak/electronic_ws/install/rtabmap_launch/lib/pkgconfig/rtabmap_launch.pc'
[14.131s] Level 1:colcon.colcon_core.environment:checking '/home/deepak/electronic_ws/install/rtabmap_launch/lib/python3.8/site-packages'
[14.132s] Level 1:colcon.colcon_core.environment:checking '/home/deepak/electronic_ws/install/rtabmap_launch/bin'
[14.132s] INFO:colcon.colcon_core.shell:Creating package script '/home/deepak/electronic_ws/install/rtabmap_launch/share/rtabmap_launch/package.ps1'
[14.133s] INFO:colcon.colcon_core.shell:Creating package descriptor '/home/deepak/electronic_ws/install/rtabmap_launch/share/rtabmap_launch/package.dsv'
[14.133s] INFO:colcon.colcon_core.shell:Creating package script '/home/deepak/electronic_ws/install/rtabmap_launch/share/rtabmap_launch/package.sh'
[14.134s] INFO:colcon.colcon_core.shell:Creating package script '/home/deepak/electronic_ws/install/rtabmap_launch/share/rtabmap_launch/package.bash'
[14.134s] INFO:colcon.colcon_core.shell:Creating package script '/home/deepak/electronic_ws/install/rtabmap_launch/share/rtabmap_launch/package.zsh'
[14.134s] Level 1:colcon.colcon_core.environment:create_file_with_runtime_dependencies(/home/deepak/electronic_ws/install/rtabmap_launch/share/colcon-core/packages/rtabmap_launch)
[14.135s] Level 1:colcon.colcon_core.environment:create_environment_scripts_only(rtabmap_launch)
[14.135s] Level 1:colcon.colcon_core.environment:checking '/home/deepak/electronic_ws/install/rtabmap_launch' for CMake module files
[14.136s] Level 1:colcon.colcon_core.environment:checking '/home/deepak/electronic_ws/install/rtabmap_launch' for CMake config files
[14.136s] Level 1:colcon.colcon_core.shell:create_environment_hook('rtabmap_launch', 'cmake_prefix_path')
[14.136s] INFO:colcon.colcon_core.shell:Creating environment hook '/home/deepak/electronic_ws/install/rtabmap_launch/share/rtabmap_launch/hook/cmake_prefix_path.ps1'
[14.137s] INFO:colcon.colcon_core.shell:Creating environment descriptor '/home/deepak/electronic_ws/install/rtabmap_launch/share/rtabmap_launch/hook/cmake_prefix_path.dsv'
[14.137s] INFO:colcon.colcon_core.shell:Creating environment hook '/home/deepak/electronic_ws/install/rtabmap_launch/share/rtabmap_launch/hook/cmake_prefix_path.sh'
[14.137s] Level 1:colcon.colcon_core.environment:checking '/home/deepak/electronic_ws/install/rtabmap_launch/bin'
[14.137s] Level 1:colcon.colcon_core.environment:checking '/home/deepak/electronic_ws/install/rtabmap_launch/lib/pkgconfig/rtabmap_launch.pc'
[14.138s] Level 1:colcon.colcon_core.environment:checking '/home/deepak/electronic_ws/install/rtabmap_launch/lib/python3.8/site-packages'
[14.138s] Level 1:colcon.colcon_core.environment:checking '/home/deepak/electronic_ws/install/rtabmap_launch/bin'
[14.138s] INFO:colcon.colcon_core.shell:Creating package script '/home/deepak/electronic_ws/install/rtabmap_launch/share/rtabmap_launch/package.ps1'
[14.139s] INFO:colcon.colcon_core.shell:Creating package descriptor '/home/deepak/electronic_ws/install/rtabmap_launch/share/rtabmap_launch/package.dsv'
[14.139s] INFO:colcon.colcon_core.shell:Creating package script '/home/deepak/electronic_ws/install/rtabmap_launch/share/rtabmap_launch/package.sh'
[14.140s] INFO:colcon.colcon_core.shell:Creating package script '/home/deepak/electronic_ws/install/rtabmap_launch/share/rtabmap_launch/package.bash'
[14.140s] INFO:colcon.colcon_core.shell:Creating package script '/home/deepak/electronic_ws/install/rtabmap_launch/share/rtabmap_launch/package.zsh'
[14.140s] Level 1:colcon.colcon_core.environment:create_file_with_runtime_dependencies(/home/deepak/electronic_ws/install/rtabmap_launch/share/colcon-core/packages/rtabmap_launch)
[14.141s] INFO:colcon.colcon_ros.task.ament_cmake.build:Building ROS package in '/home/deepak/electronic_ws/src/rtabmap_ros/rtabmap_ros' with build type 'ament_cmake'
[14.141s] INFO:colcon.colcon_cmake.task.cmake.build:Building CMake package in '/home/deepak/electronic_ws/src/rtabmap_ros/rtabmap_ros'
[14.141s] INFO:colcon.colcon_core.shell:Skip shell extension 'powershell' for command environment: Not usable outside of PowerShell
[14.141s] DEBUG:colcon.colcon_core.shell:Skip shell extension 'dsv' for command environment
[14.173s] DEBUG:colcon.colcon_core.event_handler.log_command:Invoking command in '/home/deepak/electronic_ws/build/rtabmap_ros': AMENT_PREFIX_PATH=/home/deepak/electronic_ws/install/rtabmap_launch:/home/deepak/electronic_ws/install/rtabmap_examples:/home/deepak/electronic_ws/install/rtabmap_demos:/home/deepak/electronic_ws/install/rtabmap_viz:/home/deepak/electronic_ws/install/rtabmap_slam:/home/deepak/electronic_ws/install/rtabmap_odom:/home/deepak/electronic_ws/install/rtabmap_util:/home/deepak/electronic_ws/install/rtabmap_sync:/home/deepak/electronic_ws/install/rtabmap_rviz_plugins:/home/deepak/electronic_ws/install/rtabmap_conversions:/home/deepak/electronic_ws/install/rtabmap_python:${AMENT_PREFIX_PATH} CMAKE_PREFIX_PATH=/home/deepak/electronic_ws/install/rtabmap_launch:/home/deepak/electronic_ws/install/rtabmap_examples:/home/deepak/electronic_ws/install/rtabmap_demos:/home/deepak/electronic_ws/install/rtabmap_viz:/home/deepak/electronic_ws/install/rtabmap_slam:/home/deepak/electronic_ws/install/rtabmap_odom:/home/deepak/electronic_ws/install/rtabmap_util:/home/deepak/electronic_ws/install/rtabmap_sync:/home/deepak/electronic_ws/install/rtabmap_rviz_plugins:/home/deepak/electronic_ws/install/rtabmap_conversions:/opt/ros/foxy:/home/deepak/electronic_ws/install/rtabmap_msgs:/home/deepak/electronic_ws/install/rtabmap LD_LIBRARY_PATH=/home/deepak/electronic_ws/install/rtabmap_slam/lib:/home/deepak/electronic_ws/install/rtabmap_odom/lib:/home/deepak/electronic_ws/install/rtabmap_util/lib:/home/deepak/electronic_ws/install/rtabmap_sync/lib:/home/deepak/electronic_ws/install/rtabmap_rviz_plugins/lib:/home/deepak/electronic_ws/install/rtabmap_conversions/lib:/home/deepak/electronic_ws/install/rtabmap_msgs/lib:/home/deepak/electronic_ws/install/rtabmap/lib:${LD_LIBRARY_PATH} PATH=/home/deepak/electronic_ws/install/rtabmap/bin:${PATH} PKG_CONFIG_PATH=/home/deepak/electronic_ws/install/rtabmap_msgs/lib/x86_64-linux-gnu/pkgconfig:/home/deepak/electronic_ws/install/rtabmap_msgs/lib/pkgconfig:/home/deepak/electronic_ws/install/rtabmap/lib/x86_64-linux-gnu/pkgconfig:/home/deepak/electronic_ws/install/rtabmap/lib/pkgconfig PYTHONPATH=/home/deepak/electronic_ws/install/rtabmap_python/lib/python3.8/site-packages:/home/deepak/electronic_ws/install/rtabmap_msgs/lib/python3.8/site-packages:${PYTHONPATH} ROS_PACKAGE_PATH=/home/deepak/electronic_ws/install/rtabmap_msgs/share /usr/bin/cmake /home/deepak/electronic_ws/src/rtabmap_ros/rtabmap_ros -DCMAKE_INSTALL_PREFIX=/home/deepak/electronic_ws/install/rtabmap_ros
[14.536s] DEBUG:colcon.colcon_core.event_handler.log_command:Invoked command in '/home/deepak/electronic_ws/build/rtabmap_ros' returned '0': AMENT_PREFIX_PATH=/home/deepak/electronic_ws/install/rtabmap_launch:/home/deepak/electronic_ws/install/rtabmap_examples:/home/deepak/electronic_ws/install/rtabmap_demos:/home/deepak/electronic_ws/install/rtabmap_viz:/home/deepak/electronic_ws/install/rtabmap_slam:/home/deepak/electronic_ws/install/rtabmap_odom:/home/deepak/electronic_ws/install/rtabmap_util:/home/deepak/electronic_ws/install/rtabmap_sync:/home/deepak/electronic_ws/install/rtabmap_rviz_plugins:/home/deepak/electronic_ws/install/rtabmap_conversions:/home/deepak/electronic_ws/install/rtabmap_python:${AMENT_PREFIX_PATH} CMAKE_PREFIX_PATH=/home/deepak/electronic_ws/install/rtabmap_launch:/home/deepak/electronic_ws/install/rtabmap_examples:/home/deepak/electronic_ws/install/rtabmap_demos:/home/deepak/electronic_ws/install/rtabmap_viz:/home/deepak/electronic_ws/install/rtabmap_slam:/home/deepak/electronic_ws/install/rtabmap_odom:/home/deepak/electronic_ws/install/rtabmap_util:/home/deepak/electronic_ws/install/rtabmap_sync:/home/deepak/electronic_ws/install/rtabmap_rviz_plugins:/home/deepak/electronic_ws/install/rtabmap_conversions:/opt/ros/foxy:/home/deepak/electronic_ws/install/rtabmap_msgs:/home/deepak/electronic_ws/install/rtabmap LD_LIBRARY_PATH=/home/deepak/electronic_ws/install/rtabmap_slam/lib:/home/deepak/electronic_ws/install/rtabmap_odom/lib:/home/deepak/electronic_ws/install/rtabmap_util/lib:/home/deepak/electronic_ws/install/rtabmap_sync/lib:/home/deepak/electronic_ws/install/rtabmap_rviz_plugins/lib:/home/deepak/electronic_ws/install/rtabmap_conversions/lib:/home/deepak/electronic_ws/install/rtabmap_msgs/lib:/home/deepak/electronic_ws/install/rtabmap/lib:${LD_LIBRARY_PATH} PATH=/home/deepak/electronic_ws/install/rtabmap/bin:${PATH} PKG_CONFIG_PATH=/home/deepak/electronic_ws/install/rtabmap_msgs/lib/x86_64-linux-gnu/pkgconfig:/home/deepak/electronic_ws/install/rtabmap_msgs/lib/pkgconfig:/home/deepak/electronic_ws/install/rtabmap/lib/x86_64-linux-gnu/pkgconfig:/home/deepak/electronic_ws/install/rtabmap/lib/pkgconfig PYTHONPATH=/home/deepak/electronic_ws/install/rtabmap_python/lib/python3.8/site-packages:/home/deepak/electronic_ws/install/rtabmap_msgs/lib/python3.8/site-packages:${PYTHONPATH} ROS_PACKAGE_PATH=/home/deepak/electronic_ws/install/rtabmap_msgs/share /usr/bin/cmake /home/deepak/electronic_ws/src/rtabmap_ros/rtabmap_ros -DCMAKE_INSTALL_PREFIX=/home/deepak/electronic_ws/install/rtabmap_ros
[14.537s] DEBUG:colcon.colcon_core.event_handler.log_command:Invoking command in '/home/deepak/electronic_ws/build/rtabmap_ros': AMENT_PREFIX_PATH=/home/deepak/electronic_ws/install/rtabmap_launch:/home/deepak/electronic_ws/install/rtabmap_examples:/home/deepak/electronic_ws/install/rtabmap_demos:/home/deepak/electronic_ws/install/rtabmap_viz:/home/deepak/electronic_ws/install/rtabmap_slam:/home/deepak/electronic_ws/install/rtabmap_odom:/home/deepak/electronic_ws/install/rtabmap_util:/home/deepak/electronic_ws/install/rtabmap_sync:/home/deepak/electronic_ws/install/rtabmap_rviz_plugins:/home/deepak/electronic_ws/install/rtabmap_conversions:/home/deepak/electronic_ws/install/rtabmap_python:${AMENT_PREFIX_PATH} CMAKE_PREFIX_PATH=/home/deepak/electronic_ws/install/rtabmap_launch:/home/deepak/electronic_ws/install/rtabmap_examples:/home/deepak/electronic_ws/install/rtabmap_demos:/home/deepak/electronic_ws/install/rtabmap_viz:/home/deepak/electronic_ws/install/rtabmap_slam:/home/deepak/electronic_ws/install/rtabmap_odom:/home/deepak/electronic_ws/install/rtabmap_util:/home/deepak/electronic_ws/install/rtabmap_sync:/home/deepak/electronic_ws/install/rtabmap_rviz_plugins:/home/deepak/electronic_ws/install/rtabmap_conversions:/opt/ros/foxy:/home/deepak/electronic_ws/install/rtabmap_msgs:/home/deepak/electronic_ws/install/rtabmap LD_LIBRARY_PATH=/home/deepak/electronic_ws/install/rtabmap_slam/lib:/home/deepak/electronic_ws/install/rtabmap_odom/lib:/home/deepak/electronic_ws/install/rtabmap_util/lib:/home/deepak/electronic_ws/install/rtabmap_sync/lib:/home/deepak/electronic_ws/install/rtabmap_rviz_plugins/lib:/home/deepak/electronic_ws/install/rtabmap_conversions/lib:/home/deepak/electronic_ws/install/rtabmap_msgs/lib:/home/deepak/electronic_ws/install/rtabmap/lib:${LD_LIBRARY_PATH} PATH=/home/deepak/electronic_ws/install/rtabmap/bin:${PATH} PKG_CONFIG_PATH=/home/deepak/electronic_ws/install/rtabmap_msgs/lib/x86_64-linux-gnu/pkgconfig:/home/deepak/electronic_ws/install/rtabmap_msgs/lib/pkgconfig:/home/deepak/electronic_ws/install/rtabmap/lib/x86_64-linux-gnu/pkgconfig:/home/deepak/electronic_ws/install/rtabmap/lib/pkgconfig PYTHONPATH=/home/deepak/electronic_ws/install/rtabmap_python/lib/python3.8/site-packages:/home/deepak/electronic_ws/install/rtabmap_msgs/lib/python3.8/site-packages:${PYTHONPATH} ROS_PACKAGE_PATH=/home/deepak/electronic_ws/install/rtabmap_msgs/share /usr/bin/cmake --build /home/deepak/electronic_ws/build/rtabmap_ros -- -j8 -l8
[14.613s] DEBUG:colcon.colcon_core.event_handler.log_command:Invoked command in '/home/deepak/electronic_ws/build/rtabmap_ros' returned '0': AMENT_PREFIX_PATH=/home/deepak/electronic_ws/install/rtabmap_launch:/home/deepak/electronic_ws/install/rtabmap_examples:/home/deepak/electronic_ws/install/rtabmap_demos:/home/deepak/electronic_ws/install/rtabmap_viz:/home/deepak/electronic_ws/install/rtabmap_slam:/home/deepak/electronic_ws/install/rtabmap_odom:/home/deepak/electronic_ws/install/rtabmap_util:/home/deepak/electronic_ws/install/rtabmap_sync:/home/deepak/electronic_ws/install/rtabmap_rviz_plugins:/home/deepak/electronic_ws/install/rtabmap_conversions:/home/deepak/electronic_ws/install/rtabmap_python:${AMENT_PREFIX_PATH} CMAKE_PREFIX_PATH=/home/deepak/electronic_ws/install/rtabmap_launch:/home/deepak/electronic_ws/install/rtabmap_examples:/home/deepak/electronic_ws/install/rtabmap_demos:/home/deepak/electronic_ws/install/rtabmap_viz:/home/deepak/electronic_ws/install/rtabmap_slam:/home/deepak/electronic_ws/install/rtabmap_odom:/home/deepak/electronic_ws/install/rtabmap_util:/home/deepak/electronic_ws/install/rtabmap_sync:/home/deepak/electronic_ws/install/rtabmap_rviz_plugins:/home/deepak/electronic_ws/install/rtabmap_conversions:/opt/ros/foxy:/home/deepak/electronic_ws/install/rtabmap_msgs:/home/deepak/electronic_ws/install/rtabmap LD_LIBRARY_PATH=/home/deepak/electronic_ws/install/rtabmap_slam/lib:/home/deepak/electronic_ws/install/rtabmap_odom/lib:/home/deepak/electronic_ws/install/rtabmap_util/lib:/home/deepak/electronic_ws/install/rtabmap_sync/lib:/home/deepak/electronic_ws/install/rtabmap_rviz_plugins/lib:/home/deepak/electronic_ws/install/rtabmap_conversions/lib:/home/deepak/electronic_ws/install/rtabmap_msgs/lib:/home/deepak/electronic_ws/install/rtabmap/lib:${LD_LIBRARY_PATH} PATH=/home/deepak/electronic_ws/install/rtabmap/bin:${PATH} PKG_CONFIG_PATH=/home/deepak/electronic_ws/install/rtabmap_msgs/lib/x86_64-linux-gnu/pkgconfig:/home/deepak/electronic_ws/install/rtabmap_msgs/lib/pkgconfig:/home/deepak/electronic_ws/install/rtabmap/lib/x86_64-linux-gnu/pkgconfig:/home/deepak/electronic_ws/install/rtabmap/lib/pkgconfig PYTHONPATH=/home/deepak/electronic_ws/install/rtabmap_python/lib/python3.8/site-packages:/home/deepak/electronic_ws/install/rtabmap_msgs/lib/python3.8/site-packages:${PYTHONPATH} ROS_PACKAGE_PATH=/home/deepak/electronic_ws/install/rtabmap_msgs/share /usr/bin/cmake --build /home/deepak/electronic_ws/build/rtabmap_ros -- -j8 -l8
[14.618s] DEBUG:colcon.colcon_core.event_handler.log_command:Invoking command in '/home/deepak/electronic_ws/build/rtabmap_ros': AMENT_PREFIX_PATH=/home/deepak/electronic_ws/install/rtabmap_launch:/home/deepak/electronic_ws/install/rtabmap_examples:/home/deepak/electronic_ws/install/rtabmap_demos:/home/deepak/electronic_ws/install/rtabmap_viz:/home/deepak/electronic_ws/install/rtabmap_slam:/home/deepak/electronic_ws/install/rtabmap_odom:/home/deepak/electronic_ws/install/rtabmap_util:/home/deepak/electronic_ws/install/rtabmap_sync:/home/deepak/electronic_ws/install/rtabmap_rviz_plugins:/home/deepak/electronic_ws/install/rtabmap_conversions:/home/deepak/electronic_ws/install/rtabmap_python:${AMENT_PREFIX_PATH} CMAKE_PREFIX_PATH=/home/deepak/electronic_ws/install/rtabmap_launch:/home/deepak/electronic_ws/install/rtabmap_examples:/home/deepak/electronic_ws/install/rtabmap_demos:/home/deepak/electronic_ws/install/rtabmap_viz:/home/deepak/electronic_ws/install/rtabmap_slam:/home/deepak/electronic_ws/install/rtabmap_odom:/home/deepak/electronic_ws/install/rtabmap_util:/home/deepak/electronic_ws/install/rtabmap_sync:/home/deepak/electronic_ws/install/rtabmap_rviz_plugins:/home/deepak/electronic_ws/install/rtabmap_conversions:/opt/ros/foxy:/home/deepak/electronic_ws/install/rtabmap_msgs:/home/deepak/electronic_ws/install/rtabmap LD_LIBRARY_PATH=/home/deepak/electronic_ws/install/rtabmap_slam/lib:/home/deepak/electronic_ws/install/rtabmap_odom/lib:/home/deepak/electronic_ws/install/rtabmap_util/lib:/home/deepak/electronic_ws/install/rtabmap_sync/lib:/home/deepak/electronic_ws/install/rtabmap_rviz_plugins/lib:/home/deepak/electronic_ws/install/rtabmap_conversions/lib:/home/deepak/electronic_ws/install/rtabmap_msgs/lib:/home/deepak/electronic_ws/install/rtabmap/lib:${LD_LIBRARY_PATH} PATH=/home/deepak/electronic_ws/install/rtabmap/bin:${PATH} PKG_CONFIG_PATH=/home/deepak/electronic_ws/install/rtabmap_msgs/lib/x86_64-linux-gnu/pkgconfig:/home/deepak/electronic_ws/install/rtabmap_msgs/lib/pkgconfig:/home/deepak/electronic_ws/install/rtabmap/lib/x86_64-linux-gnu/pkgconfig:/home/deepak/electronic_ws/install/rtabmap/lib/pkgconfig PYTHONPATH=/home/deepak/electronic_ws/install/rtabmap_python/lib/python3.8/site-packages:/home/deepak/electronic_ws/install/rtabmap_msgs/lib/python3.8/site-packages:${PYTHONPATH} ROS_PACKAGE_PATH=/home/deepak/electronic_ws/install/rtabmap_msgs/share /usr/bin/cmake --install /home/deepak/electronic_ws/build/rtabmap_ros
[14.664s] Level 1:colcon.colcon_core.environment:create_environment_scripts_only(rtabmap_ros)
[14.665s] Level 1:colcon.colcon_core.environment:checking '/home/deepak/electronic_ws/install/rtabmap_ros' for CMake module files
[14.666s] DEBUG:colcon.colcon_core.event_handler.log_command:Invoked command in '/home/deepak/electronic_ws/build/rtabmap_ros' returned '0': AMENT_PREFIX_PATH=/home/deepak/electronic_ws/install/rtabmap_launch:/home/deepak/electronic_ws/install/rtabmap_examples:/home/deepak/electronic_ws/install/rtabmap_demos:/home/deepak/electronic_ws/install/rtabmap_viz:/home/deepak/electronic_ws/install/rtabmap_slam:/home/deepak/electronic_ws/install/rtabmap_odom:/home/deepak/electronic_ws/install/rtabmap_util:/home/deepak/electronic_ws/install/rtabmap_sync:/home/deepak/electronic_ws/install/rtabmap_rviz_plugins:/home/deepak/electronic_ws/install/rtabmap_conversions:/home/deepak/electronic_ws/install/rtabmap_python:${AMENT_PREFIX_PATH} CMAKE_PREFIX_PATH=/home/deepak/electronic_ws/install/rtabmap_launch:/home/deepak/electronic_ws/install/rtabmap_examples:/home/deepak/electronic_ws/install/rtabmap_demos:/home/deepak/electronic_ws/install/rtabmap_viz:/home/deepak/electronic_ws/install/rtabmap_slam:/home/deepak/electronic_ws/install/rtabmap_odom:/home/deepak/electronic_ws/install/rtabmap_util:/home/deepak/electronic_ws/install/rtabmap_sync:/home/deepak/electronic_ws/install/rtabmap_rviz_plugins:/home/deepak/electronic_ws/install/rtabmap_conversions:/opt/ros/foxy:/home/deepak/electronic_ws/install/rtabmap_msgs:/home/deepak/electronic_ws/install/rtabmap LD_LIBRARY_PATH=/home/deepak/electronic_ws/install/rtabmap_slam/lib:/home/deepak/electronic_ws/install/rtabmap_odom/lib:/home/deepak/electronic_ws/install/rtabmap_util/lib:/home/deepak/electronic_ws/install/rtabmap_sync/lib:/home/deepak/electronic_ws/install/rtabmap_rviz_plugins/lib:/home/deepak/electronic_ws/install/rtabmap_conversions/lib:/home/deepak/electronic_ws/install/rtabmap_msgs/lib:/home/deepak/electronic_ws/install/rtabmap/lib:${LD_LIBRARY_PATH} PATH=/home/deepak/electronic_ws/install/rtabmap/bin:${PATH} PKG_CONFIG_PATH=/home/deepak/electronic_ws/install/rtabmap_msgs/lib/x86_64-linux-gnu/pkgconfig:/home/deepak/electronic_ws/install/rtabmap_msgs/lib/pkgconfig:/home/deepak/electronic_ws/install/rtabmap/lib/x86_64-linux-gnu/pkgconfig:/home/deepak/electronic_ws/install/rtabmap/lib/pkgconfig PYTHONPATH=/home/deepak/electronic_ws/install/rtabmap_python/lib/python3.8/site-packages:/home/deepak/electronic_ws/install/rtabmap_msgs/lib/python3.8/site-packages:${PYTHONPATH} ROS_PACKAGE_PATH=/home/deepak/electronic_ws/install/rtabmap_msgs/share /usr/bin/cmake --install /home/deepak/electronic_ws/build/rtabmap_ros
[14.666s] Level 1:colcon.colcon_core.environment:checking '/home/deepak/electronic_ws/install/rtabmap_ros' for CMake config files
[14.667s] Level 1:colcon.colcon_core.shell:create_environment_hook('rtabmap_ros', 'cmake_prefix_path')
[14.668s] INFO:colcon.colcon_core.shell:Creating environment hook '/home/deepak/electronic_ws/install/rtabmap_ros/share/rtabmap_ros/hook/cmake_prefix_path.ps1'
[14.669s] INFO:colcon.colcon_core.shell:Creating environment descriptor '/home/deepak/electronic_ws/install/rtabmap_ros/share/rtabmap_ros/hook/cmake_prefix_path.dsv'
[14.670s] INFO:colcon.colcon_core.shell:Creating environment hook '/home/deepak/electronic_ws/install/rtabmap_ros/share/rtabmap_ros/hook/cmake_prefix_path.sh'
[14.671s] Level 1:colcon.colcon_core.environment:checking '/home/deepak/electronic_ws/install/rtabmap_ros/bin'
[14.671s] Level 1:colcon.colcon_core.environment:checking '/home/deepak/electronic_ws/install/rtabmap_ros/lib/pkgconfig/rtabmap_ros.pc'
[14.671s] Level 1:colcon.colcon_core.environment:checking '/home/deepak/electronic_ws/install/rtabmap_ros/lib/python3.8/site-packages'
[14.672s] Level 1:colcon.colcon_core.environment:checking '/home/deepak/electronic_ws/install/rtabmap_ros/bin'
[14.672s] INFO:colcon.colcon_core.shell:Creating package script '/home/deepak/electronic_ws/install/rtabmap_ros/share/rtabmap_ros/package.ps1'
[14.673s] INFO:colcon.colcon_core.shell:Creating package descriptor '/home/deepak/electronic_ws/install/rtabmap_ros/share/rtabmap_ros/package.dsv'
[14.674s] INFO:colcon.colcon_core.shell:Creating package script '/home/deepak/electronic_ws/install/rtabmap_ros/share/rtabmap_ros/package.sh'
[14.675s] INFO:colcon.colcon_core.shell:Creating package script '/home/deepak/electronic_ws/install/rtabmap_ros/share/rtabmap_ros/package.bash'
[14.675s] INFO:colcon.colcon_core.shell:Creating package script '/home/deepak/electronic_ws/install/rtabmap_ros/share/rtabmap_ros/package.zsh'
[14.676s] Level 1:colcon.colcon_core.environment:create_file_with_runtime_dependencies(/home/deepak/electronic_ws/install/rtabmap_ros/share/colcon-core/packages/rtabmap_ros)
[14.677s] Level 1:colcon.colcon_core.environment:create_environment_scripts_only(rtabmap_ros)
[14.678s] Level 1:colcon.colcon_core.environment:checking '/home/deepak/electronic_ws/install/rtabmap_ros' for CMake module files
[14.678s] Level 1:colcon.colcon_core.environment:checking '/home/deepak/electronic_ws/install/rtabmap_ros' for CMake config files
[14.679s] Level 1:colcon.colcon_core.shell:create_environment_hook('rtabmap_ros', 'cmake_prefix_path')
[14.679s] INFO:colcon.colcon_core.shell:Creating environment hook '/home/deepak/electronic_ws/install/rtabmap_ros/share/rtabmap_ros/hook/cmake_prefix_path.ps1'
[14.680s] INFO:colcon.colcon_core.shell:Creating environment descriptor '/home/deepak/electronic_ws/install/rtabmap_ros/share/rtabmap_ros/hook/cmake_prefix_path.dsv'
[14.681s] INFO:colcon.colcon_core.shell:Creating environment hook '/home/deepak/electronic_ws/install/rtabmap_ros/share/rtabmap_ros/hook/cmake_prefix_path.sh'
[14.681s] Level 1:colcon.colcon_core.environment:checking '/home/deepak/electronic_ws/install/rtabmap_ros/bin'
[14.682s] Level 1:colcon.colcon_core.environment:checking '/home/deepak/electronic_ws/install/rtabmap_ros/lib/pkgconfig/rtabmap_ros.pc'
[14.682s] Level 1:colcon.colcon_core.environment:checking '/home/deepak/electronic_ws/install/rtabmap_ros/lib/python3.8/site-packages'
[14.682s] Level 1:colcon.colcon_core.environment:checking '/home/deepak/electronic_ws/install/rtabmap_ros/bin'
[14.683s] INFO:colcon.colcon_core.shell:Creating package script '/home/deepak/electronic_ws/install/rtabmap_ros/share/rtabmap_ros/package.ps1'
[14.684s] INFO:colcon.colcon_core.shell:Creating package descriptor '/home/deepak/electronic_ws/install/rtabmap_ros/share/rtabmap_ros/package.dsv'
[14.685s] INFO:colcon.colcon_core.shell:Creating package script '/home/deepak/electronic_ws/install/rtabmap_ros/share/rtabmap_ros/package.sh'
[14.687s] INFO:colcon.colcon_core.shell:Creating package script '/home/deepak/electronic_ws/install/rtabmap_ros/share/rtabmap_ros/package.bash'
[14.688s] INFO:colcon.colcon_core.shell:Creating package script '/home/deepak/electronic_ws/install/rtabmap_ros/share/rtabmap_ros/package.zsh'
[14.688s] Level 1:colcon.colcon_core.environment:create_file_with_runtime_dependencies(/home/deepak/electronic_ws/install/rtabmap_ros/share/colcon-core/packages/rtabmap_ros)
[14.689s] DEBUG:colcon.colcon_parallel_executor.executor.parallel:closing loop
[14.689s] DEBUG:colcon.colcon_parallel_executor.executor.parallel:loop closed
[14.689s] DEBUG:colcon.colcon_parallel_executor.executor.parallel:run_until_complete finished with '0'
[14.689s] DEBUG:colcon.colcon_core.event_reactor:joining thread
[14.699s] INFO:colcon.colcon_core.plugin_system:Skipping extension 'colcon_notification.desktop_notification.terminal_notifier': Not used on non-Darwin systems
[14.699s] INFO:colcon.colcon_core.plugin_system:Skipping extension 'colcon_notification.desktop_notification.win32': Not used on non-Windows systems
[14.699s] INFO:colcon.colcon_notification.desktop_notification:Sending desktop notification using 'notify2'
[14.725s] DEBUG:colcon.colcon_core.event_reactor:joined thread
[14.726s] INFO:colcon.colcon_core.shell:Creating prefix script '/home/deepak/electronic_ws/install/local_setup.ps1'
[14.728s] INFO:colcon.colcon_core.shell:Creating prefix util module '/home/deepak/electronic_ws/install/_local_setup_util_ps1.py'
[14.731s] INFO:colcon.colcon_core.shell:Creating prefix chain script '/home/deepak/electronic_ws/install/setup.ps1'
[14.732s] INFO:colcon.colcon_core.shell:Creating prefix script '/home/deepak/electronic_ws/install/local_setup.sh'
[14.733s] INFO:colcon.colcon_core.shell:Creating prefix util module '/home/deepak/electronic_ws/install/_local_setup_util_sh.py'
[14.734s] INFO:colcon.colcon_core.shell:Creating prefix chain script '/home/deepak/electronic_ws/install/setup.sh'
[14.736s] INFO:colcon.colcon_core.shell:Creating prefix script '/home/deepak/electronic_ws/install/local_setup.bash'
[14.737s] INFO:colcon.colcon_core.shell:Creating prefix chain script '/home/deepak/electronic_ws/install/setup.bash'
[14.738s] INFO:colcon.colcon_core.shell:Creating prefix script '/home/deepak/electronic_ws/install/local_setup.zsh'
[14.739s] INFO:colcon.colcon_core.shell:Creating prefix chain script '/home/deepak/electronic_ws/install/setup.zsh'
