[0.690s] DEBUG:colcon:Command line arguments: ['/usr/bin/colcon', 'build', '--symlink-install', '--parallel-workers', '3', '--packages-skip', 'rtabmap_costmap_plugins']
[0.690s] DEBUG:colcon:Parsed command line arguments: Namespace(allow_overriding=[], ament_cmake_args=None, base_paths=['.'], build_base='build', catkin_cmake_args=None, catkin_skip_building_tests=False, cmake_args=None, cmake_clean_cache=False, cmake_clean_first=False, cmake_force_configure=False, cmake_target=None, cmake_target_skip_unavailable=False, continue_on_error=False, event_handlers=None, executor='parallel', ignore_user_meta=False, install_base='install', log_base=None, log_level=None, main=<bound method BuildVerb.main of <colcon_core.verb.build.BuildVerb object at 0x7f51065c4880>>, merge_install=False, metas=['./colcon.meta'], mixin=None, mixin_files=None, mixin_verb=('build',), packages_above=None, packages_above_and_dependencies=None, packages_above_depth=None, packages_end=None, packages_ignore=None, packages_ignore_regex=None, packages_select=None, packages_select_build_failed=False, packages_select_by_dep=None, packages_select_regex=None, packages_select_test_failures=False, packages_skip=['rtabmap_costmap_plugins'], packages_skip_build_finished=False, packages_skip_by_dep=None, packages_skip_regex=None, packages_skip_test_passed=False, packages_skip_up_to=None, packages_start=None, packages_up_to=None, packages_up_to_regex=None, parallel_workers=3, paths=None, symlink_install=True, test_result_base=None, verb_extension=<colcon_core.verb.build.BuildVerb object at 0x7f51065c4880>, verb_name='build', verb_parser=<colcon_mixin.mixin.mixin_argument.MixinArgumentDecorator object at 0x7f51065c4e20>)
[0.926s] Level 1:colcon.colcon_core.package_discovery:discover_packages(colcon_meta) check parameters
[0.927s] Level 1:colcon.colcon_core.package_discovery:discover_packages(recursive) check parameters
[0.927s] Level 1:colcon.colcon_core.package_discovery:discover_packages(ignore) check parameters
[0.927s] Level 1:colcon.colcon_core.package_discovery:discover_packages(path) check parameters
[0.927s] Level 1:colcon.colcon_core.package_discovery:discover_packages(colcon_meta) discover
[0.927s] Level 1:colcon.colcon_core.package_discovery:discover_packages(recursive) discover
[0.927s] INFO:colcon.colcon_core.package_discovery:Crawling recursively for packages in '/home/deepak/electronic_ws'
[0.927s] Level 1:colcon.colcon_core.package_identification:_identify(.) by extensions ['ignore', 'ignore_ament_install']
[0.927s] Level 1:colcon.colcon_core.package_identification:_identify(.) by extension 'ignore'
[0.927s] Level 1:colcon.colcon_core.package_identification:_identify(.) by extension 'ignore_ament_install'
[0.927s] Level 1:colcon.colcon_core.package_identification:_identify(.) by extensions ['colcon_pkg']
[0.927s] Level 1:colcon.colcon_core.package_identification:_identify(.) by extension 'colcon_pkg'
[0.927s] Level 1:colcon.colcon_core.package_identification:_identify(.) by extensions ['colcon_meta']
[0.927s] Level 1:colcon.colcon_core.package_identification:_identify(.) by extension 'colcon_meta'
[0.927s] Level 1:colcon.colcon_core.package_identification:_identify(.) by extensions ['ros']
[0.927s] Level 1:colcon.colcon_core.package_identification:_identify(.) by extension 'ros'
[0.955s] Level 1:colcon.colcon_core.package_identification:_identify(.) by extensions ['cmake', 'python']
[0.955s] Level 1:colcon.colcon_core.package_identification:_identify(.) by extension 'cmake'
[0.955s] Level 1:colcon.colcon_core.package_identification:_identify(.) by extension 'python'
[0.955s] Level 1:colcon.colcon_core.package_identification:_identify(.) by extensions ['python_setup_py']
[0.955s] Level 1:colcon.colcon_core.package_identification:_identify(.) by extension 'python_setup_py'
[0.955s] Level 1:colcon.colcon_core.package_identification:_identify(build) by extensions ['ignore', 'ignore_ament_install']
[0.955s] Level 1:colcon.colcon_core.package_identification:_identify(build) by extension 'ignore'
[0.955s] Level 1:colcon.colcon_core.package_identification:_identify(build) ignored
[0.956s] Level 1:colcon.colcon_core.package_identification:_identify(install) by extensions ['ignore', 'ignore_ament_install']
[0.956s] Level 1:colcon.colcon_core.package_identification:_identify(install) by extension 'ignore'
[0.956s] Level 1:colcon.colcon_core.package_identification:_identify(install) ignored
[0.956s] Level 1:colcon.colcon_core.package_identification:_identify(log) by extensions ['ignore', 'ignore_ament_install']
[0.956s] Level 1:colcon.colcon_core.package_identification:_identify(log) by extension 'ignore'
[0.956s] Level 1:colcon.colcon_core.package_identification:_identify(log) ignored
[0.957s] Level 1:colcon.colcon_core.package_identification:_identify(src) by extensions ['ignore', 'ignore_ament_install']
[0.957s] Level 1:colcon.colcon_core.package_identification:_identify(src) by extension 'ignore'
[0.957s] Level 1:colcon.colcon_core.package_identification:_identify(src) by extension 'ignore_ament_install'
[0.957s] Level 1:colcon.colcon_core.package_identification:_identify(src) by extensions ['colcon_pkg']
[0.957s] Level 1:colcon.colcon_core.package_identification:_identify(src) by extension 'colcon_pkg'
[0.957s] Level 1:colcon.colcon_core.package_identification:_identify(src) by extensions ['colcon_meta']
[0.957s] Level 1:colcon.colcon_core.package_identification:_identify(src) by extension 'colcon_meta'
[0.957s] Level 1:colcon.colcon_core.package_identification:_identify(src) by extensions ['ros']
[0.957s] Level 1:colcon.colcon_core.package_identification:_identify(src) by extension 'ros'
[0.957s] Level 1:colcon.colcon_core.package_identification:_identify(src) by extensions ['cmake', 'python']
[0.957s] Level 1:colcon.colcon_core.package_identification:_identify(src) by extension 'cmake'
[0.957s] Level 1:colcon.colcon_core.package_identification:_identify(src) by extension 'python'
[0.957s] Level 1:colcon.colcon_core.package_identification:_identify(src) by extensions ['python_setup_py']
[0.957s] Level 1:colcon.colcon_core.package_identification:_identify(src) by extension 'python_setup_py'
[0.958s] Level 1:colcon.colcon_core.package_identification:_identify(src/Lslidar_ROS2_driver-LS-S1_V1.0) by extensions ['ignore', 'ignore_ament_install']
[0.958s] Level 1:colcon.colcon_core.package_identification:_identify(src/Lslidar_ROS2_driver-LS-S1_V1.0) by extension 'ignore'
[0.958s] Level 1:colcon.colcon_core.package_identification:_identify(src/Lslidar_ROS2_driver-LS-S1_V1.0) by extension 'ignore_ament_install'
[0.958s] Level 1:colcon.colcon_core.package_identification:_identify(src/Lslidar_ROS2_driver-LS-S1_V1.0) by extensions ['colcon_pkg']
[0.958s] Level 1:colcon.colcon_core.package_identification:_identify(src/Lslidar_ROS2_driver-LS-S1_V1.0) by extension 'colcon_pkg'
[0.958s] Level 1:colcon.colcon_core.package_identification:_identify(src/Lslidar_ROS2_driver-LS-S1_V1.0) by extensions ['colcon_meta']
[0.958s] Level 1:colcon.colcon_core.package_identification:_identify(src/Lslidar_ROS2_driver-LS-S1_V1.0) by extension 'colcon_meta'
[0.958s] Level 1:colcon.colcon_core.package_identification:_identify(src/Lslidar_ROS2_driver-LS-S1_V1.0) by extensions ['ros']
[0.958s] Level 1:colcon.colcon_core.package_identification:_identify(src/Lslidar_ROS2_driver-LS-S1_V1.0) by extension 'ros'
[0.958s] Level 1:colcon.colcon_core.package_identification:_identify(src/Lslidar_ROS2_driver-LS-S1_V1.0) by extensions ['cmake', 'python']
[0.958s] Level 1:colcon.colcon_core.package_identification:_identify(src/Lslidar_ROS2_driver-LS-S1_V1.0) by extension 'cmake'
[0.958s] Level 1:colcon.colcon_core.package_identification:_identify(src/Lslidar_ROS2_driver-LS-S1_V1.0) by extension 'python'
[0.958s] Level 1:colcon.colcon_core.package_identification:_identify(src/Lslidar_ROS2_driver-LS-S1_V1.0) by extensions ['python_setup_py']
[0.959s] Level 1:colcon.colcon_core.package_identification:_identify(src/Lslidar_ROS2_driver-LS-S1_V1.0) by extension 'python_setup_py'
[0.959s] Level 1:colcon.colcon_core.package_identification:_identify(src/Lslidar_ROS2_driver-LS-S1_V1.0/lslidar_driver) by extensions ['ignore', 'ignore_ament_install']
[0.959s] Level 1:colcon.colcon_core.package_identification:_identify(src/Lslidar_ROS2_driver-LS-S1_V1.0/lslidar_driver) by extension 'ignore'
[0.959s] Level 1:colcon.colcon_core.package_identification:_identify(src/Lslidar_ROS2_driver-LS-S1_V1.0/lslidar_driver) by extension 'ignore_ament_install'
[0.959s] Level 1:colcon.colcon_core.package_identification:_identify(src/Lslidar_ROS2_driver-LS-S1_V1.0/lslidar_driver) by extensions ['colcon_pkg']
[0.959s] Level 1:colcon.colcon_core.package_identification:_identify(src/Lslidar_ROS2_driver-LS-S1_V1.0/lslidar_driver) by extension 'colcon_pkg'
[0.959s] Level 1:colcon.colcon_core.package_identification:_identify(src/Lslidar_ROS2_driver-LS-S1_V1.0/lslidar_driver) by extensions ['colcon_meta']
[0.959s] Level 1:colcon.colcon_core.package_identification:_identify(src/Lslidar_ROS2_driver-LS-S1_V1.0/lslidar_driver) by extension 'colcon_meta'
[0.959s] Level 1:colcon.colcon_core.package_identification:_identify(src/Lslidar_ROS2_driver-LS-S1_V1.0/lslidar_driver) by extensions ['ros']
[0.959s] Level 1:colcon.colcon_core.package_identification:_identify(src/Lslidar_ROS2_driver-LS-S1_V1.0/lslidar_driver) by extension 'ros'
[0.964s] DEBUG:colcon.colcon_core.package_identification:Package 'src/Lslidar_ROS2_driver-LS-S1_V1.0/lslidar_driver' with type 'ros.ament_cmake' and name 'lslidar_driver'
[0.964s] Level 1:colcon.colcon_core.package_identification:_identify(src/Lslidar_ROS2_driver-LS-S1_V1.0/lslidar_msgs) by extensions ['ignore', 'ignore_ament_install']
[0.964s] Level 1:colcon.colcon_core.package_identification:_identify(src/Lslidar_ROS2_driver-LS-S1_V1.0/lslidar_msgs) by extension 'ignore'
[0.964s] Level 1:colcon.colcon_core.package_identification:_identify(src/Lslidar_ROS2_driver-LS-S1_V1.0/lslidar_msgs) by extension 'ignore_ament_install'
[0.964s] Level 1:colcon.colcon_core.package_identification:_identify(src/Lslidar_ROS2_driver-LS-S1_V1.0/lslidar_msgs) by extensions ['colcon_pkg']
[0.964s] Level 1:colcon.colcon_core.package_identification:_identify(src/Lslidar_ROS2_driver-LS-S1_V1.0/lslidar_msgs) by extension 'colcon_pkg'
[0.964s] Level 1:colcon.colcon_core.package_identification:_identify(src/Lslidar_ROS2_driver-LS-S1_V1.0/lslidar_msgs) by extensions ['colcon_meta']
[0.965s] Level 1:colcon.colcon_core.package_identification:_identify(src/Lslidar_ROS2_driver-LS-S1_V1.0/lslidar_msgs) by extension 'colcon_meta'
[0.965s] Level 1:colcon.colcon_core.package_identification:_identify(src/Lslidar_ROS2_driver-LS-S1_V1.0/lslidar_msgs) by extensions ['ros']
[0.965s] Level 1:colcon.colcon_core.package_identification:_identify(src/Lslidar_ROS2_driver-LS-S1_V1.0/lslidar_msgs) by extension 'ros'
[0.965s] DEBUG:colcon.colcon_core.package_identification:Package 'src/Lslidar_ROS2_driver-LS-S1_V1.0/lslidar_msgs' with type 'ros.ament_cmake' and name 'lslidar_msgs'
[0.967s] Level 1:colcon.colcon_core.package_identification:_identify(src/backward_ros) by extensions ['ignore', 'ignore_ament_install']
[0.967s] Level 1:colcon.colcon_core.package_identification:_identify(src/backward_ros) by extension 'ignore'
[0.967s] Level 1:colcon.colcon_core.package_identification:_identify(src/backward_ros) by extension 'ignore_ament_install'
[0.967s] Level 1:colcon.colcon_core.package_identification:_identify(src/backward_ros) by extensions ['colcon_pkg']
[0.967s] Level 1:colcon.colcon_core.package_identification:_identify(src/backward_ros) by extension 'colcon_pkg'
[0.967s] Level 1:colcon.colcon_core.package_identification:_identify(src/backward_ros) by extensions ['colcon_meta']
[0.967s] Level 1:colcon.colcon_core.package_identification:_identify(src/backward_ros) by extension 'colcon_meta'
[0.967s] Level 1:colcon.colcon_core.package_identification:_identify(src/backward_ros) by extensions ['ros']
[0.967s] Level 1:colcon.colcon_core.package_identification:_identify(src/backward_ros) by extension 'ros'
[0.968s] DEBUG:colcon.colcon_core.package_identification:Package 'src/backward_ros' with type 'ros.cmake' and name 'backward_ros'
[0.969s] Level 1:colcon.colcon_core.package_identification:_identify(src/ros2_astra_camera) by extensions ['ignore', 'ignore_ament_install']
[0.969s] Level 1:colcon.colcon_core.package_identification:_identify(src/ros2_astra_camera) by extension 'ignore'
[0.969s] Level 1:colcon.colcon_core.package_identification:_identify(src/ros2_astra_camera) by extension 'ignore_ament_install'
[0.969s] Level 1:colcon.colcon_core.package_identification:_identify(src/ros2_astra_camera) by extensions ['colcon_pkg']
[0.969s] Level 1:colcon.colcon_core.package_identification:_identify(src/ros2_astra_camera) by extension 'colcon_pkg'
[0.969s] Level 1:colcon.colcon_core.package_identification:_identify(src/ros2_astra_camera) by extensions ['colcon_meta']
[0.969s] Level 1:colcon.colcon_core.package_identification:_identify(src/ros2_astra_camera) by extension 'colcon_meta'
[0.969s] Level 1:colcon.colcon_core.package_identification:_identify(src/ros2_astra_camera) by extensions ['ros']
[0.969s] Level 1:colcon.colcon_core.package_identification:_identify(src/ros2_astra_camera) by extension 'ros'
[0.969s] Level 1:colcon.colcon_core.package_identification:_identify(src/ros2_astra_camera) by extensions ['cmake', 'python']
[0.969s] Level 1:colcon.colcon_core.package_identification:_identify(src/ros2_astra_camera) by extension 'cmake'
[0.969s] Level 1:colcon.colcon_core.package_identification:_identify(src/ros2_astra_camera) by extension 'python'
[0.969s] Level 1:colcon.colcon_core.package_identification:_identify(src/ros2_astra_camera) by extensions ['python_setup_py']
[0.969s] Level 1:colcon.colcon_core.package_identification:_identify(src/ros2_astra_camera) by extension 'python_setup_py'
[0.970s] Level 1:colcon.colcon_core.package_identification:_identify(src/ros2_astra_camera/astra_camera) by extensions ['ignore', 'ignore_ament_install']
[0.970s] Level 1:colcon.colcon_core.package_identification:_identify(src/ros2_astra_camera/astra_camera) by extension 'ignore'
[0.970s] Level 1:colcon.colcon_core.package_identification:_identify(src/ros2_astra_camera/astra_camera) by extension 'ignore_ament_install'
[0.970s] Level 1:colcon.colcon_core.package_identification:_identify(src/ros2_astra_camera/astra_camera) by extensions ['colcon_pkg']
[0.970s] Level 1:colcon.colcon_core.package_identification:_identify(src/ros2_astra_camera/astra_camera) by extension 'colcon_pkg'
[0.970s] Level 1:colcon.colcon_core.package_identification:_identify(src/ros2_astra_camera/astra_camera) by extensions ['colcon_meta']
[0.970s] Level 1:colcon.colcon_core.package_identification:_identify(src/ros2_astra_camera/astra_camera) by extension 'colcon_meta'
[0.970s] Level 1:colcon.colcon_core.package_identification:_identify(src/ros2_astra_camera/astra_camera) by extensions ['ros']
[0.970s] Level 1:colcon.colcon_core.package_identification:_identify(src/ros2_astra_camera/astra_camera) by extension 'ros'
[0.973s] DEBUG:colcon.colcon_core.package_identification:Package 'src/ros2_astra_camera/astra_camera' with type 'ros.ament_cmake' and name 'astra_camera'
[0.975s] Level 1:colcon.colcon_core.package_identification:_identify(src/ros2_astra_camera/astra_camera_msgs) by extensions ['ignore', 'ignore_ament_install']
[0.975s] Level 1:colcon.colcon_core.package_identification:_identify(src/ros2_astra_camera/astra_camera_msgs) by extension 'ignore'
[0.975s] Level 1:colcon.colcon_core.package_identification:_identify(src/ros2_astra_camera/astra_camera_msgs) by extension 'ignore_ament_install'
[0.975s] Level 1:colcon.colcon_core.package_identification:_identify(src/ros2_astra_camera/astra_camera_msgs) by extensions ['colcon_pkg']
[0.975s] Level 1:colcon.colcon_core.package_identification:_identify(src/ros2_astra_camera/astra_camera_msgs) by extension 'colcon_pkg'
[0.975s] Level 1:colcon.colcon_core.package_identification:_identify(src/ros2_astra_camera/astra_camera_msgs) by extensions ['colcon_meta']
[0.975s] Level 1:colcon.colcon_core.package_identification:_identify(src/ros2_astra_camera/astra_camera_msgs) by extension 'colcon_meta'
[0.975s] Level 1:colcon.colcon_core.package_identification:_identify(src/ros2_astra_camera/astra_camera_msgs) by extensions ['ros']
[0.975s] Level 1:colcon.colcon_core.package_identification:_identify(src/ros2_astra_camera/astra_camera_msgs) by extension 'ros'
[0.976s] DEBUG:colcon.colcon_core.package_identification:Package 'src/ros2_astra_camera/astra_camera_msgs' with type 'ros.ament_cmake' and name 'astra_camera_msgs'
[0.977s] Level 1:colcon.colcon_core.package_identification:_identify(src/rtabmap) by extensions ['ignore', 'ignore_ament_install']
[0.977s] Level 1:colcon.colcon_core.package_identification:_identify(src/rtabmap) by extension 'ignore'
[0.977s] Level 1:colcon.colcon_core.package_identification:_identify(src/rtabmap) by extension 'ignore_ament_install'
[0.977s] Level 1:colcon.colcon_core.package_identification:_identify(src/rtabmap) by extensions ['colcon_pkg']
[0.977s] Level 1:colcon.colcon_core.package_identification:_identify(src/rtabmap) by extension 'colcon_pkg'
[0.977s] Level 1:colcon.colcon_core.package_identification:_identify(src/rtabmap) by extensions ['colcon_meta']
[0.977s] Level 1:colcon.colcon_core.package_identification:_identify(src/rtabmap) by extension 'colcon_meta'
[0.977s] Level 1:colcon.colcon_core.package_identification:_identify(src/rtabmap) by extensions ['ros']
[0.977s] Level 1:colcon.colcon_core.package_identification:_identify(src/rtabmap) by extension 'ros'
[0.979s] DEBUG:colcon.colcon_core.package_identification:Package 'src/rtabmap' with type 'ros.cmake' and name 'rtabmap'
[0.980s] Level 1:colcon.colcon_core.package_identification:_identify(src/rtabmap_ros) by extensions ['ignore', 'ignore_ament_install']
[0.980s] Level 1:colcon.colcon_core.package_identification:_identify(src/rtabmap_ros) by extension 'ignore'
[0.980s] Level 1:colcon.colcon_core.package_identification:_identify(src/rtabmap_ros) by extension 'ignore_ament_install'
[0.980s] Level 1:colcon.colcon_core.package_identification:_identify(src/rtabmap_ros) by extensions ['colcon_pkg']
[0.980s] Level 1:colcon.colcon_core.package_identification:_identify(src/rtabmap_ros) by extension 'colcon_pkg'
[0.980s] Level 1:colcon.colcon_core.package_identification:_identify(src/rtabmap_ros) by extensions ['colcon_meta']
[0.980s] Level 1:colcon.colcon_core.package_identification:_identify(src/rtabmap_ros) by extension 'colcon_meta'
[0.980s] Level 1:colcon.colcon_core.package_identification:_identify(src/rtabmap_ros) by extensions ['ros']
[0.980s] Level 1:colcon.colcon_core.package_identification:_identify(src/rtabmap_ros) by extension 'ros'
[0.980s] Level 1:colcon.colcon_core.package_identification:_identify(src/rtabmap_ros) by extensions ['cmake', 'python']
[0.980s] Level 1:colcon.colcon_core.package_identification:_identify(src/rtabmap_ros) by extension 'cmake'
[0.980s] Level 1:colcon.colcon_core.package_identification:_identify(src/rtabmap_ros) by extension 'python'
[0.980s] Level 1:colcon.colcon_core.package_identification:_identify(src/rtabmap_ros) by extensions ['python_setup_py']
[0.981s] Level 1:colcon.colcon_core.package_identification:_identify(src/rtabmap_ros) by extension 'python_setup_py'
[0.981s] Level 1:colcon.colcon_core.package_identification:_identify(src/rtabmap_ros/docker) by extensions ['ignore', 'ignore_ament_install']
[0.981s] Level 1:colcon.colcon_core.package_identification:_identify(src/rtabmap_ros/docker) by extension 'ignore'
[0.981s] Level 1:colcon.colcon_core.package_identification:_identify(src/rtabmap_ros/docker) by extension 'ignore_ament_install'
[0.981s] Level 1:colcon.colcon_core.package_identification:_identify(src/rtabmap_ros/docker) by extensions ['colcon_pkg']
[0.981s] Level 1:colcon.colcon_core.package_identification:_identify(src/rtabmap_ros/docker) by extension 'colcon_pkg'
[0.981s] Level 1:colcon.colcon_core.package_identification:_identify(src/rtabmap_ros/docker) by extensions ['colcon_meta']
[0.981s] Level 1:colcon.colcon_core.package_identification:_identify(src/rtabmap_ros/docker) by extension 'colcon_meta'
[0.981s] Level 1:colcon.colcon_core.package_identification:_identify(src/rtabmap_ros/docker) by extensions ['ros']
[0.981s] Level 1:colcon.colcon_core.package_identification:_identify(src/rtabmap_ros/docker) by extension 'ros'
[0.981s] Level 1:colcon.colcon_core.package_identification:_identify(src/rtabmap_ros/docker) by extensions ['cmake', 'python']
[0.981s] Level 1:colcon.colcon_core.package_identification:_identify(src/rtabmap_ros/docker) by extension 'cmake'
[0.981s] Level 1:colcon.colcon_core.package_identification:_identify(src/rtabmap_ros/docker) by extension 'python'
[0.981s] Level 1:colcon.colcon_core.package_identification:_identify(src/rtabmap_ros/docker) by extensions ['python_setup_py']
[0.981s] Level 1:colcon.colcon_core.package_identification:_identify(src/rtabmap_ros/docker) by extension 'python_setup_py'
[0.982s] Level 1:colcon.colcon_core.package_identification:_identify(src/rtabmap_ros/docker/foxy) by extensions ['ignore', 'ignore_ament_install']
[0.982s] Level 1:colcon.colcon_core.package_identification:_identify(src/rtabmap_ros/docker/foxy) by extension 'ignore'
[0.982s] Level 1:colcon.colcon_core.package_identification:_identify(src/rtabmap_ros/docker/foxy) by extension 'ignore_ament_install'
[0.982s] Level 1:colcon.colcon_core.package_identification:_identify(src/rtabmap_ros/docker/foxy) by extensions ['colcon_pkg']
[0.982s] Level 1:colcon.colcon_core.package_identification:_identify(src/rtabmap_ros/docker/foxy) by extension 'colcon_pkg'
[0.982s] Level 1:colcon.colcon_core.package_identification:_identify(src/rtabmap_ros/docker/foxy) by extensions ['colcon_meta']
[0.982s] Level 1:colcon.colcon_core.package_identification:_identify(src/rtabmap_ros/docker/foxy) by extension 'colcon_meta'
[0.982s] Level 1:colcon.colcon_core.package_identification:_identify(src/rtabmap_ros/docker/foxy) by extensions ['ros']
[0.982s] Level 1:colcon.colcon_core.package_identification:_identify(src/rtabmap_ros/docker/foxy) by extension 'ros'
[0.982s] Level 1:colcon.colcon_core.package_identification:_identify(src/rtabmap_ros/docker/foxy) by extensions ['cmake', 'python']
[0.982s] Level 1:colcon.colcon_core.package_identification:_identify(src/rtabmap_ros/docker/foxy) by extension 'cmake'
[0.982s] Level 1:colcon.colcon_core.package_identification:_identify(src/rtabmap_ros/docker/foxy) by extension 'python'
[0.982s] Level 1:colcon.colcon_core.package_identification:_identify(src/rtabmap_ros/docker/foxy) by extensions ['python_setup_py']
[0.982s] Level 1:colcon.colcon_core.package_identification:_identify(src/rtabmap_ros/docker/foxy) by extension 'python_setup_py'
[0.983s] Level 1:colcon.colcon_core.package_identification:_identify(src/rtabmap_ros/docker/foxy/latest) by extensions ['ignore', 'ignore_ament_install']
[0.983s] Level 1:colcon.colcon_core.package_identification:_identify(src/rtabmap_ros/docker/foxy/latest) by extension 'ignore'
[0.983s] Level 1:colcon.colcon_core.package_identification:_identify(src/rtabmap_ros/docker/foxy/latest) by extension 'ignore_ament_install'
[0.983s] Level 1:colcon.colcon_core.package_identification:_identify(src/rtabmap_ros/docker/foxy/latest) by extensions ['colcon_pkg']
[0.983s] Level 1:colcon.colcon_core.package_identification:_identify(src/rtabmap_ros/docker/foxy/latest) by extension 'colcon_pkg'
[0.983s] Level 1:colcon.colcon_core.package_identification:_identify(src/rtabmap_ros/docker/foxy/latest) by extensions ['colcon_meta']
[0.983s] Level 1:colcon.colcon_core.package_identification:_identify(src/rtabmap_ros/docker/foxy/latest) by extension 'colcon_meta'
[0.983s] Level 1:colcon.colcon_core.package_identification:_identify(src/rtabmap_ros/docker/foxy/latest) by extensions ['ros']
[0.983s] Level 1:colcon.colcon_core.package_identification:_identify(src/rtabmap_ros/docker/foxy/latest) by extension 'ros'
[0.983s] Level 1:colcon.colcon_core.package_identification:_identify(src/rtabmap_ros/docker/foxy/latest) by extensions ['cmake', 'python']
[0.983s] Level 1:colcon.colcon_core.package_identification:_identify(src/rtabmap_ros/docker/foxy/latest) by extension 'cmake'
[0.983s] Level 1:colcon.colcon_core.package_identification:_identify(src/rtabmap_ros/docker/foxy/latest) by extension 'python'
[0.983s] Level 1:colcon.colcon_core.package_identification:_identify(src/rtabmap_ros/docker/foxy/latest) by extensions ['python_setup_py']
[0.983s] Level 1:colcon.colcon_core.package_identification:_identify(src/rtabmap_ros/docker/foxy/latest) by extension 'python_setup_py'
[0.984s] Level 1:colcon.colcon_core.package_identification:_identify(src/rtabmap_ros/docker/foxy/latest/hooks) by extensions ['ignore', 'ignore_ament_install']
[0.984s] Level 1:colcon.colcon_core.package_identification:_identify(src/rtabmap_ros/docker/foxy/latest/hooks) by extension 'ignore'
[0.984s] Level 1:colcon.colcon_core.package_identification:_identify(src/rtabmap_ros/docker/foxy/latest/hooks) by extension 'ignore_ament_install'
[0.984s] Level 1:colcon.colcon_core.package_identification:_identify(src/rtabmap_ros/docker/foxy/latest/hooks) by extensions ['colcon_pkg']
[0.984s] Level 1:colcon.colcon_core.package_identification:_identify(src/rtabmap_ros/docker/foxy/latest/hooks) by extension 'colcon_pkg'
[0.984s] Level 1:colcon.colcon_core.package_identification:_identify(src/rtabmap_ros/docker/foxy/latest/hooks) by extensions ['colcon_meta']
[0.984s] Level 1:colcon.colcon_core.package_identification:_identify(src/rtabmap_ros/docker/foxy/latest/hooks) by extension 'colcon_meta'
[0.984s] Level 1:colcon.colcon_core.package_identification:_identify(src/rtabmap_ros/docker/foxy/latest/hooks) by extensions ['ros']
[0.984s] Level 1:colcon.colcon_core.package_identification:_identify(src/rtabmap_ros/docker/foxy/latest/hooks) by extension 'ros'
[0.984s] Level 1:colcon.colcon_core.package_identification:_identify(src/rtabmap_ros/docker/foxy/latest/hooks) by extensions ['cmake', 'python']
[0.984s] Level 1:colcon.colcon_core.package_identification:_identify(src/rtabmap_ros/docker/foxy/latest/hooks) by extension 'cmake'
[0.984s] Level 1:colcon.colcon_core.package_identification:_identify(src/rtabmap_ros/docker/foxy/latest/hooks) by extension 'python'
[0.984s] Level 1:colcon.colcon_core.package_identification:_identify(src/rtabmap_ros/docker/foxy/latest/hooks) by extensions ['python_setup_py']
[0.984s] Level 1:colcon.colcon_core.package_identification:_identify(src/rtabmap_ros/docker/foxy/latest/hooks) by extension 'python_setup_py'
[0.985s] Level 1:colcon.colcon_core.package_identification:_identify(src/rtabmap_ros/docker/humble) by extensions ['ignore', 'ignore_ament_install']
[0.985s] Level 1:colcon.colcon_core.package_identification:_identify(src/rtabmap_ros/docker/humble) by extension 'ignore'
[0.985s] Level 1:colcon.colcon_core.package_identification:_identify(src/rtabmap_ros/docker/humble) by extension 'ignore_ament_install'
[0.985s] Level 1:colcon.colcon_core.package_identification:_identify(src/rtabmap_ros/docker/humble) by extensions ['colcon_pkg']
[0.985s] Level 1:colcon.colcon_core.package_identification:_identify(src/rtabmap_ros/docker/humble) by extension 'colcon_pkg'
[0.985s] Level 1:colcon.colcon_core.package_identification:_identify(src/rtabmap_ros/docker/humble) by extensions ['colcon_meta']
[0.985s] Level 1:colcon.colcon_core.package_identification:_identify(src/rtabmap_ros/docker/humble) by extension 'colcon_meta'
[0.985s] Level 1:colcon.colcon_core.package_identification:_identify(src/rtabmap_ros/docker/humble) by extensions ['ros']
[0.985s] Level 1:colcon.colcon_core.package_identification:_identify(src/rtabmap_ros/docker/humble) by extension 'ros'
[0.985s] Level 1:colcon.colcon_core.package_identification:_identify(src/rtabmap_ros/docker/humble) by extensions ['cmake', 'python']
[0.985s] Level 1:colcon.colcon_core.package_identification:_identify(src/rtabmap_ros/docker/humble) by extension 'cmake'
[0.985s] Level 1:colcon.colcon_core.package_identification:_identify(src/rtabmap_ros/docker/humble) by extension 'python'
[0.985s] Level 1:colcon.colcon_core.package_identification:_identify(src/rtabmap_ros/docker/humble) by extensions ['python_setup_py']
[0.985s] Level 1:colcon.colcon_core.package_identification:_identify(src/rtabmap_ros/docker/humble) by extension 'python_setup_py'
[0.985s] Level 1:colcon.colcon_core.package_identification:_identify(src/rtabmap_ros/docker/humble/latest) by extensions ['ignore', 'ignore_ament_install']
[0.986s] Level 1:colcon.colcon_core.package_identification:_identify(src/rtabmap_ros/docker/humble/latest) by extension 'ignore'
[0.986s] Level 1:colcon.colcon_core.package_identification:_identify(src/rtabmap_ros/docker/humble/latest) by extension 'ignore_ament_install'
[0.986s] Level 1:colcon.colcon_core.package_identification:_identify(src/rtabmap_ros/docker/humble/latest) by extensions ['colcon_pkg']
[0.986s] Level 1:colcon.colcon_core.package_identification:_identify(src/rtabmap_ros/docker/humble/latest) by extension 'colcon_pkg'
[0.986s] Level 1:colcon.colcon_core.package_identification:_identify(src/rtabmap_ros/docker/humble/latest) by extensions ['colcon_meta']
[0.986s] Level 1:colcon.colcon_core.package_identification:_identify(src/rtabmap_ros/docker/humble/latest) by extension 'colcon_meta'
[0.986s] Level 1:colcon.colcon_core.package_identification:_identify(src/rtabmap_ros/docker/humble/latest) by extensions ['ros']
[0.986s] Level 1:colcon.colcon_core.package_identification:_identify(src/rtabmap_ros/docker/humble/latest) by extension 'ros'
[0.986s] Level 1:colcon.colcon_core.package_identification:_identify(src/rtabmap_ros/docker/humble/latest) by extensions ['cmake', 'python']
[0.986s] Level 1:colcon.colcon_core.package_identification:_identify(src/rtabmap_ros/docker/humble/latest) by extension 'cmake'
[0.986s] Level 1:colcon.colcon_core.package_identification:_identify(src/rtabmap_ros/docker/humble/latest) by extension 'python'
[0.986s] Level 1:colcon.colcon_core.package_identification:_identify(src/rtabmap_ros/docker/humble/latest) by extensions ['python_setup_py']
[0.986s] Level 1:colcon.colcon_core.package_identification:_identify(src/rtabmap_ros/docker/humble/latest) by extension 'python_setup_py'
[0.986s] Level 1:colcon.colcon_core.package_identification:_identify(src/rtabmap_ros/docker/humble/latest/hooks) by extensions ['ignore', 'ignore_ament_install']
[0.987s] Level 1:colcon.colcon_core.package_identification:_identify(src/rtabmap_ros/docker/humble/latest/hooks) by extension 'ignore'
[0.987s] Level 1:colcon.colcon_core.package_identification:_identify(src/rtabmap_ros/docker/humble/latest/hooks) by extension 'ignore_ament_install'
[0.987s] Level 1:colcon.colcon_core.package_identification:_identify(src/rtabmap_ros/docker/humble/latest/hooks) by extensions ['colcon_pkg']
[0.987s] Level 1:colcon.colcon_core.package_identification:_identify(src/rtabmap_ros/docker/humble/latest/hooks) by extension 'colcon_pkg'
[0.987s] Level 1:colcon.colcon_core.package_identification:_identify(src/rtabmap_ros/docker/humble/latest/hooks) by extensions ['colcon_meta']
[0.987s] Level 1:colcon.colcon_core.package_identification:_identify(src/rtabmap_ros/docker/humble/latest/hooks) by extension 'colcon_meta'
[0.987s] Level 1:colcon.colcon_core.package_identification:_identify(src/rtabmap_ros/docker/humble/latest/hooks) by extensions ['ros']
[0.987s] Level 1:colcon.colcon_core.package_identification:_identify(src/rtabmap_ros/docker/humble/latest/hooks) by extension 'ros'
[0.987s] Level 1:colcon.colcon_core.package_identification:_identify(src/rtabmap_ros/docker/humble/latest/hooks) by extensions ['cmake', 'python']
[0.987s] Level 1:colcon.colcon_core.package_identification:_identify(src/rtabmap_ros/docker/humble/latest/hooks) by extension 'cmake'
[0.987s] Level 1:colcon.colcon_core.package_identification:_identify(src/rtabmap_ros/docker/humble/latest/hooks) by extension 'python'
[0.987s] Level 1:colcon.colcon_core.package_identification:_identify(src/rtabmap_ros/docker/humble/latest/hooks) by extensions ['python_setup_py']
[0.987s] Level 1:colcon.colcon_core.package_identification:_identify(src/rtabmap_ros/docker/humble/latest/hooks) by extension 'python_setup_py'
[0.987s] Level 1:colcon.colcon_core.package_identification:_identify(src/rtabmap_ros/docker/indigo) by extensions ['ignore', 'ignore_ament_install']
[0.987s] Level 1:colcon.colcon_core.package_identification:_identify(src/rtabmap_ros/docker/indigo) by extension 'ignore'
[0.988s] Level 1:colcon.colcon_core.package_identification:_identify(src/rtabmap_ros/docker/indigo) by extension 'ignore_ament_install'
[0.988s] Level 1:colcon.colcon_core.package_identification:_identify(src/rtabmap_ros/docker/indigo) by extensions ['colcon_pkg']
[0.988s] Level 1:colcon.colcon_core.package_identification:_identify(src/rtabmap_ros/docker/indigo) by extension 'colcon_pkg'
[0.988s] Level 1:colcon.colcon_core.package_identification:_identify(src/rtabmap_ros/docker/indigo) by extensions ['colcon_meta']
[0.988s] Level 1:colcon.colcon_core.package_identification:_identify(src/rtabmap_ros/docker/indigo) by extension 'colcon_meta'
[0.988s] Level 1:colcon.colcon_core.package_identification:_identify(src/rtabmap_ros/docker/indigo) by extensions ['ros']
[0.988s] Level 1:colcon.colcon_core.package_identification:_identify(src/rtabmap_ros/docker/indigo) by extension 'ros'
[0.988s] Level 1:colcon.colcon_core.package_identification:_identify(src/rtabmap_ros/docker/indigo) by extensions ['cmake', 'python']
[0.988s] Level 1:colcon.colcon_core.package_identification:_identify(src/rtabmap_ros/docker/indigo) by extension 'cmake'
[0.988s] Level 1:colcon.colcon_core.package_identification:_identify(src/rtabmap_ros/docker/indigo) by extension 'python'
[0.988s] Level 1:colcon.colcon_core.package_identification:_identify(src/rtabmap_ros/docker/indigo) by extensions ['python_setup_py']
[0.988s] Level 1:colcon.colcon_core.package_identification:_identify(src/rtabmap_ros/docker/indigo) by extension 'python_setup_py'
[0.988s] Level 1:colcon.colcon_core.package_identification:_identify(src/rtabmap_ros/docker/indigo/latest) by extensions ['ignore', 'ignore_ament_install']
[0.988s] Level 1:colcon.colcon_core.package_identification:_identify(src/rtabmap_ros/docker/indigo/latest) by extension 'ignore'
[0.988s] Level 1:colcon.colcon_core.package_identification:_identify(src/rtabmap_ros/docker/indigo/latest) by extension 'ignore_ament_install'
[0.988s] Level 1:colcon.colcon_core.package_identification:_identify(src/rtabmap_ros/docker/indigo/latest) by extensions ['colcon_pkg']
[0.988s] Level 1:colcon.colcon_core.package_identification:_identify(src/rtabmap_ros/docker/indigo/latest) by extension 'colcon_pkg'
[0.988s] Level 1:colcon.colcon_core.package_identification:_identify(src/rtabmap_ros/docker/indigo/latest) by extensions ['colcon_meta']
[0.988s] Level 1:colcon.colcon_core.package_identification:_identify(src/rtabmap_ros/docker/indigo/latest) by extension 'colcon_meta'
[0.989s] Level 1:colcon.colcon_core.package_identification:_identify(src/rtabmap_ros/docker/indigo/latest) by extensions ['ros']
[0.989s] Level 1:colcon.colcon_core.package_identification:_identify(src/rtabmap_ros/docker/indigo/latest) by extension 'ros'
[0.989s] Level 1:colcon.colcon_core.package_identification:_identify(src/rtabmap_ros/docker/indigo/latest) by extensions ['cmake', 'python']
[0.989s] Level 1:colcon.colcon_core.package_identification:_identify(src/rtabmap_ros/docker/indigo/latest) by extension 'cmake'
[0.989s] Level 1:colcon.colcon_core.package_identification:_identify(src/rtabmap_ros/docker/indigo/latest) by extension 'python'
[0.989s] Level 1:colcon.colcon_core.package_identification:_identify(src/rtabmap_ros/docker/indigo/latest) by extensions ['python_setup_py']
[0.989s] Level 1:colcon.colcon_core.package_identification:_identify(src/rtabmap_ros/docker/indigo/latest) by extension 'python_setup_py'
[0.989s] Level 1:colcon.colcon_core.package_identification:_identify(src/rtabmap_ros/docker/indigo/latest/hooks) by extensions ['ignore', 'ignore_ament_install']
[0.989s] Level 1:colcon.colcon_core.package_identification:_identify(src/rtabmap_ros/docker/indigo/latest/hooks) by extension 'ignore'
[0.989s] Level 1:colcon.colcon_core.package_identification:_identify(src/rtabmap_ros/docker/indigo/latest/hooks) by extension 'ignore_ament_install'
[0.989s] Level 1:colcon.colcon_core.package_identification:_identify(src/rtabmap_ros/docker/indigo/latest/hooks) by extensions ['colcon_pkg']
[0.989s] Level 1:colcon.colcon_core.package_identification:_identify(src/rtabmap_ros/docker/indigo/latest/hooks) by extension 'colcon_pkg'
[0.989s] Level 1:colcon.colcon_core.package_identification:_identify(src/rtabmap_ros/docker/indigo/latest/hooks) by extensions ['colcon_meta']
[0.989s] Level 1:colcon.colcon_core.package_identification:_identify(src/rtabmap_ros/docker/indigo/latest/hooks) by extension 'colcon_meta'
[0.989s] Level 1:colcon.colcon_core.package_identification:_identify(src/rtabmap_ros/docker/indigo/latest/hooks) by extensions ['ros']
[0.989s] Level 1:colcon.colcon_core.package_identification:_identify(src/rtabmap_ros/docker/indigo/latest/hooks) by extension 'ros'
[0.989s] Level 1:colcon.colcon_core.package_identification:_identify(src/rtabmap_ros/docker/indigo/latest/hooks) by extensions ['cmake', 'python']
[0.990s] Level 1:colcon.colcon_core.package_identification:_identify(src/rtabmap_ros/docker/indigo/latest/hooks) by extension 'cmake'
[0.990s] Level 1:colcon.colcon_core.package_identification:_identify(src/rtabmap_ros/docker/indigo/latest/hooks) by extension 'python'
[0.990s] Level 1:colcon.colcon_core.package_identification:_identify(src/rtabmap_ros/docker/indigo/latest/hooks) by extensions ['python_setup_py']
[0.990s] Level 1:colcon.colcon_core.package_identification:_identify(src/rtabmap_ros/docker/indigo/latest/hooks) by extension 'python_setup_py'
[0.990s] Level 1:colcon.colcon_core.package_identification:_identify(src/rtabmap_ros/docker/kinetic) by extensions ['ignore', 'ignore_ament_install']
[0.990s] Level 1:colcon.colcon_core.package_identification:_identify(src/rtabmap_ros/docker/kinetic) by extension 'ignore'
[0.990s] Level 1:colcon.colcon_core.package_identification:_identify(src/rtabmap_ros/docker/kinetic) by extension 'ignore_ament_install'
[0.990s] Level 1:colcon.colcon_core.package_identification:_identify(src/rtabmap_ros/docker/kinetic) by extensions ['colcon_pkg']
[0.990s] Level 1:colcon.colcon_core.package_identification:_identify(src/rtabmap_ros/docker/kinetic) by extension 'colcon_pkg'
[0.990s] Level 1:colcon.colcon_core.package_identification:_identify(src/rtabmap_ros/docker/kinetic) by extensions ['colcon_meta']
[0.990s] Level 1:colcon.colcon_core.package_identification:_identify(src/rtabmap_ros/docker/kinetic) by extension 'colcon_meta'
[0.990s] Level 1:colcon.colcon_core.package_identification:_identify(src/rtabmap_ros/docker/kinetic) by extensions ['ros']
[0.990s] Level 1:colcon.colcon_core.package_identification:_identify(src/rtabmap_ros/docker/kinetic) by extension 'ros'
[0.990s] Level 1:colcon.colcon_core.package_identification:_identify(src/rtabmap_ros/docker/kinetic) by extensions ['cmake', 'python']
[0.990s] Level 1:colcon.colcon_core.package_identification:_identify(src/rtabmap_ros/docker/kinetic) by extension 'cmake'
[0.990s] Level 1:colcon.colcon_core.package_identification:_identify(src/rtabmap_ros/docker/kinetic) by extension 'python'
[0.990s] Level 1:colcon.colcon_core.package_identification:_identify(src/rtabmap_ros/docker/kinetic) by extensions ['python_setup_py']
[0.990s] Level 1:colcon.colcon_core.package_identification:_identify(src/rtabmap_ros/docker/kinetic) by extension 'python_setup_py'
[0.991s] Level 1:colcon.colcon_core.package_identification:_identify(src/rtabmap_ros/docker/kinetic/latest) by extensions ['ignore', 'ignore_ament_install']
[0.991s] Level 1:colcon.colcon_core.package_identification:_identify(src/rtabmap_ros/docker/kinetic/latest) by extension 'ignore'
[0.991s] Level 1:colcon.colcon_core.package_identification:_identify(src/rtabmap_ros/docker/kinetic/latest) by extension 'ignore_ament_install'
[0.991s] Level 1:colcon.colcon_core.package_identification:_identify(src/rtabmap_ros/docker/kinetic/latest) by extensions ['colcon_pkg']
[0.991s] Level 1:colcon.colcon_core.package_identification:_identify(src/rtabmap_ros/docker/kinetic/latest) by extension 'colcon_pkg'
[0.991s] Level 1:colcon.colcon_core.package_identification:_identify(src/rtabmap_ros/docker/kinetic/latest) by extensions ['colcon_meta']
[0.991s] Level 1:colcon.colcon_core.package_identification:_identify(src/rtabmap_ros/docker/kinetic/latest) by extension 'colcon_meta'
[0.991s] Level 1:colcon.colcon_core.package_identification:_identify(src/rtabmap_ros/docker/kinetic/latest) by extensions ['ros']
[0.991s] Level 1:colcon.colcon_core.package_identification:_identify(src/rtabmap_ros/docker/kinetic/latest) by extension 'ros'
[0.991s] Level 1:colcon.colcon_core.package_identification:_identify(src/rtabmap_ros/docker/kinetic/latest) by extensions ['cmake', 'python']
[0.991s] Level 1:colcon.colcon_core.package_identification:_identify(src/rtabmap_ros/docker/kinetic/latest) by extension 'cmake'
[0.991s] Level 1:colcon.colcon_core.package_identification:_identify(src/rtabmap_ros/docker/kinetic/latest) by extension 'python'
[0.991s] Level 1:colcon.colcon_core.package_identification:_identify(src/rtabmap_ros/docker/kinetic/latest) by extensions ['python_setup_py']
[0.991s] Level 1:colcon.colcon_core.package_identification:_identify(src/rtabmap_ros/docker/kinetic/latest) by extension 'python_setup_py'
[0.992s] Level 1:colcon.colcon_core.package_identification:_identify(src/rtabmap_ros/docker/kinetic/latest/hooks) by extensions ['ignore', 'ignore_ament_install']
[0.992s] Level 1:colcon.colcon_core.package_identification:_identify(src/rtabmap_ros/docker/kinetic/latest/hooks) by extension 'ignore'
[0.992s] Level 1:colcon.colcon_core.package_identification:_identify(src/rtabmap_ros/docker/kinetic/latest/hooks) by extension 'ignore_ament_install'
[0.992s] Level 1:colcon.colcon_core.package_identification:_identify(src/rtabmap_ros/docker/kinetic/latest/hooks) by extensions ['colcon_pkg']
[0.992s] Level 1:colcon.colcon_core.package_identification:_identify(src/rtabmap_ros/docker/kinetic/latest/hooks) by extension 'colcon_pkg'
[0.992s] Level 1:colcon.colcon_core.package_identification:_identify(src/rtabmap_ros/docker/kinetic/latest/hooks) by extensions ['colcon_meta']
[0.992s] Level 1:colcon.colcon_core.package_identification:_identify(src/rtabmap_ros/docker/kinetic/latest/hooks) by extension 'colcon_meta'
[0.992s] Level 1:colcon.colcon_core.package_identification:_identify(src/rtabmap_ros/docker/kinetic/latest/hooks) by extensions ['ros']
[0.992s] Level 1:colcon.colcon_core.package_identification:_identify(src/rtabmap_ros/docker/kinetic/latest/hooks) by extension 'ros'
[0.992s] Level 1:colcon.colcon_core.package_identification:_identify(src/rtabmap_ros/docker/kinetic/latest/hooks) by extensions ['cmake', 'python']
[0.992s] Level 1:colcon.colcon_core.package_identification:_identify(src/rtabmap_ros/docker/kinetic/latest/hooks) by extension 'cmake'
[0.992s] Level 1:colcon.colcon_core.package_identification:_identify(src/rtabmap_ros/docker/kinetic/latest/hooks) by extension 'python'
[0.992s] Level 1:colcon.colcon_core.package_identification:_identify(src/rtabmap_ros/docker/kinetic/latest/hooks) by extensions ['python_setup_py']
[0.992s] Level 1:colcon.colcon_core.package_identification:_identify(src/rtabmap_ros/docker/kinetic/latest/hooks) by extension 'python_setup_py'
[0.992s] Level 1:colcon.colcon_core.package_identification:_identify(src/rtabmap_ros/docker/melodic) by extensions ['ignore', 'ignore_ament_install']
[0.993s] Level 1:colcon.colcon_core.package_identification:_identify(src/rtabmap_ros/docker/melodic) by extension 'ignore'
[0.993s] Level 1:colcon.colcon_core.package_identification:_identify(src/rtabmap_ros/docker/melodic) by extension 'ignore_ament_install'
[0.993s] Level 1:colcon.colcon_core.package_identification:_identify(src/rtabmap_ros/docker/melodic) by extensions ['colcon_pkg']
[0.993s] Level 1:colcon.colcon_core.package_identification:_identify(src/rtabmap_ros/docker/melodic) by extension 'colcon_pkg'
[0.993s] Level 1:colcon.colcon_core.package_identification:_identify(src/rtabmap_ros/docker/melodic) by extensions ['colcon_meta']
[0.993s] Level 1:colcon.colcon_core.package_identification:_identify(src/rtabmap_ros/docker/melodic) by extension 'colcon_meta'
[0.993s] Level 1:colcon.colcon_core.package_identification:_identify(src/rtabmap_ros/docker/melodic) by extensions ['ros']
[0.993s] Level 1:colcon.colcon_core.package_identification:_identify(src/rtabmap_ros/docker/melodic) by extension 'ros'
[0.993s] Level 1:colcon.colcon_core.package_identification:_identify(src/rtabmap_ros/docker/melodic) by extensions ['cmake', 'python']
[0.993s] Level 1:colcon.colcon_core.package_identification:_identify(src/rtabmap_ros/docker/melodic) by extension 'cmake'
[0.993s] Level 1:colcon.colcon_core.package_identification:_identify(src/rtabmap_ros/docker/melodic) by extension 'python'
[0.993s] Level 1:colcon.colcon_core.package_identification:_identify(src/rtabmap_ros/docker/melodic) by extensions ['python_setup_py']
[0.993s] Level 1:colcon.colcon_core.package_identification:_identify(src/rtabmap_ros/docker/melodic) by extension 'python_setup_py'
[0.993s] Level 1:colcon.colcon_core.package_identification:_identify(src/rtabmap_ros/docker/melodic/latest) by extensions ['ignore', 'ignore_ament_install']
[0.993s] Level 1:colcon.colcon_core.package_identification:_identify(src/rtabmap_ros/docker/melodic/latest) by extension 'ignore'
[0.993s] Level 1:colcon.colcon_core.package_identification:_identify(src/rtabmap_ros/docker/melodic/latest) by extension 'ignore_ament_install'
[0.993s] Level 1:colcon.colcon_core.package_identification:_identify(src/rtabmap_ros/docker/melodic/latest) by extensions ['colcon_pkg']
[0.993s] Level 1:colcon.colcon_core.package_identification:_identify(src/rtabmap_ros/docker/melodic/latest) by extension 'colcon_pkg'
[0.993s] Level 1:colcon.colcon_core.package_identification:_identify(src/rtabmap_ros/docker/melodic/latest) by extensions ['colcon_meta']
[0.993s] Level 1:colcon.colcon_core.package_identification:_identify(src/rtabmap_ros/docker/melodic/latest) by extension 'colcon_meta'
[0.993s] Level 1:colcon.colcon_core.package_identification:_identify(src/rtabmap_ros/docker/melodic/latest) by extensions ['ros']
[0.994s] Level 1:colcon.colcon_core.package_identification:_identify(src/rtabmap_ros/docker/melodic/latest) by extension 'ros'
[0.994s] Level 1:colcon.colcon_core.package_identification:_identify(src/rtabmap_ros/docker/melodic/latest) by extensions ['cmake', 'python']
[0.994s] Level 1:colcon.colcon_core.package_identification:_identify(src/rtabmap_ros/docker/melodic/latest) by extension 'cmake'
[0.994s] Level 1:colcon.colcon_core.package_identification:_identify(src/rtabmap_ros/docker/melodic/latest) by extension 'python'
[0.994s] Level 1:colcon.colcon_core.package_identification:_identify(src/rtabmap_ros/docker/melodic/latest) by extensions ['python_setup_py']
[0.994s] Level 1:colcon.colcon_core.package_identification:_identify(src/rtabmap_ros/docker/melodic/latest) by extension 'python_setup_py'
[0.994s] Level 1:colcon.colcon_core.package_identification:_identify(src/rtabmap_ros/docker/melodic/latest/hooks) by extensions ['ignore', 'ignore_ament_install']
[0.994s] Level 1:colcon.colcon_core.package_identification:_identify(src/rtabmap_ros/docker/melodic/latest/hooks) by extension 'ignore'
[0.994s] Level 1:colcon.colcon_core.package_identification:_identify(src/rtabmap_ros/docker/melodic/latest/hooks) by extension 'ignore_ament_install'
[0.994s] Level 1:colcon.colcon_core.package_identification:_identify(src/rtabmap_ros/docker/melodic/latest/hooks) by extensions ['colcon_pkg']
[0.994s] Level 1:colcon.colcon_core.package_identification:_identify(src/rtabmap_ros/docker/melodic/latest/hooks) by extension 'colcon_pkg'
[0.994s] Level 1:colcon.colcon_core.package_identification:_identify(src/rtabmap_ros/docker/melodic/latest/hooks) by extensions ['colcon_meta']
[0.994s] Level 1:colcon.colcon_core.package_identification:_identify(src/rtabmap_ros/docker/melodic/latest/hooks) by extension 'colcon_meta'
[0.994s] Level 1:colcon.colcon_core.package_identification:_identify(src/rtabmap_ros/docker/melodic/latest/hooks) by extensions ['ros']
[0.994s] Level 1:colcon.colcon_core.package_identification:_identify(src/rtabmap_ros/docker/melodic/latest/hooks) by extension 'ros'
[0.994s] Level 1:colcon.colcon_core.package_identification:_identify(src/rtabmap_ros/docker/melodic/latest/hooks) by extensions ['cmake', 'python']
[0.994s] Level 1:colcon.colcon_core.package_identification:_identify(src/rtabmap_ros/docker/melodic/latest/hooks) by extension 'cmake'
[0.994s] Level 1:colcon.colcon_core.package_identification:_identify(src/rtabmap_ros/docker/melodic/latest/hooks) by extension 'python'
[0.994s] Level 1:colcon.colcon_core.package_identification:_identify(src/rtabmap_ros/docker/melodic/latest/hooks) by extensions ['python_setup_py']
[0.994s] Level 1:colcon.colcon_core.package_identification:_identify(src/rtabmap_ros/docker/melodic/latest/hooks) by extension 'python_setup_py'
[0.995s] Level 1:colcon.colcon_core.package_identification:_identify(src/rtabmap_ros/docker/noetic) by extensions ['ignore', 'ignore_ament_install']
[0.995s] Level 1:colcon.colcon_core.package_identification:_identify(src/rtabmap_ros/docker/noetic) by extension 'ignore'
[0.995s] Level 1:colcon.colcon_core.package_identification:_identify(src/rtabmap_ros/docker/noetic) by extension 'ignore_ament_install'
[0.995s] Level 1:colcon.colcon_core.package_identification:_identify(src/rtabmap_ros/docker/noetic) by extensions ['colcon_pkg']
[0.995s] Level 1:colcon.colcon_core.package_identification:_identify(src/rtabmap_ros/docker/noetic) by extension 'colcon_pkg'
[0.995s] Level 1:colcon.colcon_core.package_identification:_identify(src/rtabmap_ros/docker/noetic) by extensions ['colcon_meta']
[0.995s] Level 1:colcon.colcon_core.package_identification:_identify(src/rtabmap_ros/docker/noetic) by extension 'colcon_meta'
[0.995s] Level 1:colcon.colcon_core.package_identification:_identify(src/rtabmap_ros/docker/noetic) by extensions ['ros']
[0.995s] Level 1:colcon.colcon_core.package_identification:_identify(src/rtabmap_ros/docker/noetic) by extension 'ros'
[0.995s] Level 1:colcon.colcon_core.package_identification:_identify(src/rtabmap_ros/docker/noetic) by extensions ['cmake', 'python']
[0.995s] Level 1:colcon.colcon_core.package_identification:_identify(src/rtabmap_ros/docker/noetic) by extension 'cmake'
[0.995s] Level 1:colcon.colcon_core.package_identification:_identify(src/rtabmap_ros/docker/noetic) by extension 'python'
[0.995s] Level 1:colcon.colcon_core.package_identification:_identify(src/rtabmap_ros/docker/noetic) by extensions ['python_setup_py']
[0.995s] Level 1:colcon.colcon_core.package_identification:_identify(src/rtabmap_ros/docker/noetic) by extension 'python_setup_py'
[0.995s] Level 1:colcon.colcon_core.package_identification:_identify(src/rtabmap_ros/docker/noetic/latest) by extensions ['ignore', 'ignore_ament_install']
[0.995s] Level 1:colcon.colcon_core.package_identification:_identify(src/rtabmap_ros/docker/noetic/latest) by extension 'ignore'
[0.995s] Level 1:colcon.colcon_core.package_identification:_identify(src/rtabmap_ros/docker/noetic/latest) by extension 'ignore_ament_install'
[0.995s] Level 1:colcon.colcon_core.package_identification:_identify(src/rtabmap_ros/docker/noetic/latest) by extensions ['colcon_pkg']
[0.995s] Level 1:colcon.colcon_core.package_identification:_identify(src/rtabmap_ros/docker/noetic/latest) by extension 'colcon_pkg'
[0.995s] Level 1:colcon.colcon_core.package_identification:_identify(src/rtabmap_ros/docker/noetic/latest) by extensions ['colcon_meta']
[0.996s] Level 1:colcon.colcon_core.package_identification:_identify(src/rtabmap_ros/docker/noetic/latest) by extension 'colcon_meta'
[0.996s] Level 1:colcon.colcon_core.package_identification:_identify(src/rtabmap_ros/docker/noetic/latest) by extensions ['ros']
[0.996s] Level 1:colcon.colcon_core.package_identification:_identify(src/rtabmap_ros/docker/noetic/latest) by extension 'ros'
[0.996s] Level 1:colcon.colcon_core.package_identification:_identify(src/rtabmap_ros/docker/noetic/latest) by extensions ['cmake', 'python']
[0.996s] Level 1:colcon.colcon_core.package_identification:_identify(src/rtabmap_ros/docker/noetic/latest) by extension 'cmake'
[0.996s] Level 1:colcon.colcon_core.package_identification:_identify(src/rtabmap_ros/docker/noetic/latest) by extension 'python'
[0.996s] Level 1:colcon.colcon_core.package_identification:_identify(src/rtabmap_ros/docker/noetic/latest) by extensions ['python_setup_py']
[0.996s] Level 1:colcon.colcon_core.package_identification:_identify(src/rtabmap_ros/docker/noetic/latest) by extension 'python_setup_py'
[0.996s] Level 1:colcon.colcon_core.package_identification:_identify(src/rtabmap_ros/docker/noetic/latest/hooks) by extensions ['ignore', 'ignore_ament_install']
[0.996s] Level 1:colcon.colcon_core.package_identification:_identify(src/rtabmap_ros/docker/noetic/latest/hooks) by extension 'ignore'
[0.996s] Level 1:colcon.colcon_core.package_identification:_identify(src/rtabmap_ros/docker/noetic/latest/hooks) by extension 'ignore_ament_install'
[0.996s] Level 1:colcon.colcon_core.package_identification:_identify(src/rtabmap_ros/docker/noetic/latest/hooks) by extensions ['colcon_pkg']
[0.996s] Level 1:colcon.colcon_core.package_identification:_identify(src/rtabmap_ros/docker/noetic/latest/hooks) by extension 'colcon_pkg'
[0.996s] Level 1:colcon.colcon_core.package_identification:_identify(src/rtabmap_ros/docker/noetic/latest/hooks) by extensions ['colcon_meta']
[0.996s] Level 1:colcon.colcon_core.package_identification:_identify(src/rtabmap_ros/docker/noetic/latest/hooks) by extension 'colcon_meta'
[0.996s] Level 1:colcon.colcon_core.package_identification:_identify(src/rtabmap_ros/docker/noetic/latest/hooks) by extensions ['ros']
[0.996s] Level 1:colcon.colcon_core.package_identification:_identify(src/rtabmap_ros/docker/noetic/latest/hooks) by extension 'ros'
[0.996s] Level 1:colcon.colcon_core.package_identification:_identify(src/rtabmap_ros/docker/noetic/latest/hooks) by extensions ['cmake', 'python']
[0.996s] Level 1:colcon.colcon_core.package_identification:_identify(src/rtabmap_ros/docker/noetic/latest/hooks) by extension 'cmake'
[0.996s] Level 1:colcon.colcon_core.package_identification:_identify(src/rtabmap_ros/docker/noetic/latest/hooks) by extension 'python'
[0.996s] Level 1:colcon.colcon_core.package_identification:_identify(src/rtabmap_ros/docker/noetic/latest/hooks) by extensions ['python_setup_py']
[0.996s] Level 1:colcon.colcon_core.package_identification:_identify(src/rtabmap_ros/docker/noetic/latest/hooks) by extension 'python_setup_py'
[0.997s] Level 1:colcon.colcon_core.package_identification:_identify(src/rtabmap_ros/rtabmap_conversions) by extensions ['ignore', 'ignore_ament_install']
[0.997s] Level 1:colcon.colcon_core.package_identification:_identify(src/rtabmap_ros/rtabmap_conversions) by extension 'ignore'
[0.997s] Level 1:colcon.colcon_core.package_identification:_identify(src/rtabmap_ros/rtabmap_conversions) by extension 'ignore_ament_install'
[0.997s] Level 1:colcon.colcon_core.package_identification:_identify(src/rtabmap_ros/rtabmap_conversions) by extensions ['colcon_pkg']
[0.997s] Level 1:colcon.colcon_core.package_identification:_identify(src/rtabmap_ros/rtabmap_conversions) by extension 'colcon_pkg'
[0.997s] Level 1:colcon.colcon_core.package_identification:_identify(src/rtabmap_ros/rtabmap_conversions) by extensions ['colcon_meta']
[0.997s] Level 1:colcon.colcon_core.package_identification:_identify(src/rtabmap_ros/rtabmap_conversions) by extension 'colcon_meta'
[0.997s] Level 1:colcon.colcon_core.package_identification:_identify(src/rtabmap_ros/rtabmap_conversions) by extensions ['ros']
[0.997s] Level 1:colcon.colcon_core.package_identification:_identify(src/rtabmap_ros/rtabmap_conversions) by extension 'ros'
[0.999s] DEBUG:colcon.colcon_core.package_identification:Package 'src/rtabmap_ros/rtabmap_conversions' with type 'ros.ament_cmake' and name 'rtabmap_conversions'
[0.999s] Level 1:colcon.colcon_core.package_identification:_identify(src/rtabmap_ros/rtabmap_demos) by extensions ['ignore', 'ignore_ament_install']
[0.999s] Level 1:colcon.colcon_core.package_identification:_identify(src/rtabmap_ros/rtabmap_demos) by extension 'ignore'
[0.999s] Level 1:colcon.colcon_core.package_identification:_identify(src/rtabmap_ros/rtabmap_demos) by extension 'ignore_ament_install'
[0.999s] Level 1:colcon.colcon_core.package_identification:_identify(src/rtabmap_ros/rtabmap_demos) by extensions ['colcon_pkg']
[0.999s] Level 1:colcon.colcon_core.package_identification:_identify(src/rtabmap_ros/rtabmap_demos) by extension 'colcon_pkg'
[0.999s] Level 1:colcon.colcon_core.package_identification:_identify(src/rtabmap_ros/rtabmap_demos) by extensions ['colcon_meta']
[0.999s] Level 1:colcon.colcon_core.package_identification:_identify(src/rtabmap_ros/rtabmap_demos) by extension 'colcon_meta'
[0.999s] Level 1:colcon.colcon_core.package_identification:_identify(src/rtabmap_ros/rtabmap_demos) by extensions ['ros']
[0.999s] Level 1:colcon.colcon_core.package_identification:_identify(src/rtabmap_ros/rtabmap_demos) by extension 'ros'
[1.000s] DEBUG:colcon.colcon_core.package_identification:Package 'src/rtabmap_ros/rtabmap_demos' with type 'ros.ament_cmake' and name 'rtabmap_demos'
[1.000s] Level 1:colcon.colcon_core.package_identification:_identify(src/rtabmap_ros/rtabmap_examples) by extensions ['ignore', 'ignore_ament_install']
[1.000s] Level 1:colcon.colcon_core.package_identification:_identify(src/rtabmap_ros/rtabmap_examples) by extension 'ignore'
[1.000s] Level 1:colcon.colcon_core.package_identification:_identify(src/rtabmap_ros/rtabmap_examples) by extension 'ignore_ament_install'
[1.001s] Level 1:colcon.colcon_core.package_identification:_identify(src/rtabmap_ros/rtabmap_examples) by extensions ['colcon_pkg']
[1.001s] Level 1:colcon.colcon_core.package_identification:_identify(src/rtabmap_ros/rtabmap_examples) by extension 'colcon_pkg'
[1.001s] Level 1:colcon.colcon_core.package_identification:_identify(src/rtabmap_ros/rtabmap_examples) by extensions ['colcon_meta']
[1.001s] Level 1:colcon.colcon_core.package_identification:_identify(src/rtabmap_ros/rtabmap_examples) by extension 'colcon_meta'
[1.001s] Level 1:colcon.colcon_core.package_identification:_identify(src/rtabmap_ros/rtabmap_examples) by extensions ['ros']
[1.001s] Level 1:colcon.colcon_core.package_identification:_identify(src/rtabmap_ros/rtabmap_examples) by extension 'ros'
[1.001s] DEBUG:colcon.colcon_core.package_identification:Package 'src/rtabmap_ros/rtabmap_examples' with type 'ros.ament_cmake' and name 'rtabmap_examples'
[1.002s] Level 1:colcon.colcon_core.package_identification:_identify(src/rtabmap_ros/rtabmap_launch) by extensions ['ignore', 'ignore_ament_install']
[1.002s] Level 1:colcon.colcon_core.package_identification:_identify(src/rtabmap_ros/rtabmap_launch) by extension 'ignore'
[1.002s] Level 1:colcon.colcon_core.package_identification:_identify(src/rtabmap_ros/rtabmap_launch) by extension 'ignore_ament_install'
[1.002s] Level 1:colcon.colcon_core.package_identification:_identify(src/rtabmap_ros/rtabmap_launch) by extensions ['colcon_pkg']
[1.002s] Level 1:colcon.colcon_core.package_identification:_identify(src/rtabmap_ros/rtabmap_launch) by extension 'colcon_pkg'
[1.002s] Level 1:colcon.colcon_core.package_identification:_identify(src/rtabmap_ros/rtabmap_launch) by extensions ['colcon_meta']
[1.002s] Level 1:colcon.colcon_core.package_identification:_identify(src/rtabmap_ros/rtabmap_launch) by extension 'colcon_meta'
[1.002s] Level 1:colcon.colcon_core.package_identification:_identify(src/rtabmap_ros/rtabmap_launch) by extensions ['ros']
[1.002s] Level 1:colcon.colcon_core.package_identification:_identify(src/rtabmap_ros/rtabmap_launch) by extension 'ros'
[1.003s] DEBUG:colcon.colcon_core.package_identification:Package 'src/rtabmap_ros/rtabmap_launch' with type 'ros.ament_cmake' and name 'rtabmap_launch'
[1.003s] Level 1:colcon.colcon_core.package_identification:_identify(src/rtabmap_ros/rtabmap_msgs) by extensions ['ignore', 'ignore_ament_install']
[1.003s] Level 1:colcon.colcon_core.package_identification:_identify(src/rtabmap_ros/rtabmap_msgs) by extension 'ignore'
[1.003s] Level 1:colcon.colcon_core.package_identification:_identify(src/rtabmap_ros/rtabmap_msgs) by extension 'ignore_ament_install'
[1.003s] Level 1:colcon.colcon_core.package_identification:_identify(src/rtabmap_ros/rtabmap_msgs) by extensions ['colcon_pkg']
[1.003s] Level 1:colcon.colcon_core.package_identification:_identify(src/rtabmap_ros/rtabmap_msgs) by extension 'colcon_pkg'
[1.003s] Level 1:colcon.colcon_core.package_identification:_identify(src/rtabmap_ros/rtabmap_msgs) by extensions ['colcon_meta']
[1.003s] Level 1:colcon.colcon_core.package_identification:_identify(src/rtabmap_ros/rtabmap_msgs) by extension 'colcon_meta'
[1.003s] Level 1:colcon.colcon_core.package_identification:_identify(src/rtabmap_ros/rtabmap_msgs) by extensions ['ros']
[1.003s] Level 1:colcon.colcon_core.package_identification:_identify(src/rtabmap_ros/rtabmap_msgs) by extension 'ros'
[1.004s] DEBUG:colcon.colcon_core.package_identification:Package 'src/rtabmap_ros/rtabmap_msgs' with type 'ros.catkin' and name 'rtabmap_msgs'
[1.004s] Level 1:colcon.colcon_core.package_identification:_identify(src/rtabmap_ros/rtabmap_odom) by extensions ['ignore', 'ignore_ament_install']
[1.005s] Level 1:colcon.colcon_core.package_identification:_identify(src/rtabmap_ros/rtabmap_odom) by extension 'ignore'
[1.005s] Level 1:colcon.colcon_core.package_identification:_identify(src/rtabmap_ros/rtabmap_odom) by extension 'ignore_ament_install'
[1.005s] Level 1:colcon.colcon_core.package_identification:_identify(src/rtabmap_ros/rtabmap_odom) by extensions ['colcon_pkg']
[1.005s] Level 1:colcon.colcon_core.package_identification:_identify(src/rtabmap_ros/rtabmap_odom) by extension 'colcon_pkg'
[1.005s] Level 1:colcon.colcon_core.package_identification:_identify(src/rtabmap_ros/rtabmap_odom) by extensions ['colcon_meta']
[1.005s] Level 1:colcon.colcon_core.package_identification:_identify(src/rtabmap_ros/rtabmap_odom) by extension 'colcon_meta'
[1.005s] Level 1:colcon.colcon_core.package_identification:_identify(src/rtabmap_ros/rtabmap_odom) by extensions ['ros']
[1.005s] Level 1:colcon.colcon_core.package_identification:_identify(src/rtabmap_ros/rtabmap_odom) by extension 'ros'
[1.006s] DEBUG:colcon.colcon_core.package_identification:Package 'src/rtabmap_ros/rtabmap_odom' with type 'ros.ament_cmake' and name 'rtabmap_odom'
[1.006s] Level 1:colcon.colcon_core.package_identification:_identify(src/rtabmap_ros/rtabmap_python) by extensions ['ignore', 'ignore_ament_install']
[1.007s] Level 1:colcon.colcon_core.package_identification:_identify(src/rtabmap_ros/rtabmap_python) by extension 'ignore'
[1.007s] Level 1:colcon.colcon_core.package_identification:_identify(src/rtabmap_ros/rtabmap_python) by extension 'ignore_ament_install'
[1.007s] Level 1:colcon.colcon_core.package_identification:_identify(src/rtabmap_ros/rtabmap_python) by extensions ['colcon_pkg']
[1.007s] Level 1:colcon.colcon_core.package_identification:_identify(src/rtabmap_ros/rtabmap_python) by extension 'colcon_pkg'
[1.007s] Level 1:colcon.colcon_core.package_identification:_identify(src/rtabmap_ros/rtabmap_python) by extensions ['colcon_meta']
[1.007s] Level 1:colcon.colcon_core.package_identification:_identify(src/rtabmap_ros/rtabmap_python) by extension 'colcon_meta'
[1.007s] Level 1:colcon.colcon_core.package_identification:_identify(src/rtabmap_ros/rtabmap_python) by extensions ['ros']
[1.007s] Level 1:colcon.colcon_core.package_identification:_identify(src/rtabmap_ros/rtabmap_python) by extension 'ros'
[1.007s] DEBUG:colcon.colcon_core.package_identification:Package 'src/rtabmap_ros/rtabmap_python' with type 'ros.ament_python' and name 'rtabmap_python'
[1.008s] Level 1:colcon.colcon_core.package_identification:_identify(src/rtabmap_ros/rtabmap_ros) by extensions ['ignore', 'ignore_ament_install']
[1.008s] Level 1:colcon.colcon_core.package_identification:_identify(src/rtabmap_ros/rtabmap_ros) by extension 'ignore'
[1.008s] Level 1:colcon.colcon_core.package_identification:_identify(src/rtabmap_ros/rtabmap_ros) by extension 'ignore_ament_install'
[1.008s] Level 1:colcon.colcon_core.package_identification:_identify(src/rtabmap_ros/rtabmap_ros) by extensions ['colcon_pkg']
[1.008s] Level 1:colcon.colcon_core.package_identification:_identify(src/rtabmap_ros/rtabmap_ros) by extension 'colcon_pkg'
[1.008s] Level 1:colcon.colcon_core.package_identification:_identify(src/rtabmap_ros/rtabmap_ros) by extensions ['colcon_meta']
[1.008s] Level 1:colcon.colcon_core.package_identification:_identify(src/rtabmap_ros/rtabmap_ros) by extension 'colcon_meta'
[1.008s] Level 1:colcon.colcon_core.package_identification:_identify(src/rtabmap_ros/rtabmap_ros) by extensions ['ros']
[1.008s] Level 1:colcon.colcon_core.package_identification:_identify(src/rtabmap_ros/rtabmap_ros) by extension 'ros'
[1.009s] DEBUG:colcon.colcon_core.package_identification:Package 'src/rtabmap_ros/rtabmap_ros' with type 'ros.ament_cmake' and name 'rtabmap_ros'
[1.009s] Level 1:colcon.colcon_core.package_identification:_identify(src/rtabmap_ros/rtabmap_rviz_plugins) by extensions ['ignore', 'ignore_ament_install']
[1.009s] Level 1:colcon.colcon_core.package_identification:_identify(src/rtabmap_ros/rtabmap_rviz_plugins) by extension 'ignore'
[1.009s] Level 1:colcon.colcon_core.package_identification:_identify(src/rtabmap_ros/rtabmap_rviz_plugins) by extension 'ignore_ament_install'
[1.009s] Level 1:colcon.colcon_core.package_identification:_identify(src/rtabmap_ros/rtabmap_rviz_plugins) by extensions ['colcon_pkg']
[1.009s] Level 1:colcon.colcon_core.package_identification:_identify(src/rtabmap_ros/rtabmap_rviz_plugins) by extension 'colcon_pkg'
[1.009s] Level 1:colcon.colcon_core.package_identification:_identify(src/rtabmap_ros/rtabmap_rviz_plugins) by extensions ['colcon_meta']
[1.009s] Level 1:colcon.colcon_core.package_identification:_identify(src/rtabmap_ros/rtabmap_rviz_plugins) by extension 'colcon_meta'
[1.010s] Level 1:colcon.colcon_core.package_identification:_identify(src/rtabmap_ros/rtabmap_rviz_plugins) by extensions ['ros']
[1.010s] Level 1:colcon.colcon_core.package_identification:_identify(src/rtabmap_ros/rtabmap_rviz_plugins) by extension 'ros'
[1.011s] DEBUG:colcon.colcon_core.package_identification:Package 'src/rtabmap_ros/rtabmap_rviz_plugins' with type 'ros.ament_cmake' and name 'rtabmap_rviz_plugins'
[1.011s] Level 1:colcon.colcon_core.package_identification:_identify(src/rtabmap_ros/rtabmap_slam) by extensions ['ignore', 'ignore_ament_install']
[1.011s] Level 1:colcon.colcon_core.package_identification:_identify(src/rtabmap_ros/rtabmap_slam) by extension 'ignore'
[1.011s] Level 1:colcon.colcon_core.package_identification:_identify(src/rtabmap_ros/rtabmap_slam) by extension 'ignore_ament_install'
[1.011s] Level 1:colcon.colcon_core.package_identification:_identify(src/rtabmap_ros/rtabmap_slam) by extensions ['colcon_pkg']
[1.011s] Level 1:colcon.colcon_core.package_identification:_identify(src/rtabmap_ros/rtabmap_slam) by extension 'colcon_pkg'
[1.011s] Level 1:colcon.colcon_core.package_identification:_identify(src/rtabmap_ros/rtabmap_slam) by extensions ['colcon_meta']
[1.011s] Level 1:colcon.colcon_core.package_identification:_identify(src/rtabmap_ros/rtabmap_slam) by extension 'colcon_meta'
[1.011s] Level 1:colcon.colcon_core.package_identification:_identify(src/rtabmap_ros/rtabmap_slam) by extensions ['ros']
[1.011s] Level 1:colcon.colcon_core.package_identification:_identify(src/rtabmap_ros/rtabmap_slam) by extension 'ros'
[1.013s] DEBUG:colcon.colcon_core.package_identification:Package 'src/rtabmap_ros/rtabmap_slam' with type 'ros.ament_cmake' and name 'rtabmap_slam'
[1.013s] Level 1:colcon.colcon_core.package_identification:_identify(src/rtabmap_ros/rtabmap_sync) by extensions ['ignore', 'ignore_ament_install']
[1.013s] Level 1:colcon.colcon_core.package_identification:_identify(src/rtabmap_ros/rtabmap_sync) by extension 'ignore'
[1.013s] Level 1:colcon.colcon_core.package_identification:_identify(src/rtabmap_ros/rtabmap_sync) by extension 'ignore_ament_install'
[1.013s] Level 1:colcon.colcon_core.package_identification:_identify(src/rtabmap_ros/rtabmap_sync) by extensions ['colcon_pkg']
[1.013s] Level 1:colcon.colcon_core.package_identification:_identify(src/rtabmap_ros/rtabmap_sync) by extension 'colcon_pkg'
[1.013s] Level 1:colcon.colcon_core.package_identification:_identify(src/rtabmap_ros/rtabmap_sync) by extensions ['colcon_meta']
[1.013s] Level 1:colcon.colcon_core.package_identification:_identify(src/rtabmap_ros/rtabmap_sync) by extension 'colcon_meta'
[1.013s] Level 1:colcon.colcon_core.package_identification:_identify(src/rtabmap_ros/rtabmap_sync) by extensions ['ros']
[1.013s] Level 1:colcon.colcon_core.package_identification:_identify(src/rtabmap_ros/rtabmap_sync) by extension 'ros'
[1.015s] DEBUG:colcon.colcon_core.package_identification:Package 'src/rtabmap_ros/rtabmap_sync' with type 'ros.ament_cmake' and name 'rtabmap_sync'
[1.015s] Level 1:colcon.colcon_core.package_identification:_identify(src/rtabmap_ros/rtabmap_util) by extensions ['ignore', 'ignore_ament_install']
[1.015s] Level 1:colcon.colcon_core.package_identification:_identify(src/rtabmap_ros/rtabmap_util) by extension 'ignore'
[1.015s] Level 1:colcon.colcon_core.package_identification:_identify(src/rtabmap_ros/rtabmap_util) by extension 'ignore_ament_install'
[1.015s] Level 1:colcon.colcon_core.package_identification:_identify(src/rtabmap_ros/rtabmap_util) by extensions ['colcon_pkg']
[1.015s] Level 1:colcon.colcon_core.package_identification:_identify(src/rtabmap_ros/rtabmap_util) by extension 'colcon_pkg'
[1.015s] Level 1:colcon.colcon_core.package_identification:_identify(src/rtabmap_ros/rtabmap_util) by extensions ['colcon_meta']
[1.015s] Level 1:colcon.colcon_core.package_identification:_identify(src/rtabmap_ros/rtabmap_util) by extension 'colcon_meta'
[1.015s] Level 1:colcon.colcon_core.package_identification:_identify(src/rtabmap_ros/rtabmap_util) by extensions ['ros']
[1.015s] Level 1:colcon.colcon_core.package_identification:_identify(src/rtabmap_ros/rtabmap_util) by extension 'ros'
[1.017s] DEBUG:colcon.colcon_core.package_identification:Package 'src/rtabmap_ros/rtabmap_util' with type 'ros.ament_cmake' and name 'rtabmap_util'
[1.017s] Level 1:colcon.colcon_core.package_identification:_identify(src/rtabmap_ros/rtabmap_viz) by extensions ['ignore', 'ignore_ament_install']
[1.017s] Level 1:colcon.colcon_core.package_identification:_identify(src/rtabmap_ros/rtabmap_viz) by extension 'ignore'
[1.017s] Level 1:colcon.colcon_core.package_identification:_identify(src/rtabmap_ros/rtabmap_viz) by extension 'ignore_ament_install'
[1.017s] Level 1:colcon.colcon_core.package_identification:_identify(src/rtabmap_ros/rtabmap_viz) by extensions ['colcon_pkg']
[1.018s] Level 1:colcon.colcon_core.package_identification:_identify(src/rtabmap_ros/rtabmap_viz) by extension 'colcon_pkg'
[1.018s] Level 1:colcon.colcon_core.package_identification:_identify(src/rtabmap_ros/rtabmap_viz) by extensions ['colcon_meta']
[1.018s] Level 1:colcon.colcon_core.package_identification:_identify(src/rtabmap_ros/rtabmap_viz) by extension 'colcon_meta'
[1.018s] Level 1:colcon.colcon_core.package_identification:_identify(src/rtabmap_ros/rtabmap_viz) by extensions ['ros']
[1.018s] Level 1:colcon.colcon_core.package_identification:_identify(src/rtabmap_ros/rtabmap_viz) by extension 'ros'
[1.019s] DEBUG:colcon.colcon_core.package_identification:Package 'src/rtabmap_ros/rtabmap_viz' with type 'ros.ament_cmake' and name 'rtabmap_viz'
[1.019s] Level 1:colcon.colcon_core.package_discovery:discover_packages(recursive) using defaults
[1.019s] Level 1:colcon.colcon_core.package_discovery:discover_packages(ignore) discover
[1.019s] Level 1:colcon.colcon_core.package_discovery:discover_packages(ignore) using defaults
[1.019s] Level 1:colcon.colcon_core.package_discovery:discover_packages(path) discover
[1.019s] Level 1:colcon.colcon_core.package_discovery:discover_packages(path) using defaults
[1.019s] WARNING:colcon.colcon_core.package_selection:ignoring unknown package 'rtabmap_costmap_plugins' in --packages-skip
[1.069s] Level 1:colcon.colcon_core.package_discovery:discover_packages(prefix_path) check parameters
[1.069s] Level 1:colcon.colcon_core.package_discovery:discover_packages(prefix_path) discover
[1.073s] DEBUG:colcon.colcon_installed_package_information.package_discovery:Found 348 installed packages in /opt/ros/foxy
[1.074s] Level 1:colcon.colcon_core.package_discovery:discover_packages(prefix_path) using defaults
[1.272s] Level 5:colcon.colcon_core.verb:set package 'astra_camera_msgs' build argument 'cmake_args' from command line to 'None'
[1.272s] Level 5:colcon.colcon_core.verb:set package 'astra_camera_msgs' build argument 'cmake_target' from command line to 'None'
[1.272s] Level 5:colcon.colcon_core.verb:set package 'astra_camera_msgs' build argument 'cmake_target_skip_unavailable' from command line to 'False'
[1.272s] Level 5:colcon.colcon_core.verb:set package 'astra_camera_msgs' build argument 'cmake_clean_cache' from command line to 'False'
[1.272s] Level 5:colcon.colcon_core.verb:set package 'astra_camera_msgs' build argument 'cmake_clean_first' from command line to 'False'
[1.272s] Level 5:colcon.colcon_core.verb:set package 'astra_camera_msgs' build argument 'cmake_force_configure' from command line to 'False'
[1.272s] Level 5:colcon.colcon_core.verb:set package 'astra_camera_msgs' build argument 'ament_cmake_args' from command line to 'None'
[1.272s] Level 5:colcon.colcon_core.verb:set package 'astra_camera_msgs' build argument 'catkin_cmake_args' from command line to 'None'
[1.272s] Level 5:colcon.colcon_core.verb:set package 'astra_camera_msgs' build argument 'catkin_skip_building_tests' from command line to 'False'
[1.272s] DEBUG:colcon.colcon_core.verb:Building package 'astra_camera_msgs' with the following arguments: {'ament_cmake_args': None, 'build_base': '/home/deepak/electronic_ws/build/astra_camera_msgs', 'catkin_cmake_args': None, 'catkin_skip_building_tests': False, 'cmake_args': None, 'cmake_clean_cache': False, 'cmake_clean_first': False, 'cmake_force_configure': False, 'cmake_target': None, 'cmake_target_skip_unavailable': False, 'install_base': '/home/deepak/electronic_ws/install/astra_camera_msgs', 'merge_install': False, 'path': '/home/deepak/electronic_ws/src/ros2_astra_camera/astra_camera_msgs', 'symlink_install': True, 'test_result_base': None}
[1.273s] Level 5:colcon.colcon_core.verb:set package 'backward_ros' build argument 'cmake_args' from command line to 'None'
[1.273s] Level 5:colcon.colcon_core.verb:set package 'backward_ros' build argument 'cmake_target' from command line to 'None'
[1.273s] Level 5:colcon.colcon_core.verb:set package 'backward_ros' build argument 'cmake_target_skip_unavailable' from command line to 'False'
[1.273s] Level 5:colcon.colcon_core.verb:set package 'backward_ros' build argument 'cmake_clean_cache' from command line to 'False'
[1.273s] Level 5:colcon.colcon_core.verb:set package 'backward_ros' build argument 'cmake_clean_first' from command line to 'False'
[1.273s] Level 5:colcon.colcon_core.verb:set package 'backward_ros' build argument 'cmake_force_configure' from command line to 'False'
[1.273s] Level 5:colcon.colcon_core.verb:set package 'backward_ros' build argument 'ament_cmake_args' from command line to 'None'
[1.273s] Level 5:colcon.colcon_core.verb:set package 'backward_ros' build argument 'catkin_cmake_args' from command line to 'None'
[1.273s] Level 5:colcon.colcon_core.verb:set package 'backward_ros' build argument 'catkin_skip_building_tests' from command line to 'False'
[1.273s] DEBUG:colcon.colcon_core.verb:Building package 'backward_ros' with the following arguments: {'ament_cmake_args': None, 'build_base': '/home/deepak/electronic_ws/build/backward_ros', 'catkin_cmake_args': None, 'catkin_skip_building_tests': False, 'cmake_args': None, 'cmake_clean_cache': False, 'cmake_clean_first': False, 'cmake_force_configure': False, 'cmake_target': None, 'cmake_target_skip_unavailable': False, 'install_base': '/home/deepak/electronic_ws/install/backward_ros', 'merge_install': False, 'path': '/home/deepak/electronic_ws/src/backward_ros', 'symlink_install': True, 'test_result_base': None}
[1.273s] Level 5:colcon.colcon_core.verb:set package 'lslidar_msgs' build argument 'cmake_args' from command line to 'None'
[1.273s] Level 5:colcon.colcon_core.verb:set package 'lslidar_msgs' build argument 'cmake_target' from command line to 'None'
[1.273s] Level 5:colcon.colcon_core.verb:set package 'lslidar_msgs' build argument 'cmake_target_skip_unavailable' from command line to 'False'
[1.273s] Level 5:colcon.colcon_core.verb:set package 'lslidar_msgs' build argument 'cmake_clean_cache' from command line to 'False'
[1.273s] Level 5:colcon.colcon_core.verb:set package 'lslidar_msgs' build argument 'cmake_clean_first' from command line to 'False'
[1.273s] Level 5:colcon.colcon_core.verb:set package 'lslidar_msgs' build argument 'cmake_force_configure' from command line to 'False'
[1.273s] Level 5:colcon.colcon_core.verb:set package 'lslidar_msgs' build argument 'ament_cmake_args' from command line to 'None'
[1.273s] Level 5:colcon.colcon_core.verb:set package 'lslidar_msgs' build argument 'catkin_cmake_args' from command line to 'None'
[1.273s] Level 5:colcon.colcon_core.verb:set package 'lslidar_msgs' build argument 'catkin_skip_building_tests' from command line to 'False'
[1.273s] DEBUG:colcon.colcon_core.verb:Building package 'lslidar_msgs' with the following arguments: {'ament_cmake_args': None, 'build_base': '/home/deepak/electronic_ws/build/lslidar_msgs', 'catkin_cmake_args': None, 'catkin_skip_building_tests': False, 'cmake_args': None, 'cmake_clean_cache': False, 'cmake_clean_first': False, 'cmake_force_configure': False, 'cmake_target': None, 'cmake_target_skip_unavailable': False, 'install_base': '/home/deepak/electronic_ws/install/lslidar_msgs', 'merge_install': False, 'path': '/home/deepak/electronic_ws/src/Lslidar_ROS2_driver-LS-S1_V1.0/lslidar_msgs', 'symlink_install': True, 'test_result_base': None}
[1.274s] Level 5:colcon.colcon_core.verb:set package 'rtabmap' build argument 'cmake_args' from command line to 'None'
[1.274s] Level 5:colcon.colcon_core.verb:set package 'rtabmap' build argument 'cmake_target' from command line to 'None'
[1.274s] Level 5:colcon.colcon_core.verb:set package 'rtabmap' build argument 'cmake_target_skip_unavailable' from command line to 'False'
[1.274s] Level 5:colcon.colcon_core.verb:set package 'rtabmap' build argument 'cmake_clean_cache' from command line to 'False'
[1.274s] Level 5:colcon.colcon_core.verb:set package 'rtabmap' build argument 'cmake_clean_first' from command line to 'False'
[1.274s] Level 5:colcon.colcon_core.verb:set package 'rtabmap' build argument 'cmake_force_configure' from command line to 'False'
[1.274s] Level 5:colcon.colcon_core.verb:set package 'rtabmap' build argument 'ament_cmake_args' from command line to 'None'
[1.274s] Level 5:colcon.colcon_core.verb:set package 'rtabmap' build argument 'catkin_cmake_args' from command line to 'None'
[1.274s] Level 5:colcon.colcon_core.verb:set package 'rtabmap' build argument 'catkin_skip_building_tests' from command line to 'False'
[1.274s] DEBUG:colcon.colcon_core.verb:Building package 'rtabmap' with the following arguments: {'ament_cmake_args': None, 'build_base': '/home/deepak/electronic_ws/build/rtabmap', 'catkin_cmake_args': None, 'catkin_skip_building_tests': False, 'cmake_args': None, 'cmake_clean_cache': False, 'cmake_clean_first': False, 'cmake_force_configure': False, 'cmake_target': None, 'cmake_target_skip_unavailable': False, 'install_base': '/home/deepak/electronic_ws/install/rtabmap', 'merge_install': False, 'path': '/home/deepak/electronic_ws/src/rtabmap', 'symlink_install': True, 'test_result_base': None}
[1.274s] Level 5:colcon.colcon_core.verb:set package 'rtabmap_msgs' build argument 'cmake_args' from command line to 'None'
[1.274s] Level 5:colcon.colcon_core.verb:set package 'rtabmap_msgs' build argument 'cmake_target' from command line to 'None'
[1.274s] Level 5:colcon.colcon_core.verb:set package 'rtabmap_msgs' build argument 'cmake_target_skip_unavailable' from command line to 'False'
[1.274s] Level 5:colcon.colcon_core.verb:set package 'rtabmap_msgs' build argument 'cmake_clean_cache' from command line to 'False'
[1.274s] Level 5:colcon.colcon_core.verb:set package 'rtabmap_msgs' build argument 'cmake_clean_first' from command line to 'False'
[1.274s] Level 5:colcon.colcon_core.verb:set package 'rtabmap_msgs' build argument 'cmake_force_configure' from command line to 'False'
[1.274s] Level 5:colcon.colcon_core.verb:set package 'rtabmap_msgs' build argument 'ament_cmake_args' from command line to 'None'
[1.274s] Level 5:colcon.colcon_core.verb:set package 'rtabmap_msgs' build argument 'catkin_cmake_args' from command line to 'None'
[1.274s] Level 5:colcon.colcon_core.verb:set package 'rtabmap_msgs' build argument 'catkin_skip_building_tests' from command line to 'False'
[1.274s] DEBUG:colcon.colcon_core.verb:Building package 'rtabmap_msgs' with the following arguments: {'ament_cmake_args': None, 'build_base': '/home/deepak/electronic_ws/build/rtabmap_msgs', 'catkin_cmake_args': None, 'catkin_skip_building_tests': False, 'cmake_args': None, 'cmake_clean_cache': False, 'cmake_clean_first': False, 'cmake_force_configure': False, 'cmake_target': None, 'cmake_target_skip_unavailable': False, 'install_base': '/home/deepak/electronic_ws/install/rtabmap_msgs', 'merge_install': False, 'path': '/home/deepak/electronic_ws/src/rtabmap_ros/rtabmap_msgs', 'symlink_install': True, 'test_result_base': None}
[1.275s] Level 5:colcon.colcon_core.verb:set package 'rtabmap_python' build argument 'cmake_args' from command line to 'None'
[1.275s] Level 5:colcon.colcon_core.verb:set package 'rtabmap_python' build argument 'cmake_target' from command line to 'None'
[1.275s] Level 5:colcon.colcon_core.verb:set package 'rtabmap_python' build argument 'cmake_target_skip_unavailable' from command line to 'False'
[1.275s] Level 5:colcon.colcon_core.verb:set package 'rtabmap_python' build argument 'cmake_clean_cache' from command line to 'False'
[1.275s] Level 5:colcon.colcon_core.verb:set package 'rtabmap_python' build argument 'cmake_clean_first' from command line to 'False'
[1.275s] Level 5:colcon.colcon_core.verb:set package 'rtabmap_python' build argument 'cmake_force_configure' from command line to 'False'
[1.275s] Level 5:colcon.colcon_core.verb:set package 'rtabmap_python' build argument 'ament_cmake_args' from command line to 'None'
[1.275s] Level 5:colcon.colcon_core.verb:set package 'rtabmap_python' build argument 'catkin_cmake_args' from command line to 'None'
[1.275s] Level 5:colcon.colcon_core.verb:set package 'rtabmap_python' build argument 'catkin_skip_building_tests' from command line to 'False'
[1.275s] DEBUG:colcon.colcon_core.verb:Building package 'rtabmap_python' with the following arguments: {'ament_cmake_args': None, 'build_base': '/home/deepak/electronic_ws/build/rtabmap_python', 'catkin_cmake_args': None, 'catkin_skip_building_tests': False, 'cmake_args': None, 'cmake_clean_cache': False, 'cmake_clean_first': False, 'cmake_force_configure': False, 'cmake_target': None, 'cmake_target_skip_unavailable': False, 'install_base': '/home/deepak/electronic_ws/install/rtabmap_python', 'merge_install': False, 'path': '/home/deepak/electronic_ws/src/rtabmap_ros/rtabmap_python', 'symlink_install': True, 'test_result_base': None}
[1.275s] Level 5:colcon.colcon_core.verb:set package 'astra_camera' build argument 'cmake_args' from command line to 'None'
[1.275s] Level 5:colcon.colcon_core.verb:set package 'astra_camera' build argument 'cmake_target' from command line to 'None'
[1.275s] Level 5:colcon.colcon_core.verb:set package 'astra_camera' build argument 'cmake_target_skip_unavailable' from command line to 'False'
[1.275s] Level 5:colcon.colcon_core.verb:set package 'astra_camera' build argument 'cmake_clean_cache' from command line to 'False'
[1.275s] Level 5:colcon.colcon_core.verb:set package 'astra_camera' build argument 'cmake_clean_first' from command line to 'False'
[1.275s] Level 5:colcon.colcon_core.verb:set package 'astra_camera' build argument 'cmake_force_configure' from command line to 'False'
[1.275s] Level 5:colcon.colcon_core.verb:set package 'astra_camera' build argument 'ament_cmake_args' from command line to 'None'
[1.275s] Level 5:colcon.colcon_core.verb:set package 'astra_camera' build argument 'catkin_cmake_args' from command line to 'None'
[1.275s] Level 5:colcon.colcon_core.verb:set package 'astra_camera' build argument 'catkin_skip_building_tests' from command line to 'False'
[1.275s] DEBUG:colcon.colcon_core.verb:Building package 'astra_camera' with the following arguments: {'ament_cmake_args': None, 'build_base': '/home/deepak/electronic_ws/build/astra_camera', 'catkin_cmake_args': None, 'catkin_skip_building_tests': False, 'cmake_args': None, 'cmake_clean_cache': False, 'cmake_clean_first': False, 'cmake_force_configure': False, 'cmake_target': None, 'cmake_target_skip_unavailable': False, 'install_base': '/home/deepak/electronic_ws/install/astra_camera', 'merge_install': False, 'path': '/home/deepak/electronic_ws/src/ros2_astra_camera/astra_camera', 'symlink_install': True, 'test_result_base': None}
[1.276s] Level 5:colcon.colcon_core.verb:set package 'lslidar_driver' build argument 'cmake_args' from command line to 'None'
[1.276s] Level 5:colcon.colcon_core.verb:set package 'lslidar_driver' build argument 'cmake_target' from command line to 'None'
[1.276s] Level 5:colcon.colcon_core.verb:set package 'lslidar_driver' build argument 'cmake_target_skip_unavailable' from command line to 'False'
[1.276s] Level 5:colcon.colcon_core.verb:set package 'lslidar_driver' build argument 'cmake_clean_cache' from command line to 'False'
[1.276s] Level 5:colcon.colcon_core.verb:set package 'lslidar_driver' build argument 'cmake_clean_first' from command line to 'False'
[1.276s] Level 5:colcon.colcon_core.verb:set package 'lslidar_driver' build argument 'cmake_force_configure' from command line to 'False'
[1.276s] Level 5:colcon.colcon_core.verb:set package 'lslidar_driver' build argument 'ament_cmake_args' from command line to 'None'
[1.276s] Level 5:colcon.colcon_core.verb:set package 'lslidar_driver' build argument 'catkin_cmake_args' from command line to 'None'
[1.276s] Level 5:colcon.colcon_core.verb:set package 'lslidar_driver' build argument 'catkin_skip_building_tests' from command line to 'False'
[1.276s] DEBUG:colcon.colcon_core.verb:Building package 'lslidar_driver' with the following arguments: {'ament_cmake_args': None, 'build_base': '/home/deepak/electronic_ws/build/lslidar_driver', 'catkin_cmake_args': None, 'catkin_skip_building_tests': False, 'cmake_args': None, 'cmake_clean_cache': False, 'cmake_clean_first': False, 'cmake_force_configure': False, 'cmake_target': None, 'cmake_target_skip_unavailable': False, 'install_base': '/home/deepak/electronic_ws/install/lslidar_driver', 'merge_install': False, 'path': '/home/deepak/electronic_ws/src/Lslidar_ROS2_driver-LS-S1_V1.0/lslidar_driver', 'symlink_install': True, 'test_result_base': None}
[1.276s] Level 5:colcon.colcon_core.verb:set package 'rtabmap_conversions' build argument 'cmake_args' from command line to 'None'
[1.276s] Level 5:colcon.colcon_core.verb:set package 'rtabmap_conversions' build argument 'cmake_target' from command line to 'None'
[1.276s] Level 5:colcon.colcon_core.verb:set package 'rtabmap_conversions' build argument 'cmake_target_skip_unavailable' from command line to 'False'
[1.276s] Level 5:colcon.colcon_core.verb:set package 'rtabmap_conversions' build argument 'cmake_clean_cache' from command line to 'False'
[1.276s] Level 5:colcon.colcon_core.verb:set package 'rtabmap_conversions' build argument 'cmake_clean_first' from command line to 'False'
[1.276s] Level 5:colcon.colcon_core.verb:set package 'rtabmap_conversions' build argument 'cmake_force_configure' from command line to 'False'
[1.276s] Level 5:colcon.colcon_core.verb:set package 'rtabmap_conversions' build argument 'ament_cmake_args' from command line to 'None'
[1.276s] Level 5:colcon.colcon_core.verb:set package 'rtabmap_conversions' build argument 'catkin_cmake_args' from command line to 'None'
[1.276s] Level 5:colcon.colcon_core.verb:set package 'rtabmap_conversions' build argument 'catkin_skip_building_tests' from command line to 'False'
[1.276s] DEBUG:colcon.colcon_core.verb:Building package 'rtabmap_conversions' with the following arguments: {'ament_cmake_args': None, 'build_base': '/home/deepak/electronic_ws/build/rtabmap_conversions', 'catkin_cmake_args': None, 'catkin_skip_building_tests': False, 'cmake_args': None, 'cmake_clean_cache': False, 'cmake_clean_first': False, 'cmake_force_configure': False, 'cmake_target': None, 'cmake_target_skip_unavailable': False, 'install_base': '/home/deepak/electronic_ws/install/rtabmap_conversions', 'merge_install': False, 'path': '/home/deepak/electronic_ws/src/rtabmap_ros/rtabmap_conversions', 'symlink_install': True, 'test_result_base': None}
[1.277s] Level 5:colcon.colcon_core.verb:set package 'rtabmap_rviz_plugins' build argument 'cmake_args' from command line to 'None'
[1.277s] Level 5:colcon.colcon_core.verb:set package 'rtabmap_rviz_plugins' build argument 'cmake_target' from command line to 'None'
[1.277s] Level 5:colcon.colcon_core.verb:set package 'rtabmap_rviz_plugins' build argument 'cmake_target_skip_unavailable' from command line to 'False'
[1.277s] Level 5:colcon.colcon_core.verb:set package 'rtabmap_rviz_plugins' build argument 'cmake_clean_cache' from command line to 'False'
[1.277s] Level 5:colcon.colcon_core.verb:set package 'rtabmap_rviz_plugins' build argument 'cmake_clean_first' from command line to 'False'
[1.277s] Level 5:colcon.colcon_core.verb:set package 'rtabmap_rviz_plugins' build argument 'cmake_force_configure' from command line to 'False'
[1.277s] Level 5:colcon.colcon_core.verb:set package 'rtabmap_rviz_plugins' build argument 'ament_cmake_args' from command line to 'None'
[1.277s] Level 5:colcon.colcon_core.verb:set package 'rtabmap_rviz_plugins' build argument 'catkin_cmake_args' from command line to 'None'
[1.277s] Level 5:colcon.colcon_core.verb:set package 'rtabmap_rviz_plugins' build argument 'catkin_skip_building_tests' from command line to 'False'
[1.277s] DEBUG:colcon.colcon_core.verb:Building package 'rtabmap_rviz_plugins' with the following arguments: {'ament_cmake_args': None, 'build_base': '/home/deepak/electronic_ws/build/rtabmap_rviz_plugins', 'catkin_cmake_args': None, 'catkin_skip_building_tests': False, 'cmake_args': None, 'cmake_clean_cache': False, 'cmake_clean_first': False, 'cmake_force_configure': False, 'cmake_target': None, 'cmake_target_skip_unavailable': False, 'install_base': '/home/deepak/electronic_ws/install/rtabmap_rviz_plugins', 'merge_install': False, 'path': '/home/deepak/electronic_ws/src/rtabmap_ros/rtabmap_rviz_plugins', 'symlink_install': True, 'test_result_base': None}
[1.277s] Level 5:colcon.colcon_core.verb:set package 'rtabmap_sync' build argument 'cmake_args' from command line to 'None'
[1.277s] Level 5:colcon.colcon_core.verb:set package 'rtabmap_sync' build argument 'cmake_target' from command line to 'None'
[1.277s] Level 5:colcon.colcon_core.verb:set package 'rtabmap_sync' build argument 'cmake_target_skip_unavailable' from command line to 'False'
[1.277s] Level 5:colcon.colcon_core.verb:set package 'rtabmap_sync' build argument 'cmake_clean_cache' from command line to 'False'
[1.277s] Level 5:colcon.colcon_core.verb:set package 'rtabmap_sync' build argument 'cmake_clean_first' from command line to 'False'
[1.277s] Level 5:colcon.colcon_core.verb:set package 'rtabmap_sync' build argument 'cmake_force_configure' from command line to 'False'
[1.277s] Level 5:colcon.colcon_core.verb:set package 'rtabmap_sync' build argument 'ament_cmake_args' from command line to 'None'
[1.277s] Level 5:colcon.colcon_core.verb:set package 'rtabmap_sync' build argument 'catkin_cmake_args' from command line to 'None'
[1.277s] Level 5:colcon.colcon_core.verb:set package 'rtabmap_sync' build argument 'catkin_skip_building_tests' from command line to 'False'
[1.277s] DEBUG:colcon.colcon_core.verb:Building package 'rtabmap_sync' with the following arguments: {'ament_cmake_args': None, 'build_base': '/home/deepak/electronic_ws/build/rtabmap_sync', 'catkin_cmake_args': None, 'catkin_skip_building_tests': False, 'cmake_args': None, 'cmake_clean_cache': False, 'cmake_clean_first': False, 'cmake_force_configure': False, 'cmake_target': None, 'cmake_target_skip_unavailable': False, 'install_base': '/home/deepak/electronic_ws/install/rtabmap_sync', 'merge_install': False, 'path': '/home/deepak/electronic_ws/src/rtabmap_ros/rtabmap_sync', 'symlink_install': True, 'test_result_base': None}
[1.277s] Level 5:colcon.colcon_core.verb:set package 'rtabmap_util' build argument 'cmake_args' from command line to 'None'
[1.278s] Level 5:colcon.colcon_core.verb:set package 'rtabmap_util' build argument 'cmake_target' from command line to 'None'
[1.278s] Level 5:colcon.colcon_core.verb:set package 'rtabmap_util' build argument 'cmake_target_skip_unavailable' from command line to 'False'
[1.278s] Level 5:colcon.colcon_core.verb:set package 'rtabmap_util' build argument 'cmake_clean_cache' from command line to 'False'
[1.278s] Level 5:colcon.colcon_core.verb:set package 'rtabmap_util' build argument 'cmake_clean_first' from command line to 'False'
[1.278s] Level 5:colcon.colcon_core.verb:set package 'rtabmap_util' build argument 'cmake_force_configure' from command line to 'False'
[1.278s] Level 5:colcon.colcon_core.verb:set package 'rtabmap_util' build argument 'ament_cmake_args' from command line to 'None'
[1.278s] Level 5:colcon.colcon_core.verb:set package 'rtabmap_util' build argument 'catkin_cmake_args' from command line to 'None'
[1.278s] Level 5:colcon.colcon_core.verb:set package 'rtabmap_util' build argument 'catkin_skip_building_tests' from command line to 'False'
[1.278s] DEBUG:colcon.colcon_core.verb:Building package 'rtabmap_util' with the following arguments: {'ament_cmake_args': None, 'build_base': '/home/deepak/electronic_ws/build/rtabmap_util', 'catkin_cmake_args': None, 'catkin_skip_building_tests': False, 'cmake_args': None, 'cmake_clean_cache': False, 'cmake_clean_first': False, 'cmake_force_configure': False, 'cmake_target': None, 'cmake_target_skip_unavailable': False, 'install_base': '/home/deepak/electronic_ws/install/rtabmap_util', 'merge_install': False, 'path': '/home/deepak/electronic_ws/src/rtabmap_ros/rtabmap_util', 'symlink_install': True, 'test_result_base': None}
[1.278s] Level 5:colcon.colcon_core.verb:set package 'rtabmap_odom' build argument 'cmake_args' from command line to 'None'
[1.278s] Level 5:colcon.colcon_core.verb:set package 'rtabmap_odom' build argument 'cmake_target' from command line to 'None'
[1.278s] Level 5:colcon.colcon_core.verb:set package 'rtabmap_odom' build argument 'cmake_target_skip_unavailable' from command line to 'False'
[1.278s] Level 5:colcon.colcon_core.verb:set package 'rtabmap_odom' build argument 'cmake_clean_cache' from command line to 'False'
[1.278s] Level 5:colcon.colcon_core.verb:set package 'rtabmap_odom' build argument 'cmake_clean_first' from command line to 'False'
[1.278s] Level 5:colcon.colcon_core.verb:set package 'rtabmap_odom' build argument 'cmake_force_configure' from command line to 'False'
[1.278s] Level 5:colcon.colcon_core.verb:set package 'rtabmap_odom' build argument 'ament_cmake_args' from command line to 'None'
[1.278s] Level 5:colcon.colcon_core.verb:set package 'rtabmap_odom' build argument 'catkin_cmake_args' from command line to 'None'
[1.278s] Level 5:colcon.colcon_core.verb:set package 'rtabmap_odom' build argument 'catkin_skip_building_tests' from command line to 'False'
[1.278s] DEBUG:colcon.colcon_core.verb:Building package 'rtabmap_odom' with the following arguments: {'ament_cmake_args': None, 'build_base': '/home/deepak/electronic_ws/build/rtabmap_odom', 'catkin_cmake_args': None, 'catkin_skip_building_tests': False, 'cmake_args': None, 'cmake_clean_cache': False, 'cmake_clean_first': False, 'cmake_force_configure': False, 'cmake_target': None, 'cmake_target_skip_unavailable': False, 'install_base': '/home/deepak/electronic_ws/install/rtabmap_odom', 'merge_install': False, 'path': '/home/deepak/electronic_ws/src/rtabmap_ros/rtabmap_odom', 'symlink_install': True, 'test_result_base': None}
[1.278s] Level 5:colcon.colcon_core.verb:set package 'rtabmap_slam' build argument 'cmake_args' from command line to 'None'
[1.278s] Level 5:colcon.colcon_core.verb:set package 'rtabmap_slam' build argument 'cmake_target' from command line to 'None'
[1.278s] Level 5:colcon.colcon_core.verb:set package 'rtabmap_slam' build argument 'cmake_target_skip_unavailable' from command line to 'False'
[1.278s] Level 5:colcon.colcon_core.verb:set package 'rtabmap_slam' build argument 'cmake_clean_cache' from command line to 'False'
[1.279s] Level 5:colcon.colcon_core.verb:set package 'rtabmap_slam' build argument 'cmake_clean_first' from command line to 'False'
[1.279s] Level 5:colcon.colcon_core.verb:set package 'rtabmap_slam' build argument 'cmake_force_configure' from command line to 'False'
[1.279s] Level 5:colcon.colcon_core.verb:set package 'rtabmap_slam' build argument 'ament_cmake_args' from command line to 'None'
[1.279s] Level 5:colcon.colcon_core.verb:set package 'rtabmap_slam' build argument 'catkin_cmake_args' from command line to 'None'
[1.279s] Level 5:colcon.colcon_core.verb:set package 'rtabmap_slam' build argument 'catkin_skip_building_tests' from command line to 'False'
[1.279s] DEBUG:colcon.colcon_core.verb:Building package 'rtabmap_slam' with the following arguments: {'ament_cmake_args': None, 'build_base': '/home/deepak/electronic_ws/build/rtabmap_slam', 'catkin_cmake_args': None, 'catkin_skip_building_tests': False, 'cmake_args': None, 'cmake_clean_cache': False, 'cmake_clean_first': False, 'cmake_force_configure': False, 'cmake_target': None, 'cmake_target_skip_unavailable': False, 'install_base': '/home/deepak/electronic_ws/install/rtabmap_slam', 'merge_install': False, 'path': '/home/deepak/electronic_ws/src/rtabmap_ros/rtabmap_slam', 'symlink_install': True, 'test_result_base': None}
[1.279s] Level 5:colcon.colcon_core.verb:set package 'rtabmap_viz' build argument 'cmake_args' from command line to 'None'
[1.279s] Level 5:colcon.colcon_core.verb:set package 'rtabmap_viz' build argument 'cmake_target' from command line to 'None'
[1.279s] Level 5:colcon.colcon_core.verb:set package 'rtabmap_viz' build argument 'cmake_target_skip_unavailable' from command line to 'False'
[1.279s] Level 5:colcon.colcon_core.verb:set package 'rtabmap_viz' build argument 'cmake_clean_cache' from command line to 'False'
[1.279s] Level 5:colcon.colcon_core.verb:set package 'rtabmap_viz' build argument 'cmake_clean_first' from command line to 'False'
[1.279s] Level 5:colcon.colcon_core.verb:set package 'rtabmap_viz' build argument 'cmake_force_configure' from command line to 'False'
[1.279s] Level 5:colcon.colcon_core.verb:set package 'rtabmap_viz' build argument 'ament_cmake_args' from command line to 'None'
[1.279s] Level 5:colcon.colcon_core.verb:set package 'rtabmap_viz' build argument 'catkin_cmake_args' from command line to 'None'
[1.279s] Level 5:colcon.colcon_core.verb:set package 'rtabmap_viz' build argument 'catkin_skip_building_tests' from command line to 'False'
[1.279s] DEBUG:colcon.colcon_core.verb:Building package 'rtabmap_viz' with the following arguments: {'ament_cmake_args': None, 'build_base': '/home/deepak/electronic_ws/build/rtabmap_viz', 'catkin_cmake_args': None, 'catkin_skip_building_tests': False, 'cmake_args': None, 'cmake_clean_cache': False, 'cmake_clean_first': False, 'cmake_force_configure': False, 'cmake_target': None, 'cmake_target_skip_unavailable': False, 'install_base': '/home/deepak/electronic_ws/install/rtabmap_viz', 'merge_install': False, 'path': '/home/deepak/electronic_ws/src/rtabmap_ros/rtabmap_viz', 'symlink_install': True, 'test_result_base': None}
[1.279s] Level 5:colcon.colcon_core.verb:set package 'rtabmap_demos' build argument 'cmake_args' from command line to 'None'
[1.279s] Level 5:colcon.colcon_core.verb:set package 'rtabmap_demos' build argument 'cmake_target' from command line to 'None'
[1.279s] Level 5:colcon.colcon_core.verb:set package 'rtabmap_demos' build argument 'cmake_target_skip_unavailable' from command line to 'False'
[1.279s] Level 5:colcon.colcon_core.verb:set package 'rtabmap_demos' build argument 'cmake_clean_cache' from command line to 'False'
[1.279s] Level 5:colcon.colcon_core.verb:set package 'rtabmap_demos' build argument 'cmake_clean_first' from command line to 'False'
[1.279s] Level 5:colcon.colcon_core.verb:set package 'rtabmap_demos' build argument 'cmake_force_configure' from command line to 'False'
[1.279s] Level 5:colcon.colcon_core.verb:set package 'rtabmap_demos' build argument 'ament_cmake_args' from command line to 'None'
[1.280s] Level 5:colcon.colcon_core.verb:set package 'rtabmap_demos' build argument 'catkin_cmake_args' from command line to 'None'
[1.280s] Level 5:colcon.colcon_core.verb:set package 'rtabmap_demos' build argument 'catkin_skip_building_tests' from command line to 'False'
[1.280s] DEBUG:colcon.colcon_core.verb:Building package 'rtabmap_demos' with the following arguments: {'ament_cmake_args': None, 'build_base': '/home/deepak/electronic_ws/build/rtabmap_demos', 'catkin_cmake_args': None, 'catkin_skip_building_tests': False, 'cmake_args': None, 'cmake_clean_cache': False, 'cmake_clean_first': False, 'cmake_force_configure': False, 'cmake_target': None, 'cmake_target_skip_unavailable': False, 'install_base': '/home/deepak/electronic_ws/install/rtabmap_demos', 'merge_install': False, 'path': '/home/deepak/electronic_ws/src/rtabmap_ros/rtabmap_demos', 'symlink_install': True, 'test_result_base': None}
[1.280s] Level 5:colcon.colcon_core.verb:set package 'rtabmap_examples' build argument 'cmake_args' from command line to 'None'
[1.280s] Level 5:colcon.colcon_core.verb:set package 'rtabmap_examples' build argument 'cmake_target' from command line to 'None'
[1.280s] Level 5:colcon.colcon_core.verb:set package 'rtabmap_examples' build argument 'cmake_target_skip_unavailable' from command line to 'False'
[1.280s] Level 5:colcon.colcon_core.verb:set package 'rtabmap_examples' build argument 'cmake_clean_cache' from command line to 'False'
[1.280s] Level 5:colcon.colcon_core.verb:set package 'rtabmap_examples' build argument 'cmake_clean_first' from command line to 'False'
[1.280s] Level 5:colcon.colcon_core.verb:set package 'rtabmap_examples' build argument 'cmake_force_configure' from command line to 'False'
[1.280s] Level 5:colcon.colcon_core.verb:set package 'rtabmap_examples' build argument 'ament_cmake_args' from command line to 'None'
[1.280s] Level 5:colcon.colcon_core.verb:set package 'rtabmap_examples' build argument 'catkin_cmake_args' from command line to 'None'
[1.280s] Level 5:colcon.colcon_core.verb:set package 'rtabmap_examples' build argument 'catkin_skip_building_tests' from command line to 'False'
[1.280s] DEBUG:colcon.colcon_core.verb:Building package 'rtabmap_examples' with the following arguments: {'ament_cmake_args': None, 'build_base': '/home/deepak/electronic_ws/build/rtabmap_examples', 'catkin_cmake_args': None, 'catkin_skip_building_tests': False, 'cmake_args': None, 'cmake_clean_cache': False, 'cmake_clean_first': False, 'cmake_force_configure': False, 'cmake_target': None, 'cmake_target_skip_unavailable': False, 'install_base': '/home/deepak/electronic_ws/install/rtabmap_examples', 'merge_install': False, 'path': '/home/deepak/electronic_ws/src/rtabmap_ros/rtabmap_examples', 'symlink_install': True, 'test_result_base': None}
[1.280s] Level 5:colcon.colcon_core.verb:set package 'rtabmap_launch' build argument 'cmake_args' from command line to 'None'
[1.280s] Level 5:colcon.colcon_core.verb:set package 'rtabmap_launch' build argument 'cmake_target' from command line to 'None'
[1.280s] Level 5:colcon.colcon_core.verb:set package 'rtabmap_launch' build argument 'cmake_target_skip_unavailable' from command line to 'False'
[1.280s] Level 5:colcon.colcon_core.verb:set package 'rtabmap_launch' build argument 'cmake_clean_cache' from command line to 'False'
[1.280s] Level 5:colcon.colcon_core.verb:set package 'rtabmap_launch' build argument 'cmake_clean_first' from command line to 'False'
[1.280s] Level 5:colcon.colcon_core.verb:set package 'rtabmap_launch' build argument 'cmake_force_configure' from command line to 'False'
[1.280s] Level 5:colcon.colcon_core.verb:set package 'rtabmap_launch' build argument 'ament_cmake_args' from command line to 'None'
[1.280s] Level 5:colcon.colcon_core.verb:set package 'rtabmap_launch' build argument 'catkin_cmake_args' from command line to 'None'
[1.280s] Level 5:colcon.colcon_core.verb:set package 'rtabmap_launch' build argument 'catkin_skip_building_tests' from command line to 'False'
[1.280s] DEBUG:colcon.colcon_core.verb:Building package 'rtabmap_launch' with the following arguments: {'ament_cmake_args': None, 'build_base': '/home/deepak/electronic_ws/build/rtabmap_launch', 'catkin_cmake_args': None, 'catkin_skip_building_tests': False, 'cmake_args': None, 'cmake_clean_cache': False, 'cmake_clean_first': False, 'cmake_force_configure': False, 'cmake_target': None, 'cmake_target_skip_unavailable': False, 'install_base': '/home/deepak/electronic_ws/install/rtabmap_launch', 'merge_install': False, 'path': '/home/deepak/electronic_ws/src/rtabmap_ros/rtabmap_launch', 'symlink_install': True, 'test_result_base': None}
[1.281s] Level 5:colcon.colcon_core.verb:set package 'rtabmap_ros' build argument 'cmake_args' from command line to 'None'
[1.281s] Level 5:colcon.colcon_core.verb:set package 'rtabmap_ros' build argument 'cmake_target' from command line to 'None'
[1.281s] Level 5:colcon.colcon_core.verb:set package 'rtabmap_ros' build argument 'cmake_target_skip_unavailable' from command line to 'False'
[1.281s] Level 5:colcon.colcon_core.verb:set package 'rtabmap_ros' build argument 'cmake_clean_cache' from command line to 'False'
[1.281s] Level 5:colcon.colcon_core.verb:set package 'rtabmap_ros' build argument 'cmake_clean_first' from command line to 'False'
[1.281s] Level 5:colcon.colcon_core.verb:set package 'rtabmap_ros' build argument 'cmake_force_configure' from command line to 'False'
[1.281s] Level 5:colcon.colcon_core.verb:set package 'rtabmap_ros' build argument 'ament_cmake_args' from command line to 'None'
[1.281s] Level 5:colcon.colcon_core.verb:set package 'rtabmap_ros' build argument 'catkin_cmake_args' from command line to 'None'
[1.281s] Level 5:colcon.colcon_core.verb:set package 'rtabmap_ros' build argument 'catkin_skip_building_tests' from command line to 'False'
[1.281s] DEBUG:colcon.colcon_core.verb:Building package 'rtabmap_ros' with the following arguments: {'ament_cmake_args': None, 'build_base': '/home/deepak/electronic_ws/build/rtabmap_ros', 'catkin_cmake_args': None, 'catkin_skip_building_tests': False, 'cmake_args': None, 'cmake_clean_cache': False, 'cmake_clean_first': False, 'cmake_force_configure': False, 'cmake_target': None, 'cmake_target_skip_unavailable': False, 'install_base': '/home/deepak/electronic_ws/install/rtabmap_ros', 'merge_install': False, 'path': '/home/deepak/electronic_ws/src/rtabmap_ros/rtabmap_ros', 'symlink_install': True, 'test_result_base': None}
[1.281s] INFO:colcon.colcon_core.executor:Executing jobs using 'parallel' executor
[1.282s] DEBUG:colcon.colcon_parallel_executor.executor.parallel:run_until_complete
[1.282s] INFO:colcon.colcon_ros.task.cmake.build:Building ROS package in '/home/deepak/electronic_ws/src/rtabmap' with build type 'cmake'
[1.283s] INFO:colcon.colcon_cmake.task.cmake.build:Building CMake package in '/home/deepak/electronic_ws/src/rtabmap'
[1.287s] INFO:colcon.colcon_core.plugin_system:Skipping extension 'colcon_core.shell.bat': Not used on non-Windows systems
[1.287s] INFO:colcon.colcon_core.shell:Skip shell extension 'powershell' for command environment: Not usable outside of PowerShell
[1.287s] DEBUG:colcon.colcon_core.shell:Skip shell extension 'dsv' for command environment
[1.292s] INFO:colcon.colcon_ros.task.catkin.build:Building ROS package in '/home/deepak/electronic_ws/src/rtabmap_ros/rtabmap_msgs' with build type 'catkin'
[1.292s] INFO:colcon.colcon_cmake.task.cmake.build:Building CMake package in '/home/deepak/electronic_ws/src/rtabmap_ros/rtabmap_msgs'
[1.292s] INFO:colcon.colcon_core.shell:Skip shell extension 'powershell' for command environment: Not usable outside of PowerShell
[1.293s] DEBUG:colcon.colcon_core.shell:Skip shell extension 'dsv' for command environment
[1.298s] INFO:colcon.colcon_ros.task.ament_cmake.build:Building ROS package in '/home/deepak/electronic_ws/src/ros2_astra_camera/astra_camera_msgs' with build type 'ament_cmake'
[1.299s] INFO:colcon.colcon_cmake.task.cmake.build:Building CMake package in '/home/deepak/electronic_ws/src/ros2_astra_camera/astra_camera_msgs'
[1.299s] INFO:colcon.colcon_core.shell:Skip shell extension 'powershell' for command environment: Not usable outside of PowerShell
[1.299s] DEBUG:colcon.colcon_core.shell:Skip shell extension 'dsv' for command environment
[1.309s] DEBUG:colcon.colcon_core.event_handler.log_command:Invoking command in '/home/deepak/electronic_ws/build/rtabmap': CMAKE_PREFIX_PATH=/opt/ros/foxy /usr/bin/cmake --build /home/deepak/electronic_ws/build/rtabmap -- -j8 -l8
[1.318s] DEBUG:colcon.colcon_core.event_handler.log_command:Invoking command in '/home/deepak/electronic_ws/build/rtabmap_msgs': /usr/bin/cmake --build /home/deepak/electronic_ws/build/rtabmap_msgs -- -j8 -l8
[1.327s] DEBUG:colcon.colcon_core.event_handler.log_command:Invoking command in '/home/deepak/electronic_ws/build/astra_camera_msgs': CMAKE_PREFIX_PATH=/opt/ros/foxy /usr/bin/cmake --build /home/deepak/electronic_ws/build/astra_camera_msgs -- -j8 -l8
[1.727s] DEBUG:colcon.colcon_core.event_handler.log_command:Invoked command in '/home/deepak/electronic_ws/build/astra_camera_msgs' returned '0': CMAKE_PREFIX_PATH=/opt/ros/foxy /usr/bin/cmake --build /home/deepak/electronic_ws/build/astra_camera_msgs -- -j8 -l8
[1.743s] DEBUG:colcon.colcon_core.event_handler.log_command:Invoking command in '/home/deepak/electronic_ws/build/astra_camera_msgs': CMAKE_PREFIX_PATH=/opt/ros/foxy /usr/bin/cmake --install /home/deepak/electronic_ws/build/astra_camera_msgs
[1.794s] DEBUG:colcon.colcon_core.event_handler.log_command:Invoked command in '/home/deepak/electronic_ws/build/rtabmap_msgs' returned '0': /usr/bin/cmake --build /home/deepak/electronic_ws/build/rtabmap_msgs -- -j8 -l8
[1.799s] DEBUG:colcon.colcon_core.event_handler.log_command:Invoking command in '/home/deepak/electronic_ws/build/rtabmap_msgs': /usr/bin/cmake --install /home/deepak/electronic_ws/build/rtabmap_msgs
[1.880s] Level 1:colcon.colcon_core.environment:create_environment_scripts_only(astra_camera_msgs)
[1.881s] DEBUG:colcon.colcon_core.event_handler.log_command:Invoked command in '/home/deepak/electronic_ws/build/astra_camera_msgs' returned '0': CMAKE_PREFIX_PATH=/opt/ros/foxy /usr/bin/cmake --install /home/deepak/electronic_ws/build/astra_camera_msgs
[1.891s] Level 1:colcon.colcon_core.environment:checking '/home/deepak/electronic_ws/install/astra_camera_msgs' for CMake module files
[1.892s] Level 1:colcon.colcon_core.environment:checking '/home/deepak/electronic_ws/install/astra_camera_msgs' for CMake config files
[1.893s] Level 1:colcon.colcon_core.shell:create_environment_hook('astra_camera_msgs', 'cmake_prefix_path')
[1.893s] INFO:colcon.colcon_core.shell:Creating environment hook '/home/deepak/electronic_ws/install/astra_camera_msgs/share/astra_camera_msgs/hook/cmake_prefix_path.ps1'
[1.896s] INFO:colcon.colcon_core.shell:Creating environment descriptor '/home/deepak/electronic_ws/install/astra_camera_msgs/share/astra_camera_msgs/hook/cmake_prefix_path.dsv'
[1.897s] INFO:colcon.colcon_core.shell:Creating environment hook '/home/deepak/electronic_ws/install/astra_camera_msgs/share/astra_camera_msgs/hook/cmake_prefix_path.sh'
[1.899s] Level 1:colcon.colcon_core.environment:checking '/home/deepak/electronic_ws/install/astra_camera_msgs/lib'
[1.900s] Level 1:colcon.colcon_core.shell:create_environment_hook('astra_camera_msgs', 'ld_library_path_lib')
[1.900s] INFO:colcon.colcon_core.shell:Creating environment hook '/home/deepak/electronic_ws/install/astra_camera_msgs/share/astra_camera_msgs/hook/ld_library_path_lib.ps1'
[1.901s] INFO:colcon.colcon_core.shell:Creating environment descriptor '/home/deepak/electronic_ws/install/astra_camera_msgs/share/astra_camera_msgs/hook/ld_library_path_lib.dsv'
[1.901s] INFO:colcon.colcon_core.shell:Creating environment hook '/home/deepak/electronic_ws/install/astra_camera_msgs/share/astra_camera_msgs/hook/ld_library_path_lib.sh'
[1.902s] Level 1:colcon.colcon_core.environment:checking '/home/deepak/electronic_ws/install/astra_camera_msgs/bin'
[1.902s] Level 1:colcon.colcon_core.environment:checking '/home/deepak/electronic_ws/install/astra_camera_msgs/lib/pkgconfig/astra_camera_msgs.pc'
[1.903s] Level 1:colcon.colcon_core.environment:checking '/home/deepak/electronic_ws/install/astra_camera_msgs/lib/python3.8/site-packages'
[1.903s] Level 1:colcon.colcon_core.shell:create_environment_hook('astra_camera_msgs', 'pythonpath')
[1.903s] INFO:colcon.colcon_core.shell:Creating environment hook '/home/deepak/electronic_ws/install/astra_camera_msgs/share/astra_camera_msgs/hook/pythonpath.ps1'
[1.904s] INFO:colcon.colcon_core.shell:Creating environment descriptor '/home/deepak/electronic_ws/install/astra_camera_msgs/share/astra_camera_msgs/hook/pythonpath.dsv'
[1.905s] INFO:colcon.colcon_core.shell:Creating environment hook '/home/deepak/electronic_ws/install/astra_camera_msgs/share/astra_camera_msgs/hook/pythonpath.sh'
[1.906s] Level 1:colcon.colcon_core.environment:checking '/home/deepak/electronic_ws/install/astra_camera_msgs/bin'
[1.906s] INFO:colcon.colcon_core.shell:Creating package script '/home/deepak/electronic_ws/install/astra_camera_msgs/share/astra_camera_msgs/package.ps1'
[1.908s] INFO:colcon.colcon_core.shell:Creating package descriptor '/home/deepak/electronic_ws/install/astra_camera_msgs/share/astra_camera_msgs/package.dsv'
[1.910s] INFO:colcon.colcon_core.shell:Creating package script '/home/deepak/electronic_ws/install/astra_camera_msgs/share/astra_camera_msgs/package.sh'
[1.912s] INFO:colcon.colcon_core.shell:Creating package script '/home/deepak/electronic_ws/install/astra_camera_msgs/share/astra_camera_msgs/package.bash'
[1.913s] INFO:colcon.colcon_core.shell:Creating package script '/home/deepak/electronic_ws/install/astra_camera_msgs/share/astra_camera_msgs/package.zsh'
[1.915s] Level 1:colcon.colcon_core.environment:create_file_with_runtime_dependencies(/home/deepak/electronic_ws/install/astra_camera_msgs/share/colcon-core/packages/astra_camera_msgs)
[1.916s] Level 1:colcon.colcon_core.environment:create_environment_scripts_only(astra_camera_msgs)
[1.917s] Level 1:colcon.colcon_core.environment:checking '/home/deepak/electronic_ws/install/astra_camera_msgs' for CMake module files
[1.917s] Level 1:colcon.colcon_core.environment:checking '/home/deepak/electronic_ws/install/astra_camera_msgs' for CMake config files
[1.918s] Level 1:colcon.colcon_core.shell:create_environment_hook('astra_camera_msgs', 'cmake_prefix_path')
[1.918s] INFO:colcon.colcon_core.shell:Creating environment hook '/home/deepak/electronic_ws/install/astra_camera_msgs/share/astra_camera_msgs/hook/cmake_prefix_path.ps1'
[1.919s] INFO:colcon.colcon_core.shell:Creating environment descriptor '/home/deepak/electronic_ws/install/astra_camera_msgs/share/astra_camera_msgs/hook/cmake_prefix_path.dsv'
[1.919s] INFO:colcon.colcon_core.shell:Creating environment hook '/home/deepak/electronic_ws/install/astra_camera_msgs/share/astra_camera_msgs/hook/cmake_prefix_path.sh'
[1.921s] Level 1:colcon.colcon_core.environment:checking '/home/deepak/electronic_ws/install/astra_camera_msgs/lib'
[1.921s] Level 1:colcon.colcon_core.shell:create_environment_hook('astra_camera_msgs', 'ld_library_path_lib')
[1.921s] INFO:colcon.colcon_core.shell:Creating environment hook '/home/deepak/electronic_ws/install/astra_camera_msgs/share/astra_camera_msgs/hook/ld_library_path_lib.ps1'
[1.922s] INFO:colcon.colcon_core.shell:Creating environment descriptor '/home/deepak/electronic_ws/install/astra_camera_msgs/share/astra_camera_msgs/hook/ld_library_path_lib.dsv'
[1.922s] INFO:colcon.colcon_core.shell:Creating environment hook '/home/deepak/electronic_ws/install/astra_camera_msgs/share/astra_camera_msgs/hook/ld_library_path_lib.sh'
[1.923s] Level 1:colcon.colcon_core.environment:checking '/home/deepak/electronic_ws/install/astra_camera_msgs/bin'
[1.923s] Level 1:colcon.colcon_core.environment:checking '/home/deepak/electronic_ws/install/astra_camera_msgs/lib/pkgconfig/astra_camera_msgs.pc'
[1.923s] Level 1:colcon.colcon_core.environment:checking '/home/deepak/electronic_ws/install/astra_camera_msgs/lib/python3.8/site-packages'
[1.923s] Level 1:colcon.colcon_core.shell:create_environment_hook('astra_camera_msgs', 'pythonpath')
[1.924s] INFO:colcon.colcon_core.shell:Creating environment hook '/home/deepak/electronic_ws/install/astra_camera_msgs/share/astra_camera_msgs/hook/pythonpath.ps1'
[1.925s] INFO:colcon.colcon_core.shell:Creating environment descriptor '/home/deepak/electronic_ws/install/astra_camera_msgs/share/astra_camera_msgs/hook/pythonpath.dsv'
[1.926s] INFO:colcon.colcon_core.shell:Creating environment hook '/home/deepak/electronic_ws/install/astra_camera_msgs/share/astra_camera_msgs/hook/pythonpath.sh'
[1.927s] Level 1:colcon.colcon_core.environment:checking '/home/deepak/electronic_ws/install/astra_camera_msgs/bin'
[1.928s] INFO:colcon.colcon_core.shell:Creating package script '/home/deepak/electronic_ws/install/astra_camera_msgs/share/astra_camera_msgs/package.ps1'
[1.928s] INFO:colcon.colcon_core.shell:Creating package descriptor '/home/deepak/electronic_ws/install/astra_camera_msgs/share/astra_camera_msgs/package.dsv'
[1.929s] INFO:colcon.colcon_core.shell:Creating package script '/home/deepak/electronic_ws/install/astra_camera_msgs/share/astra_camera_msgs/package.sh'
[1.930s] INFO:colcon.colcon_core.shell:Creating package script '/home/deepak/electronic_ws/install/astra_camera_msgs/share/astra_camera_msgs/package.bash'
[1.931s] INFO:colcon.colcon_core.shell:Creating package script '/home/deepak/electronic_ws/install/astra_camera_msgs/share/astra_camera_msgs/package.zsh'
[1.931s] Level 1:colcon.colcon_core.environment:create_file_with_runtime_dependencies(/home/deepak/electronic_ws/install/astra_camera_msgs/share/colcon-core/packages/astra_camera_msgs)
[1.933s] INFO:colcon.colcon_ros.task.ament_cmake.build:Building ROS package in '/home/deepak/electronic_ws/src/Lslidar_ROS2_driver-LS-S1_V1.0/lslidar_msgs' with build type 'ament_cmake'
[1.933s] INFO:colcon.colcon_cmake.task.cmake.build:Building CMake package in '/home/deepak/electronic_ws/src/Lslidar_ROS2_driver-LS-S1_V1.0/lslidar_msgs'
[1.933s] INFO:colcon.colcon_core.shell:Skip shell extension 'powershell' for command environment: Not usable outside of PowerShell
[1.933s] DEBUG:colcon.colcon_core.shell:Skip shell extension 'dsv' for command environment
[1.949s] Level 1:colcon.colcon_core.shell:create_environment_hook('rtabmap_msgs', 'ros_package_path')
[1.950s] INFO:colcon.colcon_core.shell:Creating environment hook '/home/deepak/electronic_ws/install/rtabmap_msgs/share/rtabmap_msgs/hook/ros_package_path.ps1'
[1.951s] DEBUG:colcon.colcon_core.event_handler.log_command:Invoked command in '/home/deepak/electronic_ws/build/rtabmap_msgs' returned '0': /usr/bin/cmake --install /home/deepak/electronic_ws/build/rtabmap_msgs
[1.952s] INFO:colcon.colcon_core.shell:Creating environment descriptor '/home/deepak/electronic_ws/install/rtabmap_msgs/share/rtabmap_msgs/hook/ros_package_path.dsv'
[1.953s] INFO:colcon.colcon_core.shell:Creating environment hook '/home/deepak/electronic_ws/install/rtabmap_msgs/share/rtabmap_msgs/hook/ros_package_path.sh'
[1.954s] Level 1:colcon.colcon_ros.task.catkin:checking '/home/deepak/electronic_ws/install/rtabmap_msgs/lib/python3.8/site-packages'
[1.954s] Level 1:colcon.colcon_core.shell:create_environment_hook('rtabmap_msgs', 'catkin_pythonpath')
[1.955s] INFO:colcon.colcon_core.shell:Creating environment hook '/home/deepak/electronic_ws/install/rtabmap_msgs/share/rtabmap_msgs/hook/catkin_pythonpath.ps1'
[1.956s] INFO:colcon.colcon_core.shell:Creating environment descriptor '/home/deepak/electronic_ws/install/rtabmap_msgs/share/rtabmap_msgs/hook/catkin_pythonpath.dsv'
[1.956s] INFO:colcon.colcon_core.shell:Creating environment hook '/home/deepak/electronic_ws/install/rtabmap_msgs/share/rtabmap_msgs/hook/catkin_pythonpath.sh'
[1.957s] Level 1:colcon.colcon_core.shell:create_environment_hook('rtabmap_msgs', 'pkg_config_path')
[1.957s] INFO:colcon.colcon_core.shell:Creating environment hook '/home/deepak/electronic_ws/install/rtabmap_msgs/share/rtabmap_msgs/hook/pkg_config_path.ps1'
[1.957s] INFO:colcon.colcon_core.shell:Creating environment descriptor '/home/deepak/electronic_ws/install/rtabmap_msgs/share/rtabmap_msgs/hook/pkg_config_path.dsv'
[1.958s] INFO:colcon.colcon_core.shell:Creating environment hook '/home/deepak/electronic_ws/install/rtabmap_msgs/share/rtabmap_msgs/hook/pkg_config_path.sh'
[1.974s] Level 1:colcon.colcon_core.shell:create_environment_hook('rtabmap_msgs', 'pkg_config_path_multiarch')
[1.974s] INFO:colcon.colcon_core.shell:Creating environment hook '/home/deepak/electronic_ws/install/rtabmap_msgs/share/rtabmap_msgs/hook/pkg_config_path_multiarch.ps1'
[1.975s] INFO:colcon.colcon_core.shell:Creating environment descriptor '/home/deepak/electronic_ws/install/rtabmap_msgs/share/rtabmap_msgs/hook/pkg_config_path_multiarch.dsv'
[1.976s] INFO:colcon.colcon_core.shell:Creating environment hook '/home/deepak/electronic_ws/install/rtabmap_msgs/share/rtabmap_msgs/hook/pkg_config_path_multiarch.sh'
[1.977s] Level 1:colcon.colcon_core.environment:create_environment_scripts_only(rtabmap_msgs)
[1.978s] Level 1:colcon.colcon_core.environment:checking '/home/deepak/electronic_ws/install/rtabmap_msgs' for CMake module files
[1.978s] Level 1:colcon.colcon_core.environment:checking '/home/deepak/electronic_ws/install/rtabmap_msgs' for CMake config files
[1.979s] Level 1:colcon.colcon_core.shell:create_environment_hook('rtabmap_msgs', 'cmake_prefix_path')
[1.979s] INFO:colcon.colcon_core.shell:Creating environment hook '/home/deepak/electronic_ws/install/rtabmap_msgs/share/rtabmap_msgs/hook/cmake_prefix_path.ps1'
[1.980s] INFO:colcon.colcon_core.shell:Creating environment descriptor '/home/deepak/electronic_ws/install/rtabmap_msgs/share/rtabmap_msgs/hook/cmake_prefix_path.dsv'
[1.980s] INFO:colcon.colcon_core.shell:Creating environment hook '/home/deepak/electronic_ws/install/rtabmap_msgs/share/rtabmap_msgs/hook/cmake_prefix_path.sh'
[1.981s] Level 1:colcon.colcon_core.environment:checking '/home/deepak/electronic_ws/install/rtabmap_msgs/lib'
[1.981s] Level 1:colcon.colcon_core.shell:create_environment_hook('rtabmap_msgs', 'ld_library_path_lib')
[1.981s] INFO:colcon.colcon_core.shell:Creating environment hook '/home/deepak/electronic_ws/install/rtabmap_msgs/share/rtabmap_msgs/hook/ld_library_path_lib.ps1'
[1.982s] INFO:colcon.colcon_core.shell:Creating environment descriptor '/home/deepak/electronic_ws/install/rtabmap_msgs/share/rtabmap_msgs/hook/ld_library_path_lib.dsv'
[1.983s] INFO:colcon.colcon_core.shell:Creating environment hook '/home/deepak/electronic_ws/install/rtabmap_msgs/share/rtabmap_msgs/hook/ld_library_path_lib.sh'
[1.984s] Level 1:colcon.colcon_core.environment:checking '/home/deepak/electronic_ws/install/rtabmap_msgs/bin'
[1.984s] Level 1:colcon.colcon_core.environment:checking '/home/deepak/electronic_ws/install/rtabmap_msgs/lib/pkgconfig/rtabmap_msgs.pc'
[1.984s] Level 1:colcon.colcon_core.environment:checking '/home/deepak/electronic_ws/install/rtabmap_msgs/lib/python3.8/site-packages'
[1.984s] Level 1:colcon.colcon_core.shell:create_environment_hook('rtabmap_msgs', 'pythonpath')
[1.985s] INFO:colcon.colcon_core.shell:Creating environment hook '/home/deepak/electronic_ws/install/rtabmap_msgs/share/rtabmap_msgs/hook/pythonpath.ps1'
[1.985s] INFO:colcon.colcon_core.shell:Creating environment descriptor '/home/deepak/electronic_ws/install/rtabmap_msgs/share/rtabmap_msgs/hook/pythonpath.dsv'
[1.986s] INFO:colcon.colcon_core.shell:Creating environment hook '/home/deepak/electronic_ws/install/rtabmap_msgs/share/rtabmap_msgs/hook/pythonpath.sh'
[1.987s] Level 1:colcon.colcon_core.environment:checking '/home/deepak/electronic_ws/install/rtabmap_msgs/bin'
[1.988s] INFO:colcon.colcon_core.shell:Creating package script '/home/deepak/electronic_ws/install/rtabmap_msgs/share/rtabmap_msgs/package.ps1'
[1.989s] INFO:colcon.colcon_core.shell:Creating package descriptor '/home/deepak/electronic_ws/install/rtabmap_msgs/share/rtabmap_msgs/package.dsv'
[1.990s] INFO:colcon.colcon_core.shell:Creating package script '/home/deepak/electronic_ws/install/rtabmap_msgs/share/rtabmap_msgs/package.sh'
[1.990s] INFO:colcon.colcon_core.shell:Creating package script '/home/deepak/electronic_ws/install/rtabmap_msgs/share/rtabmap_msgs/package.bash'
[1.991s] INFO:colcon.colcon_core.shell:Creating package script '/home/deepak/electronic_ws/install/rtabmap_msgs/share/rtabmap_msgs/package.zsh'
[1.992s] Level 1:colcon.colcon_core.environment:create_file_with_runtime_dependencies(/home/deepak/electronic_ws/install/rtabmap_msgs/share/colcon-core/packages/rtabmap_msgs)
[1.997s] INFO:colcon.colcon_ros.task.ament_python.build:Building ROS package in '/home/deepak/electronic_ws/src/rtabmap_ros/rtabmap_python' with build type 'ament_python'
[2.002s] Level 1:colcon.colcon_core.shell:create_environment_hook('rtabmap_python', 'ament_prefix_path')
[2.003s] INFO:colcon.colcon_core.shell:Creating environment hook '/home/deepak/electronic_ws/install/rtabmap_python/share/rtabmap_python/hook/ament_prefix_path.ps1'
[2.005s] INFO:colcon.colcon_core.shell:Creating environment descriptor '/home/deepak/electronic_ws/install/rtabmap_python/share/rtabmap_python/hook/ament_prefix_path.dsv'
[2.005s] INFO:colcon.colcon_core.shell:Creating environment hook '/home/deepak/electronic_ws/install/rtabmap_python/share/rtabmap_python/hook/ament_prefix_path.sh'
[2.006s] INFO:colcon.colcon_core.shell:Skip shell extension 'powershell' for command environment: Not usable outside of PowerShell
[2.006s] DEBUG:colcon.colcon_core.shell:Skip shell extension 'dsv' for command environment
[2.021s] DEBUG:colcon.colcon_core.event_handler.log_command:Invoking command in '/home/deepak/electronic_ws/build/lslidar_msgs': CMAKE_PREFIX_PATH=/opt/ros/foxy /usr/bin/cmake --build /home/deepak/electronic_ws/build/lslidar_msgs -- -j8 -l8
[2.290s] INFO:colcon.colcon_core.task.python.build:Building Python package in '/home/deepak/electronic_ws/src/rtabmap_ros/rtabmap_python'
[2.290s] INFO:colcon.colcon_core.shell:Skip shell extension 'powershell' for command environment: Not usable outside of PowerShell
[2.290s] DEBUG:colcon.colcon_core.shell:Skip shell extension 'dsv' for command environment
[2.367s] DEBUG:colcon.colcon_core.event_handler.log_command:Invoked command in '/home/deepak/electronic_ws/build/lslidar_msgs' returned '0': CMAKE_PREFIX_PATH=/opt/ros/foxy /usr/bin/cmake --build /home/deepak/electronic_ws/build/lslidar_msgs -- -j8 -l8
[2.372s] DEBUG:colcon.colcon_core.event_handler.log_command:Invoking command in '/home/deepak/electronic_ws/build/lslidar_msgs': CMAKE_PREFIX_PATH=/opt/ros/foxy /usr/bin/cmake --install /home/deepak/electronic_ws/build/lslidar_msgs
[2.405s] DEBUG:colcon.colcon_core.event_handler.log_command:Invoked command in '/home/deepak/electronic_ws/build/rtabmap' returned '0': CMAKE_PREFIX_PATH=/opt/ros/foxy /usr/bin/cmake --build /home/deepak/electronic_ws/build/rtabmap -- -j8 -l8
[2.408s] DEBUG:colcon.colcon_core.event_handler.log_command:Invoking command in '/home/deepak/electronic_ws/build/rtabmap': CMAKE_PREFIX_PATH=/opt/ros/foxy /usr/bin/cmake --install /home/deepak/electronic_ws/build/rtabmap
[2.588s] Level 1:colcon.colcon_core.environment:create_environment_scripts_only(lslidar_msgs)
[2.589s] Level 1:colcon.colcon_core.environment:checking '/home/deepak/electronic_ws/install/lslidar_msgs' for CMake module files
[2.589s] DEBUG:colcon.colcon_core.event_handler.log_command:Invoked command in '/home/deepak/electronic_ws/build/lslidar_msgs' returned '0': CMAKE_PREFIX_PATH=/opt/ros/foxy /usr/bin/cmake --install /home/deepak/electronic_ws/build/lslidar_msgs
[2.590s] Level 1:colcon.colcon_core.environment:checking '/home/deepak/electronic_ws/install/lslidar_msgs' for CMake config files
[2.590s] Level 1:colcon.colcon_core.shell:create_environment_hook('lslidar_msgs', 'cmake_prefix_path')
[2.590s] INFO:colcon.colcon_core.shell:Creating environment hook '/home/deepak/electronic_ws/install/lslidar_msgs/share/lslidar_msgs/hook/cmake_prefix_path.ps1'
[2.592s] INFO:colcon.colcon_core.shell:Creating environment descriptor '/home/deepak/electronic_ws/install/lslidar_msgs/share/lslidar_msgs/hook/cmake_prefix_path.dsv'
[2.592s] INFO:colcon.colcon_core.shell:Creating environment hook '/home/deepak/electronic_ws/install/lslidar_msgs/share/lslidar_msgs/hook/cmake_prefix_path.sh'
[2.593s] Level 1:colcon.colcon_core.environment:checking '/home/deepak/electronic_ws/install/lslidar_msgs/lib'
[2.593s] Level 1:colcon.colcon_core.shell:create_environment_hook('lslidar_msgs', 'ld_library_path_lib')
[2.593s] INFO:colcon.colcon_core.shell:Creating environment hook '/home/deepak/electronic_ws/install/lslidar_msgs/share/lslidar_msgs/hook/ld_library_path_lib.ps1'
[2.593s] INFO:colcon.colcon_core.shell:Creating environment descriptor '/home/deepak/electronic_ws/install/lslidar_msgs/share/lslidar_msgs/hook/ld_library_path_lib.dsv'
[2.594s] INFO:colcon.colcon_core.shell:Creating environment hook '/home/deepak/electronic_ws/install/lslidar_msgs/share/lslidar_msgs/hook/ld_library_path_lib.sh'
[2.594s] Level 1:colcon.colcon_core.environment:checking '/home/deepak/electronic_ws/install/lslidar_msgs/bin'
[2.594s] Level 1:colcon.colcon_core.environment:checking '/home/deepak/electronic_ws/install/lslidar_msgs/lib/pkgconfig/lslidar_msgs.pc'
[2.595s] Level 1:colcon.colcon_core.environment:checking '/home/deepak/electronic_ws/install/lslidar_msgs/lib/python3.8/site-packages'
[2.595s] Level 1:colcon.colcon_core.shell:create_environment_hook('lslidar_msgs', 'pythonpath')
[2.595s] INFO:colcon.colcon_core.shell:Creating environment hook '/home/deepak/electronic_ws/install/lslidar_msgs/share/lslidar_msgs/hook/pythonpath.ps1'
[2.595s] INFO:colcon.colcon_core.shell:Creating environment descriptor '/home/deepak/electronic_ws/install/lslidar_msgs/share/lslidar_msgs/hook/pythonpath.dsv'
[2.596s] INFO:colcon.colcon_core.shell:Creating environment hook '/home/deepak/electronic_ws/install/lslidar_msgs/share/lslidar_msgs/hook/pythonpath.sh'
[2.596s] Level 1:colcon.colcon_core.environment:checking '/home/deepak/electronic_ws/install/lslidar_msgs/bin'
[2.596s] INFO:colcon.colcon_core.shell:Creating package script '/home/deepak/electronic_ws/install/lslidar_msgs/share/lslidar_msgs/package.ps1'
[2.597s] INFO:colcon.colcon_core.shell:Creating package descriptor '/home/deepak/electronic_ws/install/lslidar_msgs/share/lslidar_msgs/package.dsv'
[2.598s] INFO:colcon.colcon_core.shell:Creating package script '/home/deepak/electronic_ws/install/lslidar_msgs/share/lslidar_msgs/package.sh'
[2.598s] INFO:colcon.colcon_core.shell:Creating package script '/home/deepak/electronic_ws/install/lslidar_msgs/share/lslidar_msgs/package.bash'
[2.598s] INFO:colcon.colcon_core.shell:Creating package script '/home/deepak/electronic_ws/install/lslidar_msgs/share/lslidar_msgs/package.zsh'
[2.599s] Level 1:colcon.colcon_core.environment:create_file_with_runtime_dependencies(/home/deepak/electronic_ws/install/lslidar_msgs/share/colcon-core/packages/lslidar_msgs)
[2.600s] Level 1:colcon.colcon_core.environment:create_environment_scripts_only(lslidar_msgs)
[2.600s] Level 1:colcon.colcon_core.environment:checking '/home/deepak/electronic_ws/install/lslidar_msgs' for CMake module files
[2.601s] Level 1:colcon.colcon_core.environment:checking '/home/deepak/electronic_ws/install/lslidar_msgs' for CMake config files
[2.601s] Level 1:colcon.colcon_core.shell:create_environment_hook('lslidar_msgs', 'cmake_prefix_path')
[2.601s] INFO:colcon.colcon_core.shell:Creating environment hook '/home/deepak/electronic_ws/install/lslidar_msgs/share/lslidar_msgs/hook/cmake_prefix_path.ps1'
[2.601s] INFO:colcon.colcon_core.shell:Creating environment descriptor '/home/deepak/electronic_ws/install/lslidar_msgs/share/lslidar_msgs/hook/cmake_prefix_path.dsv'
[2.602s] INFO:colcon.colcon_core.shell:Creating environment hook '/home/deepak/electronic_ws/install/lslidar_msgs/share/lslidar_msgs/hook/cmake_prefix_path.sh'
[2.602s] Level 1:colcon.colcon_core.environment:checking '/home/deepak/electronic_ws/install/lslidar_msgs/lib'
[2.603s] Level 1:colcon.colcon_core.shell:create_environment_hook('lslidar_msgs', 'ld_library_path_lib')
[2.603s] INFO:colcon.colcon_core.shell:Creating environment hook '/home/deepak/electronic_ws/install/lslidar_msgs/share/lslidar_msgs/hook/ld_library_path_lib.ps1'
[2.603s] INFO:colcon.colcon_core.shell:Creating environment descriptor '/home/deepak/electronic_ws/install/lslidar_msgs/share/lslidar_msgs/hook/ld_library_path_lib.dsv'
[2.604s] INFO:colcon.colcon_core.shell:Creating environment hook '/home/deepak/electronic_ws/install/lslidar_msgs/share/lslidar_msgs/hook/ld_library_path_lib.sh'
[2.604s] Level 1:colcon.colcon_core.environment:checking '/home/deepak/electronic_ws/install/lslidar_msgs/bin'
[2.604s] Level 1:colcon.colcon_core.environment:checking '/home/deepak/electronic_ws/install/lslidar_msgs/lib/pkgconfig/lslidar_msgs.pc'
[2.604s] Level 1:colcon.colcon_core.environment:checking '/home/deepak/electronic_ws/install/lslidar_msgs/lib/python3.8/site-packages'
[2.604s] Level 1:colcon.colcon_core.shell:create_environment_hook('lslidar_msgs', 'pythonpath')
[2.604s] INFO:colcon.colcon_core.shell:Creating environment hook '/home/deepak/electronic_ws/install/lslidar_msgs/share/lslidar_msgs/hook/pythonpath.ps1'
[2.605s] INFO:colcon.colcon_core.shell:Creating environment descriptor '/home/deepak/electronic_ws/install/lslidar_msgs/share/lslidar_msgs/hook/pythonpath.dsv'
[2.605s] INFO:colcon.colcon_core.shell:Creating environment hook '/home/deepak/electronic_ws/install/lslidar_msgs/share/lslidar_msgs/hook/pythonpath.sh'
[2.606s] Level 1:colcon.colcon_core.environment:checking '/home/deepak/electronic_ws/install/lslidar_msgs/bin'
[2.606s] INFO:colcon.colcon_core.shell:Creating package script '/home/deepak/electronic_ws/install/lslidar_msgs/share/lslidar_msgs/package.ps1'
[2.607s] INFO:colcon.colcon_core.shell:Creating package descriptor '/home/deepak/electronic_ws/install/lslidar_msgs/share/lslidar_msgs/package.dsv'
[2.607s] INFO:colcon.colcon_core.shell:Creating package script '/home/deepak/electronic_ws/install/lslidar_msgs/share/lslidar_msgs/package.sh'
[2.607s] INFO:colcon.colcon_core.shell:Creating package script '/home/deepak/electronic_ws/install/lslidar_msgs/share/lslidar_msgs/package.bash'
[2.608s] INFO:colcon.colcon_core.shell:Creating package script '/home/deepak/electronic_ws/install/lslidar_msgs/share/lslidar_msgs/package.zsh'
[2.608s] Level 1:colcon.colcon_core.environment:create_file_with_runtime_dependencies(/home/deepak/electronic_ws/install/lslidar_msgs/share/colcon-core/packages/lslidar_msgs)
[2.609s] INFO:colcon.colcon_ros.task.cmake.build:Building ROS package in '/home/deepak/electronic_ws/src/backward_ros' with build type 'cmake'
[2.609s] INFO:colcon.colcon_cmake.task.cmake.build:Building CMake package in '/home/deepak/electronic_ws/src/backward_ros'
[2.609s] INFO:colcon.colcon_core.shell:Skip shell extension 'powershell' for command environment: Not usable outside of PowerShell
[2.609s] DEBUG:colcon.colcon_core.shell:Skip shell extension 'dsv' for command environment
[2.617s] DEBUG:colcon.colcon_core.event_handler.log_command:Invoked command in '/home/deepak/electronic_ws/build/rtabmap' returned '0': CMAKE_PREFIX_PATH=/opt/ros/foxy /usr/bin/cmake --install /home/deepak/electronic_ws/build/rtabmap
[2.617s] Level 1:colcon.colcon_core.shell:create_environment_hook('rtabmap', 'pkg_config_path')
[2.618s] INFO:colcon.colcon_core.shell:Creating environment hook '/home/deepak/electronic_ws/install/rtabmap/share/rtabmap/hook/pkg_config_path.ps1'
[2.619s] INFO:colcon.colcon_core.shell:Creating environment descriptor '/home/deepak/electronic_ws/install/rtabmap/share/rtabmap/hook/pkg_config_path.dsv'
[2.619s] INFO:colcon.colcon_core.shell:Creating environment hook '/home/deepak/electronic_ws/install/rtabmap/share/rtabmap/hook/pkg_config_path.sh'
[2.619s] Level 1:colcon.colcon_core.shell:create_environment_hook('rtabmap', 'pkg_config_path_multiarch')
[2.620s] INFO:colcon.colcon_core.shell:Creating environment hook '/home/deepak/electronic_ws/install/rtabmap/share/rtabmap/hook/pkg_config_path_multiarch.ps1'
[2.620s] INFO:colcon.colcon_core.shell:Creating environment descriptor '/home/deepak/electronic_ws/install/rtabmap/share/rtabmap/hook/pkg_config_path_multiarch.dsv'
[2.620s] INFO:colcon.colcon_core.shell:Creating environment hook '/home/deepak/electronic_ws/install/rtabmap/share/rtabmap/hook/pkg_config_path_multiarch.sh'
[2.620s] Level 1:colcon.colcon_core.environment:create_environment_scripts_only(rtabmap)
[2.621s] Level 1:colcon.colcon_core.environment:checking '/home/deepak/electronic_ws/install/rtabmap' for CMake module files
[2.621s] Level 1:colcon.colcon_core.environment:checking '/home/deepak/electronic_ws/install/rtabmap' for CMake config files
[2.621s] Level 1:colcon.colcon_core.shell:create_environment_hook('rtabmap', 'cmake_prefix_path')
[2.622s] INFO:colcon.colcon_core.shell:Creating environment hook '/home/deepak/electronic_ws/install/rtabmap/share/rtabmap/hook/cmake_prefix_path.ps1'
[2.622s] INFO:colcon.colcon_core.shell:Creating environment descriptor '/home/deepak/electronic_ws/install/rtabmap/share/rtabmap/hook/cmake_prefix_path.dsv'
[2.622s] INFO:colcon.colcon_core.shell:Creating environment hook '/home/deepak/electronic_ws/install/rtabmap/share/rtabmap/hook/cmake_prefix_path.sh'
[2.623s] Level 1:colcon.colcon_core.environment:checking '/home/deepak/electronic_ws/install/rtabmap/lib'
[2.623s] Level 1:colcon.colcon_core.shell:create_environment_hook('rtabmap', 'ld_library_path_lib')
[2.623s] INFO:colcon.colcon_core.shell:Creating environment hook '/home/deepak/electronic_ws/install/rtabmap/share/rtabmap/hook/ld_library_path_lib.ps1'
[2.624s] INFO:colcon.colcon_core.shell:Creating environment descriptor '/home/deepak/electronic_ws/install/rtabmap/share/rtabmap/hook/ld_library_path_lib.dsv'
[2.624s] INFO:colcon.colcon_core.shell:Creating environment hook '/home/deepak/electronic_ws/install/rtabmap/share/rtabmap/hook/ld_library_path_lib.sh'
[2.625s] Level 1:colcon.colcon_core.environment:checking '/home/deepak/electronic_ws/install/rtabmap/bin'
[2.625s] Level 1:colcon.colcon_core.shell:create_environment_hook('rtabmap', 'path')
[2.625s] INFO:colcon.colcon_core.shell:Creating environment hook '/home/deepak/electronic_ws/install/rtabmap/share/rtabmap/hook/path.ps1'
[2.625s] INFO:colcon.colcon_core.shell:Creating environment descriptor '/home/deepak/electronic_ws/install/rtabmap/share/rtabmap/hook/path.dsv'
[2.626s] INFO:colcon.colcon_core.shell:Creating environment hook '/home/deepak/electronic_ws/install/rtabmap/share/rtabmap/hook/path.sh'
[2.627s] Level 1:colcon.colcon_core.environment:checking '/home/deepak/electronic_ws/install/rtabmap/lib/pkgconfig/rtabmap.pc'
[2.627s] Level 1:colcon.colcon_core.environment:checking '/home/deepak/electronic_ws/install/rtabmap/lib/python3.8/site-packages'
[2.627s] Level 1:colcon.colcon_core.environment:checking '/home/deepak/electronic_ws/install/rtabmap/bin'
[2.628s] Level 1:colcon.colcon_core.shell:create_environment_hook('rtabmap', 'pythonscriptspath')
[2.628s] INFO:colcon.colcon_core.shell:Creating environment hook '/home/deepak/electronic_ws/install/rtabmap/share/rtabmap/hook/pythonscriptspath.ps1'
[2.628s] INFO:colcon.colcon_core.shell:Creating environment descriptor '/home/deepak/electronic_ws/install/rtabmap/share/rtabmap/hook/pythonscriptspath.dsv'
[2.628s] INFO:colcon.colcon_core.shell:Creating environment hook '/home/deepak/electronic_ws/install/rtabmap/share/rtabmap/hook/pythonscriptspath.sh'
[2.629s] INFO:colcon.colcon_core.shell:Creating package script '/home/deepak/electronic_ws/install/rtabmap/share/rtabmap/package.ps1'
[2.630s] INFO:colcon.colcon_core.shell:Creating package descriptor '/home/deepak/electronic_ws/install/rtabmap/share/rtabmap/package.dsv'
[2.631s] INFO:colcon.colcon_core.shell:Creating package script '/home/deepak/electronic_ws/install/rtabmap/share/rtabmap/package.sh'
[2.631s] INFO:colcon.colcon_core.shell:Creating package script '/home/deepak/electronic_ws/install/rtabmap/share/rtabmap/package.bash'
[2.632s] INFO:colcon.colcon_core.shell:Creating package script '/home/deepak/electronic_ws/install/rtabmap/share/rtabmap/package.zsh'
[2.632s] Level 1:colcon.colcon_core.environment:create_file_with_runtime_dependencies(/home/deepak/electronic_ws/install/rtabmap/share/colcon-core/packages/rtabmap)
[2.633s] INFO:colcon.colcon_ros.task.ament_cmake.build:Building ROS package in '/home/deepak/electronic_ws/src/rtabmap_ros/rtabmap_conversions' with build type 'ament_cmake'
[2.633s] INFO:colcon.colcon_cmake.task.cmake.build:Building CMake package in '/home/deepak/electronic_ws/src/rtabmap_ros/rtabmap_conversions'
[2.633s] INFO:colcon.colcon_core.shell:Skip shell extension 'powershell' for command environment: Not usable outside of PowerShell
[2.633s] DEBUG:colcon.colcon_core.shell:Skip shell extension 'dsv' for command environment
[2.645s] DEBUG:colcon.colcon_core.event_handler.log_command:Invoking command in '/home/deepak/electronic_ws/build/backward_ros': CMAKE_PREFIX_PATH=/opt/ros/foxy /usr/bin/cmake --build /home/deepak/electronic_ws/build/backward_ros -- -j8 -l8
[2.651s] DEBUG:colcon.colcon_core.event_handler.log_command:Invoking command in '/home/deepak/electronic_ws/build/rtabmap_conversions': CMAKE_PREFIX_PATH=/opt/ros/foxy:/home/deepak/electronic_ws/install/rtabmap_msgs:/home/deepak/electronic_ws/install/rtabmap LD_LIBRARY_PATH=/home/deepak/electronic_ws/install/rtabmap_msgs/lib:/home/deepak/electronic_ws/install/rtabmap/lib:${LD_LIBRARY_PATH} PATH=/home/deepak/electronic_ws/install/rtabmap/bin:${PATH} PKG_CONFIG_PATH=/home/deepak/electronic_ws/install/rtabmap_msgs/lib/x86_64-linux-gnu/pkgconfig:/home/deepak/electronic_ws/install/rtabmap_msgs/lib/pkgconfig:/home/deepak/electronic_ws/install/rtabmap/lib/x86_64-linux-gnu/pkgconfig:/home/deepak/electronic_ws/install/rtabmap/lib/pkgconfig PYTHONPATH=/home/deepak/electronic_ws/install/rtabmap_msgs/lib/python3.8/site-packages:${PYTHONPATH} ROS_PACKAGE_PATH=/home/deepak/electronic_ws/install/rtabmap_msgs/share /usr/bin/cmake /home/deepak/electronic_ws/src/rtabmap_ros/rtabmap_conversions -DAMENT_CMAKE_SYMLINK_INSTALL=1 -DCMAKE_INSTALL_PREFIX=/home/deepak/electronic_ws/install/rtabmap_conversions
[2.714s] DEBUG:colcon.colcon_core.event_handler.log_command:Invoked command in '/home/deepak/electronic_ws/build/backward_ros' returned '0': CMAKE_PREFIX_PATH=/opt/ros/foxy /usr/bin/cmake --build /home/deepak/electronic_ws/build/backward_ros -- -j8 -l8
[2.717s] DEBUG:colcon.colcon_core.event_handler.log_command:Invoking command in '/home/deepak/electronic_ws/build/backward_ros': CMAKE_PREFIX_PATH=/opt/ros/foxy /usr/bin/cmake --install /home/deepak/electronic_ws/build/backward_ros
[2.736s] DEBUG:colcon.colcon_core.event_handler.log_command:Invoked command in '/home/deepak/electronic_ws/build/backward_ros' returned '0': CMAKE_PREFIX_PATH=/opt/ros/foxy /usr/bin/cmake --install /home/deepak/electronic_ws/build/backward_ros
[2.736s] Level 1:colcon.colcon_core.shell:create_environment_hook('backward_ros', 'pkg_config_path')
[2.737s] INFO:colcon.colcon_core.shell:Creating environment hook '/home/deepak/electronic_ws/install/backward_ros/share/backward_ros/hook/pkg_config_path.ps1'
[2.738s] INFO:colcon.colcon_core.shell:Creating environment descriptor '/home/deepak/electronic_ws/install/backward_ros/share/backward_ros/hook/pkg_config_path.dsv'
[2.739s] INFO:colcon.colcon_core.shell:Creating environment hook '/home/deepak/electronic_ws/install/backward_ros/share/backward_ros/hook/pkg_config_path.sh'
[2.739s] Level 1:colcon.colcon_core.shell:create_environment_hook('backward_ros', 'pkg_config_path_multiarch')
[2.740s] INFO:colcon.colcon_core.shell:Creating environment hook '/home/deepak/electronic_ws/install/backward_ros/share/backward_ros/hook/pkg_config_path_multiarch.ps1'
[2.740s] INFO:colcon.colcon_core.shell:Creating environment descriptor '/home/deepak/electronic_ws/install/backward_ros/share/backward_ros/hook/pkg_config_path_multiarch.dsv'
[2.740s] INFO:colcon.colcon_core.shell:Creating environment hook '/home/deepak/electronic_ws/install/backward_ros/share/backward_ros/hook/pkg_config_path_multiarch.sh'
[2.741s] Level 1:colcon.colcon_core.environment:create_environment_scripts_only(backward_ros)
[2.741s] Level 1:colcon.colcon_core.environment:checking '/home/deepak/electronic_ws/install/backward_ros' for CMake module files
[2.742s] Level 1:colcon.colcon_core.environment:checking '/home/deepak/electronic_ws/install/backward_ros' for CMake config files
[2.742s] Level 1:colcon.colcon_core.shell:create_environment_hook('backward_ros', 'cmake_prefix_path')
[2.742s] INFO:colcon.colcon_core.shell:Creating environment hook '/home/deepak/electronic_ws/install/backward_ros/share/backward_ros/hook/cmake_prefix_path.ps1'
[2.743s] INFO:colcon.colcon_core.shell:Creating environment descriptor '/home/deepak/electronic_ws/install/backward_ros/share/backward_ros/hook/cmake_prefix_path.dsv'
[2.743s] INFO:colcon.colcon_core.shell:Creating environment hook '/home/deepak/electronic_ws/install/backward_ros/share/backward_ros/hook/cmake_prefix_path.sh'
[2.744s] Level 1:colcon.colcon_core.environment:checking '/home/deepak/electronic_ws/install/backward_ros/lib'
[2.744s] Level 1:colcon.colcon_core.shell:create_environment_hook('backward_ros', 'ld_library_path_lib')
[2.744s] INFO:colcon.colcon_core.shell:Creating environment hook '/home/deepak/electronic_ws/install/backward_ros/share/backward_ros/hook/ld_library_path_lib.ps1'
[2.744s] INFO:colcon.colcon_core.shell:Creating environment descriptor '/home/deepak/electronic_ws/install/backward_ros/share/backward_ros/hook/ld_library_path_lib.dsv'
[2.745s] INFO:colcon.colcon_core.shell:Creating environment hook '/home/deepak/electronic_ws/install/backward_ros/share/backward_ros/hook/ld_library_path_lib.sh'
[2.745s] Level 1:colcon.colcon_core.environment:checking '/home/deepak/electronic_ws/install/backward_ros/bin'
[2.745s] Level 1:colcon.colcon_core.environment:checking '/home/deepak/electronic_ws/install/backward_ros/lib/pkgconfig/backward_ros.pc'
[2.746s] Level 1:colcon.colcon_core.environment:checking '/home/deepak/electronic_ws/install/backward_ros/lib/python3.8/site-packages'
[2.746s] Level 1:colcon.colcon_core.environment:checking '/home/deepak/electronic_ws/install/backward_ros/bin'
[2.747s] INFO:colcon.colcon_core.shell:Creating package script '/home/deepak/electronic_ws/install/backward_ros/share/backward_ros/package.ps1'
[2.747s] INFO:colcon.colcon_core.shell:Creating package descriptor '/home/deepak/electronic_ws/install/backward_ros/share/backward_ros/package.dsv'
[2.748s] INFO:colcon.colcon_core.shell:Creating package script '/home/deepak/electronic_ws/install/backward_ros/share/backward_ros/package.sh'
[2.749s] INFO:colcon.colcon_core.shell:Creating package script '/home/deepak/electronic_ws/install/backward_ros/share/backward_ros/package.bash'
[2.749s] INFO:colcon.colcon_core.shell:Creating package script '/home/deepak/electronic_ws/install/backward_ros/share/backward_ros/package.zsh'
[2.750s] Level 1:colcon.colcon_core.environment:create_file_with_runtime_dependencies(/home/deepak/electronic_ws/install/backward_ros/share/colcon-core/packages/backward_ros)
[2.750s] INFO:colcon.colcon_ros.task.ament_cmake.build:Building ROS package in '/home/deepak/electronic_ws/src/ros2_astra_camera/astra_camera' with build type 'ament_cmake'
[2.750s] INFO:colcon.colcon_cmake.task.cmake.build:Building CMake package in '/home/deepak/electronic_ws/src/ros2_astra_camera/astra_camera'
[2.751s] INFO:colcon.colcon_core.shell:Skip shell extension 'powershell' for command environment: Not usable outside of PowerShell
[2.751s] DEBUG:colcon.colcon_core.shell:Skip shell extension 'dsv' for command environment
[2.771s] DEBUG:colcon.colcon_core.event_handler.log_command:Invoking command in '/home/deepak/electronic_ws/build/astra_camera': AMENT_PREFIX_PATH=/home/deepak/electronic_ws/install/astra_camera_msgs:${AMENT_PREFIX_PATH} CMAKE_PREFIX_PATH=/home/deepak/electronic_ws/install/astra_camera_msgs:/opt/ros/foxy LD_LIBRARY_PATH=/home/deepak/electronic_ws/install/astra_camera_msgs/lib:${LD_LIBRARY_PATH} PYTHONPATH=/home/deepak/electronic_ws/install/astra_camera_msgs/lib/python3.8/site-packages:${PYTHONPATH} /usr/bin/cmake /home/deepak/electronic_ws/src/ros2_astra_camera/astra_camera -DAMENT_CMAKE_SYMLINK_INSTALL=1 -DCMAKE_INSTALL_PREFIX=/home/deepak/electronic_ws/install/astra_camera
[3.005s] DEBUG:colcon.colcon_core.event_handler.log_command:Invoking command in '/home/deepak/electronic_ws/build/rtabmap_python': PYTHONPATH=/home/deepak/electronic_ws/build/rtabmap_python/prefix_override:/usr/lib/python3/dist-packages/colcon_core/task/python/colcon_distutils_commands:/home/deepak/electronic_ws/install/rtabmap_python/lib/python3.8/site-packages:${PYTHONPATH} /usr/bin/python3 -W ignore:setup.py install is deprecated -W ignore:easy_install command is deprecated setup.py develop --editable --build-directory /home/deepak/electronic_ws/build/rtabmap_python/build --no-deps symlink_data
[3.478s] Level 1:colcon.colcon_core.shell:create_environment_hook('rtabmap_python', 'pythonpath_develop')
[3.479s] INFO:colcon.colcon_core.shell:Creating environment hook '/home/deepak/electronic_ws/build/rtabmap_python/share/rtabmap_python/hook/pythonpath_develop.ps1'
[3.480s] DEBUG:colcon.colcon_core.event_handler.log_command:Invoked command in '/home/deepak/electronic_ws/build/rtabmap_python' returned '0': PYTHONPATH=/home/deepak/electronic_ws/build/rtabmap_python/prefix_override:/usr/lib/python3/dist-packages/colcon_core/task/python/colcon_distutils_commands:/home/deepak/electronic_ws/install/rtabmap_python/lib/python3.8/site-packages:${PYTHONPATH} /usr/bin/python3 -W ignore:setup.py install is deprecated -W ignore:easy_install command is deprecated setup.py develop --editable --build-directory /home/deepak/electronic_ws/build/rtabmap_python/build --no-deps symlink_data
[3.480s] INFO:colcon.colcon_core.shell:Creating environment descriptor '/home/deepak/electronic_ws/build/rtabmap_python/share/rtabmap_python/hook/pythonpath_develop.dsv'
[3.481s] INFO:colcon.colcon_core.shell:Creating environment hook '/home/deepak/electronic_ws/build/rtabmap_python/share/rtabmap_python/hook/pythonpath_develop.sh'
[3.481s] Level 1:colcon.colcon_core.environment:checking '/home/deepak/electronic_ws/install/rtabmap_python' for CMake module files
[3.481s] Level 1:colcon.colcon_core.environment:checking '/home/deepak/electronic_ws/install/rtabmap_python' for CMake config files
[3.482s] Level 1:colcon.colcon_core.environment:checking '/home/deepak/electronic_ws/install/rtabmap_python/lib'
[3.482s] Level 1:colcon.colcon_core.environment:checking '/home/deepak/electronic_ws/install/rtabmap_python/bin'
[3.482s] Level 1:colcon.colcon_core.environment:checking '/home/deepak/electronic_ws/install/rtabmap_python/lib/pkgconfig/rtabmap_python.pc'
[3.483s] Level 1:colcon.colcon_core.environment:checking '/home/deepak/electronic_ws/install/rtabmap_python/lib/python3.8/site-packages'
[3.483s] Level 1:colcon.colcon_core.shell:create_environment_hook('rtabmap_python', 'pythonpath')
[3.483s] INFO:colcon.colcon_core.shell:Creating environment hook '/home/deepak/electronic_ws/install/rtabmap_python/share/rtabmap_python/hook/pythonpath.ps1'
[3.483s] INFO:colcon.colcon_core.shell:Creating environment descriptor '/home/deepak/electronic_ws/install/rtabmap_python/share/rtabmap_python/hook/pythonpath.dsv'
[3.483s] INFO:colcon.colcon_core.shell:Creating environment hook '/home/deepak/electronic_ws/install/rtabmap_python/share/rtabmap_python/hook/pythonpath.sh'
[3.484s] Level 1:colcon.colcon_core.environment:checking '/home/deepak/electronic_ws/install/rtabmap_python/bin'
[3.484s] Level 1:colcon.colcon_core.environment:create_environment_scripts_only(rtabmap_python)
[3.484s] INFO:colcon.colcon_core.shell:Creating package script '/home/deepak/electronic_ws/install/rtabmap_python/share/rtabmap_python/package.ps1'
[3.485s] INFO:colcon.colcon_core.shell:Creating package descriptor '/home/deepak/electronic_ws/install/rtabmap_python/share/rtabmap_python/package.dsv'
[3.485s] INFO:colcon.colcon_core.shell:Creating package script '/home/deepak/electronic_ws/install/rtabmap_python/share/rtabmap_python/package.sh'
[3.486s] INFO:colcon.colcon_core.shell:Creating package script '/home/deepak/electronic_ws/install/rtabmap_python/share/rtabmap_python/package.bash'
[3.486s] INFO:colcon.colcon_core.shell:Creating package script '/home/deepak/electronic_ws/install/rtabmap_python/share/rtabmap_python/package.zsh'
[3.486s] Level 1:colcon.colcon_core.environment:create_file_with_runtime_dependencies(/home/deepak/electronic_ws/install/rtabmap_python/share/colcon-core/packages/rtabmap_python)
[3.487s] INFO:colcon.colcon_ros.task.ament_cmake.build:Building ROS package in '/home/deepak/electronic_ws/src/Lslidar_ROS2_driver-LS-S1_V1.0/lslidar_driver' with build type 'ament_cmake'
[3.487s] INFO:colcon.colcon_cmake.task.cmake.build:Building CMake package in '/home/deepak/electronic_ws/src/Lslidar_ROS2_driver-LS-S1_V1.0/lslidar_driver'
[3.487s] INFO:colcon.colcon_core.shell:Skip shell extension 'powershell' for command environment: Not usable outside of PowerShell
[3.487s] DEBUG:colcon.colcon_core.shell:Skip shell extension 'dsv' for command environment
[3.501s] DEBUG:colcon.colcon_core.event_handler.log_command:Invoking command in '/home/deepak/electronic_ws/build/lslidar_driver': AMENT_PREFIX_PATH=/home/deepak/electronic_ws/install/lslidar_msgs:${AMENT_PREFIX_PATH} CMAKE_PREFIX_PATH=/home/deepak/electronic_ws/install/lslidar_msgs:/opt/ros/foxy LD_LIBRARY_PATH=/home/deepak/electronic_ws/install/lslidar_msgs/lib:${LD_LIBRARY_PATH} PYTHONPATH=/home/deepak/electronic_ws/install/lslidar_msgs/lib/python3.8/site-packages:${PYTHONPATH} /usr/bin/cmake --build /home/deepak/electronic_ws/build/lslidar_driver -- -j8 -l8
[9.764s] DEBUG:colcon.colcon_core.event_handler.log_command:Invoked command in '/home/deepak/electronic_ws/build/rtabmap_conversions' returned '0': CMAKE_PREFIX_PATH=/opt/ros/foxy:/home/deepak/electronic_ws/install/rtabmap_msgs:/home/deepak/electronic_ws/install/rtabmap LD_LIBRARY_PATH=/home/deepak/electronic_ws/install/rtabmap_msgs/lib:/home/deepak/electronic_ws/install/rtabmap/lib:${LD_LIBRARY_PATH} PATH=/home/deepak/electronic_ws/install/rtabmap/bin:${PATH} PKG_CONFIG_PATH=/home/deepak/electronic_ws/install/rtabmap_msgs/lib/x86_64-linux-gnu/pkgconfig:/home/deepak/electronic_ws/install/rtabmap_msgs/lib/pkgconfig:/home/deepak/electronic_ws/install/rtabmap/lib/x86_64-linux-gnu/pkgconfig:/home/deepak/electronic_ws/install/rtabmap/lib/pkgconfig PYTHONPATH=/home/deepak/electronic_ws/install/rtabmap_msgs/lib/python3.8/site-packages:${PYTHONPATH} ROS_PACKAGE_PATH=/home/deepak/electronic_ws/install/rtabmap_msgs/share /usr/bin/cmake /home/deepak/electronic_ws/src/rtabmap_ros/rtabmap_conversions -DAMENT_CMAKE_SYMLINK_INSTALL=1 -DCMAKE_INSTALL_PREFIX=/home/deepak/electronic_ws/install/rtabmap_conversions
[9.765s] DEBUG:colcon.colcon_core.event_handler.log_command:Invoking command in '/home/deepak/electronic_ws/build/rtabmap_conversions': CMAKE_PREFIX_PATH=/opt/ros/foxy:/home/deepak/electronic_ws/install/rtabmap_msgs:/home/deepak/electronic_ws/install/rtabmap LD_LIBRARY_PATH=/home/deepak/electronic_ws/install/rtabmap_msgs/lib:/home/deepak/electronic_ws/install/rtabmap/lib:${LD_LIBRARY_PATH} PATH=/home/deepak/electronic_ws/install/rtabmap/bin:${PATH} PKG_CONFIG_PATH=/home/deepak/electronic_ws/install/rtabmap_msgs/lib/x86_64-linux-gnu/pkgconfig:/home/deepak/electronic_ws/install/rtabmap_msgs/lib/pkgconfig:/home/deepak/electronic_ws/install/rtabmap/lib/x86_64-linux-gnu/pkgconfig:/home/deepak/electronic_ws/install/rtabmap/lib/pkgconfig PYTHONPATH=/home/deepak/electronic_ws/install/rtabmap_msgs/lib/python3.8/site-packages:${PYTHONPATH} ROS_PACKAGE_PATH=/home/deepak/electronic_ws/install/rtabmap_msgs/share /usr/bin/cmake --build /home/deepak/electronic_ws/build/rtabmap_conversions -- -j8 -l8
[9.992s] DEBUG:colcon.colcon_core.event_handler.log_command:Invoked command in '/home/deepak/electronic_ws/build/astra_camera' returned '0': AMENT_PREFIX_PATH=/home/deepak/electronic_ws/install/astra_camera_msgs:${AMENT_PREFIX_PATH} CMAKE_PREFIX_PATH=/home/deepak/electronic_ws/install/astra_camera_msgs:/opt/ros/foxy LD_LIBRARY_PATH=/home/deepak/electronic_ws/install/astra_camera_msgs/lib:${LD_LIBRARY_PATH} PYTHONPATH=/home/deepak/electronic_ws/install/astra_camera_msgs/lib/python3.8/site-packages:${PYTHONPATH} /usr/bin/cmake /home/deepak/electronic_ws/src/ros2_astra_camera/astra_camera -DAMENT_CMAKE_SYMLINK_INSTALL=1 -DCMAKE_INSTALL_PREFIX=/home/deepak/electronic_ws/install/astra_camera
[9.993s] DEBUG:colcon.colcon_core.event_handler.log_command:Invoking command in '/home/deepak/electronic_ws/build/astra_camera': AMENT_PREFIX_PATH=/home/deepak/electronic_ws/install/astra_camera_msgs:${AMENT_PREFIX_PATH} CMAKE_PREFIX_PATH=/home/deepak/electronic_ws/install/astra_camera_msgs:/opt/ros/foxy LD_LIBRARY_PATH=/home/deepak/electronic_ws/install/astra_camera_msgs/lib:${LD_LIBRARY_PATH} PYTHONPATH=/home/deepak/electronic_ws/install/astra_camera_msgs/lib/python3.8/site-packages:${PYTHONPATH} /usr/bin/cmake --build /home/deepak/electronic_ws/build/astra_camera -- -j8 -l8
[69.257s] DEBUG:colcon.colcon_core.event_handler.log_command:Invoked command in '/home/deepak/electronic_ws/build/rtabmap_conversions' returned '0': CMAKE_PREFIX_PATH=/opt/ros/foxy:/home/deepak/electronic_ws/install/rtabmap_msgs:/home/deepak/electronic_ws/install/rtabmap LD_LIBRARY_PATH=/home/deepak/electronic_ws/install/rtabmap_msgs/lib:/home/deepak/electronic_ws/install/rtabmap/lib:${LD_LIBRARY_PATH} PATH=/home/deepak/electronic_ws/install/rtabmap/bin:${PATH} PKG_CONFIG_PATH=/home/deepak/electronic_ws/install/rtabmap_msgs/lib/x86_64-linux-gnu/pkgconfig:/home/deepak/electronic_ws/install/rtabmap_msgs/lib/pkgconfig:/home/deepak/electronic_ws/install/rtabmap/lib/x86_64-linux-gnu/pkgconfig:/home/deepak/electronic_ws/install/rtabmap/lib/pkgconfig PYTHONPATH=/home/deepak/electronic_ws/install/rtabmap_msgs/lib/python3.8/site-packages:${PYTHONPATH} ROS_PACKAGE_PATH=/home/deepak/electronic_ws/install/rtabmap_msgs/share /usr/bin/cmake --build /home/deepak/electronic_ws/build/rtabmap_conversions -- -j8 -l8
[69.325s] DEBUG:colcon.colcon_core.event_handler.log_command:Invoking command in '/home/deepak/electronic_ws/build/rtabmap_conversions': CMAKE_PREFIX_PATH=/opt/ros/foxy:/home/deepak/electronic_ws/install/rtabmap_msgs:/home/deepak/electronic_ws/install/rtabmap LD_LIBRARY_PATH=/home/deepak/electronic_ws/install/rtabmap_msgs/lib:/home/deepak/electronic_ws/install/rtabmap/lib:${LD_LIBRARY_PATH} PATH=/home/deepak/electronic_ws/install/rtabmap/bin:${PATH} PKG_CONFIG_PATH=/home/deepak/electronic_ws/install/rtabmap_msgs/lib/x86_64-linux-gnu/pkgconfig:/home/deepak/electronic_ws/install/rtabmap_msgs/lib/pkgconfig:/home/deepak/electronic_ws/install/rtabmap/lib/x86_64-linux-gnu/pkgconfig:/home/deepak/electronic_ws/install/rtabmap/lib/pkgconfig PYTHONPATH=/home/deepak/electronic_ws/install/rtabmap_msgs/lib/python3.8/site-packages:${PYTHONPATH} ROS_PACKAGE_PATH=/home/deepak/electronic_ws/install/rtabmap_msgs/share /usr/bin/cmake --install /home/deepak/electronic_ws/build/rtabmap_conversions
[69.747s] Level 1:colcon.colcon_core.environment:create_environment_scripts_only(rtabmap_conversions)
[69.765s] DEBUG:colcon.colcon_core.event_handler.log_command:Invoked command in '/home/deepak/electronic_ws/build/rtabmap_conversions' returned '0': CMAKE_PREFIX_PATH=/opt/ros/foxy:/home/deepak/electronic_ws/install/rtabmap_msgs:/home/deepak/electronic_ws/install/rtabmap LD_LIBRARY_PATH=/home/deepak/electronic_ws/install/rtabmap_msgs/lib:/home/deepak/electronic_ws/install/rtabmap/lib:${LD_LIBRARY_PATH} PATH=/home/deepak/electronic_ws/install/rtabmap/bin:${PATH} PKG_CONFIG_PATH=/home/deepak/electronic_ws/install/rtabmap_msgs/lib/x86_64-linux-gnu/pkgconfig:/home/deepak/electronic_ws/install/rtabmap_msgs/lib/pkgconfig:/home/deepak/electronic_ws/install/rtabmap/lib/x86_64-linux-gnu/pkgconfig:/home/deepak/electronic_ws/install/rtabmap/lib/pkgconfig PYTHONPATH=/home/deepak/electronic_ws/install/rtabmap_msgs/lib/python3.8/site-packages:${PYTHONPATH} ROS_PACKAGE_PATH=/home/deepak/electronic_ws/install/rtabmap_msgs/share /usr/bin/cmake --install /home/deepak/electronic_ws/build/rtabmap_conversions
[69.771s] Level 1:colcon.colcon_core.environment:checking '/home/deepak/electronic_ws/install/rtabmap_conversions' for CMake module files
[69.774s] Level 1:colcon.colcon_core.environment:checking '/home/deepak/electronic_ws/install/rtabmap_conversions' for CMake config files
[69.777s] Level 1:colcon.colcon_core.shell:create_environment_hook('rtabmap_conversions', 'cmake_prefix_path')
[69.781s] INFO:colcon.colcon_core.shell:Creating environment hook '/home/deepak/electronic_ws/install/rtabmap_conversions/share/rtabmap_conversions/hook/cmake_prefix_path.ps1'
[69.799s] INFO:colcon.colcon_core.shell:Creating environment descriptor '/home/deepak/electronic_ws/install/rtabmap_conversions/share/rtabmap_conversions/hook/cmake_prefix_path.dsv'
[69.812s] INFO:colcon.colcon_core.shell:Creating environment hook '/home/deepak/electronic_ws/install/rtabmap_conversions/share/rtabmap_conversions/hook/cmake_prefix_path.sh'
[69.824s] Level 1:colcon.colcon_core.environment:checking '/home/deepak/electronic_ws/install/rtabmap_conversions/lib'
[69.824s] Level 1:colcon.colcon_core.shell:create_environment_hook('rtabmap_conversions', 'ld_library_path_lib')
[69.825s] INFO:colcon.colcon_core.shell:Creating environment hook '/home/deepak/electronic_ws/install/rtabmap_conversions/share/rtabmap_conversions/hook/ld_library_path_lib.ps1'
[69.827s] INFO:colcon.colcon_core.shell:Creating environment descriptor '/home/deepak/electronic_ws/install/rtabmap_conversions/share/rtabmap_conversions/hook/ld_library_path_lib.dsv'
[69.828s] INFO:colcon.colcon_core.shell:Creating environment hook '/home/deepak/electronic_ws/install/rtabmap_conversions/share/rtabmap_conversions/hook/ld_library_path_lib.sh'
[69.829s] Level 1:colcon.colcon_core.environment:checking '/home/deepak/electronic_ws/install/rtabmap_conversions/bin'
[69.830s] Level 1:colcon.colcon_core.environment:checking '/home/deepak/electronic_ws/install/rtabmap_conversions/lib/pkgconfig/rtabmap_conversions.pc'
[69.836s] Level 1:colcon.colcon_core.environment:checking '/home/deepak/electronic_ws/install/rtabmap_conversions/lib/python3.8/site-packages'
[69.837s] Level 1:colcon.colcon_core.environment:checking '/home/deepak/electronic_ws/install/rtabmap_conversions/bin'
[69.838s] INFO:colcon.colcon_core.shell:Creating package script '/home/deepak/electronic_ws/install/rtabmap_conversions/share/rtabmap_conversions/package.ps1'
[69.841s] INFO:colcon.colcon_core.shell:Creating package descriptor '/home/deepak/electronic_ws/install/rtabmap_conversions/share/rtabmap_conversions/package.dsv'
[69.842s] INFO:colcon.colcon_core.shell:Creating package script '/home/deepak/electronic_ws/install/rtabmap_conversions/share/rtabmap_conversions/package.sh'
[69.844s] INFO:colcon.colcon_core.shell:Creating package script '/home/deepak/electronic_ws/install/rtabmap_conversions/share/rtabmap_conversions/package.bash'
[69.846s] INFO:colcon.colcon_core.shell:Creating package script '/home/deepak/electronic_ws/install/rtabmap_conversions/share/rtabmap_conversions/package.zsh'
[69.850s] Level 1:colcon.colcon_core.environment:create_file_with_runtime_dependencies(/home/deepak/electronic_ws/install/rtabmap_conversions/share/colcon-core/packages/rtabmap_conversions)
[69.853s] Level 1:colcon.colcon_core.environment:create_environment_scripts_only(rtabmap_conversions)
[69.854s] Level 1:colcon.colcon_core.environment:checking '/home/deepak/electronic_ws/install/rtabmap_conversions' for CMake module files
[69.854s] Level 1:colcon.colcon_core.environment:checking '/home/deepak/electronic_ws/install/rtabmap_conversions' for CMake config files
[69.855s] Level 1:colcon.colcon_core.shell:create_environment_hook('rtabmap_conversions', 'cmake_prefix_path')
[69.855s] INFO:colcon.colcon_core.shell:Creating environment hook '/home/deepak/electronic_ws/install/rtabmap_conversions/share/rtabmap_conversions/hook/cmake_prefix_path.ps1'
[69.856s] INFO:colcon.colcon_core.shell:Creating environment descriptor '/home/deepak/electronic_ws/install/rtabmap_conversions/share/rtabmap_conversions/hook/cmake_prefix_path.dsv'
[69.857s] INFO:colcon.colcon_core.shell:Creating environment hook '/home/deepak/electronic_ws/install/rtabmap_conversions/share/rtabmap_conversions/hook/cmake_prefix_path.sh'
[69.858s] Level 1:colcon.colcon_core.environment:checking '/home/deepak/electronic_ws/install/rtabmap_conversions/lib'
[69.859s] Level 1:colcon.colcon_core.shell:create_environment_hook('rtabmap_conversions', 'ld_library_path_lib')
[69.859s] INFO:colcon.colcon_core.shell:Creating environment hook '/home/deepak/electronic_ws/install/rtabmap_conversions/share/rtabmap_conversions/hook/ld_library_path_lib.ps1'
[69.860s] INFO:colcon.colcon_core.shell:Creating environment descriptor '/home/deepak/electronic_ws/install/rtabmap_conversions/share/rtabmap_conversions/hook/ld_library_path_lib.dsv'
[69.860s] INFO:colcon.colcon_core.shell:Creating environment hook '/home/deepak/electronic_ws/install/rtabmap_conversions/share/rtabmap_conversions/hook/ld_library_path_lib.sh'
[69.861s] Level 1:colcon.colcon_core.environment:checking '/home/deepak/electronic_ws/install/rtabmap_conversions/bin'
[69.861s] Level 1:colcon.colcon_core.environment:checking '/home/deepak/electronic_ws/install/rtabmap_conversions/lib/pkgconfig/rtabmap_conversions.pc'
[69.862s] Level 1:colcon.colcon_core.environment:checking '/home/deepak/electronic_ws/install/rtabmap_conversions/lib/python3.8/site-packages'
[69.862s] Level 1:colcon.colcon_core.environment:checking '/home/deepak/electronic_ws/install/rtabmap_conversions/bin'
[69.863s] INFO:colcon.colcon_core.shell:Creating package script '/home/deepak/electronic_ws/install/rtabmap_conversions/share/rtabmap_conversions/package.ps1'
[69.864s] INFO:colcon.colcon_core.shell:Creating package descriptor '/home/deepak/electronic_ws/install/rtabmap_conversions/share/rtabmap_conversions/package.dsv'
[69.865s] INFO:colcon.colcon_core.shell:Creating package script '/home/deepak/electronic_ws/install/rtabmap_conversions/share/rtabmap_conversions/package.sh'
[69.866s] INFO:colcon.colcon_core.shell:Creating package script '/home/deepak/electronic_ws/install/rtabmap_conversions/share/rtabmap_conversions/package.bash'
[69.866s] INFO:colcon.colcon_core.shell:Creating package script '/home/deepak/electronic_ws/install/rtabmap_conversions/share/rtabmap_conversions/package.zsh'
[69.867s] Level 1:colcon.colcon_core.environment:create_file_with_runtime_dependencies(/home/deepak/electronic_ws/install/rtabmap_conversions/share/colcon-core/packages/rtabmap_conversions)
[69.870s] INFO:colcon.colcon_ros.task.ament_cmake.build:Building ROS package in '/home/deepak/electronic_ws/src/rtabmap_ros/rtabmap_sync' with build type 'ament_cmake'
[69.871s] INFO:colcon.colcon_cmake.task.cmake.build:Building CMake package in '/home/deepak/electronic_ws/src/rtabmap_ros/rtabmap_sync'
[69.872s] INFO:colcon.colcon_core.shell:Skip shell extension 'powershell' for command environment: Not usable outside of PowerShell
[69.872s] DEBUG:colcon.colcon_core.shell:Skip shell extension 'dsv' for command environment
[69.922s] DEBUG:colcon.colcon_core.event_handler.log_command:Invoking command in '/home/deepak/electronic_ws/build/rtabmap_sync': AMENT_PREFIX_PATH=/home/deepak/electronic_ws/install/rtabmap_conversions:${AMENT_PREFIX_PATH} CMAKE_PREFIX_PATH=/home/deepak/electronic_ws/install/rtabmap_conversions:/opt/ros/foxy:/home/deepak/electronic_ws/install/rtabmap_msgs:/home/deepak/electronic_ws/install/rtabmap LD_LIBRARY_PATH=/home/deepak/electronic_ws/install/rtabmap_conversions/lib:/home/deepak/electronic_ws/install/rtabmap_msgs/lib:/home/deepak/electronic_ws/install/rtabmap/lib:${LD_LIBRARY_PATH} PATH=/home/deepak/electronic_ws/install/rtabmap/bin:${PATH} PKG_CONFIG_PATH=/home/deepak/electronic_ws/install/rtabmap_msgs/lib/x86_64-linux-gnu/pkgconfig:/home/deepak/electronic_ws/install/rtabmap_msgs/lib/pkgconfig:/home/deepak/electronic_ws/install/rtabmap/lib/x86_64-linux-gnu/pkgconfig:/home/deepak/electronic_ws/install/rtabmap/lib/pkgconfig PYTHONPATH=/home/deepak/electronic_ws/install/rtabmap_msgs/lib/python3.8/site-packages:${PYTHONPATH} ROS_PACKAGE_PATH=/home/deepak/electronic_ws/install/rtabmap_msgs/share /usr/bin/cmake /home/deepak/electronic_ws/src/rtabmap_ros/rtabmap_sync -DAMENT_CMAKE_SYMLINK_INSTALL=1 -DCMAKE_INSTALL_PREFIX=/home/deepak/electronic_ws/install/rtabmap_sync
[77.706s] DEBUG:colcon.colcon_core.event_handler.log_command:Invoked command in '/home/deepak/electronic_ws/build/rtabmap_sync' returned '0': AMENT_PREFIX_PATH=/home/deepak/electronic_ws/install/rtabmap_conversions:${AMENT_PREFIX_PATH} CMAKE_PREFIX_PATH=/home/deepak/electronic_ws/install/rtabmap_conversions:/opt/ros/foxy:/home/deepak/electronic_ws/install/rtabmap_msgs:/home/deepak/electronic_ws/install/rtabmap LD_LIBRARY_PATH=/home/deepak/electronic_ws/install/rtabmap_conversions/lib:/home/deepak/electronic_ws/install/rtabmap_msgs/lib:/home/deepak/electronic_ws/install/rtabmap/lib:${LD_LIBRARY_PATH} PATH=/home/deepak/electronic_ws/install/rtabmap/bin:${PATH} PKG_CONFIG_PATH=/home/deepak/electronic_ws/install/rtabmap_msgs/lib/x86_64-linux-gnu/pkgconfig:/home/deepak/electronic_ws/install/rtabmap_msgs/lib/pkgconfig:/home/deepak/electronic_ws/install/rtabmap/lib/x86_64-linux-gnu/pkgconfig:/home/deepak/electronic_ws/install/rtabmap/lib/pkgconfig PYTHONPATH=/home/deepak/electronic_ws/install/rtabmap_msgs/lib/python3.8/site-packages:${PYTHONPATH} ROS_PACKAGE_PATH=/home/deepak/electronic_ws/install/rtabmap_msgs/share /usr/bin/cmake /home/deepak/electronic_ws/src/rtabmap_ros/rtabmap_sync -DAMENT_CMAKE_SYMLINK_INSTALL=1 -DCMAKE_INSTALL_PREFIX=/home/deepak/electronic_ws/install/rtabmap_sync
[77.713s] DEBUG:colcon.colcon_core.event_handler.log_command:Invoking command in '/home/deepak/electronic_ws/build/rtabmap_sync': AMENT_PREFIX_PATH=/home/deepak/electronic_ws/install/rtabmap_conversions:${AMENT_PREFIX_PATH} CMAKE_PREFIX_PATH=/home/deepak/electronic_ws/install/rtabmap_conversions:/opt/ros/foxy:/home/deepak/electronic_ws/install/rtabmap_msgs:/home/deepak/electronic_ws/install/rtabmap LD_LIBRARY_PATH=/home/deepak/electronic_ws/install/rtabmap_conversions/lib:/home/deepak/electronic_ws/install/rtabmap_msgs/lib:/home/deepak/electronic_ws/install/rtabmap/lib:${LD_LIBRARY_PATH} PATH=/home/deepak/electronic_ws/install/rtabmap/bin:${PATH} PKG_CONFIG_PATH=/home/deepak/electronic_ws/install/rtabmap_msgs/lib/x86_64-linux-gnu/pkgconfig:/home/deepak/electronic_ws/install/rtabmap_msgs/lib/pkgconfig:/home/deepak/electronic_ws/install/rtabmap/lib/x86_64-linux-gnu/pkgconfig:/home/deepak/electronic_ws/install/rtabmap/lib/pkgconfig PYTHONPATH=/home/deepak/electronic_ws/install/rtabmap_msgs/lib/python3.8/site-packages:${PYTHONPATH} ROS_PACKAGE_PATH=/home/deepak/electronic_ws/install/rtabmap_msgs/share /usr/bin/cmake --build /home/deepak/electronic_ws/build/rtabmap_sync -- -j8 -l8
[91.575s] DEBUG:colcon.colcon_core.event_handler.log_command:Invoked command in '/home/deepak/electronic_ws/build/astra_camera' returned '0': AMENT_PREFIX_PATH=/home/deepak/electronic_ws/install/astra_camera_msgs:${AMENT_PREFIX_PATH} CMAKE_PREFIX_PATH=/home/deepak/electronic_ws/install/astra_camera_msgs:/opt/ros/foxy LD_LIBRARY_PATH=/home/deepak/electronic_ws/install/astra_camera_msgs/lib:${LD_LIBRARY_PATH} PYTHONPATH=/home/deepak/electronic_ws/install/astra_camera_msgs/lib/python3.8/site-packages:${PYTHONPATH} /usr/bin/cmake --build /home/deepak/electronic_ws/build/astra_camera -- -j8 -l8
[91.582s] DEBUG:colcon.colcon_core.event_handler.log_command:Invoking command in '/home/deepak/electronic_ws/build/astra_camera': AMENT_PREFIX_PATH=/home/deepak/electronic_ws/install/astra_camera_msgs:${AMENT_PREFIX_PATH} CMAKE_PREFIX_PATH=/home/deepak/electronic_ws/install/astra_camera_msgs:/opt/ros/foxy LD_LIBRARY_PATH=/home/deepak/electronic_ws/install/astra_camera_msgs/lib:${LD_LIBRARY_PATH} PYTHONPATH=/home/deepak/electronic_ws/install/astra_camera_msgs/lib/python3.8/site-packages:${PYTHONPATH} /usr/bin/cmake --install /home/deepak/electronic_ws/build/astra_camera
[94.567s] Level 1:colcon.colcon_core.environment:create_environment_scripts_only(astra_camera)
[94.569s] Level 1:colcon.colcon_core.environment:checking '/home/deepak/electronic_ws/install/astra_camera' for CMake module files
[94.570s] DEBUG:colcon.colcon_core.event_handler.log_command:Invoked command in '/home/deepak/electronic_ws/build/astra_camera' returned '0': AMENT_PREFIX_PATH=/home/deepak/electronic_ws/install/astra_camera_msgs:${AMENT_PREFIX_PATH} CMAKE_PREFIX_PATH=/home/deepak/electronic_ws/install/astra_camera_msgs:/opt/ros/foxy LD_LIBRARY_PATH=/home/deepak/electronic_ws/install/astra_camera_msgs/lib:${LD_LIBRARY_PATH} PYTHONPATH=/home/deepak/electronic_ws/install/astra_camera_msgs/lib/python3.8/site-packages:${PYTHONPATH} /usr/bin/cmake --install /home/deepak/electronic_ws/build/astra_camera
[94.571s] Level 1:colcon.colcon_core.environment:checking '/home/deepak/electronic_ws/install/astra_camera' for CMake config files
[94.572s] Level 1:colcon.colcon_core.shell:create_environment_hook('astra_camera', 'cmake_prefix_path')
[94.572s] INFO:colcon.colcon_core.shell:Creating environment hook '/home/deepak/electronic_ws/install/astra_camera/share/astra_camera/hook/cmake_prefix_path.ps1'
[94.574s] INFO:colcon.colcon_core.shell:Creating environment descriptor '/home/deepak/electronic_ws/install/astra_camera/share/astra_camera/hook/cmake_prefix_path.dsv'
[94.575s] INFO:colcon.colcon_core.shell:Creating environment hook '/home/deepak/electronic_ws/install/astra_camera/share/astra_camera/hook/cmake_prefix_path.sh'
[94.576s] Level 1:colcon.colcon_core.environment:checking '/home/deepak/electronic_ws/install/astra_camera/lib'
[94.577s] Level 1:colcon.colcon_core.shell:create_environment_hook('astra_camera', 'ld_library_path_lib')
[94.577s] INFO:colcon.colcon_core.shell:Creating environment hook '/home/deepak/electronic_ws/install/astra_camera/share/astra_camera/hook/ld_library_path_lib.ps1'
[94.578s] INFO:colcon.colcon_core.shell:Creating environment descriptor '/home/deepak/electronic_ws/install/astra_camera/share/astra_camera/hook/ld_library_path_lib.dsv'
[94.578s] INFO:colcon.colcon_core.shell:Creating environment hook '/home/deepak/electronic_ws/install/astra_camera/share/astra_camera/hook/ld_library_path_lib.sh'
[94.579s] Level 1:colcon.colcon_core.environment:checking '/home/deepak/electronic_ws/install/astra_camera/bin'
[94.579s] Level 1:colcon.colcon_core.environment:checking '/home/deepak/electronic_ws/install/astra_camera/lib/pkgconfig/astra_camera.pc'
[94.580s] Level 1:colcon.colcon_core.environment:checking '/home/deepak/electronic_ws/install/astra_camera/lib/python3.8/site-packages'
[94.580s] Level 1:colcon.colcon_core.environment:checking '/home/deepak/electronic_ws/install/astra_camera/bin'
[94.581s] INFO:colcon.colcon_core.shell:Creating package script '/home/deepak/electronic_ws/install/astra_camera/share/astra_camera/package.ps1'
[94.582s] INFO:colcon.colcon_core.shell:Creating package descriptor '/home/deepak/electronic_ws/install/astra_camera/share/astra_camera/package.dsv'
[94.582s] INFO:colcon.colcon_core.shell:Creating package script '/home/deepak/electronic_ws/install/astra_camera/share/astra_camera/package.sh'
[94.591s] INFO:colcon.colcon_core.shell:Creating package script '/home/deepak/electronic_ws/install/astra_camera/share/astra_camera/package.bash'
[94.592s] INFO:colcon.colcon_core.shell:Creating package script '/home/deepak/electronic_ws/install/astra_camera/share/astra_camera/package.zsh'
[94.593s] Level 1:colcon.colcon_core.environment:create_file_with_runtime_dependencies(/home/deepak/electronic_ws/install/astra_camera/share/colcon-core/packages/astra_camera)
[94.596s] Level 1:colcon.colcon_core.environment:create_environment_scripts_only(astra_camera)
[94.596s] Level 1:colcon.colcon_core.environment:checking '/home/deepak/electronic_ws/install/astra_camera' for CMake module files
[94.597s] Level 1:colcon.colcon_core.environment:checking '/home/deepak/electronic_ws/install/astra_camera' for CMake config files
[94.598s] Level 1:colcon.colcon_core.shell:create_environment_hook('astra_camera', 'cmake_prefix_path')
[94.598s] INFO:colcon.colcon_core.shell:Creating environment hook '/home/deepak/electronic_ws/install/astra_camera/share/astra_camera/hook/cmake_prefix_path.ps1'
[94.599s] INFO:colcon.colcon_core.shell:Creating environment descriptor '/home/deepak/electronic_ws/install/astra_camera/share/astra_camera/hook/cmake_prefix_path.dsv'
[94.599s] INFO:colcon.colcon_core.shell:Creating environment hook '/home/deepak/electronic_ws/install/astra_camera/share/astra_camera/hook/cmake_prefix_path.sh'
[94.600s] Level 1:colcon.colcon_core.environment:checking '/home/deepak/electronic_ws/install/astra_camera/lib'
[94.614s] Level 1:colcon.colcon_core.shell:create_environment_hook('astra_camera', 'ld_library_path_lib')
[94.615s] INFO:colcon.colcon_core.shell:Creating environment hook '/home/deepak/electronic_ws/install/astra_camera/share/astra_camera/hook/ld_library_path_lib.ps1'
[94.616s] INFO:colcon.colcon_core.shell:Creating environment descriptor '/home/deepak/electronic_ws/install/astra_camera/share/astra_camera/hook/ld_library_path_lib.dsv'
[94.617s] INFO:colcon.colcon_core.shell:Creating environment hook '/home/deepak/electronic_ws/install/astra_camera/share/astra_camera/hook/ld_library_path_lib.sh'
[94.618s] Level 1:colcon.colcon_core.environment:checking '/home/deepak/electronic_ws/install/astra_camera/bin'
[94.618s] Level 1:colcon.colcon_core.environment:checking '/home/deepak/electronic_ws/install/astra_camera/lib/pkgconfig/astra_camera.pc'
[94.618s] Level 1:colcon.colcon_core.environment:checking '/home/deepak/electronic_ws/install/astra_camera/lib/python3.8/site-packages'
[94.619s] Level 1:colcon.colcon_core.environment:checking '/home/deepak/electronic_ws/install/astra_camera/bin'
[94.619s] INFO:colcon.colcon_core.shell:Creating package script '/home/deepak/electronic_ws/install/astra_camera/share/astra_camera/package.ps1'
[94.620s] INFO:colcon.colcon_core.shell:Creating package descriptor '/home/deepak/electronic_ws/install/astra_camera/share/astra_camera/package.dsv'
[94.621s] INFO:colcon.colcon_core.shell:Creating package script '/home/deepak/electronic_ws/install/astra_camera/share/astra_camera/package.sh'
[94.621s] INFO:colcon.colcon_core.shell:Creating package script '/home/deepak/electronic_ws/install/astra_camera/share/astra_camera/package.bash'
[94.622s] INFO:colcon.colcon_core.shell:Creating package script '/home/deepak/electronic_ws/install/astra_camera/share/astra_camera/package.zsh'
[94.623s] Level 1:colcon.colcon_core.environment:create_file_with_runtime_dependencies(/home/deepak/electronic_ws/install/astra_camera/share/colcon-core/packages/astra_camera)
[94.624s] INFO:colcon.colcon_ros.task.ament_cmake.build:Building ROS package in '/home/deepak/electronic_ws/src/rtabmap_ros/rtabmap_util' with build type 'ament_cmake'
[94.624s] INFO:colcon.colcon_cmake.task.cmake.build:Building CMake package in '/home/deepak/electronic_ws/src/rtabmap_ros/rtabmap_util'
[94.635s] INFO:colcon.colcon_core.shell:Skip shell extension 'powershell' for command environment: Not usable outside of PowerShell
[94.635s] DEBUG:colcon.colcon_core.shell:Skip shell extension 'dsv' for command environment
[94.939s] DEBUG:colcon.colcon_core.event_handler.log_command:Invoking command in '/home/deepak/electronic_ws/build/rtabmap_util': AMENT_PREFIX_PATH=/home/deepak/electronic_ws/install/rtabmap_conversions:${AMENT_PREFIX_PATH} CMAKE_PREFIX_PATH=/home/deepak/electronic_ws/install/rtabmap_conversions:/opt/ros/foxy:/home/deepak/electronic_ws/install/rtabmap_msgs:/home/deepak/electronic_ws/install/rtabmap LD_LIBRARY_PATH=/home/deepak/electronic_ws/install/rtabmap_conversions/lib:/home/deepak/electronic_ws/install/rtabmap_msgs/lib:/home/deepak/electronic_ws/install/rtabmap/lib:${LD_LIBRARY_PATH} PATH=/home/deepak/electronic_ws/install/rtabmap/bin:${PATH} PKG_CONFIG_PATH=/home/deepak/electronic_ws/install/rtabmap_msgs/lib/x86_64-linux-gnu/pkgconfig:/home/deepak/electronic_ws/install/rtabmap_msgs/lib/pkgconfig:/home/deepak/electronic_ws/install/rtabmap/lib/x86_64-linux-gnu/pkgconfig:/home/deepak/electronic_ws/install/rtabmap/lib/pkgconfig PYTHONPATH=/home/deepak/electronic_ws/install/rtabmap_msgs/lib/python3.8/site-packages:${PYTHONPATH} ROS_PACKAGE_PATH=/home/deepak/electronic_ws/install/rtabmap_msgs/share /usr/bin/cmake /home/deepak/electronic_ws/src/rtabmap_ros/rtabmap_util -DAMENT_CMAKE_SYMLINK_INSTALL=1 -DCMAKE_INSTALL_PREFIX=/home/deepak/electronic_ws/install/rtabmap_util
[110.868s] DEBUG:colcon.colcon_core.event_handler.log_command:Invoked command in '/home/deepak/electronic_ws/build/lslidar_driver' returned '0': AMENT_PREFIX_PATH=/home/deepak/electronic_ws/install/lslidar_msgs:${AMENT_PREFIX_PATH} CMAKE_PREFIX_PATH=/home/deepak/electronic_ws/install/lslidar_msgs:/opt/ros/foxy LD_LIBRARY_PATH=/home/deepak/electronic_ws/install/lslidar_msgs/lib:${LD_LIBRARY_PATH} PYTHONPATH=/home/deepak/electronic_ws/install/lslidar_msgs/lib/python3.8/site-packages:${PYTHONPATH} /usr/bin/cmake --build /home/deepak/electronic_ws/build/lslidar_driver -- -j8 -l8
[110.880s] DEBUG:colcon.colcon_core.event_handler.log_command:Invoking command in '/home/deepak/electronic_ws/build/lslidar_driver': AMENT_PREFIX_PATH=/home/deepak/electronic_ws/install/lslidar_msgs:${AMENT_PREFIX_PATH} CMAKE_PREFIX_PATH=/home/deepak/electronic_ws/install/lslidar_msgs:/opt/ros/foxy LD_LIBRARY_PATH=/home/deepak/electronic_ws/install/lslidar_msgs/lib:${LD_LIBRARY_PATH} PYTHONPATH=/home/deepak/electronic_ws/install/lslidar_msgs/lib/python3.8/site-packages:${PYTHONPATH} /usr/bin/cmake --install /home/deepak/electronic_ws/build/lslidar_driver
[111.664s] Level 1:colcon.colcon_core.environment:create_environment_scripts_only(lslidar_driver)
[111.665s] Level 1:colcon.colcon_core.environment:checking '/home/deepak/electronic_ws/install/lslidar_driver' for CMake module files
[111.666s] DEBUG:colcon.colcon_core.event_handler.log_command:Invoked command in '/home/deepak/electronic_ws/build/lslidar_driver' returned '0': AMENT_PREFIX_PATH=/home/deepak/electronic_ws/install/lslidar_msgs:${AMENT_PREFIX_PATH} CMAKE_PREFIX_PATH=/home/deepak/electronic_ws/install/lslidar_msgs:/opt/ros/foxy LD_LIBRARY_PATH=/home/deepak/electronic_ws/install/lslidar_msgs/lib:${LD_LIBRARY_PATH} PYTHONPATH=/home/deepak/electronic_ws/install/lslidar_msgs/lib/python3.8/site-packages:${PYTHONPATH} /usr/bin/cmake --install /home/deepak/electronic_ws/build/lslidar_driver
[111.666s] Level 1:colcon.colcon_core.environment:checking '/home/deepak/electronic_ws/install/lslidar_driver' for CMake config files
[111.666s] Level 1:colcon.colcon_core.shell:create_environment_hook('lslidar_driver', 'cmake_prefix_path')
[111.667s] INFO:colcon.colcon_core.shell:Creating environment hook '/home/deepak/electronic_ws/install/lslidar_driver/share/lslidar_driver/hook/cmake_prefix_path.ps1'
[111.669s] INFO:colcon.colcon_core.shell:Creating environment descriptor '/home/deepak/electronic_ws/install/lslidar_driver/share/lslidar_driver/hook/cmake_prefix_path.dsv'
[111.673s] INFO:colcon.colcon_core.shell:Creating environment hook '/home/deepak/electronic_ws/install/lslidar_driver/share/lslidar_driver/hook/cmake_prefix_path.sh'
[111.674s] Level 1:colcon.colcon_core.environment:checking '/home/deepak/electronic_ws/install/lslidar_driver/lib'
[111.674s] Level 1:colcon.colcon_core.environment:checking '/home/deepak/electronic_ws/install/lslidar_driver/bin'
[111.674s] Level 1:colcon.colcon_core.environment:checking '/home/deepak/electronic_ws/install/lslidar_driver/lib/pkgconfig/lslidar_driver.pc'
[111.675s] Level 1:colcon.colcon_core.environment:checking '/home/deepak/electronic_ws/install/lslidar_driver/lib/python3.8/site-packages'
[111.675s] Level 1:colcon.colcon_core.environment:checking '/home/deepak/electronic_ws/install/lslidar_driver/bin'
[111.676s] INFO:colcon.colcon_core.shell:Creating package script '/home/deepak/electronic_ws/install/lslidar_driver/share/lslidar_driver/package.ps1'
[111.677s] INFO:colcon.colcon_core.shell:Creating package descriptor '/home/deepak/electronic_ws/install/lslidar_driver/share/lslidar_driver/package.dsv'
[111.678s] INFO:colcon.colcon_core.shell:Creating package script '/home/deepak/electronic_ws/install/lslidar_driver/share/lslidar_driver/package.sh'
[111.679s] INFO:colcon.colcon_core.shell:Creating package script '/home/deepak/electronic_ws/install/lslidar_driver/share/lslidar_driver/package.bash'
[111.681s] INFO:colcon.colcon_core.shell:Creating package script '/home/deepak/electronic_ws/install/lslidar_driver/share/lslidar_driver/package.zsh'
[111.683s] Level 1:colcon.colcon_core.environment:create_file_with_runtime_dependencies(/home/deepak/electronic_ws/install/lslidar_driver/share/colcon-core/packages/lslidar_driver)
[111.684s] Level 1:colcon.colcon_core.environment:create_environment_scripts_only(lslidar_driver)
[111.685s] Level 1:colcon.colcon_core.environment:checking '/home/deepak/electronic_ws/install/lslidar_driver' for CMake module files
[111.685s] Level 1:colcon.colcon_core.environment:checking '/home/deepak/electronic_ws/install/lslidar_driver' for CMake config files
[111.686s] Level 1:colcon.colcon_core.shell:create_environment_hook('lslidar_driver', 'cmake_prefix_path')
[111.686s] INFO:colcon.colcon_core.shell:Creating environment hook '/home/deepak/electronic_ws/install/lslidar_driver/share/lslidar_driver/hook/cmake_prefix_path.ps1'
[111.687s] INFO:colcon.colcon_core.shell:Creating environment descriptor '/home/deepak/electronic_ws/install/lslidar_driver/share/lslidar_driver/hook/cmake_prefix_path.dsv'
[111.687s] INFO:colcon.colcon_core.shell:Creating environment hook '/home/deepak/electronic_ws/install/lslidar_driver/share/lslidar_driver/hook/cmake_prefix_path.sh'
[111.688s] Level 1:colcon.colcon_core.environment:checking '/home/deepak/electronic_ws/install/lslidar_driver/lib'
[111.688s] Level 1:colcon.colcon_core.environment:checking '/home/deepak/electronic_ws/install/lslidar_driver/bin'
[111.688s] Level 1:colcon.colcon_core.environment:checking '/home/deepak/electronic_ws/install/lslidar_driver/lib/pkgconfig/lslidar_driver.pc'
[111.689s] Level 1:colcon.colcon_core.environment:checking '/home/deepak/electronic_ws/install/lslidar_driver/lib/python3.8/site-packages'
[111.689s] Level 1:colcon.colcon_core.environment:checking '/home/deepak/electronic_ws/install/lslidar_driver/bin'
[111.689s] INFO:colcon.colcon_core.shell:Creating package script '/home/deepak/electronic_ws/install/lslidar_driver/share/lslidar_driver/package.ps1'
[111.690s] INFO:colcon.colcon_core.shell:Creating package descriptor '/home/deepak/electronic_ws/install/lslidar_driver/share/lslidar_driver/package.dsv'
[111.690s] INFO:colcon.colcon_core.shell:Creating package script '/home/deepak/electronic_ws/install/lslidar_driver/share/lslidar_driver/package.sh'
[111.691s] INFO:colcon.colcon_core.shell:Creating package script '/home/deepak/electronic_ws/install/lslidar_driver/share/lslidar_driver/package.bash'
[111.692s] INFO:colcon.colcon_core.shell:Creating package script '/home/deepak/electronic_ws/install/lslidar_driver/share/lslidar_driver/package.zsh'
[111.692s] Level 1:colcon.colcon_core.environment:create_file_with_runtime_dependencies(/home/deepak/electronic_ws/install/lslidar_driver/share/colcon-core/packages/lslidar_driver)
[111.693s] INFO:colcon.colcon_ros.task.ament_cmake.build:Building ROS package in '/home/deepak/electronic_ws/src/rtabmap_ros/rtabmap_rviz_plugins' with build type 'ament_cmake'
[111.694s] INFO:colcon.colcon_cmake.task.cmake.build:Building CMake package in '/home/deepak/electronic_ws/src/rtabmap_ros/rtabmap_rviz_plugins'
[111.694s] INFO:colcon.colcon_core.shell:Skip shell extension 'powershell' for command environment: Not usable outside of PowerShell
[111.694s] DEBUG:colcon.colcon_core.shell:Skip shell extension 'dsv' for command environment
[111.741s] DEBUG:colcon.colcon_core.event_handler.log_command:Invoking command in '/home/deepak/electronic_ws/build/rtabmap_rviz_plugins': AMENT_PREFIX_PATH=/home/deepak/electronic_ws/install/rtabmap_conversions:${AMENT_PREFIX_PATH} CMAKE_PREFIX_PATH=/home/deepak/electronic_ws/install/rtabmap_conversions:/opt/ros/foxy:/home/deepak/electronic_ws/install/rtabmap_msgs:/home/deepak/electronic_ws/install/rtabmap LD_LIBRARY_PATH=/home/deepak/electronic_ws/install/rtabmap_conversions/lib:/home/deepak/electronic_ws/install/rtabmap_msgs/lib:/home/deepak/electronic_ws/install/rtabmap/lib:${LD_LIBRARY_PATH} PATH=/home/deepak/electronic_ws/install/rtabmap/bin:${PATH} PKG_CONFIG_PATH=/home/deepak/electronic_ws/install/rtabmap_msgs/lib/x86_64-linux-gnu/pkgconfig:/home/deepak/electronic_ws/install/rtabmap_msgs/lib/pkgconfig:/home/deepak/electronic_ws/install/rtabmap/lib/x86_64-linux-gnu/pkgconfig:/home/deepak/electronic_ws/install/rtabmap/lib/pkgconfig PYTHONPATH=/home/deepak/electronic_ws/install/rtabmap_msgs/lib/python3.8/site-packages:${PYTHONPATH} ROS_PACKAGE_PATH=/home/deepak/electronic_ws/install/rtabmap_msgs/share /usr/bin/cmake /home/deepak/electronic_ws/src/rtabmap_ros/rtabmap_rviz_plugins -DAMENT_CMAKE_SYMLINK_INSTALL=1 -DCMAKE_INSTALL_PREFIX=/home/deepak/electronic_ws/install/rtabmap_rviz_plugins
[112.291s] DEBUG:colcon.colcon_core.event_handler.log_command:Invoked command in '/home/deepak/electronic_ws/build/rtabmap_util' returned '0': AMENT_PREFIX_PATH=/home/deepak/electronic_ws/install/rtabmap_conversions:${AMENT_PREFIX_PATH} CMAKE_PREFIX_PATH=/home/deepak/electronic_ws/install/rtabmap_conversions:/opt/ros/foxy:/home/deepak/electronic_ws/install/rtabmap_msgs:/home/deepak/electronic_ws/install/rtabmap LD_LIBRARY_PATH=/home/deepak/electronic_ws/install/rtabmap_conversions/lib:/home/deepak/electronic_ws/install/rtabmap_msgs/lib:/home/deepak/electronic_ws/install/rtabmap/lib:${LD_LIBRARY_PATH} PATH=/home/deepak/electronic_ws/install/rtabmap/bin:${PATH} PKG_CONFIG_PATH=/home/deepak/electronic_ws/install/rtabmap_msgs/lib/x86_64-linux-gnu/pkgconfig:/home/deepak/electronic_ws/install/rtabmap_msgs/lib/pkgconfig:/home/deepak/electronic_ws/install/rtabmap/lib/x86_64-linux-gnu/pkgconfig:/home/deepak/electronic_ws/install/rtabmap/lib/pkgconfig PYTHONPATH=/home/deepak/electronic_ws/install/rtabmap_msgs/lib/python3.8/site-packages:${PYTHONPATH} ROS_PACKAGE_PATH=/home/deepak/electronic_ws/install/rtabmap_msgs/share /usr/bin/cmake /home/deepak/electronic_ws/src/rtabmap_ros/rtabmap_util -DAMENT_CMAKE_SYMLINK_INSTALL=1 -DCMAKE_INSTALL_PREFIX=/home/deepak/electronic_ws/install/rtabmap_util
[112.301s] DEBUG:colcon.colcon_core.event_handler.log_command:Invoking command in '/home/deepak/electronic_ws/build/rtabmap_util': AMENT_PREFIX_PATH=/home/deepak/electronic_ws/install/rtabmap_conversions:${AMENT_PREFIX_PATH} CMAKE_PREFIX_PATH=/home/deepak/electronic_ws/install/rtabmap_conversions:/opt/ros/foxy:/home/deepak/electronic_ws/install/rtabmap_msgs:/home/deepak/electronic_ws/install/rtabmap LD_LIBRARY_PATH=/home/deepak/electronic_ws/install/rtabmap_conversions/lib:/home/deepak/electronic_ws/install/rtabmap_msgs/lib:/home/deepak/electronic_ws/install/rtabmap/lib:${LD_LIBRARY_PATH} PATH=/home/deepak/electronic_ws/install/rtabmap/bin:${PATH} PKG_CONFIG_PATH=/home/deepak/electronic_ws/install/rtabmap_msgs/lib/x86_64-linux-gnu/pkgconfig:/home/deepak/electronic_ws/install/rtabmap_msgs/lib/pkgconfig:/home/deepak/electronic_ws/install/rtabmap/lib/x86_64-linux-gnu/pkgconfig:/home/deepak/electronic_ws/install/rtabmap/lib/pkgconfig PYTHONPATH=/home/deepak/electronic_ws/install/rtabmap_msgs/lib/python3.8/site-packages:${PYTHONPATH} ROS_PACKAGE_PATH=/home/deepak/electronic_ws/install/rtabmap_msgs/share /usr/bin/cmake --build /home/deepak/electronic_ws/build/rtabmap_util -- -j8 -l8
[118.321s] DEBUG:colcon.colcon_core.event_handler.log_command:Invoked command in '/home/deepak/electronic_ws/build/rtabmap_rviz_plugins' returned '0': AMENT_PREFIX_PATH=/home/deepak/electronic_ws/install/rtabmap_conversions:${AMENT_PREFIX_PATH} CMAKE_PREFIX_PATH=/home/deepak/electronic_ws/install/rtabmap_conversions:/opt/ros/foxy:/home/deepak/electronic_ws/install/rtabmap_msgs:/home/deepak/electronic_ws/install/rtabmap LD_LIBRARY_PATH=/home/deepak/electronic_ws/install/rtabmap_conversions/lib:/home/deepak/electronic_ws/install/rtabmap_msgs/lib:/home/deepak/electronic_ws/install/rtabmap/lib:${LD_LIBRARY_PATH} PATH=/home/deepak/electronic_ws/install/rtabmap/bin:${PATH} PKG_CONFIG_PATH=/home/deepak/electronic_ws/install/rtabmap_msgs/lib/x86_64-linux-gnu/pkgconfig:/home/deepak/electronic_ws/install/rtabmap_msgs/lib/pkgconfig:/home/deepak/electronic_ws/install/rtabmap/lib/x86_64-linux-gnu/pkgconfig:/home/deepak/electronic_ws/install/rtabmap/lib/pkgconfig PYTHONPATH=/home/deepak/electronic_ws/install/rtabmap_msgs/lib/python3.8/site-packages:${PYTHONPATH} ROS_PACKAGE_PATH=/home/deepak/electronic_ws/install/rtabmap_msgs/share /usr/bin/cmake /home/deepak/electronic_ws/src/rtabmap_ros/rtabmap_rviz_plugins -DAMENT_CMAKE_SYMLINK_INSTALL=1 -DCMAKE_INSTALL_PREFIX=/home/deepak/electronic_ws/install/rtabmap_rviz_plugins
[118.329s] DEBUG:colcon.colcon_core.event_handler.log_command:Invoking command in '/home/deepak/electronic_ws/build/rtabmap_rviz_plugins': AMENT_PREFIX_PATH=/home/deepak/electronic_ws/install/rtabmap_conversions:${AMENT_PREFIX_PATH} CMAKE_PREFIX_PATH=/home/deepak/electronic_ws/install/rtabmap_conversions:/opt/ros/foxy:/home/deepak/electronic_ws/install/rtabmap_msgs:/home/deepak/electronic_ws/install/rtabmap LD_LIBRARY_PATH=/home/deepak/electronic_ws/install/rtabmap_conversions/lib:/home/deepak/electronic_ws/install/rtabmap_msgs/lib:/home/deepak/electronic_ws/install/rtabmap/lib:${LD_LIBRARY_PATH} PATH=/home/deepak/electronic_ws/install/rtabmap/bin:${PATH} PKG_CONFIG_PATH=/home/deepak/electronic_ws/install/rtabmap_msgs/lib/x86_64-linux-gnu/pkgconfig:/home/deepak/electronic_ws/install/rtabmap_msgs/lib/pkgconfig:/home/deepak/electronic_ws/install/rtabmap/lib/x86_64-linux-gnu/pkgconfig:/home/deepak/electronic_ws/install/rtabmap/lib/pkgconfig PYTHONPATH=/home/deepak/electronic_ws/install/rtabmap_msgs/lib/python3.8/site-packages:${PYTHONPATH} ROS_PACKAGE_PATH=/home/deepak/electronic_ws/install/rtabmap_msgs/share /usr/bin/cmake --build /home/deepak/electronic_ws/build/rtabmap_rviz_plugins -- -j8 -l8
[234.121s] DEBUG:colcon.colcon_core.event_handler.log_command:Invoked command in '/home/deepak/electronic_ws/build/rtabmap_rviz_plugins' returned '0': AMENT_PREFIX_PATH=/home/deepak/electronic_ws/install/rtabmap_conversions:${AMENT_PREFIX_PATH} CMAKE_PREFIX_PATH=/home/deepak/electronic_ws/install/rtabmap_conversions:/opt/ros/foxy:/home/deepak/electronic_ws/install/rtabmap_msgs:/home/deepak/electronic_ws/install/rtabmap LD_LIBRARY_PATH=/home/deepak/electronic_ws/install/rtabmap_conversions/lib:/home/deepak/electronic_ws/install/rtabmap_msgs/lib:/home/deepak/electronic_ws/install/rtabmap/lib:${LD_LIBRARY_PATH} PATH=/home/deepak/electronic_ws/install/rtabmap/bin:${PATH} PKG_CONFIG_PATH=/home/deepak/electronic_ws/install/rtabmap_msgs/lib/x86_64-linux-gnu/pkgconfig:/home/deepak/electronic_ws/install/rtabmap_msgs/lib/pkgconfig:/home/deepak/electronic_ws/install/rtabmap/lib/x86_64-linux-gnu/pkgconfig:/home/deepak/electronic_ws/install/rtabmap/lib/pkgconfig PYTHONPATH=/home/deepak/electronic_ws/install/rtabmap_msgs/lib/python3.8/site-packages:${PYTHONPATH} ROS_PACKAGE_PATH=/home/deepak/electronic_ws/install/rtabmap_msgs/share /usr/bin/cmake --build /home/deepak/electronic_ws/build/rtabmap_rviz_plugins -- -j8 -l8
[234.186s] DEBUG:colcon.colcon_core.event_handler.log_command:Invoking command in '/home/deepak/electronic_ws/build/rtabmap_rviz_plugins': AMENT_PREFIX_PATH=/home/deepak/electronic_ws/install/rtabmap_conversions:${AMENT_PREFIX_PATH} CMAKE_PREFIX_PATH=/home/deepak/electronic_ws/install/rtabmap_conversions:/opt/ros/foxy:/home/deepak/electronic_ws/install/rtabmap_msgs:/home/deepak/electronic_ws/install/rtabmap LD_LIBRARY_PATH=/home/deepak/electronic_ws/install/rtabmap_conversions/lib:/home/deepak/electronic_ws/install/rtabmap_msgs/lib:/home/deepak/electronic_ws/install/rtabmap/lib:${LD_LIBRARY_PATH} PATH=/home/deepak/electronic_ws/install/rtabmap/bin:${PATH} PKG_CONFIG_PATH=/home/deepak/electronic_ws/install/rtabmap_msgs/lib/x86_64-linux-gnu/pkgconfig:/home/deepak/electronic_ws/install/rtabmap_msgs/lib/pkgconfig:/home/deepak/electronic_ws/install/rtabmap/lib/x86_64-linux-gnu/pkgconfig:/home/deepak/electronic_ws/install/rtabmap/lib/pkgconfig PYTHONPATH=/home/deepak/electronic_ws/install/rtabmap_msgs/lib/python3.8/site-packages:${PYTHONPATH} ROS_PACKAGE_PATH=/home/deepak/electronic_ws/install/rtabmap_msgs/share /usr/bin/cmake --install /home/deepak/electronic_ws/build/rtabmap_rviz_plugins
[234.409s] Level 1:colcon.colcon_core.environment:create_environment_scripts_only(rtabmap_rviz_plugins)
[234.426s] Level 1:colcon.colcon_core.environment:checking '/home/deepak/electronic_ws/install/rtabmap_rviz_plugins' for CMake module files
[234.427s] DEBUG:colcon.colcon_core.event_handler.log_command:Invoked command in '/home/deepak/electronic_ws/build/rtabmap_rviz_plugins' returned '0': AMENT_PREFIX_PATH=/home/deepak/electronic_ws/install/rtabmap_conversions:${AMENT_PREFIX_PATH} CMAKE_PREFIX_PATH=/home/deepak/electronic_ws/install/rtabmap_conversions:/opt/ros/foxy:/home/deepak/electronic_ws/install/rtabmap_msgs:/home/deepak/electronic_ws/install/rtabmap LD_LIBRARY_PATH=/home/deepak/electronic_ws/install/rtabmap_conversions/lib:/home/deepak/electronic_ws/install/rtabmap_msgs/lib:/home/deepak/electronic_ws/install/rtabmap/lib:${LD_LIBRARY_PATH} PATH=/home/deepak/electronic_ws/install/rtabmap/bin:${PATH} PKG_CONFIG_PATH=/home/deepak/electronic_ws/install/rtabmap_msgs/lib/x86_64-linux-gnu/pkgconfig:/home/deepak/electronic_ws/install/rtabmap_msgs/lib/pkgconfig:/home/deepak/electronic_ws/install/rtabmap/lib/x86_64-linux-gnu/pkgconfig:/home/deepak/electronic_ws/install/rtabmap/lib/pkgconfig PYTHONPATH=/home/deepak/electronic_ws/install/rtabmap_msgs/lib/python3.8/site-packages:${PYTHONPATH} ROS_PACKAGE_PATH=/home/deepak/electronic_ws/install/rtabmap_msgs/share /usr/bin/cmake --install /home/deepak/electronic_ws/build/rtabmap_rviz_plugins
[234.429s] Level 1:colcon.colcon_core.environment:checking '/home/deepak/electronic_ws/install/rtabmap_rviz_plugins' for CMake config files
[234.432s] Level 1:colcon.colcon_core.shell:create_environment_hook('rtabmap_rviz_plugins', 'cmake_prefix_path')
[234.435s] INFO:colcon.colcon_core.shell:Creating environment hook '/home/deepak/electronic_ws/install/rtabmap_rviz_plugins/share/rtabmap_rviz_plugins/hook/cmake_prefix_path.ps1'
[234.454s] INFO:colcon.colcon_core.shell:Creating environment descriptor '/home/deepak/electronic_ws/install/rtabmap_rviz_plugins/share/rtabmap_rviz_plugins/hook/cmake_prefix_path.dsv'
[234.459s] INFO:colcon.colcon_core.shell:Creating environment hook '/home/deepak/electronic_ws/install/rtabmap_rviz_plugins/share/rtabmap_rviz_plugins/hook/cmake_prefix_path.sh'
[234.466s] Level 1:colcon.colcon_core.environment:checking '/home/deepak/electronic_ws/install/rtabmap_rviz_plugins/lib'
[234.467s] Level 1:colcon.colcon_core.shell:create_environment_hook('rtabmap_rviz_plugins', 'ld_library_path_lib')
[234.467s] INFO:colcon.colcon_core.shell:Creating environment hook '/home/deepak/electronic_ws/install/rtabmap_rviz_plugins/share/rtabmap_rviz_plugins/hook/ld_library_path_lib.ps1'
[234.469s] INFO:colcon.colcon_core.shell:Creating environment descriptor '/home/deepak/electronic_ws/install/rtabmap_rviz_plugins/share/rtabmap_rviz_plugins/hook/ld_library_path_lib.dsv'
[234.469s] INFO:colcon.colcon_core.shell:Creating environment hook '/home/deepak/electronic_ws/install/rtabmap_rviz_plugins/share/rtabmap_rviz_plugins/hook/ld_library_path_lib.sh'
[234.470s] Level 1:colcon.colcon_core.environment:checking '/home/deepak/electronic_ws/install/rtabmap_rviz_plugins/bin'
[234.470s] Level 1:colcon.colcon_core.environment:checking '/home/deepak/electronic_ws/install/rtabmap_rviz_plugins/lib/pkgconfig/rtabmap_rviz_plugins.pc'
[234.475s] Level 1:colcon.colcon_core.environment:checking '/home/deepak/electronic_ws/install/rtabmap_rviz_plugins/lib/python3.8/site-packages'
[234.476s] Level 1:colcon.colcon_core.environment:checking '/home/deepak/electronic_ws/install/rtabmap_rviz_plugins/bin'
[234.477s] INFO:colcon.colcon_core.shell:Creating package script '/home/deepak/electronic_ws/install/rtabmap_rviz_plugins/share/rtabmap_rviz_plugins/package.ps1'
[234.480s] INFO:colcon.colcon_core.shell:Creating package descriptor '/home/deepak/electronic_ws/install/rtabmap_rviz_plugins/share/rtabmap_rviz_plugins/package.dsv'
[234.481s] INFO:colcon.colcon_core.shell:Creating package script '/home/deepak/electronic_ws/install/rtabmap_rviz_plugins/share/rtabmap_rviz_plugins/package.sh'
[234.482s] INFO:colcon.colcon_core.shell:Creating package script '/home/deepak/electronic_ws/install/rtabmap_rviz_plugins/share/rtabmap_rviz_plugins/package.bash'
[234.485s] INFO:colcon.colcon_core.shell:Creating package script '/home/deepak/electronic_ws/install/rtabmap_rviz_plugins/share/rtabmap_rviz_plugins/package.zsh'
[234.489s] Level 1:colcon.colcon_core.environment:create_file_with_runtime_dependencies(/home/deepak/electronic_ws/install/rtabmap_rviz_plugins/share/colcon-core/packages/rtabmap_rviz_plugins)
[234.491s] Level 1:colcon.colcon_core.environment:create_environment_scripts_only(rtabmap_rviz_plugins)
[234.492s] Level 1:colcon.colcon_core.environment:checking '/home/deepak/electronic_ws/install/rtabmap_rviz_plugins' for CMake module files
[234.492s] Level 1:colcon.colcon_core.environment:checking '/home/deepak/electronic_ws/install/rtabmap_rviz_plugins' for CMake config files
[234.492s] Level 1:colcon.colcon_core.shell:create_environment_hook('rtabmap_rviz_plugins', 'cmake_prefix_path')
[234.493s] INFO:colcon.colcon_core.shell:Creating environment hook '/home/deepak/electronic_ws/install/rtabmap_rviz_plugins/share/rtabmap_rviz_plugins/hook/cmake_prefix_path.ps1'
[234.493s] INFO:colcon.colcon_core.shell:Creating environment descriptor '/home/deepak/electronic_ws/install/rtabmap_rviz_plugins/share/rtabmap_rviz_plugins/hook/cmake_prefix_path.dsv'
[234.494s] INFO:colcon.colcon_core.shell:Creating environment hook '/home/deepak/electronic_ws/install/rtabmap_rviz_plugins/share/rtabmap_rviz_plugins/hook/cmake_prefix_path.sh'
[234.494s] Level 1:colcon.colcon_core.environment:checking '/home/deepak/electronic_ws/install/rtabmap_rviz_plugins/lib'
[234.494s] Level 1:colcon.colcon_core.shell:create_environment_hook('rtabmap_rviz_plugins', 'ld_library_path_lib')
[234.495s] INFO:colcon.colcon_core.shell:Creating environment hook '/home/deepak/electronic_ws/install/rtabmap_rviz_plugins/share/rtabmap_rviz_plugins/hook/ld_library_path_lib.ps1'
[234.495s] INFO:colcon.colcon_core.shell:Creating environment descriptor '/home/deepak/electronic_ws/install/rtabmap_rviz_plugins/share/rtabmap_rviz_plugins/hook/ld_library_path_lib.dsv'
[234.496s] INFO:colcon.colcon_core.shell:Creating environment hook '/home/deepak/electronic_ws/install/rtabmap_rviz_plugins/share/rtabmap_rviz_plugins/hook/ld_library_path_lib.sh'
[234.497s] Level 1:colcon.colcon_core.environment:checking '/home/deepak/electronic_ws/install/rtabmap_rviz_plugins/bin'
[234.497s] Level 1:colcon.colcon_core.environment:checking '/home/deepak/electronic_ws/install/rtabmap_rviz_plugins/lib/pkgconfig/rtabmap_rviz_plugins.pc'
[234.497s] Level 1:colcon.colcon_core.environment:checking '/home/deepak/electronic_ws/install/rtabmap_rviz_plugins/lib/python3.8/site-packages'
[234.497s] Level 1:colcon.colcon_core.environment:checking '/home/deepak/electronic_ws/install/rtabmap_rviz_plugins/bin'
[234.497s] INFO:colcon.colcon_core.shell:Creating package script '/home/deepak/electronic_ws/install/rtabmap_rviz_plugins/share/rtabmap_rviz_plugins/package.ps1'
[234.499s] INFO:colcon.colcon_core.shell:Creating package descriptor '/home/deepak/electronic_ws/install/rtabmap_rviz_plugins/share/rtabmap_rviz_plugins/package.dsv'
[234.499s] INFO:colcon.colcon_core.shell:Creating package script '/home/deepak/electronic_ws/install/rtabmap_rviz_plugins/share/rtabmap_rviz_plugins/package.sh'
[234.500s] INFO:colcon.colcon_core.shell:Creating package script '/home/deepak/electronic_ws/install/rtabmap_rviz_plugins/share/rtabmap_rviz_plugins/package.bash'
[234.500s] INFO:colcon.colcon_core.shell:Creating package script '/home/deepak/electronic_ws/install/rtabmap_rviz_plugins/share/rtabmap_rviz_plugins/package.zsh'
[234.501s] Level 1:colcon.colcon_core.environment:create_file_with_runtime_dependencies(/home/deepak/electronic_ws/install/rtabmap_rviz_plugins/share/colcon-core/packages/rtabmap_rviz_plugins)
[305.550s] DEBUG:colcon.colcon_core.event_handler.log_command:Invoked command in '/home/deepak/electronic_ws/build/rtabmap_sync' returned '0': AMENT_PREFIX_PATH=/home/deepak/electronic_ws/install/rtabmap_conversions:${AMENT_PREFIX_PATH} CMAKE_PREFIX_PATH=/home/deepak/electronic_ws/install/rtabmap_conversions:/opt/ros/foxy:/home/deepak/electronic_ws/install/rtabmap_msgs:/home/deepak/electronic_ws/install/rtabmap LD_LIBRARY_PATH=/home/deepak/electronic_ws/install/rtabmap_conversions/lib:/home/deepak/electronic_ws/install/rtabmap_msgs/lib:/home/deepak/electronic_ws/install/rtabmap/lib:${LD_LIBRARY_PATH} PATH=/home/deepak/electronic_ws/install/rtabmap/bin:${PATH} PKG_CONFIG_PATH=/home/deepak/electronic_ws/install/rtabmap_msgs/lib/x86_64-linux-gnu/pkgconfig:/home/deepak/electronic_ws/install/rtabmap_msgs/lib/pkgconfig:/home/deepak/electronic_ws/install/rtabmap/lib/x86_64-linux-gnu/pkgconfig:/home/deepak/electronic_ws/install/rtabmap/lib/pkgconfig PYTHONPATH=/home/deepak/electronic_ws/install/rtabmap_msgs/lib/python3.8/site-packages:${PYTHONPATH} ROS_PACKAGE_PATH=/home/deepak/electronic_ws/install/rtabmap_msgs/share /usr/bin/cmake --build /home/deepak/electronic_ws/build/rtabmap_sync -- -j8 -l8
[305.555s] DEBUG:colcon.colcon_core.event_handler.log_command:Invoking command in '/home/deepak/electronic_ws/build/rtabmap_sync': AMENT_PREFIX_PATH=/home/deepak/electronic_ws/install/rtabmap_conversions:${AMENT_PREFIX_PATH} CMAKE_PREFIX_PATH=/home/deepak/electronic_ws/install/rtabmap_conversions:/opt/ros/foxy:/home/deepak/electronic_ws/install/rtabmap_msgs:/home/deepak/electronic_ws/install/rtabmap LD_LIBRARY_PATH=/home/deepak/electronic_ws/install/rtabmap_conversions/lib:/home/deepak/electronic_ws/install/rtabmap_msgs/lib:/home/deepak/electronic_ws/install/rtabmap/lib:${LD_LIBRARY_PATH} PATH=/home/deepak/electronic_ws/install/rtabmap/bin:${PATH} PKG_CONFIG_PATH=/home/deepak/electronic_ws/install/rtabmap_msgs/lib/x86_64-linux-gnu/pkgconfig:/home/deepak/electronic_ws/install/rtabmap_msgs/lib/pkgconfig:/home/deepak/electronic_ws/install/rtabmap/lib/x86_64-linux-gnu/pkgconfig:/home/deepak/electronic_ws/install/rtabmap/lib/pkgconfig PYTHONPATH=/home/deepak/electronic_ws/install/rtabmap_msgs/lib/python3.8/site-packages:${PYTHONPATH} ROS_PACKAGE_PATH=/home/deepak/electronic_ws/install/rtabmap_msgs/share /usr/bin/cmake --install /home/deepak/electronic_ws/build/rtabmap_sync
[305.567s] DEBUG:colcon.colcon_core.event_handler.log_command:Invoked command in '/home/deepak/electronic_ws/build/rtabmap_util' returned '0': AMENT_PREFIX_PATH=/home/deepak/electronic_ws/install/rtabmap_conversions:${AMENT_PREFIX_PATH} CMAKE_PREFIX_PATH=/home/deepak/electronic_ws/install/rtabmap_conversions:/opt/ros/foxy:/home/deepak/electronic_ws/install/rtabmap_msgs:/home/deepak/electronic_ws/install/rtabmap LD_LIBRARY_PATH=/home/deepak/electronic_ws/install/rtabmap_conversions/lib:/home/deepak/electronic_ws/install/rtabmap_msgs/lib:/home/deepak/electronic_ws/install/rtabmap/lib:${LD_LIBRARY_PATH} PATH=/home/deepak/electronic_ws/install/rtabmap/bin:${PATH} PKG_CONFIG_PATH=/home/deepak/electronic_ws/install/rtabmap_msgs/lib/x86_64-linux-gnu/pkgconfig:/home/deepak/electronic_ws/install/rtabmap_msgs/lib/pkgconfig:/home/deepak/electronic_ws/install/rtabmap/lib/x86_64-linux-gnu/pkgconfig:/home/deepak/electronic_ws/install/rtabmap/lib/pkgconfig PYTHONPATH=/home/deepak/electronic_ws/install/rtabmap_msgs/lib/python3.8/site-packages:${PYTHONPATH} ROS_PACKAGE_PATH=/home/deepak/electronic_ws/install/rtabmap_msgs/share /usr/bin/cmake --build /home/deepak/electronic_ws/build/rtabmap_util -- -j8 -l8
[305.573s] DEBUG:colcon.colcon_core.event_handler.log_command:Invoking command in '/home/deepak/electronic_ws/build/rtabmap_util': AMENT_PREFIX_PATH=/home/deepak/electronic_ws/install/rtabmap_conversions:${AMENT_PREFIX_PATH} CMAKE_PREFIX_PATH=/home/deepak/electronic_ws/install/rtabmap_conversions:/opt/ros/foxy:/home/deepak/electronic_ws/install/rtabmap_msgs:/home/deepak/electronic_ws/install/rtabmap LD_LIBRARY_PATH=/home/deepak/electronic_ws/install/rtabmap_conversions/lib:/home/deepak/electronic_ws/install/rtabmap_msgs/lib:/home/deepak/electronic_ws/install/rtabmap/lib:${LD_LIBRARY_PATH} PATH=/home/deepak/electronic_ws/install/rtabmap/bin:${PATH} PKG_CONFIG_PATH=/home/deepak/electronic_ws/install/rtabmap_msgs/lib/x86_64-linux-gnu/pkgconfig:/home/deepak/electronic_ws/install/rtabmap_msgs/lib/pkgconfig:/home/deepak/electronic_ws/install/rtabmap/lib/x86_64-linux-gnu/pkgconfig:/home/deepak/electronic_ws/install/rtabmap/lib/pkgconfig PYTHONPATH=/home/deepak/electronic_ws/install/rtabmap_msgs/lib/python3.8/site-packages:${PYTHONPATH} ROS_PACKAGE_PATH=/home/deepak/electronic_ws/install/rtabmap_msgs/share /usr/bin/cmake --install /home/deepak/electronic_ws/build/rtabmap_util
[305.965s] Level 1:colcon.colcon_core.environment:create_environment_scripts_only(rtabmap_sync)
[305.966s] Level 1:colcon.colcon_core.environment:checking '/home/deepak/electronic_ws/install/rtabmap_sync' for CMake module files
[305.966s] DEBUG:colcon.colcon_core.event_handler.log_command:Invoked command in '/home/deepak/electronic_ws/build/rtabmap_sync' returned '0': AMENT_PREFIX_PATH=/home/deepak/electronic_ws/install/rtabmap_conversions:${AMENT_PREFIX_PATH} CMAKE_PREFIX_PATH=/home/deepak/electronic_ws/install/rtabmap_conversions:/opt/ros/foxy:/home/deepak/electronic_ws/install/rtabmap_msgs:/home/deepak/electronic_ws/install/rtabmap LD_LIBRARY_PATH=/home/deepak/electronic_ws/install/rtabmap_conversions/lib:/home/deepak/electronic_ws/install/rtabmap_msgs/lib:/home/deepak/electronic_ws/install/rtabmap/lib:${LD_LIBRARY_PATH} PATH=/home/deepak/electronic_ws/install/rtabmap/bin:${PATH} PKG_CONFIG_PATH=/home/deepak/electronic_ws/install/rtabmap_msgs/lib/x86_64-linux-gnu/pkgconfig:/home/deepak/electronic_ws/install/rtabmap_msgs/lib/pkgconfig:/home/deepak/electronic_ws/install/rtabmap/lib/x86_64-linux-gnu/pkgconfig:/home/deepak/electronic_ws/install/rtabmap/lib/pkgconfig PYTHONPATH=/home/deepak/electronic_ws/install/rtabmap_msgs/lib/python3.8/site-packages:${PYTHONPATH} ROS_PACKAGE_PATH=/home/deepak/electronic_ws/install/rtabmap_msgs/share /usr/bin/cmake --install /home/deepak/electronic_ws/build/rtabmap_sync
[305.968s] Level 1:colcon.colcon_core.environment:checking '/home/deepak/electronic_ws/install/rtabmap_sync' for CMake config files
[305.969s] Level 1:colcon.colcon_core.shell:create_environment_hook('rtabmap_sync', 'cmake_prefix_path')
[305.969s] INFO:colcon.colcon_core.shell:Creating environment hook '/home/deepak/electronic_ws/install/rtabmap_sync/share/rtabmap_sync/hook/cmake_prefix_path.ps1'
[305.970s] INFO:colcon.colcon_core.shell:Creating environment descriptor '/home/deepak/electronic_ws/install/rtabmap_sync/share/rtabmap_sync/hook/cmake_prefix_path.dsv'
[305.971s] INFO:colcon.colcon_core.shell:Creating environment hook '/home/deepak/electronic_ws/install/rtabmap_sync/share/rtabmap_sync/hook/cmake_prefix_path.sh'
[305.971s] Level 1:colcon.colcon_core.environment:checking '/home/deepak/electronic_ws/install/rtabmap_sync/lib'
[305.972s] Level 1:colcon.colcon_core.shell:create_environment_hook('rtabmap_sync', 'ld_library_path_lib')
[305.972s] INFO:colcon.colcon_core.shell:Creating environment hook '/home/deepak/electronic_ws/install/rtabmap_sync/share/rtabmap_sync/hook/ld_library_path_lib.ps1'
[305.972s] INFO:colcon.colcon_core.shell:Creating environment descriptor '/home/deepak/electronic_ws/install/rtabmap_sync/share/rtabmap_sync/hook/ld_library_path_lib.dsv'
[305.972s] INFO:colcon.colcon_core.shell:Creating environment hook '/home/deepak/electronic_ws/install/rtabmap_sync/share/rtabmap_sync/hook/ld_library_path_lib.sh'
[305.973s] Level 1:colcon.colcon_core.environment:checking '/home/deepak/electronic_ws/install/rtabmap_sync/bin'
[305.973s] Level 1:colcon.colcon_core.environment:checking '/home/deepak/electronic_ws/install/rtabmap_sync/lib/pkgconfig/rtabmap_sync.pc'
[305.974s] Level 1:colcon.colcon_core.environment:checking '/home/deepak/electronic_ws/install/rtabmap_sync/lib/python3.8/site-packages'
[305.974s] Level 1:colcon.colcon_core.environment:checking '/home/deepak/electronic_ws/install/rtabmap_sync/bin'
[305.975s] INFO:colcon.colcon_core.shell:Creating package script '/home/deepak/electronic_ws/install/rtabmap_sync/share/rtabmap_sync/package.ps1'
[305.976s] INFO:colcon.colcon_core.shell:Creating package descriptor '/home/deepak/electronic_ws/install/rtabmap_sync/share/rtabmap_sync/package.dsv'
[305.977s] INFO:colcon.colcon_core.shell:Creating package script '/home/deepak/electronic_ws/install/rtabmap_sync/share/rtabmap_sync/package.sh'
[305.978s] INFO:colcon.colcon_core.shell:Creating package script '/home/deepak/electronic_ws/install/rtabmap_sync/share/rtabmap_sync/package.bash'
[305.980s] INFO:colcon.colcon_core.shell:Creating package script '/home/deepak/electronic_ws/install/rtabmap_sync/share/rtabmap_sync/package.zsh'
[305.981s] Level 1:colcon.colcon_core.environment:create_file_with_runtime_dependencies(/home/deepak/electronic_ws/install/rtabmap_sync/share/colcon-core/packages/rtabmap_sync)
[305.983s] Level 1:colcon.colcon_core.environment:create_environment_scripts_only(rtabmap_sync)
[305.984s] Level 1:colcon.colcon_core.environment:checking '/home/deepak/electronic_ws/install/rtabmap_sync' for CMake module files
[305.985s] Level 1:colcon.colcon_core.environment:checking '/home/deepak/electronic_ws/install/rtabmap_sync' for CMake config files
[305.985s] Level 1:colcon.colcon_core.shell:create_environment_hook('rtabmap_sync', 'cmake_prefix_path')
[305.986s] INFO:colcon.colcon_core.shell:Creating environment hook '/home/deepak/electronic_ws/install/rtabmap_sync/share/rtabmap_sync/hook/cmake_prefix_path.ps1'
[305.986s] INFO:colcon.colcon_core.shell:Creating environment descriptor '/home/deepak/electronic_ws/install/rtabmap_sync/share/rtabmap_sync/hook/cmake_prefix_path.dsv'
[305.987s] INFO:colcon.colcon_core.shell:Creating environment hook '/home/deepak/electronic_ws/install/rtabmap_sync/share/rtabmap_sync/hook/cmake_prefix_path.sh'
[305.989s] Level 1:colcon.colcon_core.environment:checking '/home/deepak/electronic_ws/install/rtabmap_sync/lib'
[305.989s] Level 1:colcon.colcon_core.shell:create_environment_hook('rtabmap_sync', 'ld_library_path_lib')
[305.989s] INFO:colcon.colcon_core.shell:Creating environment hook '/home/deepak/electronic_ws/install/rtabmap_sync/share/rtabmap_sync/hook/ld_library_path_lib.ps1'
[305.990s] INFO:colcon.colcon_core.shell:Creating environment descriptor '/home/deepak/electronic_ws/install/rtabmap_sync/share/rtabmap_sync/hook/ld_library_path_lib.dsv'
[305.990s] INFO:colcon.colcon_core.shell:Creating environment hook '/home/deepak/electronic_ws/install/rtabmap_sync/share/rtabmap_sync/hook/ld_library_path_lib.sh'
[305.991s] Level 1:colcon.colcon_core.environment:checking '/home/deepak/electronic_ws/install/rtabmap_sync/bin'
[305.991s] Level 1:colcon.colcon_core.environment:checking '/home/deepak/electronic_ws/install/rtabmap_sync/lib/pkgconfig/rtabmap_sync.pc'
[305.992s] Level 1:colcon.colcon_core.environment:checking '/home/deepak/electronic_ws/install/rtabmap_sync/lib/python3.8/site-packages'
[305.992s] Level 1:colcon.colcon_core.environment:checking '/home/deepak/electronic_ws/install/rtabmap_sync/bin'
[305.993s] INFO:colcon.colcon_core.shell:Creating package script '/home/deepak/electronic_ws/install/rtabmap_sync/share/rtabmap_sync/package.ps1'
[305.994s] INFO:colcon.colcon_core.shell:Creating package descriptor '/home/deepak/electronic_ws/install/rtabmap_sync/share/rtabmap_sync/package.dsv'
[305.995s] INFO:colcon.colcon_core.shell:Creating package script '/home/deepak/electronic_ws/install/rtabmap_sync/share/rtabmap_sync/package.sh'
[305.996s] INFO:colcon.colcon_core.shell:Creating package script '/home/deepak/electronic_ws/install/rtabmap_sync/share/rtabmap_sync/package.bash'
[305.997s] INFO:colcon.colcon_core.shell:Creating package script '/home/deepak/electronic_ws/install/rtabmap_sync/share/rtabmap_sync/package.zsh'
[305.998s] Level 1:colcon.colcon_core.environment:create_file_with_runtime_dependencies(/home/deepak/electronic_ws/install/rtabmap_sync/share/colcon-core/packages/rtabmap_sync)
[306.001s] INFO:colcon.colcon_ros.task.ament_cmake.build:Building ROS package in '/home/deepak/electronic_ws/src/rtabmap_ros/rtabmap_viz' with build type 'ament_cmake'
[306.003s] INFO:colcon.colcon_cmake.task.cmake.build:Building CMake package in '/home/deepak/electronic_ws/src/rtabmap_ros/rtabmap_viz'
[306.003s] INFO:colcon.colcon_core.shell:Skip shell extension 'powershell' for command environment: Not usable outside of PowerShell
[306.004s] DEBUG:colcon.colcon_core.shell:Skip shell extension 'dsv' for command environment
[306.021s] Level 1:colcon.colcon_core.environment:create_environment_scripts_only(rtabmap_util)
[306.021s] Level 1:colcon.colcon_core.environment:checking '/home/deepak/electronic_ws/install/rtabmap_util' for CMake module files
[306.022s] DEBUG:colcon.colcon_core.event_handler.log_command:Invoked command in '/home/deepak/electronic_ws/build/rtabmap_util' returned '0': AMENT_PREFIX_PATH=/home/deepak/electronic_ws/install/rtabmap_conversions:${AMENT_PREFIX_PATH} CMAKE_PREFIX_PATH=/home/deepak/electronic_ws/install/rtabmap_conversions:/opt/ros/foxy:/home/deepak/electronic_ws/install/rtabmap_msgs:/home/deepak/electronic_ws/install/rtabmap LD_LIBRARY_PATH=/home/deepak/electronic_ws/install/rtabmap_conversions/lib:/home/deepak/electronic_ws/install/rtabmap_msgs/lib:/home/deepak/electronic_ws/install/rtabmap/lib:${LD_LIBRARY_PATH} PATH=/home/deepak/electronic_ws/install/rtabmap/bin:${PATH} PKG_CONFIG_PATH=/home/deepak/electronic_ws/install/rtabmap_msgs/lib/x86_64-linux-gnu/pkgconfig:/home/deepak/electronic_ws/install/rtabmap_msgs/lib/pkgconfig:/home/deepak/electronic_ws/install/rtabmap/lib/x86_64-linux-gnu/pkgconfig:/home/deepak/electronic_ws/install/rtabmap/lib/pkgconfig PYTHONPATH=/home/deepak/electronic_ws/install/rtabmap_msgs/lib/python3.8/site-packages:${PYTHONPATH} ROS_PACKAGE_PATH=/home/deepak/electronic_ws/install/rtabmap_msgs/share /usr/bin/cmake --install /home/deepak/electronic_ws/build/rtabmap_util
[306.022s] Level 1:colcon.colcon_core.environment:checking '/home/deepak/electronic_ws/install/rtabmap_util' for CMake config files
[306.023s] Level 1:colcon.colcon_core.shell:create_environment_hook('rtabmap_util', 'cmake_prefix_path')
[306.023s] INFO:colcon.colcon_core.shell:Creating environment hook '/home/deepak/electronic_ws/install/rtabmap_util/share/rtabmap_util/hook/cmake_prefix_path.ps1'
[306.024s] INFO:colcon.colcon_core.shell:Creating environment descriptor '/home/deepak/electronic_ws/install/rtabmap_util/share/rtabmap_util/hook/cmake_prefix_path.dsv'
[306.024s] INFO:colcon.colcon_core.shell:Creating environment hook '/home/deepak/electronic_ws/install/rtabmap_util/share/rtabmap_util/hook/cmake_prefix_path.sh'
[306.025s] Level 1:colcon.colcon_core.environment:checking '/home/deepak/electronic_ws/install/rtabmap_util/lib'
[306.025s] Level 1:colcon.colcon_core.shell:create_environment_hook('rtabmap_util', 'ld_library_path_lib')
[306.025s] INFO:colcon.colcon_core.shell:Creating environment hook '/home/deepak/electronic_ws/install/rtabmap_util/share/rtabmap_util/hook/ld_library_path_lib.ps1'
[306.025s] INFO:colcon.colcon_core.shell:Creating environment descriptor '/home/deepak/electronic_ws/install/rtabmap_util/share/rtabmap_util/hook/ld_library_path_lib.dsv'
[306.026s] INFO:colcon.colcon_core.shell:Creating environment hook '/home/deepak/electronic_ws/install/rtabmap_util/share/rtabmap_util/hook/ld_library_path_lib.sh'
[306.026s] Level 1:colcon.colcon_core.environment:checking '/home/deepak/electronic_ws/install/rtabmap_util/bin'
[306.026s] Level 1:colcon.colcon_core.environment:checking '/home/deepak/electronic_ws/install/rtabmap_util/lib/pkgconfig/rtabmap_util.pc'
[306.027s] Level 1:colcon.colcon_core.environment:checking '/home/deepak/electronic_ws/install/rtabmap_util/lib/python3.8/site-packages'
[306.027s] Level 1:colcon.colcon_core.environment:checking '/home/deepak/electronic_ws/install/rtabmap_util/bin'
[306.027s] INFO:colcon.colcon_core.shell:Creating package script '/home/deepak/electronic_ws/install/rtabmap_util/share/rtabmap_util/package.ps1'
[306.028s] INFO:colcon.colcon_core.shell:Creating package descriptor '/home/deepak/electronic_ws/install/rtabmap_util/share/rtabmap_util/package.dsv'
[306.028s] INFO:colcon.colcon_core.shell:Creating package script '/home/deepak/electronic_ws/install/rtabmap_util/share/rtabmap_util/package.sh'
[306.029s] INFO:colcon.colcon_core.shell:Creating package script '/home/deepak/electronic_ws/install/rtabmap_util/share/rtabmap_util/package.bash'
[306.029s] INFO:colcon.colcon_core.shell:Creating package script '/home/deepak/electronic_ws/install/rtabmap_util/share/rtabmap_util/package.zsh'
[306.030s] Level 1:colcon.colcon_core.environment:create_file_with_runtime_dependencies(/home/deepak/electronic_ws/install/rtabmap_util/share/colcon-core/packages/rtabmap_util)
[306.031s] Level 1:colcon.colcon_core.environment:create_environment_scripts_only(rtabmap_util)
[306.031s] Level 1:colcon.colcon_core.environment:checking '/home/deepak/electronic_ws/install/rtabmap_util' for CMake module files
[306.032s] Level 1:colcon.colcon_core.environment:checking '/home/deepak/electronic_ws/install/rtabmap_util' for CMake config files
[306.032s] Level 1:colcon.colcon_core.shell:create_environment_hook('rtabmap_util', 'cmake_prefix_path')
[306.032s] INFO:colcon.colcon_core.shell:Creating environment hook '/home/deepak/electronic_ws/install/rtabmap_util/share/rtabmap_util/hook/cmake_prefix_path.ps1'
[306.034s] INFO:colcon.colcon_core.shell:Creating environment descriptor '/home/deepak/electronic_ws/install/rtabmap_util/share/rtabmap_util/hook/cmake_prefix_path.dsv'
[306.034s] INFO:colcon.colcon_core.shell:Creating environment hook '/home/deepak/electronic_ws/install/rtabmap_util/share/rtabmap_util/hook/cmake_prefix_path.sh'
[306.035s] Level 1:colcon.colcon_core.environment:checking '/home/deepak/electronic_ws/install/rtabmap_util/lib'
[306.035s] Level 1:colcon.colcon_core.shell:create_environment_hook('rtabmap_util', 'ld_library_path_lib')
[306.035s] INFO:colcon.colcon_core.shell:Creating environment hook '/home/deepak/electronic_ws/install/rtabmap_util/share/rtabmap_util/hook/ld_library_path_lib.ps1'
[306.035s] INFO:colcon.colcon_core.shell:Creating environment descriptor '/home/deepak/electronic_ws/install/rtabmap_util/share/rtabmap_util/hook/ld_library_path_lib.dsv'
[306.035s] INFO:colcon.colcon_core.shell:Creating environment hook '/home/deepak/electronic_ws/install/rtabmap_util/share/rtabmap_util/hook/ld_library_path_lib.sh'
[306.036s] Level 1:colcon.colcon_core.environment:checking '/home/deepak/electronic_ws/install/rtabmap_util/bin'
[306.036s] Level 1:colcon.colcon_core.environment:checking '/home/deepak/electronic_ws/install/rtabmap_util/lib/pkgconfig/rtabmap_util.pc'
[306.036s] Level 1:colcon.colcon_core.environment:checking '/home/deepak/electronic_ws/install/rtabmap_util/lib/python3.8/site-packages'
[306.036s] Level 1:colcon.colcon_core.environment:checking '/home/deepak/electronic_ws/install/rtabmap_util/bin'
[306.036s] INFO:colcon.colcon_core.shell:Creating package script '/home/deepak/electronic_ws/install/rtabmap_util/share/rtabmap_util/package.ps1'
[306.037s] INFO:colcon.colcon_core.shell:Creating package descriptor '/home/deepak/electronic_ws/install/rtabmap_util/share/rtabmap_util/package.dsv'
[306.037s] INFO:colcon.colcon_core.shell:Creating package script '/home/deepak/electronic_ws/install/rtabmap_util/share/rtabmap_util/package.sh'
[306.038s] INFO:colcon.colcon_core.shell:Creating package script '/home/deepak/electronic_ws/install/rtabmap_util/share/rtabmap_util/package.bash'
[306.038s] INFO:colcon.colcon_core.shell:Creating package script '/home/deepak/electronic_ws/install/rtabmap_util/share/rtabmap_util/package.zsh'
[306.038s] Level 1:colcon.colcon_core.environment:create_file_with_runtime_dependencies(/home/deepak/electronic_ws/install/rtabmap_util/share/colcon-core/packages/rtabmap_util)
[306.040s] INFO:colcon.colcon_ros.task.ament_cmake.build:Building ROS package in '/home/deepak/electronic_ws/src/rtabmap_ros/rtabmap_odom' with build type 'ament_cmake'
[306.040s] INFO:colcon.colcon_cmake.task.cmake.build:Building CMake package in '/home/deepak/electronic_ws/src/rtabmap_ros/rtabmap_odom'
[306.040s] INFO:colcon.colcon_core.shell:Skip shell extension 'powershell' for command environment: Not usable outside of PowerShell
[306.040s] DEBUG:colcon.colcon_core.shell:Skip shell extension 'dsv' for command environment
[306.046s] INFO:colcon.colcon_ros.task.ament_cmake.build:Building ROS package in '/home/deepak/electronic_ws/src/rtabmap_ros/rtabmap_slam' with build type 'ament_cmake'
[306.046s] INFO:colcon.colcon_cmake.task.cmake.build:Building CMake package in '/home/deepak/electronic_ws/src/rtabmap_ros/rtabmap_slam'
[306.047s] INFO:colcon.colcon_core.shell:Skip shell extension 'powershell' for command environment: Not usable outside of PowerShell
[306.047s] DEBUG:colcon.colcon_core.shell:Skip shell extension 'dsv' for command environment
[306.060s] DEBUG:colcon.colcon_core.event_handler.log_command:Invoking command in '/home/deepak/electronic_ws/build/rtabmap_viz': AMENT_PREFIX_PATH=/home/deepak/electronic_ws/install/rtabmap_sync:/home/deepak/electronic_ws/install/rtabmap_conversions:${AMENT_PREFIX_PATH} CMAKE_PREFIX_PATH=/home/deepak/electronic_ws/install/rtabmap_sync:/home/deepak/electronic_ws/install/rtabmap_conversions:/opt/ros/foxy:/home/deepak/electronic_ws/install/rtabmap_msgs:/home/deepak/electronic_ws/install/rtabmap LD_LIBRARY_PATH=/home/deepak/electronic_ws/install/rtabmap_sync/lib:/home/deepak/electronic_ws/install/rtabmap_conversions/lib:/home/deepak/electronic_ws/install/rtabmap_msgs/lib:/home/deepak/electronic_ws/install/rtabmap/lib:${LD_LIBRARY_PATH} PATH=/home/deepak/electronic_ws/install/rtabmap/bin:${PATH} PKG_CONFIG_PATH=/home/deepak/electronic_ws/install/rtabmap_msgs/lib/x86_64-linux-gnu/pkgconfig:/home/deepak/electronic_ws/install/rtabmap_msgs/lib/pkgconfig:/home/deepak/electronic_ws/install/rtabmap/lib/x86_64-linux-gnu/pkgconfig:/home/deepak/electronic_ws/install/rtabmap/lib/pkgconfig PYTHONPATH=/home/deepak/electronic_ws/install/rtabmap_msgs/lib/python3.8/site-packages:${PYTHONPATH} ROS_PACKAGE_PATH=/home/deepak/electronic_ws/install/rtabmap_msgs/share /usr/bin/cmake /home/deepak/electronic_ws/src/rtabmap_ros/rtabmap_viz -DAMENT_CMAKE_SYMLINK_INSTALL=1 -DCMAKE_INSTALL_PREFIX=/home/deepak/electronic_ws/install/rtabmap_viz
[306.064s] DEBUG:colcon.colcon_core.event_handler.log_command:Invoking command in '/home/deepak/electronic_ws/build/rtabmap_odom': AMENT_PREFIX_PATH=/home/deepak/electronic_ws/install/rtabmap_util:/home/deepak/electronic_ws/install/rtabmap_conversions:${AMENT_PREFIX_PATH} CMAKE_PREFIX_PATH=/home/deepak/electronic_ws/install/rtabmap_util:/home/deepak/electronic_ws/install/rtabmap_conversions:/opt/ros/foxy:/home/deepak/electronic_ws/install/rtabmap_msgs:/home/deepak/electronic_ws/install/rtabmap LD_LIBRARY_PATH=/home/deepak/electronic_ws/install/rtabmap_util/lib:/home/deepak/electronic_ws/install/rtabmap_conversions/lib:/home/deepak/electronic_ws/install/rtabmap_msgs/lib:/home/deepak/electronic_ws/install/rtabmap/lib:${LD_LIBRARY_PATH} PATH=/home/deepak/electronic_ws/install/rtabmap/bin:${PATH} PKG_CONFIG_PATH=/home/deepak/electronic_ws/install/rtabmap_msgs/lib/x86_64-linux-gnu/pkgconfig:/home/deepak/electronic_ws/install/rtabmap_msgs/lib/pkgconfig:/home/deepak/electronic_ws/install/rtabmap/lib/x86_64-linux-gnu/pkgconfig:/home/deepak/electronic_ws/install/rtabmap/lib/pkgconfig PYTHONPATH=/home/deepak/electronic_ws/install/rtabmap_msgs/lib/python3.8/site-packages:${PYTHONPATH} ROS_PACKAGE_PATH=/home/deepak/electronic_ws/install/rtabmap_msgs/share /usr/bin/cmake /home/deepak/electronic_ws/src/rtabmap_ros/rtabmap_odom -DAMENT_CMAKE_SYMLINK_INSTALL=1 -DCMAKE_INSTALL_PREFIX=/home/deepak/electronic_ws/install/rtabmap_odom
[306.069s] DEBUG:colcon.colcon_core.event_handler.log_command:Invoking command in '/home/deepak/electronic_ws/build/rtabmap_slam': AMENT_PREFIX_PATH=/home/deepak/electronic_ws/install/rtabmap_util:/home/deepak/electronic_ws/install/rtabmap_sync:/home/deepak/electronic_ws/install/rtabmap_conversions:${AMENT_PREFIX_PATH} CMAKE_PREFIX_PATH=/home/deepak/electronic_ws/install/rtabmap_util:/home/deepak/electronic_ws/install/rtabmap_sync:/home/deepak/electronic_ws/install/rtabmap_conversions:/opt/ros/foxy:/home/deepak/electronic_ws/install/rtabmap_msgs:/home/deepak/electronic_ws/install/rtabmap LD_LIBRARY_PATH=/home/deepak/electronic_ws/install/rtabmap_util/lib:/home/deepak/electronic_ws/install/rtabmap_sync/lib:/home/deepak/electronic_ws/install/rtabmap_conversions/lib:/home/deepak/electronic_ws/install/rtabmap_msgs/lib:/home/deepak/electronic_ws/install/rtabmap/lib:${LD_LIBRARY_PATH} PATH=/home/deepak/electronic_ws/install/rtabmap/bin:${PATH} PKG_CONFIG_PATH=/home/deepak/electronic_ws/install/rtabmap_msgs/lib/x86_64-linux-gnu/pkgconfig:/home/deepak/electronic_ws/install/rtabmap_msgs/lib/pkgconfig:/home/deepak/electronic_ws/install/rtabmap/lib/x86_64-linux-gnu/pkgconfig:/home/deepak/electronic_ws/install/rtabmap/lib/pkgconfig PYTHONPATH=/home/deepak/electronic_ws/install/rtabmap_msgs/lib/python3.8/site-packages:${PYTHONPATH} ROS_PACKAGE_PATH=/home/deepak/electronic_ws/install/rtabmap_msgs/share /usr/bin/cmake /home/deepak/electronic_ws/src/rtabmap_ros/rtabmap_slam -DAMENT_CMAKE_SYMLINK_INSTALL=1 -DCMAKE_INSTALL_PREFIX=/home/deepak/electronic_ws/install/rtabmap_slam
[310.832s] DEBUG:colcon.colcon_core.event_handler.log_command:Invoked command in '/home/deepak/electronic_ws/build/rtabmap_viz' returned '0': AMENT_PREFIX_PATH=/home/deepak/electronic_ws/install/rtabmap_sync:/home/deepak/electronic_ws/install/rtabmap_conversions:${AMENT_PREFIX_PATH} CMAKE_PREFIX_PATH=/home/deepak/electronic_ws/install/rtabmap_sync:/home/deepak/electronic_ws/install/rtabmap_conversions:/opt/ros/foxy:/home/deepak/electronic_ws/install/rtabmap_msgs:/home/deepak/electronic_ws/install/rtabmap LD_LIBRARY_PATH=/home/deepak/electronic_ws/install/rtabmap_sync/lib:/home/deepak/electronic_ws/install/rtabmap_conversions/lib:/home/deepak/electronic_ws/install/rtabmap_msgs/lib:/home/deepak/electronic_ws/install/rtabmap/lib:${LD_LIBRARY_PATH} PATH=/home/deepak/electronic_ws/install/rtabmap/bin:${PATH} PKG_CONFIG_PATH=/home/deepak/electronic_ws/install/rtabmap_msgs/lib/x86_64-linux-gnu/pkgconfig:/home/deepak/electronic_ws/install/rtabmap_msgs/lib/pkgconfig:/home/deepak/electronic_ws/install/rtabmap/lib/x86_64-linux-gnu/pkgconfig:/home/deepak/electronic_ws/install/rtabmap/lib/pkgconfig PYTHONPATH=/home/deepak/electronic_ws/install/rtabmap_msgs/lib/python3.8/site-packages:${PYTHONPATH} ROS_PACKAGE_PATH=/home/deepak/electronic_ws/install/rtabmap_msgs/share /usr/bin/cmake /home/deepak/electronic_ws/src/rtabmap_ros/rtabmap_viz -DAMENT_CMAKE_SYMLINK_INSTALL=1 -DCMAKE_INSTALL_PREFIX=/home/deepak/electronic_ws/install/rtabmap_viz
[310.838s] DEBUG:colcon.colcon_core.event_handler.log_command:Invoking command in '/home/deepak/electronic_ws/build/rtabmap_viz': AMENT_PREFIX_PATH=/home/deepak/electronic_ws/install/rtabmap_sync:/home/deepak/electronic_ws/install/rtabmap_conversions:${AMENT_PREFIX_PATH} CMAKE_PREFIX_PATH=/home/deepak/electronic_ws/install/rtabmap_sync:/home/deepak/electronic_ws/install/rtabmap_conversions:/opt/ros/foxy:/home/deepak/electronic_ws/install/rtabmap_msgs:/home/deepak/electronic_ws/install/rtabmap LD_LIBRARY_PATH=/home/deepak/electronic_ws/install/rtabmap_sync/lib:/home/deepak/electronic_ws/install/rtabmap_conversions/lib:/home/deepak/electronic_ws/install/rtabmap_msgs/lib:/home/deepak/electronic_ws/install/rtabmap/lib:${LD_LIBRARY_PATH} PATH=/home/deepak/electronic_ws/install/rtabmap/bin:${PATH} PKG_CONFIG_PATH=/home/deepak/electronic_ws/install/rtabmap_msgs/lib/x86_64-linux-gnu/pkgconfig:/home/deepak/electronic_ws/install/rtabmap_msgs/lib/pkgconfig:/home/deepak/electronic_ws/install/rtabmap/lib/x86_64-linux-gnu/pkgconfig:/home/deepak/electronic_ws/install/rtabmap/lib/pkgconfig PYTHONPATH=/home/deepak/electronic_ws/install/rtabmap_msgs/lib/python3.8/site-packages:${PYTHONPATH} ROS_PACKAGE_PATH=/home/deepak/electronic_ws/install/rtabmap_msgs/share /usr/bin/cmake --build /home/deepak/electronic_ws/build/rtabmap_viz -- -j8 -l8
[312.032s] DEBUG:colcon.colcon_core.event_handler.log_command:Invoked command in '/home/deepak/electronic_ws/build/rtabmap_slam' returned '0': AMENT_PREFIX_PATH=/home/deepak/electronic_ws/install/rtabmap_util:/home/deepak/electronic_ws/install/rtabmap_sync:/home/deepak/electronic_ws/install/rtabmap_conversions:${AMENT_PREFIX_PATH} CMAKE_PREFIX_PATH=/home/deepak/electronic_ws/install/rtabmap_util:/home/deepak/electronic_ws/install/rtabmap_sync:/home/deepak/electronic_ws/install/rtabmap_conversions:/opt/ros/foxy:/home/deepak/electronic_ws/install/rtabmap_msgs:/home/deepak/electronic_ws/install/rtabmap LD_LIBRARY_PATH=/home/deepak/electronic_ws/install/rtabmap_util/lib:/home/deepak/electronic_ws/install/rtabmap_sync/lib:/home/deepak/electronic_ws/install/rtabmap_conversions/lib:/home/deepak/electronic_ws/install/rtabmap_msgs/lib:/home/deepak/electronic_ws/install/rtabmap/lib:${LD_LIBRARY_PATH} PATH=/home/deepak/electronic_ws/install/rtabmap/bin:${PATH} PKG_CONFIG_PATH=/home/deepak/electronic_ws/install/rtabmap_msgs/lib/x86_64-linux-gnu/pkgconfig:/home/deepak/electronic_ws/install/rtabmap_msgs/lib/pkgconfig:/home/deepak/electronic_ws/install/rtabmap/lib/x86_64-linux-gnu/pkgconfig:/home/deepak/electronic_ws/install/rtabmap/lib/pkgconfig PYTHONPATH=/home/deepak/electronic_ws/install/rtabmap_msgs/lib/python3.8/site-packages:${PYTHONPATH} ROS_PACKAGE_PATH=/home/deepak/electronic_ws/install/rtabmap_msgs/share /usr/bin/cmake /home/deepak/electronic_ws/src/rtabmap_ros/rtabmap_slam -DAMENT_CMAKE_SYMLINK_INSTALL=1 -DCMAKE_INSTALL_PREFIX=/home/deepak/electronic_ws/install/rtabmap_slam
[312.035s] DEBUG:colcon.colcon_core.event_handler.log_command:Invoking command in '/home/deepak/electronic_ws/build/rtabmap_slam': AMENT_PREFIX_PATH=/home/deepak/electronic_ws/install/rtabmap_util:/home/deepak/electronic_ws/install/rtabmap_sync:/home/deepak/electronic_ws/install/rtabmap_conversions:${AMENT_PREFIX_PATH} CMAKE_PREFIX_PATH=/home/deepak/electronic_ws/install/rtabmap_util:/home/deepak/electronic_ws/install/rtabmap_sync:/home/deepak/electronic_ws/install/rtabmap_conversions:/opt/ros/foxy:/home/deepak/electronic_ws/install/rtabmap_msgs:/home/deepak/electronic_ws/install/rtabmap LD_LIBRARY_PATH=/home/deepak/electronic_ws/install/rtabmap_util/lib:/home/deepak/electronic_ws/install/rtabmap_sync/lib:/home/deepak/electronic_ws/install/rtabmap_conversions/lib:/home/deepak/electronic_ws/install/rtabmap_msgs/lib:/home/deepak/electronic_ws/install/rtabmap/lib:${LD_LIBRARY_PATH} PATH=/home/deepak/electronic_ws/install/rtabmap/bin:${PATH} PKG_CONFIG_PATH=/home/deepak/electronic_ws/install/rtabmap_msgs/lib/x86_64-linux-gnu/pkgconfig:/home/deepak/electronic_ws/install/rtabmap_msgs/lib/pkgconfig:/home/deepak/electronic_ws/install/rtabmap/lib/x86_64-linux-gnu/pkgconfig:/home/deepak/electronic_ws/install/rtabmap/lib/pkgconfig PYTHONPATH=/home/deepak/electronic_ws/install/rtabmap_msgs/lib/python3.8/site-packages:${PYTHONPATH} ROS_PACKAGE_PATH=/home/deepak/electronic_ws/install/rtabmap_msgs/share /usr/bin/cmake --build /home/deepak/electronic_ws/build/rtabmap_slam -- -j8 -l8
[312.578s] DEBUG:colcon.colcon_core.event_handler.log_command:Invoked command in '/home/deepak/electronic_ws/build/rtabmap_odom' returned '0': AMENT_PREFIX_PATH=/home/deepak/electronic_ws/install/rtabmap_util:/home/deepak/electronic_ws/install/rtabmap_conversions:${AMENT_PREFIX_PATH} CMAKE_PREFIX_PATH=/home/deepak/electronic_ws/install/rtabmap_util:/home/deepak/electronic_ws/install/rtabmap_conversions:/opt/ros/foxy:/home/deepak/electronic_ws/install/rtabmap_msgs:/home/deepak/electronic_ws/install/rtabmap LD_LIBRARY_PATH=/home/deepak/electronic_ws/install/rtabmap_util/lib:/home/deepak/electronic_ws/install/rtabmap_conversions/lib:/home/deepak/electronic_ws/install/rtabmap_msgs/lib:/home/deepak/electronic_ws/install/rtabmap/lib:${LD_LIBRARY_PATH} PATH=/home/deepak/electronic_ws/install/rtabmap/bin:${PATH} PKG_CONFIG_PATH=/home/deepak/electronic_ws/install/rtabmap_msgs/lib/x86_64-linux-gnu/pkgconfig:/home/deepak/electronic_ws/install/rtabmap_msgs/lib/pkgconfig:/home/deepak/electronic_ws/install/rtabmap/lib/x86_64-linux-gnu/pkgconfig:/home/deepak/electronic_ws/install/rtabmap/lib/pkgconfig PYTHONPATH=/home/deepak/electronic_ws/install/rtabmap_msgs/lib/python3.8/site-packages:${PYTHONPATH} ROS_PACKAGE_PATH=/home/deepak/electronic_ws/install/rtabmap_msgs/share /usr/bin/cmake /home/deepak/electronic_ws/src/rtabmap_ros/rtabmap_odom -DAMENT_CMAKE_SYMLINK_INSTALL=1 -DCMAKE_INSTALL_PREFIX=/home/deepak/electronic_ws/install/rtabmap_odom
[312.581s] DEBUG:colcon.colcon_core.event_handler.log_command:Invoking command in '/home/deepak/electronic_ws/build/rtabmap_odom': AMENT_PREFIX_PATH=/home/deepak/electronic_ws/install/rtabmap_util:/home/deepak/electronic_ws/install/rtabmap_conversions:${AMENT_PREFIX_PATH} CMAKE_PREFIX_PATH=/home/deepak/electronic_ws/install/rtabmap_util:/home/deepak/electronic_ws/install/rtabmap_conversions:/opt/ros/foxy:/home/deepak/electronic_ws/install/rtabmap_msgs:/home/deepak/electronic_ws/install/rtabmap LD_LIBRARY_PATH=/home/deepak/electronic_ws/install/rtabmap_util/lib:/home/deepak/electronic_ws/install/rtabmap_conversions/lib:/home/deepak/electronic_ws/install/rtabmap_msgs/lib:/home/deepak/electronic_ws/install/rtabmap/lib:${LD_LIBRARY_PATH} PATH=/home/deepak/electronic_ws/install/rtabmap/bin:${PATH} PKG_CONFIG_PATH=/home/deepak/electronic_ws/install/rtabmap_msgs/lib/x86_64-linux-gnu/pkgconfig:/home/deepak/electronic_ws/install/rtabmap_msgs/lib/pkgconfig:/home/deepak/electronic_ws/install/rtabmap/lib/x86_64-linux-gnu/pkgconfig:/home/deepak/electronic_ws/install/rtabmap/lib/pkgconfig PYTHONPATH=/home/deepak/electronic_ws/install/rtabmap_msgs/lib/python3.8/site-packages:${PYTHONPATH} ROS_PACKAGE_PATH=/home/deepak/electronic_ws/install/rtabmap_msgs/share /usr/bin/cmake --build /home/deepak/electronic_ws/build/rtabmap_odom -- -j8 -l8
[365.751s] DEBUG:colcon.colcon_core.event_handler.log_command:Invoked command in '/home/deepak/electronic_ws/build/rtabmap_viz' returned '0': AMENT_PREFIX_PATH=/home/deepak/electronic_ws/install/rtabmap_sync:/home/deepak/electronic_ws/install/rtabmap_conversions:${AMENT_PREFIX_PATH} CMAKE_PREFIX_PATH=/home/deepak/electronic_ws/install/rtabmap_sync:/home/deepak/electronic_ws/install/rtabmap_conversions:/opt/ros/foxy:/home/deepak/electronic_ws/install/rtabmap_msgs:/home/deepak/electronic_ws/install/rtabmap LD_LIBRARY_PATH=/home/deepak/electronic_ws/install/rtabmap_sync/lib:/home/deepak/electronic_ws/install/rtabmap_conversions/lib:/home/deepak/electronic_ws/install/rtabmap_msgs/lib:/home/deepak/electronic_ws/install/rtabmap/lib:${LD_LIBRARY_PATH} PATH=/home/deepak/electronic_ws/install/rtabmap/bin:${PATH} PKG_CONFIG_PATH=/home/deepak/electronic_ws/install/rtabmap_msgs/lib/x86_64-linux-gnu/pkgconfig:/home/deepak/electronic_ws/install/rtabmap_msgs/lib/pkgconfig:/home/deepak/electronic_ws/install/rtabmap/lib/x86_64-linux-gnu/pkgconfig:/home/deepak/electronic_ws/install/rtabmap/lib/pkgconfig PYTHONPATH=/home/deepak/electronic_ws/install/rtabmap_msgs/lib/python3.8/site-packages:${PYTHONPATH} ROS_PACKAGE_PATH=/home/deepak/electronic_ws/install/rtabmap_msgs/share /usr/bin/cmake --build /home/deepak/electronic_ws/build/rtabmap_viz -- -j8 -l8
[365.825s] DEBUG:colcon.colcon_core.event_handler.log_command:Invoking command in '/home/deepak/electronic_ws/build/rtabmap_viz': AMENT_PREFIX_PATH=/home/deepak/electronic_ws/install/rtabmap_sync:/home/deepak/electronic_ws/install/rtabmap_conversions:${AMENT_PREFIX_PATH} CMAKE_PREFIX_PATH=/home/deepak/electronic_ws/install/rtabmap_sync:/home/deepak/electronic_ws/install/rtabmap_conversions:/opt/ros/foxy:/home/deepak/electronic_ws/install/rtabmap_msgs:/home/deepak/electronic_ws/install/rtabmap LD_LIBRARY_PATH=/home/deepak/electronic_ws/install/rtabmap_sync/lib:/home/deepak/electronic_ws/install/rtabmap_conversions/lib:/home/deepak/electronic_ws/install/rtabmap_msgs/lib:/home/deepak/electronic_ws/install/rtabmap/lib:${LD_LIBRARY_PATH} PATH=/home/deepak/electronic_ws/install/rtabmap/bin:${PATH} PKG_CONFIG_PATH=/home/deepak/electronic_ws/install/rtabmap_msgs/lib/x86_64-linux-gnu/pkgconfig:/home/deepak/electronic_ws/install/rtabmap_msgs/lib/pkgconfig:/home/deepak/electronic_ws/install/rtabmap/lib/x86_64-linux-gnu/pkgconfig:/home/deepak/electronic_ws/install/rtabmap/lib/pkgconfig PYTHONPATH=/home/deepak/electronic_ws/install/rtabmap_msgs/lib/python3.8/site-packages:${PYTHONPATH} ROS_PACKAGE_PATH=/home/deepak/electronic_ws/install/rtabmap_msgs/share /usr/bin/cmake --install /home/deepak/electronic_ws/build/rtabmap_viz
[366.022s] Level 1:colcon.colcon_core.environment:create_environment_scripts_only(rtabmap_viz)
[366.044s] Level 1:colcon.colcon_core.environment:checking '/home/deepak/electronic_ws/install/rtabmap_viz' for CMake module files
[366.044s] DEBUG:colcon.colcon_core.event_handler.log_command:Invoked command in '/home/deepak/electronic_ws/build/rtabmap_viz' returned '0': AMENT_PREFIX_PATH=/home/deepak/electronic_ws/install/rtabmap_sync:/home/deepak/electronic_ws/install/rtabmap_conversions:${AMENT_PREFIX_PATH} CMAKE_PREFIX_PATH=/home/deepak/electronic_ws/install/rtabmap_sync:/home/deepak/electronic_ws/install/rtabmap_conversions:/opt/ros/foxy:/home/deepak/electronic_ws/install/rtabmap_msgs:/home/deepak/electronic_ws/install/rtabmap LD_LIBRARY_PATH=/home/deepak/electronic_ws/install/rtabmap_sync/lib:/home/deepak/electronic_ws/install/rtabmap_conversions/lib:/home/deepak/electronic_ws/install/rtabmap_msgs/lib:/home/deepak/electronic_ws/install/rtabmap/lib:${LD_LIBRARY_PATH} PATH=/home/deepak/electronic_ws/install/rtabmap/bin:${PATH} PKG_CONFIG_PATH=/home/deepak/electronic_ws/install/rtabmap_msgs/lib/x86_64-linux-gnu/pkgconfig:/home/deepak/electronic_ws/install/rtabmap_msgs/lib/pkgconfig:/home/deepak/electronic_ws/install/rtabmap/lib/x86_64-linux-gnu/pkgconfig:/home/deepak/electronic_ws/install/rtabmap/lib/pkgconfig PYTHONPATH=/home/deepak/electronic_ws/install/rtabmap_msgs/lib/python3.8/site-packages:${PYTHONPATH} ROS_PACKAGE_PATH=/home/deepak/electronic_ws/install/rtabmap_msgs/share /usr/bin/cmake --install /home/deepak/electronic_ws/build/rtabmap_viz
[366.047s] Level 1:colcon.colcon_core.environment:checking '/home/deepak/electronic_ws/install/rtabmap_viz' for CMake config files
[366.049s] Level 1:colcon.colcon_core.shell:create_environment_hook('rtabmap_viz', 'cmake_prefix_path')
[366.053s] INFO:colcon.colcon_core.shell:Creating environment hook '/home/deepak/electronic_ws/install/rtabmap_viz/share/rtabmap_viz/hook/cmake_prefix_path.ps1'
[366.073s] INFO:colcon.colcon_core.shell:Creating environment descriptor '/home/deepak/electronic_ws/install/rtabmap_viz/share/rtabmap_viz/hook/cmake_prefix_path.dsv'
[366.078s] INFO:colcon.colcon_core.shell:Creating environment hook '/home/deepak/electronic_ws/install/rtabmap_viz/share/rtabmap_viz/hook/cmake_prefix_path.sh'
[366.086s] Level 1:colcon.colcon_core.environment:checking '/home/deepak/electronic_ws/install/rtabmap_viz/lib'
[366.086s] Level 1:colcon.colcon_core.environment:checking '/home/deepak/electronic_ws/install/rtabmap_viz/bin'
[366.087s] Level 1:colcon.colcon_core.environment:checking '/home/deepak/electronic_ws/install/rtabmap_viz/lib/pkgconfig/rtabmap_viz.pc'
[366.094s] Level 1:colcon.colcon_core.environment:checking '/home/deepak/electronic_ws/install/rtabmap_viz/lib/python3.8/site-packages'
[366.094s] Level 1:colcon.colcon_core.environment:checking '/home/deepak/electronic_ws/install/rtabmap_viz/bin'
[366.095s] INFO:colcon.colcon_core.shell:Creating package script '/home/deepak/electronic_ws/install/rtabmap_viz/share/rtabmap_viz/package.ps1'
[366.098s] INFO:colcon.colcon_core.shell:Creating package descriptor '/home/deepak/electronic_ws/install/rtabmap_viz/share/rtabmap_viz/package.dsv'
[366.099s] INFO:colcon.colcon_core.shell:Creating package script '/home/deepak/electronic_ws/install/rtabmap_viz/share/rtabmap_viz/package.sh'
[366.100s] INFO:colcon.colcon_core.shell:Creating package script '/home/deepak/electronic_ws/install/rtabmap_viz/share/rtabmap_viz/package.bash'
[366.102s] INFO:colcon.colcon_core.shell:Creating package script '/home/deepak/electronic_ws/install/rtabmap_viz/share/rtabmap_viz/package.zsh'
[366.105s] Level 1:colcon.colcon_core.environment:create_file_with_runtime_dependencies(/home/deepak/electronic_ws/install/rtabmap_viz/share/colcon-core/packages/rtabmap_viz)
[366.108s] Level 1:colcon.colcon_core.environment:create_environment_scripts_only(rtabmap_viz)
[366.108s] Level 1:colcon.colcon_core.environment:checking '/home/deepak/electronic_ws/install/rtabmap_viz' for CMake module files
[366.108s] Level 1:colcon.colcon_core.environment:checking '/home/deepak/electronic_ws/install/rtabmap_viz' for CMake config files
[366.108s] Level 1:colcon.colcon_core.shell:create_environment_hook('rtabmap_viz', 'cmake_prefix_path')
[366.109s] INFO:colcon.colcon_core.shell:Creating environment hook '/home/deepak/electronic_ws/install/rtabmap_viz/share/rtabmap_viz/hook/cmake_prefix_path.ps1'
[366.109s] INFO:colcon.colcon_core.shell:Creating environment descriptor '/home/deepak/electronic_ws/install/rtabmap_viz/share/rtabmap_viz/hook/cmake_prefix_path.dsv'
[366.110s] INFO:colcon.colcon_core.shell:Creating environment hook '/home/deepak/electronic_ws/install/rtabmap_viz/share/rtabmap_viz/hook/cmake_prefix_path.sh'
[366.111s] Level 1:colcon.colcon_core.environment:checking '/home/deepak/electronic_ws/install/rtabmap_viz/lib'
[366.111s] Level 1:colcon.colcon_core.environment:checking '/home/deepak/electronic_ws/install/rtabmap_viz/bin'
[366.111s] Level 1:colcon.colcon_core.environment:checking '/home/deepak/electronic_ws/install/rtabmap_viz/lib/pkgconfig/rtabmap_viz.pc'
[366.111s] Level 1:colcon.colcon_core.environment:checking '/home/deepak/electronic_ws/install/rtabmap_viz/lib/python3.8/site-packages'
[366.111s] Level 1:colcon.colcon_core.environment:checking '/home/deepak/electronic_ws/install/rtabmap_viz/bin'
[366.112s] INFO:colcon.colcon_core.shell:Creating package script '/home/deepak/electronic_ws/install/rtabmap_viz/share/rtabmap_viz/package.ps1'
[366.115s] INFO:colcon.colcon_core.shell:Creating package descriptor '/home/deepak/electronic_ws/install/rtabmap_viz/share/rtabmap_viz/package.dsv'
[366.116s] INFO:colcon.colcon_core.shell:Creating package script '/home/deepak/electronic_ws/install/rtabmap_viz/share/rtabmap_viz/package.sh'
[366.116s] INFO:colcon.colcon_core.shell:Creating package script '/home/deepak/electronic_ws/install/rtabmap_viz/share/rtabmap_viz/package.bash'
[366.117s] INFO:colcon.colcon_core.shell:Creating package script '/home/deepak/electronic_ws/install/rtabmap_viz/share/rtabmap_viz/package.zsh'
[366.117s] Level 1:colcon.colcon_core.environment:create_file_with_runtime_dependencies(/home/deepak/electronic_ws/install/rtabmap_viz/share/colcon-core/packages/rtabmap_viz)
[404.122s] DEBUG:colcon.colcon_core.event_handler.log_command:Invoked command in '/home/deepak/electronic_ws/build/rtabmap_odom' returned '0': AMENT_PREFIX_PATH=/home/deepak/electronic_ws/install/rtabmap_util:/home/deepak/electronic_ws/install/rtabmap_conversions:${AMENT_PREFIX_PATH} CMAKE_PREFIX_PATH=/home/deepak/electronic_ws/install/rtabmap_util:/home/deepak/electronic_ws/install/rtabmap_conversions:/opt/ros/foxy:/home/deepak/electronic_ws/install/rtabmap_msgs:/home/deepak/electronic_ws/install/rtabmap LD_LIBRARY_PATH=/home/deepak/electronic_ws/install/rtabmap_util/lib:/home/deepak/electronic_ws/install/rtabmap_conversions/lib:/home/deepak/electronic_ws/install/rtabmap_msgs/lib:/home/deepak/electronic_ws/install/rtabmap/lib:${LD_LIBRARY_PATH} PATH=/home/deepak/electronic_ws/install/rtabmap/bin:${PATH} PKG_CONFIG_PATH=/home/deepak/electronic_ws/install/rtabmap_msgs/lib/x86_64-linux-gnu/pkgconfig:/home/deepak/electronic_ws/install/rtabmap_msgs/lib/pkgconfig:/home/deepak/electronic_ws/install/rtabmap/lib/x86_64-linux-gnu/pkgconfig:/home/deepak/electronic_ws/install/rtabmap/lib/pkgconfig PYTHONPATH=/home/deepak/electronic_ws/install/rtabmap_msgs/lib/python3.8/site-packages:${PYTHONPATH} ROS_PACKAGE_PATH=/home/deepak/electronic_ws/install/rtabmap_msgs/share /usr/bin/cmake --build /home/deepak/electronic_ws/build/rtabmap_odom -- -j8 -l8
[404.128s] DEBUG:colcon.colcon_core.event_handler.log_command:Invoking command in '/home/deepak/electronic_ws/build/rtabmap_odom': AMENT_PREFIX_PATH=/home/deepak/electronic_ws/install/rtabmap_util:/home/deepak/electronic_ws/install/rtabmap_conversions:${AMENT_PREFIX_PATH} CMAKE_PREFIX_PATH=/home/deepak/electronic_ws/install/rtabmap_util:/home/deepak/electronic_ws/install/rtabmap_conversions:/opt/ros/foxy:/home/deepak/electronic_ws/install/rtabmap_msgs:/home/deepak/electronic_ws/install/rtabmap LD_LIBRARY_PATH=/home/deepak/electronic_ws/install/rtabmap_util/lib:/home/deepak/electronic_ws/install/rtabmap_conversions/lib:/home/deepak/electronic_ws/install/rtabmap_msgs/lib:/home/deepak/electronic_ws/install/rtabmap/lib:${LD_LIBRARY_PATH} PATH=/home/deepak/electronic_ws/install/rtabmap/bin:${PATH} PKG_CONFIG_PATH=/home/deepak/electronic_ws/install/rtabmap_msgs/lib/x86_64-linux-gnu/pkgconfig:/home/deepak/electronic_ws/install/rtabmap_msgs/lib/pkgconfig:/home/deepak/electronic_ws/install/rtabmap/lib/x86_64-linux-gnu/pkgconfig:/home/deepak/electronic_ws/install/rtabmap/lib/pkgconfig PYTHONPATH=/home/deepak/electronic_ws/install/rtabmap_msgs/lib/python3.8/site-packages:${PYTHONPATH} ROS_PACKAGE_PATH=/home/deepak/electronic_ws/install/rtabmap_msgs/share /usr/bin/cmake --install /home/deepak/electronic_ws/build/rtabmap_odom
[404.417s] Level 1:colcon.colcon_core.environment:create_environment_scripts_only(rtabmap_odom)
[404.418s] Level 1:colcon.colcon_core.environment:checking '/home/deepak/electronic_ws/install/rtabmap_odom' for CMake module files
[404.418s] DEBUG:colcon.colcon_core.event_handler.log_command:Invoked command in '/home/deepak/electronic_ws/build/rtabmap_odom' returned '0': AMENT_PREFIX_PATH=/home/deepak/electronic_ws/install/rtabmap_util:/home/deepak/electronic_ws/install/rtabmap_conversions:${AMENT_PREFIX_PATH} CMAKE_PREFIX_PATH=/home/deepak/electronic_ws/install/rtabmap_util:/home/deepak/electronic_ws/install/rtabmap_conversions:/opt/ros/foxy:/home/deepak/electronic_ws/install/rtabmap_msgs:/home/deepak/electronic_ws/install/rtabmap LD_LIBRARY_PATH=/home/deepak/electronic_ws/install/rtabmap_util/lib:/home/deepak/electronic_ws/install/rtabmap_conversions/lib:/home/deepak/electronic_ws/install/rtabmap_msgs/lib:/home/deepak/electronic_ws/install/rtabmap/lib:${LD_LIBRARY_PATH} PATH=/home/deepak/electronic_ws/install/rtabmap/bin:${PATH} PKG_CONFIG_PATH=/home/deepak/electronic_ws/install/rtabmap_msgs/lib/x86_64-linux-gnu/pkgconfig:/home/deepak/electronic_ws/install/rtabmap_msgs/lib/pkgconfig:/home/deepak/electronic_ws/install/rtabmap/lib/x86_64-linux-gnu/pkgconfig:/home/deepak/electronic_ws/install/rtabmap/lib/pkgconfig PYTHONPATH=/home/deepak/electronic_ws/install/rtabmap_msgs/lib/python3.8/site-packages:${PYTHONPATH} ROS_PACKAGE_PATH=/home/deepak/electronic_ws/install/rtabmap_msgs/share /usr/bin/cmake --install /home/deepak/electronic_ws/build/rtabmap_odom
[404.419s] Level 1:colcon.colcon_core.environment:checking '/home/deepak/electronic_ws/install/rtabmap_odom' for CMake config files
[404.419s] Level 1:colcon.colcon_core.shell:create_environment_hook('rtabmap_odom', 'cmake_prefix_path')
[404.420s] INFO:colcon.colcon_core.shell:Creating environment hook '/home/deepak/electronic_ws/install/rtabmap_odom/share/rtabmap_odom/hook/cmake_prefix_path.ps1'
[404.421s] INFO:colcon.colcon_core.shell:Creating environment descriptor '/home/deepak/electronic_ws/install/rtabmap_odom/share/rtabmap_odom/hook/cmake_prefix_path.dsv'
[404.421s] INFO:colcon.colcon_core.shell:Creating environment hook '/home/deepak/electronic_ws/install/rtabmap_odom/share/rtabmap_odom/hook/cmake_prefix_path.sh'
[404.422s] Level 1:colcon.colcon_core.environment:checking '/home/deepak/electronic_ws/install/rtabmap_odom/lib'
[404.422s] Level 1:colcon.colcon_core.shell:create_environment_hook('rtabmap_odom', 'ld_library_path_lib')
[404.423s] INFO:colcon.colcon_core.shell:Creating environment hook '/home/deepak/electronic_ws/install/rtabmap_odom/share/rtabmap_odom/hook/ld_library_path_lib.ps1'
[404.424s] INFO:colcon.colcon_core.shell:Creating environment descriptor '/home/deepak/electronic_ws/install/rtabmap_odom/share/rtabmap_odom/hook/ld_library_path_lib.dsv'
[404.424s] INFO:colcon.colcon_core.shell:Creating environment hook '/home/deepak/electronic_ws/install/rtabmap_odom/share/rtabmap_odom/hook/ld_library_path_lib.sh'
[404.425s] Level 1:colcon.colcon_core.environment:checking '/home/deepak/electronic_ws/install/rtabmap_odom/bin'
[404.425s] Level 1:colcon.colcon_core.environment:checking '/home/deepak/electronic_ws/install/rtabmap_odom/lib/pkgconfig/rtabmap_odom.pc'
[404.425s] Level 1:colcon.colcon_core.environment:checking '/home/deepak/electronic_ws/install/rtabmap_odom/lib/python3.8/site-packages'
[404.426s] Level 1:colcon.colcon_core.environment:checking '/home/deepak/electronic_ws/install/rtabmap_odom/bin'
[404.426s] INFO:colcon.colcon_core.shell:Creating package script '/home/deepak/electronic_ws/install/rtabmap_odom/share/rtabmap_odom/package.ps1'
[404.427s] INFO:colcon.colcon_core.shell:Creating package descriptor '/home/deepak/electronic_ws/install/rtabmap_odom/share/rtabmap_odom/package.dsv'
[404.428s] INFO:colcon.colcon_core.shell:Creating package script '/home/deepak/electronic_ws/install/rtabmap_odom/share/rtabmap_odom/package.sh'
[404.428s] INFO:colcon.colcon_core.shell:Creating package script '/home/deepak/electronic_ws/install/rtabmap_odom/share/rtabmap_odom/package.bash'
[404.428s] INFO:colcon.colcon_core.shell:Creating package script '/home/deepak/electronic_ws/install/rtabmap_odom/share/rtabmap_odom/package.zsh'
[404.429s] Level 1:colcon.colcon_core.environment:create_file_with_runtime_dependencies(/home/deepak/electronic_ws/install/rtabmap_odom/share/colcon-core/packages/rtabmap_odom)
[404.431s] Level 1:colcon.colcon_core.environment:create_environment_scripts_only(rtabmap_odom)
[404.431s] Level 1:colcon.colcon_core.environment:checking '/home/deepak/electronic_ws/install/rtabmap_odom' for CMake module files
[404.431s] Level 1:colcon.colcon_core.environment:checking '/home/deepak/electronic_ws/install/rtabmap_odom' for CMake config files
[404.432s] Level 1:colcon.colcon_core.shell:create_environment_hook('rtabmap_odom', 'cmake_prefix_path')
[404.432s] INFO:colcon.colcon_core.shell:Creating environment hook '/home/deepak/electronic_ws/install/rtabmap_odom/share/rtabmap_odom/hook/cmake_prefix_path.ps1'
[404.432s] INFO:colcon.colcon_core.shell:Creating environment descriptor '/home/deepak/electronic_ws/install/rtabmap_odom/share/rtabmap_odom/hook/cmake_prefix_path.dsv'
[404.432s] INFO:colcon.colcon_core.shell:Creating environment hook '/home/deepak/electronic_ws/install/rtabmap_odom/share/rtabmap_odom/hook/cmake_prefix_path.sh'
[404.433s] Level 1:colcon.colcon_core.environment:checking '/home/deepak/electronic_ws/install/rtabmap_odom/lib'
[404.433s] Level 1:colcon.colcon_core.shell:create_environment_hook('rtabmap_odom', 'ld_library_path_lib')
[404.433s] INFO:colcon.colcon_core.shell:Creating environment hook '/home/deepak/electronic_ws/install/rtabmap_odom/share/rtabmap_odom/hook/ld_library_path_lib.ps1'
[404.434s] INFO:colcon.colcon_core.shell:Creating environment descriptor '/home/deepak/electronic_ws/install/rtabmap_odom/share/rtabmap_odom/hook/ld_library_path_lib.dsv'
[404.434s] INFO:colcon.colcon_core.shell:Creating environment hook '/home/deepak/electronic_ws/install/rtabmap_odom/share/rtabmap_odom/hook/ld_library_path_lib.sh'
[404.434s] Level 1:colcon.colcon_core.environment:checking '/home/deepak/electronic_ws/install/rtabmap_odom/bin'
[404.434s] Level 1:colcon.colcon_core.environment:checking '/home/deepak/electronic_ws/install/rtabmap_odom/lib/pkgconfig/rtabmap_odom.pc'
[404.434s] Level 1:colcon.colcon_core.environment:checking '/home/deepak/electronic_ws/install/rtabmap_odom/lib/python3.8/site-packages'
[404.435s] Level 1:colcon.colcon_core.environment:checking '/home/deepak/electronic_ws/install/rtabmap_odom/bin'
[404.435s] INFO:colcon.colcon_core.shell:Creating package script '/home/deepak/electronic_ws/install/rtabmap_odom/share/rtabmap_odom/package.ps1'
[404.435s] INFO:colcon.colcon_core.shell:Creating package descriptor '/home/deepak/electronic_ws/install/rtabmap_odom/share/rtabmap_odom/package.dsv'
[404.436s] INFO:colcon.colcon_core.shell:Creating package script '/home/deepak/electronic_ws/install/rtabmap_odom/share/rtabmap_odom/package.sh'
[404.436s] INFO:colcon.colcon_core.shell:Creating package script '/home/deepak/electronic_ws/install/rtabmap_odom/share/rtabmap_odom/package.bash'
[404.437s] INFO:colcon.colcon_core.shell:Creating package script '/home/deepak/electronic_ws/install/rtabmap_odom/share/rtabmap_odom/package.zsh'
[404.437s] Level 1:colcon.colcon_core.environment:create_file_with_runtime_dependencies(/home/deepak/electronic_ws/install/rtabmap_odom/share/colcon-core/packages/rtabmap_odom)
[413.831s] DEBUG:colcon.colcon_core.event_handler.log_command:Invoked command in '/home/deepak/electronic_ws/build/rtabmap_slam' returned '0': AMENT_PREFIX_PATH=/home/deepak/electronic_ws/install/rtabmap_util:/home/deepak/electronic_ws/install/rtabmap_sync:/home/deepak/electronic_ws/install/rtabmap_conversions:${AMENT_PREFIX_PATH} CMAKE_PREFIX_PATH=/home/deepak/electronic_ws/install/rtabmap_util:/home/deepak/electronic_ws/install/rtabmap_sync:/home/deepak/electronic_ws/install/rtabmap_conversions:/opt/ros/foxy:/home/deepak/electronic_ws/install/rtabmap_msgs:/home/deepak/electronic_ws/install/rtabmap LD_LIBRARY_PATH=/home/deepak/electronic_ws/install/rtabmap_util/lib:/home/deepak/electronic_ws/install/rtabmap_sync/lib:/home/deepak/electronic_ws/install/rtabmap_conversions/lib:/home/deepak/electronic_ws/install/rtabmap_msgs/lib:/home/deepak/electronic_ws/install/rtabmap/lib:${LD_LIBRARY_PATH} PATH=/home/deepak/electronic_ws/install/rtabmap/bin:${PATH} PKG_CONFIG_PATH=/home/deepak/electronic_ws/install/rtabmap_msgs/lib/x86_64-linux-gnu/pkgconfig:/home/deepak/electronic_ws/install/rtabmap_msgs/lib/pkgconfig:/home/deepak/electronic_ws/install/rtabmap/lib/x86_64-linux-gnu/pkgconfig:/home/deepak/electronic_ws/install/rtabmap/lib/pkgconfig PYTHONPATH=/home/deepak/electronic_ws/install/rtabmap_msgs/lib/python3.8/site-packages:${PYTHONPATH} ROS_PACKAGE_PATH=/home/deepak/electronic_ws/install/rtabmap_msgs/share /usr/bin/cmake --build /home/deepak/electronic_ws/build/rtabmap_slam -- -j8 -l8
[413.835s] DEBUG:colcon.colcon_core.event_handler.log_command:Invoking command in '/home/deepak/electronic_ws/build/rtabmap_slam': AMENT_PREFIX_PATH=/home/deepak/electronic_ws/install/rtabmap_util:/home/deepak/electronic_ws/install/rtabmap_sync:/home/deepak/electronic_ws/install/rtabmap_conversions:${AMENT_PREFIX_PATH} CMAKE_PREFIX_PATH=/home/deepak/electronic_ws/install/rtabmap_util:/home/deepak/electronic_ws/install/rtabmap_sync:/home/deepak/electronic_ws/install/rtabmap_conversions:/opt/ros/foxy:/home/deepak/electronic_ws/install/rtabmap_msgs:/home/deepak/electronic_ws/install/rtabmap LD_LIBRARY_PATH=/home/deepak/electronic_ws/install/rtabmap_util/lib:/home/deepak/electronic_ws/install/rtabmap_sync/lib:/home/deepak/electronic_ws/install/rtabmap_conversions/lib:/home/deepak/electronic_ws/install/rtabmap_msgs/lib:/home/deepak/electronic_ws/install/rtabmap/lib:${LD_LIBRARY_PATH} PATH=/home/deepak/electronic_ws/install/rtabmap/bin:${PATH} PKG_CONFIG_PATH=/home/deepak/electronic_ws/install/rtabmap_msgs/lib/x86_64-linux-gnu/pkgconfig:/home/deepak/electronic_ws/install/rtabmap_msgs/lib/pkgconfig:/home/deepak/electronic_ws/install/rtabmap/lib/x86_64-linux-gnu/pkgconfig:/home/deepak/electronic_ws/install/rtabmap/lib/pkgconfig PYTHONPATH=/home/deepak/electronic_ws/install/rtabmap_msgs/lib/python3.8/site-packages:${PYTHONPATH} ROS_PACKAGE_PATH=/home/deepak/electronic_ws/install/rtabmap_msgs/share /usr/bin/cmake --install /home/deepak/electronic_ws/build/rtabmap_slam
[414.265s] Level 1:colcon.colcon_core.environment:create_environment_scripts_only(rtabmap_slam)
[414.266s] Level 1:colcon.colcon_core.environment:checking '/home/deepak/electronic_ws/install/rtabmap_slam' for CMake module files
[414.267s] DEBUG:colcon.colcon_core.event_handler.log_command:Invoked command in '/home/deepak/electronic_ws/build/rtabmap_slam' returned '0': AMENT_PREFIX_PATH=/home/deepak/electronic_ws/install/rtabmap_util:/home/deepak/electronic_ws/install/rtabmap_sync:/home/deepak/electronic_ws/install/rtabmap_conversions:${AMENT_PREFIX_PATH} CMAKE_PREFIX_PATH=/home/deepak/electronic_ws/install/rtabmap_util:/home/deepak/electronic_ws/install/rtabmap_sync:/home/deepak/electronic_ws/install/rtabmap_conversions:/opt/ros/foxy:/home/deepak/electronic_ws/install/rtabmap_msgs:/home/deepak/electronic_ws/install/rtabmap LD_LIBRARY_PATH=/home/deepak/electronic_ws/install/rtabmap_util/lib:/home/deepak/electronic_ws/install/rtabmap_sync/lib:/home/deepak/electronic_ws/install/rtabmap_conversions/lib:/home/deepak/electronic_ws/install/rtabmap_msgs/lib:/home/deepak/electronic_ws/install/rtabmap/lib:${LD_LIBRARY_PATH} PATH=/home/deepak/electronic_ws/install/rtabmap/bin:${PATH} PKG_CONFIG_PATH=/home/deepak/electronic_ws/install/rtabmap_msgs/lib/x86_64-linux-gnu/pkgconfig:/home/deepak/electronic_ws/install/rtabmap_msgs/lib/pkgconfig:/home/deepak/electronic_ws/install/rtabmap/lib/x86_64-linux-gnu/pkgconfig:/home/deepak/electronic_ws/install/rtabmap/lib/pkgconfig PYTHONPATH=/home/deepak/electronic_ws/install/rtabmap_msgs/lib/python3.8/site-packages:${PYTHONPATH} ROS_PACKAGE_PATH=/home/deepak/electronic_ws/install/rtabmap_msgs/share /usr/bin/cmake --install /home/deepak/electronic_ws/build/rtabmap_slam
[414.268s] Level 1:colcon.colcon_core.environment:checking '/home/deepak/electronic_ws/install/rtabmap_slam' for CMake config files
[414.268s] Level 1:colcon.colcon_core.shell:create_environment_hook('rtabmap_slam', 'cmake_prefix_path')
[414.269s] INFO:colcon.colcon_core.shell:Creating environment hook '/home/deepak/electronic_ws/install/rtabmap_slam/share/rtabmap_slam/hook/cmake_prefix_path.ps1'
[414.269s] INFO:colcon.colcon_core.shell:Creating environment descriptor '/home/deepak/electronic_ws/install/rtabmap_slam/share/rtabmap_slam/hook/cmake_prefix_path.dsv'
[414.270s] INFO:colcon.colcon_core.shell:Creating environment hook '/home/deepak/electronic_ws/install/rtabmap_slam/share/rtabmap_slam/hook/cmake_prefix_path.sh'
[414.271s] Level 1:colcon.colcon_core.environment:checking '/home/deepak/electronic_ws/install/rtabmap_slam/lib'
[414.272s] Level 1:colcon.colcon_core.shell:create_environment_hook('rtabmap_slam', 'ld_library_path_lib')
[414.272s] INFO:colcon.colcon_core.shell:Creating environment hook '/home/deepak/electronic_ws/install/rtabmap_slam/share/rtabmap_slam/hook/ld_library_path_lib.ps1'
[414.273s] INFO:colcon.colcon_core.shell:Creating environment descriptor '/home/deepak/electronic_ws/install/rtabmap_slam/share/rtabmap_slam/hook/ld_library_path_lib.dsv'
[414.273s] INFO:colcon.colcon_core.shell:Creating environment hook '/home/deepak/electronic_ws/install/rtabmap_slam/share/rtabmap_slam/hook/ld_library_path_lib.sh'
[414.274s] Level 1:colcon.colcon_core.environment:checking '/home/deepak/electronic_ws/install/rtabmap_slam/bin'
[414.275s] Level 1:colcon.colcon_core.environment:checking '/home/deepak/electronic_ws/install/rtabmap_slam/lib/pkgconfig/rtabmap_slam.pc'
[414.275s] Level 1:colcon.colcon_core.environment:checking '/home/deepak/electronic_ws/install/rtabmap_slam/lib/python3.8/site-packages'
[414.276s] Level 1:colcon.colcon_core.environment:checking '/home/deepak/electronic_ws/install/rtabmap_slam/bin'
[414.276s] INFO:colcon.colcon_core.shell:Creating package script '/home/deepak/electronic_ws/install/rtabmap_slam/share/rtabmap_slam/package.ps1'
[414.278s] INFO:colcon.colcon_core.shell:Creating package descriptor '/home/deepak/electronic_ws/install/rtabmap_slam/share/rtabmap_slam/package.dsv'
[414.278s] INFO:colcon.colcon_core.shell:Creating package script '/home/deepak/electronic_ws/install/rtabmap_slam/share/rtabmap_slam/package.sh'
[414.279s] INFO:colcon.colcon_core.shell:Creating package script '/home/deepak/electronic_ws/install/rtabmap_slam/share/rtabmap_slam/package.bash'
[414.280s] INFO:colcon.colcon_core.shell:Creating package script '/home/deepak/electronic_ws/install/rtabmap_slam/share/rtabmap_slam/package.zsh'
[414.281s] Level 1:colcon.colcon_core.environment:create_file_with_runtime_dependencies(/home/deepak/electronic_ws/install/rtabmap_slam/share/colcon-core/packages/rtabmap_slam)
[414.283s] Level 1:colcon.colcon_core.environment:create_environment_scripts_only(rtabmap_slam)
[414.283s] Level 1:colcon.colcon_core.environment:checking '/home/deepak/electronic_ws/install/rtabmap_slam' for CMake module files
[414.284s] Level 1:colcon.colcon_core.environment:checking '/home/deepak/electronic_ws/install/rtabmap_slam' for CMake config files
[414.285s] Level 1:colcon.colcon_core.shell:create_environment_hook('rtabmap_slam', 'cmake_prefix_path')
[414.285s] INFO:colcon.colcon_core.shell:Creating environment hook '/home/deepak/electronic_ws/install/rtabmap_slam/share/rtabmap_slam/hook/cmake_prefix_path.ps1'
[414.286s] INFO:colcon.colcon_core.shell:Creating environment descriptor '/home/deepak/electronic_ws/install/rtabmap_slam/share/rtabmap_slam/hook/cmake_prefix_path.dsv'
[414.286s] INFO:colcon.colcon_core.shell:Creating environment hook '/home/deepak/electronic_ws/install/rtabmap_slam/share/rtabmap_slam/hook/cmake_prefix_path.sh'
[414.288s] Level 1:colcon.colcon_core.environment:checking '/home/deepak/electronic_ws/install/rtabmap_slam/lib'
[414.288s] Level 1:colcon.colcon_core.shell:create_environment_hook('rtabmap_slam', 'ld_library_path_lib')
[414.288s] INFO:colcon.colcon_core.shell:Creating environment hook '/home/deepak/electronic_ws/install/rtabmap_slam/share/rtabmap_slam/hook/ld_library_path_lib.ps1'
[414.289s] INFO:colcon.colcon_core.shell:Creating environment descriptor '/home/deepak/electronic_ws/install/rtabmap_slam/share/rtabmap_slam/hook/ld_library_path_lib.dsv'
[414.289s] INFO:colcon.colcon_core.shell:Creating environment hook '/home/deepak/electronic_ws/install/rtabmap_slam/share/rtabmap_slam/hook/ld_library_path_lib.sh'
[414.290s] Level 1:colcon.colcon_core.environment:checking '/home/deepak/electronic_ws/install/rtabmap_slam/bin'
[414.290s] Level 1:colcon.colcon_core.environment:checking '/home/deepak/electronic_ws/install/rtabmap_slam/lib/pkgconfig/rtabmap_slam.pc'
[414.290s] Level 1:colcon.colcon_core.environment:checking '/home/deepak/electronic_ws/install/rtabmap_slam/lib/python3.8/site-packages'
[414.291s] Level 1:colcon.colcon_core.environment:checking '/home/deepak/electronic_ws/install/rtabmap_slam/bin'
[414.291s] INFO:colcon.colcon_core.shell:Creating package script '/home/deepak/electronic_ws/install/rtabmap_slam/share/rtabmap_slam/package.ps1'
[414.293s] INFO:colcon.colcon_core.shell:Creating package descriptor '/home/deepak/electronic_ws/install/rtabmap_slam/share/rtabmap_slam/package.dsv'
[414.293s] INFO:colcon.colcon_core.shell:Creating package script '/home/deepak/electronic_ws/install/rtabmap_slam/share/rtabmap_slam/package.sh'
[414.294s] INFO:colcon.colcon_core.shell:Creating package script '/home/deepak/electronic_ws/install/rtabmap_slam/share/rtabmap_slam/package.bash'
[414.295s] INFO:colcon.colcon_core.shell:Creating package script '/home/deepak/electronic_ws/install/rtabmap_slam/share/rtabmap_slam/package.zsh'
[414.296s] Level 1:colcon.colcon_core.environment:create_file_with_runtime_dependencies(/home/deepak/electronic_ws/install/rtabmap_slam/share/colcon-core/packages/rtabmap_slam)
[414.299s] INFO:colcon.colcon_ros.task.ament_cmake.build:Building ROS package in '/home/deepak/electronic_ws/src/rtabmap_ros/rtabmap_demos' with build type 'ament_cmake'
[414.300s] INFO:colcon.colcon_cmake.task.cmake.build:Building CMake package in '/home/deepak/electronic_ws/src/rtabmap_ros/rtabmap_demos'
[414.301s] INFO:colcon.colcon_core.shell:Skip shell extension 'powershell' for command environment: Not usable outside of PowerShell
[414.301s] DEBUG:colcon.colcon_core.shell:Skip shell extension 'dsv' for command environment
[414.324s] INFO:colcon.colcon_ros.task.ament_cmake.build:Building ROS package in '/home/deepak/electronic_ws/src/rtabmap_ros/rtabmap_examples' with build type 'ament_cmake'
[414.325s] INFO:colcon.colcon_cmake.task.cmake.build:Building CMake package in '/home/deepak/electronic_ws/src/rtabmap_ros/rtabmap_examples'
[414.326s] INFO:colcon.colcon_core.shell:Skip shell extension 'powershell' for command environment: Not usable outside of PowerShell
[414.326s] DEBUG:colcon.colcon_core.shell:Skip shell extension 'dsv' for command environment
[414.335s] INFO:colcon.colcon_ros.task.ament_cmake.build:Building ROS package in '/home/deepak/electronic_ws/src/rtabmap_ros/rtabmap_launch' with build type 'ament_cmake'
[414.336s] INFO:colcon.colcon_cmake.task.cmake.build:Building CMake package in '/home/deepak/electronic_ws/src/rtabmap_ros/rtabmap_launch'
[414.337s] INFO:colcon.colcon_core.shell:Skip shell extension 'powershell' for command environment: Not usable outside of PowerShell
[414.337s] DEBUG:colcon.colcon_core.shell:Skip shell extension 'dsv' for command environment
[414.381s] DEBUG:colcon.colcon_core.event_handler.log_command:Invoking command in '/home/deepak/electronic_ws/build/rtabmap_demos': AMENT_PREFIX_PATH=/home/deepak/electronic_ws/install/rtabmap_viz:/home/deepak/electronic_ws/install/rtabmap_slam:/home/deepak/electronic_ws/install/rtabmap_odom:/home/deepak/electronic_ws/install/rtabmap_util:/home/deepak/electronic_ws/install/rtabmap_sync:/home/deepak/electronic_ws/install/rtabmap_rviz_plugins:/home/deepak/electronic_ws/install/rtabmap_conversions:${AMENT_PREFIX_PATH} CMAKE_PREFIX_PATH=/home/deepak/electronic_ws/install/rtabmap_viz:/home/deepak/electronic_ws/install/rtabmap_slam:/home/deepak/electronic_ws/install/rtabmap_odom:/home/deepak/electronic_ws/install/rtabmap_util:/home/deepak/electronic_ws/install/rtabmap_sync:/home/deepak/electronic_ws/install/rtabmap_rviz_plugins:/home/deepak/electronic_ws/install/rtabmap_conversions:/opt/ros/foxy:/home/deepak/electronic_ws/install/rtabmap_msgs:/home/deepak/electronic_ws/install/rtabmap LD_LIBRARY_PATH=/home/deepak/electronic_ws/install/rtabmap_slam/lib:/home/deepak/electronic_ws/install/rtabmap_odom/lib:/home/deepak/electronic_ws/install/rtabmap_util/lib:/home/deepak/electronic_ws/install/rtabmap_sync/lib:/home/deepak/electronic_ws/install/rtabmap_rviz_plugins/lib:/home/deepak/electronic_ws/install/rtabmap_conversions/lib:/home/deepak/electronic_ws/install/rtabmap_msgs/lib:/home/deepak/electronic_ws/install/rtabmap/lib:${LD_LIBRARY_PATH} PATH=/home/deepak/electronic_ws/install/rtabmap/bin:${PATH} PKG_CONFIG_PATH=/home/deepak/electronic_ws/install/rtabmap_msgs/lib/x86_64-linux-gnu/pkgconfig:/home/deepak/electronic_ws/install/rtabmap_msgs/lib/pkgconfig:/home/deepak/electronic_ws/install/rtabmap/lib/x86_64-linux-gnu/pkgconfig:/home/deepak/electronic_ws/install/rtabmap/lib/pkgconfig PYTHONPATH=/home/deepak/electronic_ws/install/rtabmap_msgs/lib/python3.8/site-packages:${PYTHONPATH} ROS_PACKAGE_PATH=/home/deepak/electronic_ws/install/rtabmap_msgs/share /usr/bin/cmake /home/deepak/electronic_ws/src/rtabmap_ros/rtabmap_demos -DAMENT_CMAKE_SYMLINK_INSTALL=1 -DCMAKE_INSTALL_PREFIX=/home/deepak/electronic_ws/install/rtabmap_demos
[414.387s] DEBUG:colcon.colcon_core.event_handler.log_command:Invoking command in '/home/deepak/electronic_ws/build/rtabmap_examples': AMENT_PREFIX_PATH=/home/deepak/electronic_ws/install/rtabmap_viz:/home/deepak/electronic_ws/install/rtabmap_slam:/home/deepak/electronic_ws/install/rtabmap_odom:/home/deepak/electronic_ws/install/rtabmap_util:/home/deepak/electronic_ws/install/rtabmap_sync:/home/deepak/electronic_ws/install/rtabmap_rviz_plugins:/home/deepak/electronic_ws/install/rtabmap_conversions:${AMENT_PREFIX_PATH} CMAKE_PREFIX_PATH=/home/deepak/electronic_ws/install/rtabmap_viz:/home/deepak/electronic_ws/install/rtabmap_slam:/home/deepak/electronic_ws/install/rtabmap_odom:/home/deepak/electronic_ws/install/rtabmap_util:/home/deepak/electronic_ws/install/rtabmap_sync:/home/deepak/electronic_ws/install/rtabmap_rviz_plugins:/home/deepak/electronic_ws/install/rtabmap_conversions:/opt/ros/foxy:/home/deepak/electronic_ws/install/rtabmap_msgs:/home/deepak/electronic_ws/install/rtabmap LD_LIBRARY_PATH=/home/deepak/electronic_ws/install/rtabmap_slam/lib:/home/deepak/electronic_ws/install/rtabmap_odom/lib:/home/deepak/electronic_ws/install/rtabmap_util/lib:/home/deepak/electronic_ws/install/rtabmap_sync/lib:/home/deepak/electronic_ws/install/rtabmap_rviz_plugins/lib:/home/deepak/electronic_ws/install/rtabmap_conversions/lib:/home/deepak/electronic_ws/install/rtabmap_msgs/lib:/home/deepak/electronic_ws/install/rtabmap/lib:${LD_LIBRARY_PATH} PATH=/home/deepak/electronic_ws/install/rtabmap/bin:${PATH} PKG_CONFIG_PATH=/home/deepak/electronic_ws/install/rtabmap_msgs/lib/x86_64-linux-gnu/pkgconfig:/home/deepak/electronic_ws/install/rtabmap_msgs/lib/pkgconfig:/home/deepak/electronic_ws/install/rtabmap/lib/x86_64-linux-gnu/pkgconfig:/home/deepak/electronic_ws/install/rtabmap/lib/pkgconfig PYTHONPATH=/home/deepak/electronic_ws/install/rtabmap_msgs/lib/python3.8/site-packages:${PYTHONPATH} ROS_PACKAGE_PATH=/home/deepak/electronic_ws/install/rtabmap_msgs/share /usr/bin/cmake /home/deepak/electronic_ws/src/rtabmap_ros/rtabmap_examples -DAMENT_CMAKE_SYMLINK_INSTALL=1 -DCMAKE_INSTALL_PREFIX=/home/deepak/electronic_ws/install/rtabmap_examples
[414.396s] DEBUG:colcon.colcon_core.event_handler.log_command:Invoking command in '/home/deepak/electronic_ws/build/rtabmap_launch': AMENT_PREFIX_PATH=/home/deepak/electronic_ws/install/rtabmap_viz:/home/deepak/electronic_ws/install/rtabmap_slam:/home/deepak/electronic_ws/install/rtabmap_odom:/home/deepak/electronic_ws/install/rtabmap_util:/home/deepak/electronic_ws/install/rtabmap_sync:/home/deepak/electronic_ws/install/rtabmap_rviz_plugins:/home/deepak/electronic_ws/install/rtabmap_conversions:${AMENT_PREFIX_PATH} CMAKE_PREFIX_PATH=/home/deepak/electronic_ws/install/rtabmap_viz:/home/deepak/electronic_ws/install/rtabmap_slam:/home/deepak/electronic_ws/install/rtabmap_odom:/home/deepak/electronic_ws/install/rtabmap_util:/home/deepak/electronic_ws/install/rtabmap_sync:/home/deepak/electronic_ws/install/rtabmap_rviz_plugins:/home/deepak/electronic_ws/install/rtabmap_conversions:/opt/ros/foxy:/home/deepak/electronic_ws/install/rtabmap_msgs:/home/deepak/electronic_ws/install/rtabmap LD_LIBRARY_PATH=/home/deepak/electronic_ws/install/rtabmap_slam/lib:/home/deepak/electronic_ws/install/rtabmap_odom/lib:/home/deepak/electronic_ws/install/rtabmap_util/lib:/home/deepak/electronic_ws/install/rtabmap_sync/lib:/home/deepak/electronic_ws/install/rtabmap_rviz_plugins/lib:/home/deepak/electronic_ws/install/rtabmap_conversions/lib:/home/deepak/electronic_ws/install/rtabmap_msgs/lib:/home/deepak/electronic_ws/install/rtabmap/lib:${LD_LIBRARY_PATH} PATH=/home/deepak/electronic_ws/install/rtabmap/bin:${PATH} PKG_CONFIG_PATH=/home/deepak/electronic_ws/install/rtabmap_msgs/lib/x86_64-linux-gnu/pkgconfig:/home/deepak/electronic_ws/install/rtabmap_msgs/lib/pkgconfig:/home/deepak/electronic_ws/install/rtabmap/lib/x86_64-linux-gnu/pkgconfig:/home/deepak/electronic_ws/install/rtabmap/lib/pkgconfig PYTHONPATH=/home/deepak/electronic_ws/install/rtabmap_msgs/lib/python3.8/site-packages:${PYTHONPATH} ROS_PACKAGE_PATH=/home/deepak/electronic_ws/install/rtabmap_msgs/share /usr/bin/cmake /home/deepak/electronic_ws/src/rtabmap_ros/rtabmap_launch -DAMENT_CMAKE_SYMLINK_INSTALL=1 -DCMAKE_INSTALL_PREFIX=/home/deepak/electronic_ws/install/rtabmap_launch
[416.093s] DEBUG:colcon.colcon_core.event_handler.log_command:Invoked command in '/home/deepak/electronic_ws/build/rtabmap_launch' returned '0': AMENT_PREFIX_PATH=/home/deepak/electronic_ws/install/rtabmap_viz:/home/deepak/electronic_ws/install/rtabmap_slam:/home/deepak/electronic_ws/install/rtabmap_odom:/home/deepak/electronic_ws/install/rtabmap_util:/home/deepak/electronic_ws/install/rtabmap_sync:/home/deepak/electronic_ws/install/rtabmap_rviz_plugins:/home/deepak/electronic_ws/install/rtabmap_conversions:${AMENT_PREFIX_PATH} CMAKE_PREFIX_PATH=/home/deepak/electronic_ws/install/rtabmap_viz:/home/deepak/electronic_ws/install/rtabmap_slam:/home/deepak/electronic_ws/install/rtabmap_odom:/home/deepak/electronic_ws/install/rtabmap_util:/home/deepak/electronic_ws/install/rtabmap_sync:/home/deepak/electronic_ws/install/rtabmap_rviz_plugins:/home/deepak/electronic_ws/install/rtabmap_conversions:/opt/ros/foxy:/home/deepak/electronic_ws/install/rtabmap_msgs:/home/deepak/electronic_ws/install/rtabmap LD_LIBRARY_PATH=/home/deepak/electronic_ws/install/rtabmap_slam/lib:/home/deepak/electronic_ws/install/rtabmap_odom/lib:/home/deepak/electronic_ws/install/rtabmap_util/lib:/home/deepak/electronic_ws/install/rtabmap_sync/lib:/home/deepak/electronic_ws/install/rtabmap_rviz_plugins/lib:/home/deepak/electronic_ws/install/rtabmap_conversions/lib:/home/deepak/electronic_ws/install/rtabmap_msgs/lib:/home/deepak/electronic_ws/install/rtabmap/lib:${LD_LIBRARY_PATH} PATH=/home/deepak/electronic_ws/install/rtabmap/bin:${PATH} PKG_CONFIG_PATH=/home/deepak/electronic_ws/install/rtabmap_msgs/lib/x86_64-linux-gnu/pkgconfig:/home/deepak/electronic_ws/install/rtabmap_msgs/lib/pkgconfig:/home/deepak/electronic_ws/install/rtabmap/lib/x86_64-linux-gnu/pkgconfig:/home/deepak/electronic_ws/install/rtabmap/lib/pkgconfig PYTHONPATH=/home/deepak/electronic_ws/install/rtabmap_msgs/lib/python3.8/site-packages:${PYTHONPATH} ROS_PACKAGE_PATH=/home/deepak/electronic_ws/install/rtabmap_msgs/share /usr/bin/cmake /home/deepak/electronic_ws/src/rtabmap_ros/rtabmap_launch -DAMENT_CMAKE_SYMLINK_INSTALL=1 -DCMAKE_INSTALL_PREFIX=/home/deepak/electronic_ws/install/rtabmap_launch
[416.102s] DEBUG:colcon.colcon_core.event_handler.log_command:Invoking command in '/home/deepak/electronic_ws/build/rtabmap_launch': AMENT_PREFIX_PATH=/home/deepak/electronic_ws/install/rtabmap_viz:/home/deepak/electronic_ws/install/rtabmap_slam:/home/deepak/electronic_ws/install/rtabmap_odom:/home/deepak/electronic_ws/install/rtabmap_util:/home/deepak/electronic_ws/install/rtabmap_sync:/home/deepak/electronic_ws/install/rtabmap_rviz_plugins:/home/deepak/electronic_ws/install/rtabmap_conversions:${AMENT_PREFIX_PATH} CMAKE_PREFIX_PATH=/home/deepak/electronic_ws/install/rtabmap_viz:/home/deepak/electronic_ws/install/rtabmap_slam:/home/deepak/electronic_ws/install/rtabmap_odom:/home/deepak/electronic_ws/install/rtabmap_util:/home/deepak/electronic_ws/install/rtabmap_sync:/home/deepak/electronic_ws/install/rtabmap_rviz_plugins:/home/deepak/electronic_ws/install/rtabmap_conversions:/opt/ros/foxy:/home/deepak/electronic_ws/install/rtabmap_msgs:/home/deepak/electronic_ws/install/rtabmap LD_LIBRARY_PATH=/home/deepak/electronic_ws/install/rtabmap_slam/lib:/home/deepak/electronic_ws/install/rtabmap_odom/lib:/home/deepak/electronic_ws/install/rtabmap_util/lib:/home/deepak/electronic_ws/install/rtabmap_sync/lib:/home/deepak/electronic_ws/install/rtabmap_rviz_plugins/lib:/home/deepak/electronic_ws/install/rtabmap_conversions/lib:/home/deepak/electronic_ws/install/rtabmap_msgs/lib:/home/deepak/electronic_ws/install/rtabmap/lib:${LD_LIBRARY_PATH} PATH=/home/deepak/electronic_ws/install/rtabmap/bin:${PATH} PKG_CONFIG_PATH=/home/deepak/electronic_ws/install/rtabmap_msgs/lib/x86_64-linux-gnu/pkgconfig:/home/deepak/electronic_ws/install/rtabmap_msgs/lib/pkgconfig:/home/deepak/electronic_ws/install/rtabmap/lib/x86_64-linux-gnu/pkgconfig:/home/deepak/electronic_ws/install/rtabmap/lib/pkgconfig PYTHONPATH=/home/deepak/electronic_ws/install/rtabmap_msgs/lib/python3.8/site-packages:${PYTHONPATH} ROS_PACKAGE_PATH=/home/deepak/electronic_ws/install/rtabmap_msgs/share /usr/bin/cmake --build /home/deepak/electronic_ws/build/rtabmap_launch -- -j8 -l8
[416.107s] DEBUG:colcon.colcon_core.event_handler.log_command:Invoked command in '/home/deepak/electronic_ws/build/rtabmap_examples' returned '0': AMENT_PREFIX_PATH=/home/deepak/electronic_ws/install/rtabmap_viz:/home/deepak/electronic_ws/install/rtabmap_slam:/home/deepak/electronic_ws/install/rtabmap_odom:/home/deepak/electronic_ws/install/rtabmap_util:/home/deepak/electronic_ws/install/rtabmap_sync:/home/deepak/electronic_ws/install/rtabmap_rviz_plugins:/home/deepak/electronic_ws/install/rtabmap_conversions:${AMENT_PREFIX_PATH} CMAKE_PREFIX_PATH=/home/deepak/electronic_ws/install/rtabmap_viz:/home/deepak/electronic_ws/install/rtabmap_slam:/home/deepak/electronic_ws/install/rtabmap_odom:/home/deepak/electronic_ws/install/rtabmap_util:/home/deepak/electronic_ws/install/rtabmap_sync:/home/deepak/electronic_ws/install/rtabmap_rviz_plugins:/home/deepak/electronic_ws/install/rtabmap_conversions:/opt/ros/foxy:/home/deepak/electronic_ws/install/rtabmap_msgs:/home/deepak/electronic_ws/install/rtabmap LD_LIBRARY_PATH=/home/deepak/electronic_ws/install/rtabmap_slam/lib:/home/deepak/electronic_ws/install/rtabmap_odom/lib:/home/deepak/electronic_ws/install/rtabmap_util/lib:/home/deepak/electronic_ws/install/rtabmap_sync/lib:/home/deepak/electronic_ws/install/rtabmap_rviz_plugins/lib:/home/deepak/electronic_ws/install/rtabmap_conversions/lib:/home/deepak/electronic_ws/install/rtabmap_msgs/lib:/home/deepak/electronic_ws/install/rtabmap/lib:${LD_LIBRARY_PATH} PATH=/home/deepak/electronic_ws/install/rtabmap/bin:${PATH} PKG_CONFIG_PATH=/home/deepak/electronic_ws/install/rtabmap_msgs/lib/x86_64-linux-gnu/pkgconfig:/home/deepak/electronic_ws/install/rtabmap_msgs/lib/pkgconfig:/home/deepak/electronic_ws/install/rtabmap/lib/x86_64-linux-gnu/pkgconfig:/home/deepak/electronic_ws/install/rtabmap/lib/pkgconfig PYTHONPATH=/home/deepak/electronic_ws/install/rtabmap_msgs/lib/python3.8/site-packages:${PYTHONPATH} ROS_PACKAGE_PATH=/home/deepak/electronic_ws/install/rtabmap_msgs/share /usr/bin/cmake /home/deepak/electronic_ws/src/rtabmap_ros/rtabmap_examples -DAMENT_CMAKE_SYMLINK_INSTALL=1 -DCMAKE_INSTALL_PREFIX=/home/deepak/electronic_ws/install/rtabmap_examples
[416.112s] DEBUG:colcon.colcon_core.event_handler.log_command:Invoking command in '/home/deepak/electronic_ws/build/rtabmap_examples': AMENT_PREFIX_PATH=/home/deepak/electronic_ws/install/rtabmap_viz:/home/deepak/electronic_ws/install/rtabmap_slam:/home/deepak/electronic_ws/install/rtabmap_odom:/home/deepak/electronic_ws/install/rtabmap_util:/home/deepak/electronic_ws/install/rtabmap_sync:/home/deepak/electronic_ws/install/rtabmap_rviz_plugins:/home/deepak/electronic_ws/install/rtabmap_conversions:${AMENT_PREFIX_PATH} CMAKE_PREFIX_PATH=/home/deepak/electronic_ws/install/rtabmap_viz:/home/deepak/electronic_ws/install/rtabmap_slam:/home/deepak/electronic_ws/install/rtabmap_odom:/home/deepak/electronic_ws/install/rtabmap_util:/home/deepak/electronic_ws/install/rtabmap_sync:/home/deepak/electronic_ws/install/rtabmap_rviz_plugins:/home/deepak/electronic_ws/install/rtabmap_conversions:/opt/ros/foxy:/home/deepak/electronic_ws/install/rtabmap_msgs:/home/deepak/electronic_ws/install/rtabmap LD_LIBRARY_PATH=/home/deepak/electronic_ws/install/rtabmap_slam/lib:/home/deepak/electronic_ws/install/rtabmap_odom/lib:/home/deepak/electronic_ws/install/rtabmap_util/lib:/home/deepak/electronic_ws/install/rtabmap_sync/lib:/home/deepak/electronic_ws/install/rtabmap_rviz_plugins/lib:/home/deepak/electronic_ws/install/rtabmap_conversions/lib:/home/deepak/electronic_ws/install/rtabmap_msgs/lib:/home/deepak/electronic_ws/install/rtabmap/lib:${LD_LIBRARY_PATH} PATH=/home/deepak/electronic_ws/install/rtabmap/bin:${PATH} PKG_CONFIG_PATH=/home/deepak/electronic_ws/install/rtabmap_msgs/lib/x86_64-linux-gnu/pkgconfig:/home/deepak/electronic_ws/install/rtabmap_msgs/lib/pkgconfig:/home/deepak/electronic_ws/install/rtabmap/lib/x86_64-linux-gnu/pkgconfig:/home/deepak/electronic_ws/install/rtabmap/lib/pkgconfig PYTHONPATH=/home/deepak/electronic_ws/install/rtabmap_msgs/lib/python3.8/site-packages:${PYTHONPATH} ROS_PACKAGE_PATH=/home/deepak/electronic_ws/install/rtabmap_msgs/share /usr/bin/cmake --build /home/deepak/electronic_ws/build/rtabmap_examples -- -j8 -l8
[416.114s] DEBUG:colcon.colcon_core.event_handler.log_command:Invoked command in '/home/deepak/electronic_ws/build/rtabmap_demos' returned '0': AMENT_PREFIX_PATH=/home/deepak/electronic_ws/install/rtabmap_viz:/home/deepak/electronic_ws/install/rtabmap_slam:/home/deepak/electronic_ws/install/rtabmap_odom:/home/deepak/electronic_ws/install/rtabmap_util:/home/deepak/electronic_ws/install/rtabmap_sync:/home/deepak/electronic_ws/install/rtabmap_rviz_plugins:/home/deepak/electronic_ws/install/rtabmap_conversions:${AMENT_PREFIX_PATH} CMAKE_PREFIX_PATH=/home/deepak/electronic_ws/install/rtabmap_viz:/home/deepak/electronic_ws/install/rtabmap_slam:/home/deepak/electronic_ws/install/rtabmap_odom:/home/deepak/electronic_ws/install/rtabmap_util:/home/deepak/electronic_ws/install/rtabmap_sync:/home/deepak/electronic_ws/install/rtabmap_rviz_plugins:/home/deepak/electronic_ws/install/rtabmap_conversions:/opt/ros/foxy:/home/deepak/electronic_ws/install/rtabmap_msgs:/home/deepak/electronic_ws/install/rtabmap LD_LIBRARY_PATH=/home/deepak/electronic_ws/install/rtabmap_slam/lib:/home/deepak/electronic_ws/install/rtabmap_odom/lib:/home/deepak/electronic_ws/install/rtabmap_util/lib:/home/deepak/electronic_ws/install/rtabmap_sync/lib:/home/deepak/electronic_ws/install/rtabmap_rviz_plugins/lib:/home/deepak/electronic_ws/install/rtabmap_conversions/lib:/home/deepak/electronic_ws/install/rtabmap_msgs/lib:/home/deepak/electronic_ws/install/rtabmap/lib:${LD_LIBRARY_PATH} PATH=/home/deepak/electronic_ws/install/rtabmap/bin:${PATH} PKG_CONFIG_PATH=/home/deepak/electronic_ws/install/rtabmap_msgs/lib/x86_64-linux-gnu/pkgconfig:/home/deepak/electronic_ws/install/rtabmap_msgs/lib/pkgconfig:/home/deepak/electronic_ws/install/rtabmap/lib/x86_64-linux-gnu/pkgconfig:/home/deepak/electronic_ws/install/rtabmap/lib/pkgconfig PYTHONPATH=/home/deepak/electronic_ws/install/rtabmap_msgs/lib/python3.8/site-packages:${PYTHONPATH} ROS_PACKAGE_PATH=/home/deepak/electronic_ws/install/rtabmap_msgs/share /usr/bin/cmake /home/deepak/electronic_ws/src/rtabmap_ros/rtabmap_demos -DAMENT_CMAKE_SYMLINK_INSTALL=1 -DCMAKE_INSTALL_PREFIX=/home/deepak/electronic_ws/install/rtabmap_demos
[416.119s] DEBUG:colcon.colcon_core.event_handler.log_command:Invoking command in '/home/deepak/electronic_ws/build/rtabmap_demos': AMENT_PREFIX_PATH=/home/deepak/electronic_ws/install/rtabmap_viz:/home/deepak/electronic_ws/install/rtabmap_slam:/home/deepak/electronic_ws/install/rtabmap_odom:/home/deepak/electronic_ws/install/rtabmap_util:/home/deepak/electronic_ws/install/rtabmap_sync:/home/deepak/electronic_ws/install/rtabmap_rviz_plugins:/home/deepak/electronic_ws/install/rtabmap_conversions:${AMENT_PREFIX_PATH} CMAKE_PREFIX_PATH=/home/deepak/electronic_ws/install/rtabmap_viz:/home/deepak/electronic_ws/install/rtabmap_slam:/home/deepak/electronic_ws/install/rtabmap_odom:/home/deepak/electronic_ws/install/rtabmap_util:/home/deepak/electronic_ws/install/rtabmap_sync:/home/deepak/electronic_ws/install/rtabmap_rviz_plugins:/home/deepak/electronic_ws/install/rtabmap_conversions:/opt/ros/foxy:/home/deepak/electronic_ws/install/rtabmap_msgs:/home/deepak/electronic_ws/install/rtabmap LD_LIBRARY_PATH=/home/deepak/electronic_ws/install/rtabmap_slam/lib:/home/deepak/electronic_ws/install/rtabmap_odom/lib:/home/deepak/electronic_ws/install/rtabmap_util/lib:/home/deepak/electronic_ws/install/rtabmap_sync/lib:/home/deepak/electronic_ws/install/rtabmap_rviz_plugins/lib:/home/deepak/electronic_ws/install/rtabmap_conversions/lib:/home/deepak/electronic_ws/install/rtabmap_msgs/lib:/home/deepak/electronic_ws/install/rtabmap/lib:${LD_LIBRARY_PATH} PATH=/home/deepak/electronic_ws/install/rtabmap/bin:${PATH} PKG_CONFIG_PATH=/home/deepak/electronic_ws/install/rtabmap_msgs/lib/x86_64-linux-gnu/pkgconfig:/home/deepak/electronic_ws/install/rtabmap_msgs/lib/pkgconfig:/home/deepak/electronic_ws/install/rtabmap/lib/x86_64-linux-gnu/pkgconfig:/home/deepak/electronic_ws/install/rtabmap/lib/pkgconfig PYTHONPATH=/home/deepak/electronic_ws/install/rtabmap_msgs/lib/python3.8/site-packages:${PYTHONPATH} ROS_PACKAGE_PATH=/home/deepak/electronic_ws/install/rtabmap_msgs/share /usr/bin/cmake --build /home/deepak/electronic_ws/build/rtabmap_demos -- -j8 -l8
[416.177s] DEBUG:colcon.colcon_core.event_handler.log_command:Invoked command in '/home/deepak/electronic_ws/build/rtabmap_launch' returned '0': AMENT_PREFIX_PATH=/home/deepak/electronic_ws/install/rtabmap_viz:/home/deepak/electronic_ws/install/rtabmap_slam:/home/deepak/electronic_ws/install/rtabmap_odom:/home/deepak/electronic_ws/install/rtabmap_util:/home/deepak/electronic_ws/install/rtabmap_sync:/home/deepak/electronic_ws/install/rtabmap_rviz_plugins:/home/deepak/electronic_ws/install/rtabmap_conversions:${AMENT_PREFIX_PATH} CMAKE_PREFIX_PATH=/home/deepak/electronic_ws/install/rtabmap_viz:/home/deepak/electronic_ws/install/rtabmap_slam:/home/deepak/electronic_ws/install/rtabmap_odom:/home/deepak/electronic_ws/install/rtabmap_util:/home/deepak/electronic_ws/install/rtabmap_sync:/home/deepak/electronic_ws/install/rtabmap_rviz_plugins:/home/deepak/electronic_ws/install/rtabmap_conversions:/opt/ros/foxy:/home/deepak/electronic_ws/install/rtabmap_msgs:/home/deepak/electronic_ws/install/rtabmap LD_LIBRARY_PATH=/home/deepak/electronic_ws/install/rtabmap_slam/lib:/home/deepak/electronic_ws/install/rtabmap_odom/lib:/home/deepak/electronic_ws/install/rtabmap_util/lib:/home/deepak/electronic_ws/install/rtabmap_sync/lib:/home/deepak/electronic_ws/install/rtabmap_rviz_plugins/lib:/home/deepak/electronic_ws/install/rtabmap_conversions/lib:/home/deepak/electronic_ws/install/rtabmap_msgs/lib:/home/deepak/electronic_ws/install/rtabmap/lib:${LD_LIBRARY_PATH} PATH=/home/deepak/electronic_ws/install/rtabmap/bin:${PATH} PKG_CONFIG_PATH=/home/deepak/electronic_ws/install/rtabmap_msgs/lib/x86_64-linux-gnu/pkgconfig:/home/deepak/electronic_ws/install/rtabmap_msgs/lib/pkgconfig:/home/deepak/electronic_ws/install/rtabmap/lib/x86_64-linux-gnu/pkgconfig:/home/deepak/electronic_ws/install/rtabmap/lib/pkgconfig PYTHONPATH=/home/deepak/electronic_ws/install/rtabmap_msgs/lib/python3.8/site-packages:${PYTHONPATH} ROS_PACKAGE_PATH=/home/deepak/electronic_ws/install/rtabmap_msgs/share /usr/bin/cmake --build /home/deepak/electronic_ws/build/rtabmap_launch -- -j8 -l8
[416.182s] DEBUG:colcon.colcon_core.event_handler.log_command:Invoking command in '/home/deepak/electronic_ws/build/rtabmap_launch': AMENT_PREFIX_PATH=/home/deepak/electronic_ws/install/rtabmap_viz:/home/deepak/electronic_ws/install/rtabmap_slam:/home/deepak/electronic_ws/install/rtabmap_odom:/home/deepak/electronic_ws/install/rtabmap_util:/home/deepak/electronic_ws/install/rtabmap_sync:/home/deepak/electronic_ws/install/rtabmap_rviz_plugins:/home/deepak/electronic_ws/install/rtabmap_conversions:${AMENT_PREFIX_PATH} CMAKE_PREFIX_PATH=/home/deepak/electronic_ws/install/rtabmap_viz:/home/deepak/electronic_ws/install/rtabmap_slam:/home/deepak/electronic_ws/install/rtabmap_odom:/home/deepak/electronic_ws/install/rtabmap_util:/home/deepak/electronic_ws/install/rtabmap_sync:/home/deepak/electronic_ws/install/rtabmap_rviz_plugins:/home/deepak/electronic_ws/install/rtabmap_conversions:/opt/ros/foxy:/home/deepak/electronic_ws/install/rtabmap_msgs:/home/deepak/electronic_ws/install/rtabmap LD_LIBRARY_PATH=/home/deepak/electronic_ws/install/rtabmap_slam/lib:/home/deepak/electronic_ws/install/rtabmap_odom/lib:/home/deepak/electronic_ws/install/rtabmap_util/lib:/home/deepak/electronic_ws/install/rtabmap_sync/lib:/home/deepak/electronic_ws/install/rtabmap_rviz_plugins/lib:/home/deepak/electronic_ws/install/rtabmap_conversions/lib:/home/deepak/electronic_ws/install/rtabmap_msgs/lib:/home/deepak/electronic_ws/install/rtabmap/lib:${LD_LIBRARY_PATH} PATH=/home/deepak/electronic_ws/install/rtabmap/bin:${PATH} PKG_CONFIG_PATH=/home/deepak/electronic_ws/install/rtabmap_msgs/lib/x86_64-linux-gnu/pkgconfig:/home/deepak/electronic_ws/install/rtabmap_msgs/lib/pkgconfig:/home/deepak/electronic_ws/install/rtabmap/lib/x86_64-linux-gnu/pkgconfig:/home/deepak/electronic_ws/install/rtabmap/lib/pkgconfig PYTHONPATH=/home/deepak/electronic_ws/install/rtabmap_msgs/lib/python3.8/site-packages:${PYTHONPATH} ROS_PACKAGE_PATH=/home/deepak/electronic_ws/install/rtabmap_msgs/share /usr/bin/cmake --install /home/deepak/electronic_ws/build/rtabmap_launch
[416.186s] DEBUG:colcon.colcon_core.event_handler.log_command:Invoked command in '/home/deepak/electronic_ws/build/rtabmap_examples' returned '0': AMENT_PREFIX_PATH=/home/deepak/electronic_ws/install/rtabmap_viz:/home/deepak/electronic_ws/install/rtabmap_slam:/home/deepak/electronic_ws/install/rtabmap_odom:/home/deepak/electronic_ws/install/rtabmap_util:/home/deepak/electronic_ws/install/rtabmap_sync:/home/deepak/electronic_ws/install/rtabmap_rviz_plugins:/home/deepak/electronic_ws/install/rtabmap_conversions:${AMENT_PREFIX_PATH} CMAKE_PREFIX_PATH=/home/deepak/electronic_ws/install/rtabmap_viz:/home/deepak/electronic_ws/install/rtabmap_slam:/home/deepak/electronic_ws/install/rtabmap_odom:/home/deepak/electronic_ws/install/rtabmap_util:/home/deepak/electronic_ws/install/rtabmap_sync:/home/deepak/electronic_ws/install/rtabmap_rviz_plugins:/home/deepak/electronic_ws/install/rtabmap_conversions:/opt/ros/foxy:/home/deepak/electronic_ws/install/rtabmap_msgs:/home/deepak/electronic_ws/install/rtabmap LD_LIBRARY_PATH=/home/deepak/electronic_ws/install/rtabmap_slam/lib:/home/deepak/electronic_ws/install/rtabmap_odom/lib:/home/deepak/electronic_ws/install/rtabmap_util/lib:/home/deepak/electronic_ws/install/rtabmap_sync/lib:/home/deepak/electronic_ws/install/rtabmap_rviz_plugins/lib:/home/deepak/electronic_ws/install/rtabmap_conversions/lib:/home/deepak/electronic_ws/install/rtabmap_msgs/lib:/home/deepak/electronic_ws/install/rtabmap/lib:${LD_LIBRARY_PATH} PATH=/home/deepak/electronic_ws/install/rtabmap/bin:${PATH} PKG_CONFIG_PATH=/home/deepak/electronic_ws/install/rtabmap_msgs/lib/x86_64-linux-gnu/pkgconfig:/home/deepak/electronic_ws/install/rtabmap_msgs/lib/pkgconfig:/home/deepak/electronic_ws/install/rtabmap/lib/x86_64-linux-gnu/pkgconfig:/home/deepak/electronic_ws/install/rtabmap/lib/pkgconfig PYTHONPATH=/home/deepak/electronic_ws/install/rtabmap_msgs/lib/python3.8/site-packages:${PYTHONPATH} ROS_PACKAGE_PATH=/home/deepak/electronic_ws/install/rtabmap_msgs/share /usr/bin/cmake --build /home/deepak/electronic_ws/build/rtabmap_examples -- -j8 -l8
[416.191s] DEBUG:colcon.colcon_core.event_handler.log_command:Invoking command in '/home/deepak/electronic_ws/build/rtabmap_examples': AMENT_PREFIX_PATH=/home/deepak/electronic_ws/install/rtabmap_viz:/home/deepak/electronic_ws/install/rtabmap_slam:/home/deepak/electronic_ws/install/rtabmap_odom:/home/deepak/electronic_ws/install/rtabmap_util:/home/deepak/electronic_ws/install/rtabmap_sync:/home/deepak/electronic_ws/install/rtabmap_rviz_plugins:/home/deepak/electronic_ws/install/rtabmap_conversions:${AMENT_PREFIX_PATH} CMAKE_PREFIX_PATH=/home/deepak/electronic_ws/install/rtabmap_viz:/home/deepak/electronic_ws/install/rtabmap_slam:/home/deepak/electronic_ws/install/rtabmap_odom:/home/deepak/electronic_ws/install/rtabmap_util:/home/deepak/electronic_ws/install/rtabmap_sync:/home/deepak/electronic_ws/install/rtabmap_rviz_plugins:/home/deepak/electronic_ws/install/rtabmap_conversions:/opt/ros/foxy:/home/deepak/electronic_ws/install/rtabmap_msgs:/home/deepak/electronic_ws/install/rtabmap LD_LIBRARY_PATH=/home/deepak/electronic_ws/install/rtabmap_slam/lib:/home/deepak/electronic_ws/install/rtabmap_odom/lib:/home/deepak/electronic_ws/install/rtabmap_util/lib:/home/deepak/electronic_ws/install/rtabmap_sync/lib:/home/deepak/electronic_ws/install/rtabmap_rviz_plugins/lib:/home/deepak/electronic_ws/install/rtabmap_conversions/lib:/home/deepak/electronic_ws/install/rtabmap_msgs/lib:/home/deepak/electronic_ws/install/rtabmap/lib:${LD_LIBRARY_PATH} PATH=/home/deepak/electronic_ws/install/rtabmap/bin:${PATH} PKG_CONFIG_PATH=/home/deepak/electronic_ws/install/rtabmap_msgs/lib/x86_64-linux-gnu/pkgconfig:/home/deepak/electronic_ws/install/rtabmap_msgs/lib/pkgconfig:/home/deepak/electronic_ws/install/rtabmap/lib/x86_64-linux-gnu/pkgconfig:/home/deepak/electronic_ws/install/rtabmap/lib/pkgconfig PYTHONPATH=/home/deepak/electronic_ws/install/rtabmap_msgs/lib/python3.8/site-packages:${PYTHONPATH} ROS_PACKAGE_PATH=/home/deepak/electronic_ws/install/rtabmap_msgs/share /usr/bin/cmake --install /home/deepak/electronic_ws/build/rtabmap_examples
[416.195s] DEBUG:colcon.colcon_core.event_handler.log_command:Invoked command in '/home/deepak/electronic_ws/build/rtabmap_demos' returned '0': AMENT_PREFIX_PATH=/home/deepak/electronic_ws/install/rtabmap_viz:/home/deepak/electronic_ws/install/rtabmap_slam:/home/deepak/electronic_ws/install/rtabmap_odom:/home/deepak/electronic_ws/install/rtabmap_util:/home/deepak/electronic_ws/install/rtabmap_sync:/home/deepak/electronic_ws/install/rtabmap_rviz_plugins:/home/deepak/electronic_ws/install/rtabmap_conversions:${AMENT_PREFIX_PATH} CMAKE_PREFIX_PATH=/home/deepak/electronic_ws/install/rtabmap_viz:/home/deepak/electronic_ws/install/rtabmap_slam:/home/deepak/electronic_ws/install/rtabmap_odom:/home/deepak/electronic_ws/install/rtabmap_util:/home/deepak/electronic_ws/install/rtabmap_sync:/home/deepak/electronic_ws/install/rtabmap_rviz_plugins:/home/deepak/electronic_ws/install/rtabmap_conversions:/opt/ros/foxy:/home/deepak/electronic_ws/install/rtabmap_msgs:/home/deepak/electronic_ws/install/rtabmap LD_LIBRARY_PATH=/home/deepak/electronic_ws/install/rtabmap_slam/lib:/home/deepak/electronic_ws/install/rtabmap_odom/lib:/home/deepak/electronic_ws/install/rtabmap_util/lib:/home/deepak/electronic_ws/install/rtabmap_sync/lib:/home/deepak/electronic_ws/install/rtabmap_rviz_plugins/lib:/home/deepak/electronic_ws/install/rtabmap_conversions/lib:/home/deepak/electronic_ws/install/rtabmap_msgs/lib:/home/deepak/electronic_ws/install/rtabmap/lib:${LD_LIBRARY_PATH} PATH=/home/deepak/electronic_ws/install/rtabmap/bin:${PATH} PKG_CONFIG_PATH=/home/deepak/electronic_ws/install/rtabmap_msgs/lib/x86_64-linux-gnu/pkgconfig:/home/deepak/electronic_ws/install/rtabmap_msgs/lib/pkgconfig:/home/deepak/electronic_ws/install/rtabmap/lib/x86_64-linux-gnu/pkgconfig:/home/deepak/electronic_ws/install/rtabmap/lib/pkgconfig PYTHONPATH=/home/deepak/electronic_ws/install/rtabmap_msgs/lib/python3.8/site-packages:${PYTHONPATH} ROS_PACKAGE_PATH=/home/deepak/electronic_ws/install/rtabmap_msgs/share /usr/bin/cmake --build /home/deepak/electronic_ws/build/rtabmap_demos -- -j8 -l8
[416.201s] DEBUG:colcon.colcon_core.event_handler.log_command:Invoking command in '/home/deepak/electronic_ws/build/rtabmap_demos': AMENT_PREFIX_PATH=/home/deepak/electronic_ws/install/rtabmap_viz:/home/deepak/electronic_ws/install/rtabmap_slam:/home/deepak/electronic_ws/install/rtabmap_odom:/home/deepak/electronic_ws/install/rtabmap_util:/home/deepak/electronic_ws/install/rtabmap_sync:/home/deepak/electronic_ws/install/rtabmap_rviz_plugins:/home/deepak/electronic_ws/install/rtabmap_conversions:${AMENT_PREFIX_PATH} CMAKE_PREFIX_PATH=/home/deepak/electronic_ws/install/rtabmap_viz:/home/deepak/electronic_ws/install/rtabmap_slam:/home/deepak/electronic_ws/install/rtabmap_odom:/home/deepak/electronic_ws/install/rtabmap_util:/home/deepak/electronic_ws/install/rtabmap_sync:/home/deepak/electronic_ws/install/rtabmap_rviz_plugins:/home/deepak/electronic_ws/install/rtabmap_conversions:/opt/ros/foxy:/home/deepak/electronic_ws/install/rtabmap_msgs:/home/deepak/electronic_ws/install/rtabmap LD_LIBRARY_PATH=/home/deepak/electronic_ws/install/rtabmap_slam/lib:/home/deepak/electronic_ws/install/rtabmap_odom/lib:/home/deepak/electronic_ws/install/rtabmap_util/lib:/home/deepak/electronic_ws/install/rtabmap_sync/lib:/home/deepak/electronic_ws/install/rtabmap_rviz_plugins/lib:/home/deepak/electronic_ws/install/rtabmap_conversions/lib:/home/deepak/electronic_ws/install/rtabmap_msgs/lib:/home/deepak/electronic_ws/install/rtabmap/lib:${LD_LIBRARY_PATH} PATH=/home/deepak/electronic_ws/install/rtabmap/bin:${PATH} PKG_CONFIG_PATH=/home/deepak/electronic_ws/install/rtabmap_msgs/lib/x86_64-linux-gnu/pkgconfig:/home/deepak/electronic_ws/install/rtabmap_msgs/lib/pkgconfig:/home/deepak/electronic_ws/install/rtabmap/lib/x86_64-linux-gnu/pkgconfig:/home/deepak/electronic_ws/install/rtabmap/lib/pkgconfig PYTHONPATH=/home/deepak/electronic_ws/install/rtabmap_msgs/lib/python3.8/site-packages:${PYTHONPATH} ROS_PACKAGE_PATH=/home/deepak/electronic_ws/install/rtabmap_msgs/share /usr/bin/cmake --install /home/deepak/electronic_ws/build/rtabmap_demos
[416.429s] Level 1:colcon.colcon_core.environment:create_environment_scripts_only(rtabmap_launch)
[416.430s] Level 1:colcon.colcon_core.environment:checking '/home/deepak/electronic_ws/install/rtabmap_launch' for CMake module files
[416.430s] DEBUG:colcon.colcon_core.event_handler.log_command:Invoked command in '/home/deepak/electronic_ws/build/rtabmap_launch' returned '0': AMENT_PREFIX_PATH=/home/deepak/electronic_ws/install/rtabmap_viz:/home/deepak/electronic_ws/install/rtabmap_slam:/home/deepak/electronic_ws/install/rtabmap_odom:/home/deepak/electronic_ws/install/rtabmap_util:/home/deepak/electronic_ws/install/rtabmap_sync:/home/deepak/electronic_ws/install/rtabmap_rviz_plugins:/home/deepak/electronic_ws/install/rtabmap_conversions:${AMENT_PREFIX_PATH} CMAKE_PREFIX_PATH=/home/deepak/electronic_ws/install/rtabmap_viz:/home/deepak/electronic_ws/install/rtabmap_slam:/home/deepak/electronic_ws/install/rtabmap_odom:/home/deepak/electronic_ws/install/rtabmap_util:/home/deepak/electronic_ws/install/rtabmap_sync:/home/deepak/electronic_ws/install/rtabmap_rviz_plugins:/home/deepak/electronic_ws/install/rtabmap_conversions:/opt/ros/foxy:/home/deepak/electronic_ws/install/rtabmap_msgs:/home/deepak/electronic_ws/install/rtabmap LD_LIBRARY_PATH=/home/deepak/electronic_ws/install/rtabmap_slam/lib:/home/deepak/electronic_ws/install/rtabmap_odom/lib:/home/deepak/electronic_ws/install/rtabmap_util/lib:/home/deepak/electronic_ws/install/rtabmap_sync/lib:/home/deepak/electronic_ws/install/rtabmap_rviz_plugins/lib:/home/deepak/electronic_ws/install/rtabmap_conversions/lib:/home/deepak/electronic_ws/install/rtabmap_msgs/lib:/home/deepak/electronic_ws/install/rtabmap/lib:${LD_LIBRARY_PATH} PATH=/home/deepak/electronic_ws/install/rtabmap/bin:${PATH} PKG_CONFIG_PATH=/home/deepak/electronic_ws/install/rtabmap_msgs/lib/x86_64-linux-gnu/pkgconfig:/home/deepak/electronic_ws/install/rtabmap_msgs/lib/pkgconfig:/home/deepak/electronic_ws/install/rtabmap/lib/x86_64-linux-gnu/pkgconfig:/home/deepak/electronic_ws/install/rtabmap/lib/pkgconfig PYTHONPATH=/home/deepak/electronic_ws/install/rtabmap_msgs/lib/python3.8/site-packages:${PYTHONPATH} ROS_PACKAGE_PATH=/home/deepak/electronic_ws/install/rtabmap_msgs/share /usr/bin/cmake --install /home/deepak/electronic_ws/build/rtabmap_launch
[416.430s] Level 1:colcon.colcon_core.environment:checking '/home/deepak/electronic_ws/install/rtabmap_launch' for CMake config files
[416.431s] Level 1:colcon.colcon_core.shell:create_environment_hook('rtabmap_launch', 'cmake_prefix_path')
[416.431s] INFO:colcon.colcon_core.shell:Creating environment hook '/home/deepak/electronic_ws/install/rtabmap_launch/share/rtabmap_launch/hook/cmake_prefix_path.ps1'
[416.432s] INFO:colcon.colcon_core.shell:Creating environment descriptor '/home/deepak/electronic_ws/install/rtabmap_launch/share/rtabmap_launch/hook/cmake_prefix_path.dsv'
[416.432s] INFO:colcon.colcon_core.shell:Creating environment hook '/home/deepak/electronic_ws/install/rtabmap_launch/share/rtabmap_launch/hook/cmake_prefix_path.sh'
[416.432s] Level 1:colcon.colcon_core.environment:checking '/home/deepak/electronic_ws/install/rtabmap_launch/bin'
[416.432s] Level 1:colcon.colcon_core.environment:checking '/home/deepak/electronic_ws/install/rtabmap_launch/lib/pkgconfig/rtabmap_launch.pc'
[416.433s] Level 1:colcon.colcon_core.environment:checking '/home/deepak/electronic_ws/install/rtabmap_launch/lib/python3.8/site-packages'
[416.433s] Level 1:colcon.colcon_core.environment:checking '/home/deepak/electronic_ws/install/rtabmap_launch/bin'
[416.433s] INFO:colcon.colcon_core.shell:Creating package script '/home/deepak/electronic_ws/install/rtabmap_launch/share/rtabmap_launch/package.ps1'
[416.434s] INFO:colcon.colcon_core.shell:Creating package descriptor '/home/deepak/electronic_ws/install/rtabmap_launch/share/rtabmap_launch/package.dsv'
[416.434s] INFO:colcon.colcon_core.shell:Creating package script '/home/deepak/electronic_ws/install/rtabmap_launch/share/rtabmap_launch/package.sh'
[416.434s] INFO:colcon.colcon_core.shell:Creating package script '/home/deepak/electronic_ws/install/rtabmap_launch/share/rtabmap_launch/package.bash'
[416.435s] INFO:colcon.colcon_core.shell:Creating package script '/home/deepak/electronic_ws/install/rtabmap_launch/share/rtabmap_launch/package.zsh'
[416.435s] Level 1:colcon.colcon_core.environment:create_file_with_runtime_dependencies(/home/deepak/electronic_ws/install/rtabmap_launch/share/colcon-core/packages/rtabmap_launch)
[416.436s] Level 1:colcon.colcon_core.environment:create_environment_scripts_only(rtabmap_launch)
[416.437s] Level 1:colcon.colcon_core.environment:checking '/home/deepak/electronic_ws/install/rtabmap_launch' for CMake module files
[416.437s] Level 1:colcon.colcon_core.environment:checking '/home/deepak/electronic_ws/install/rtabmap_launch' for CMake config files
[416.438s] Level 1:colcon.colcon_core.shell:create_environment_hook('rtabmap_launch', 'cmake_prefix_path')
[416.438s] INFO:colcon.colcon_core.shell:Creating environment hook '/home/deepak/electronic_ws/install/rtabmap_launch/share/rtabmap_launch/hook/cmake_prefix_path.ps1'
[416.439s] INFO:colcon.colcon_core.shell:Creating environment descriptor '/home/deepak/electronic_ws/install/rtabmap_launch/share/rtabmap_launch/hook/cmake_prefix_path.dsv'
[416.439s] INFO:colcon.colcon_core.shell:Creating environment hook '/home/deepak/electronic_ws/install/rtabmap_launch/share/rtabmap_launch/hook/cmake_prefix_path.sh'
[416.440s] Level 1:colcon.colcon_core.environment:checking '/home/deepak/electronic_ws/install/rtabmap_launch/bin'
[416.440s] Level 1:colcon.colcon_core.environment:checking '/home/deepak/electronic_ws/install/rtabmap_launch/lib/pkgconfig/rtabmap_launch.pc'
[416.440s] Level 1:colcon.colcon_core.environment:checking '/home/deepak/electronic_ws/install/rtabmap_launch/lib/python3.8/site-packages'
[416.440s] Level 1:colcon.colcon_core.environment:checking '/home/deepak/electronic_ws/install/rtabmap_launch/bin'
[416.441s] INFO:colcon.colcon_core.shell:Creating package script '/home/deepak/electronic_ws/install/rtabmap_launch/share/rtabmap_launch/package.ps1'
[416.441s] INFO:colcon.colcon_core.shell:Creating package descriptor '/home/deepak/electronic_ws/install/rtabmap_launch/share/rtabmap_launch/package.dsv'
[416.442s] INFO:colcon.colcon_core.shell:Creating package script '/home/deepak/electronic_ws/install/rtabmap_launch/share/rtabmap_launch/package.sh'
[416.442s] INFO:colcon.colcon_core.shell:Creating package script '/home/deepak/electronic_ws/install/rtabmap_launch/share/rtabmap_launch/package.bash'
[416.442s] INFO:colcon.colcon_core.shell:Creating package script '/home/deepak/electronic_ws/install/rtabmap_launch/share/rtabmap_launch/package.zsh'
[416.443s] Level 1:colcon.colcon_core.environment:create_file_with_runtime_dependencies(/home/deepak/electronic_ws/install/rtabmap_launch/share/colcon-core/packages/rtabmap_launch)
[416.448s] Level 1:colcon.colcon_core.environment:create_environment_scripts_only(rtabmap_demos)
[416.449s] Level 1:colcon.colcon_core.environment:checking '/home/deepak/electronic_ws/install/rtabmap_demos' for CMake module files
[416.449s] DEBUG:colcon.colcon_core.event_handler.log_command:Invoked command in '/home/deepak/electronic_ws/build/rtabmap_demos' returned '0': AMENT_PREFIX_PATH=/home/deepak/electronic_ws/install/rtabmap_viz:/home/deepak/electronic_ws/install/rtabmap_slam:/home/deepak/electronic_ws/install/rtabmap_odom:/home/deepak/electronic_ws/install/rtabmap_util:/home/deepak/electronic_ws/install/rtabmap_sync:/home/deepak/electronic_ws/install/rtabmap_rviz_plugins:/home/deepak/electronic_ws/install/rtabmap_conversions:${AMENT_PREFIX_PATH} CMAKE_PREFIX_PATH=/home/deepak/electronic_ws/install/rtabmap_viz:/home/deepak/electronic_ws/install/rtabmap_slam:/home/deepak/electronic_ws/install/rtabmap_odom:/home/deepak/electronic_ws/install/rtabmap_util:/home/deepak/electronic_ws/install/rtabmap_sync:/home/deepak/electronic_ws/install/rtabmap_rviz_plugins:/home/deepak/electronic_ws/install/rtabmap_conversions:/opt/ros/foxy:/home/deepak/electronic_ws/install/rtabmap_msgs:/home/deepak/electronic_ws/install/rtabmap LD_LIBRARY_PATH=/home/deepak/electronic_ws/install/rtabmap_slam/lib:/home/deepak/electronic_ws/install/rtabmap_odom/lib:/home/deepak/electronic_ws/install/rtabmap_util/lib:/home/deepak/electronic_ws/install/rtabmap_sync/lib:/home/deepak/electronic_ws/install/rtabmap_rviz_plugins/lib:/home/deepak/electronic_ws/install/rtabmap_conversions/lib:/home/deepak/electronic_ws/install/rtabmap_msgs/lib:/home/deepak/electronic_ws/install/rtabmap/lib:${LD_LIBRARY_PATH} PATH=/home/deepak/electronic_ws/install/rtabmap/bin:${PATH} PKG_CONFIG_PATH=/home/deepak/electronic_ws/install/rtabmap_msgs/lib/x86_64-linux-gnu/pkgconfig:/home/deepak/electronic_ws/install/rtabmap_msgs/lib/pkgconfig:/home/deepak/electronic_ws/install/rtabmap/lib/x86_64-linux-gnu/pkgconfig:/home/deepak/electronic_ws/install/rtabmap/lib/pkgconfig PYTHONPATH=/home/deepak/electronic_ws/install/rtabmap_msgs/lib/python3.8/site-packages:${PYTHONPATH} ROS_PACKAGE_PATH=/home/deepak/electronic_ws/install/rtabmap_msgs/share /usr/bin/cmake --install /home/deepak/electronic_ws/build/rtabmap_demos
[416.449s] Level 1:colcon.colcon_core.environment:checking '/home/deepak/electronic_ws/install/rtabmap_demos' for CMake config files
[416.450s] Level 1:colcon.colcon_core.shell:create_environment_hook('rtabmap_demos', 'cmake_prefix_path')
[416.450s] INFO:colcon.colcon_core.shell:Creating environment hook '/home/deepak/electronic_ws/install/rtabmap_demos/share/rtabmap_demos/hook/cmake_prefix_path.ps1'
[416.451s] INFO:colcon.colcon_core.shell:Creating environment descriptor '/home/deepak/electronic_ws/install/rtabmap_demos/share/rtabmap_demos/hook/cmake_prefix_path.dsv'
[416.451s] INFO:colcon.colcon_core.shell:Creating environment hook '/home/deepak/electronic_ws/install/rtabmap_demos/share/rtabmap_demos/hook/cmake_prefix_path.sh'
[416.451s] Level 1:colcon.colcon_core.environment:checking '/home/deepak/electronic_ws/install/rtabmap_demos/bin'
[416.452s] Level 1:colcon.colcon_core.environment:checking '/home/deepak/electronic_ws/install/rtabmap_demos/lib/pkgconfig/rtabmap_demos.pc'
[416.452s] Level 1:colcon.colcon_core.environment:checking '/home/deepak/electronic_ws/install/rtabmap_demos/lib/python3.8/site-packages'
[416.452s] Level 1:colcon.colcon_core.environment:checking '/home/deepak/electronic_ws/install/rtabmap_demos/bin'
[416.452s] INFO:colcon.colcon_core.shell:Creating package script '/home/deepak/electronic_ws/install/rtabmap_demos/share/rtabmap_demos/package.ps1'
[416.453s] INFO:colcon.colcon_core.shell:Creating package descriptor '/home/deepak/electronic_ws/install/rtabmap_demos/share/rtabmap_demos/package.dsv'
[416.453s] INFO:colcon.colcon_core.shell:Creating package script '/home/deepak/electronic_ws/install/rtabmap_demos/share/rtabmap_demos/package.sh'
[416.453s] INFO:colcon.colcon_core.shell:Creating package script '/home/deepak/electronic_ws/install/rtabmap_demos/share/rtabmap_demos/package.bash'
[416.454s] INFO:colcon.colcon_core.shell:Creating package script '/home/deepak/electronic_ws/install/rtabmap_demos/share/rtabmap_demos/package.zsh'
[416.454s] Level 1:colcon.colcon_core.environment:create_file_with_runtime_dependencies(/home/deepak/electronic_ws/install/rtabmap_demos/share/colcon-core/packages/rtabmap_demos)
[416.455s] Level 1:colcon.colcon_core.environment:create_environment_scripts_only(rtabmap_demos)
[416.455s] Level 1:colcon.colcon_core.environment:checking '/home/deepak/electronic_ws/install/rtabmap_demos' for CMake module files
[416.455s] Level 1:colcon.colcon_core.environment:checking '/home/deepak/electronic_ws/install/rtabmap_demos' for CMake config files
[416.456s] Level 1:colcon.colcon_core.shell:create_environment_hook('rtabmap_demos', 'cmake_prefix_path')
[416.456s] INFO:colcon.colcon_core.shell:Creating environment hook '/home/deepak/electronic_ws/install/rtabmap_demos/share/rtabmap_demos/hook/cmake_prefix_path.ps1'
[416.457s] INFO:colcon.colcon_core.shell:Creating environment descriptor '/home/deepak/electronic_ws/install/rtabmap_demos/share/rtabmap_demos/hook/cmake_prefix_path.dsv'
[416.457s] INFO:colcon.colcon_core.shell:Creating environment hook '/home/deepak/electronic_ws/install/rtabmap_demos/share/rtabmap_demos/hook/cmake_prefix_path.sh'
[416.458s] Level 1:colcon.colcon_core.environment:checking '/home/deepak/electronic_ws/install/rtabmap_demos/bin'
[416.458s] Level 1:colcon.colcon_core.environment:checking '/home/deepak/electronic_ws/install/rtabmap_demos/lib/pkgconfig/rtabmap_demos.pc'
[416.458s] Level 1:colcon.colcon_core.environment:checking '/home/deepak/electronic_ws/install/rtabmap_demos/lib/python3.8/site-packages'
[416.458s] Level 1:colcon.colcon_core.environment:checking '/home/deepak/electronic_ws/install/rtabmap_demos/bin'
[416.459s] INFO:colcon.colcon_core.shell:Creating package script '/home/deepak/electronic_ws/install/rtabmap_demos/share/rtabmap_demos/package.ps1'
[416.459s] INFO:colcon.colcon_core.shell:Creating package descriptor '/home/deepak/electronic_ws/install/rtabmap_demos/share/rtabmap_demos/package.dsv'
[416.459s] INFO:colcon.colcon_core.shell:Creating package script '/home/deepak/electronic_ws/install/rtabmap_demos/share/rtabmap_demos/package.sh'
[416.460s] INFO:colcon.colcon_core.shell:Creating package script '/home/deepak/electronic_ws/install/rtabmap_demos/share/rtabmap_demos/package.bash'
[416.460s] INFO:colcon.colcon_core.shell:Creating package script '/home/deepak/electronic_ws/install/rtabmap_demos/share/rtabmap_demos/package.zsh'
[416.460s] Level 1:colcon.colcon_core.environment:create_file_with_runtime_dependencies(/home/deepak/electronic_ws/install/rtabmap_demos/share/colcon-core/packages/rtabmap_demos)
[416.516s] Level 1:colcon.colcon_core.environment:create_environment_scripts_only(rtabmap_examples)
[416.517s] Level 1:colcon.colcon_core.environment:checking '/home/deepak/electronic_ws/install/rtabmap_examples' for CMake module files
[416.517s] DEBUG:colcon.colcon_core.event_handler.log_command:Invoked command in '/home/deepak/electronic_ws/build/rtabmap_examples' returned '0': AMENT_PREFIX_PATH=/home/deepak/electronic_ws/install/rtabmap_viz:/home/deepak/electronic_ws/install/rtabmap_slam:/home/deepak/electronic_ws/install/rtabmap_odom:/home/deepak/electronic_ws/install/rtabmap_util:/home/deepak/electronic_ws/install/rtabmap_sync:/home/deepak/electronic_ws/install/rtabmap_rviz_plugins:/home/deepak/electronic_ws/install/rtabmap_conversions:${AMENT_PREFIX_PATH} CMAKE_PREFIX_PATH=/home/deepak/electronic_ws/install/rtabmap_viz:/home/deepak/electronic_ws/install/rtabmap_slam:/home/deepak/electronic_ws/install/rtabmap_odom:/home/deepak/electronic_ws/install/rtabmap_util:/home/deepak/electronic_ws/install/rtabmap_sync:/home/deepak/electronic_ws/install/rtabmap_rviz_plugins:/home/deepak/electronic_ws/install/rtabmap_conversions:/opt/ros/foxy:/home/deepak/electronic_ws/install/rtabmap_msgs:/home/deepak/electronic_ws/install/rtabmap LD_LIBRARY_PATH=/home/deepak/electronic_ws/install/rtabmap_slam/lib:/home/deepak/electronic_ws/install/rtabmap_odom/lib:/home/deepak/electronic_ws/install/rtabmap_util/lib:/home/deepak/electronic_ws/install/rtabmap_sync/lib:/home/deepak/electronic_ws/install/rtabmap_rviz_plugins/lib:/home/deepak/electronic_ws/install/rtabmap_conversions/lib:/home/deepak/electronic_ws/install/rtabmap_msgs/lib:/home/deepak/electronic_ws/install/rtabmap/lib:${LD_LIBRARY_PATH} PATH=/home/deepak/electronic_ws/install/rtabmap/bin:${PATH} PKG_CONFIG_PATH=/home/deepak/electronic_ws/install/rtabmap_msgs/lib/x86_64-linux-gnu/pkgconfig:/home/deepak/electronic_ws/install/rtabmap_msgs/lib/pkgconfig:/home/deepak/electronic_ws/install/rtabmap/lib/x86_64-linux-gnu/pkgconfig:/home/deepak/electronic_ws/install/rtabmap/lib/pkgconfig PYTHONPATH=/home/deepak/electronic_ws/install/rtabmap_msgs/lib/python3.8/site-packages:${PYTHONPATH} ROS_PACKAGE_PATH=/home/deepak/electronic_ws/install/rtabmap_msgs/share /usr/bin/cmake --install /home/deepak/electronic_ws/build/rtabmap_examples
[416.518s] Level 1:colcon.colcon_core.environment:checking '/home/deepak/electronic_ws/install/rtabmap_examples' for CMake config files
[416.518s] Level 1:colcon.colcon_core.shell:create_environment_hook('rtabmap_examples', 'cmake_prefix_path')
[416.518s] INFO:colcon.colcon_core.shell:Creating environment hook '/home/deepak/electronic_ws/install/rtabmap_examples/share/rtabmap_examples/hook/cmake_prefix_path.ps1'
[416.519s] INFO:colcon.colcon_core.shell:Creating environment descriptor '/home/deepak/electronic_ws/install/rtabmap_examples/share/rtabmap_examples/hook/cmake_prefix_path.dsv'
[416.519s] INFO:colcon.colcon_core.shell:Creating environment hook '/home/deepak/electronic_ws/install/rtabmap_examples/share/rtabmap_examples/hook/cmake_prefix_path.sh'
[416.520s] Level 1:colcon.colcon_core.environment:checking '/home/deepak/electronic_ws/install/rtabmap_examples/bin'
[416.520s] Level 1:colcon.colcon_core.environment:checking '/home/deepak/electronic_ws/install/rtabmap_examples/lib/pkgconfig/rtabmap_examples.pc'
[416.521s] Level 1:colcon.colcon_core.environment:checking '/home/deepak/electronic_ws/install/rtabmap_examples/lib/python3.8/site-packages'
[416.521s] Level 1:colcon.colcon_core.environment:checking '/home/deepak/electronic_ws/install/rtabmap_examples/bin'
[416.521s] INFO:colcon.colcon_core.shell:Creating package script '/home/deepak/electronic_ws/install/rtabmap_examples/share/rtabmap_examples/package.ps1'
[416.522s] INFO:colcon.colcon_core.shell:Creating package descriptor '/home/deepak/electronic_ws/install/rtabmap_examples/share/rtabmap_examples/package.dsv'
[416.523s] INFO:colcon.colcon_core.shell:Creating package script '/home/deepak/electronic_ws/install/rtabmap_examples/share/rtabmap_examples/package.sh'
[416.524s] INFO:colcon.colcon_core.shell:Creating package script '/home/deepak/electronic_ws/install/rtabmap_examples/share/rtabmap_examples/package.bash'
[416.524s] INFO:colcon.colcon_core.shell:Creating package script '/home/deepak/electronic_ws/install/rtabmap_examples/share/rtabmap_examples/package.zsh'
[416.525s] Level 1:colcon.colcon_core.environment:create_file_with_runtime_dependencies(/home/deepak/electronic_ws/install/rtabmap_examples/share/colcon-core/packages/rtabmap_examples)
[416.526s] Level 1:colcon.colcon_core.environment:create_environment_scripts_only(rtabmap_examples)
[416.527s] Level 1:colcon.colcon_core.environment:checking '/home/deepak/electronic_ws/install/rtabmap_examples' for CMake module files
[416.528s] Level 1:colcon.colcon_core.environment:checking '/home/deepak/electronic_ws/install/rtabmap_examples' for CMake config files
[416.528s] Level 1:colcon.colcon_core.shell:create_environment_hook('rtabmap_examples', 'cmake_prefix_path')
[416.528s] INFO:colcon.colcon_core.shell:Creating environment hook '/home/deepak/electronic_ws/install/rtabmap_examples/share/rtabmap_examples/hook/cmake_prefix_path.ps1'
[416.529s] INFO:colcon.colcon_core.shell:Creating environment descriptor '/home/deepak/electronic_ws/install/rtabmap_examples/share/rtabmap_examples/hook/cmake_prefix_path.dsv'
[416.530s] INFO:colcon.colcon_core.shell:Creating environment hook '/home/deepak/electronic_ws/install/rtabmap_examples/share/rtabmap_examples/hook/cmake_prefix_path.sh'
[416.530s] Level 1:colcon.colcon_core.environment:checking '/home/deepak/electronic_ws/install/rtabmap_examples/bin'
[416.531s] Level 1:colcon.colcon_core.environment:checking '/home/deepak/electronic_ws/install/rtabmap_examples/lib/pkgconfig/rtabmap_examples.pc'
[416.531s] Level 1:colcon.colcon_core.environment:checking '/home/deepak/electronic_ws/install/rtabmap_examples/lib/python3.8/site-packages'
[416.532s] Level 1:colcon.colcon_core.environment:checking '/home/deepak/electronic_ws/install/rtabmap_examples/bin'
[416.532s] INFO:colcon.colcon_core.shell:Creating package script '/home/deepak/electronic_ws/install/rtabmap_examples/share/rtabmap_examples/package.ps1'
[416.533s] INFO:colcon.colcon_core.shell:Creating package descriptor '/home/deepak/electronic_ws/install/rtabmap_examples/share/rtabmap_examples/package.dsv'
[416.534s] INFO:colcon.colcon_core.shell:Creating package script '/home/deepak/electronic_ws/install/rtabmap_examples/share/rtabmap_examples/package.sh'
[416.535s] INFO:colcon.colcon_core.shell:Creating package script '/home/deepak/electronic_ws/install/rtabmap_examples/share/rtabmap_examples/package.bash'
[416.535s] INFO:colcon.colcon_core.shell:Creating package script '/home/deepak/electronic_ws/install/rtabmap_examples/share/rtabmap_examples/package.zsh'
[416.536s] Level 1:colcon.colcon_core.environment:create_file_with_runtime_dependencies(/home/deepak/electronic_ws/install/rtabmap_examples/share/colcon-core/packages/rtabmap_examples)
[416.537s] INFO:colcon.colcon_ros.task.ament_cmake.build:Building ROS package in '/home/deepak/electronic_ws/src/rtabmap_ros/rtabmap_ros' with build type 'ament_cmake'
[416.537s] INFO:colcon.colcon_cmake.task.cmake.build:Building CMake package in '/home/deepak/electronic_ws/src/rtabmap_ros/rtabmap_ros'
[416.537s] INFO:colcon.colcon_core.shell:Skip shell extension 'powershell' for command environment: Not usable outside of PowerShell
[416.538s] DEBUG:colcon.colcon_core.shell:Skip shell extension 'dsv' for command environment
[416.586s] DEBUG:colcon.colcon_core.event_handler.log_command:Invoking command in '/home/deepak/electronic_ws/build/rtabmap_ros': AMENT_PREFIX_PATH=/home/deepak/electronic_ws/install/rtabmap_launch:/home/deepak/electronic_ws/install/rtabmap_examples:/home/deepak/electronic_ws/install/rtabmap_demos:/home/deepak/electronic_ws/install/rtabmap_viz:/home/deepak/electronic_ws/install/rtabmap_slam:/home/deepak/electronic_ws/install/rtabmap_odom:/home/deepak/electronic_ws/install/rtabmap_util:/home/deepak/electronic_ws/install/rtabmap_sync:/home/deepak/electronic_ws/install/rtabmap_rviz_plugins:/home/deepak/electronic_ws/install/rtabmap_conversions:/home/deepak/electronic_ws/install/rtabmap_python:${AMENT_PREFIX_PATH} CMAKE_PREFIX_PATH=/home/deepak/electronic_ws/install/rtabmap_launch:/home/deepak/electronic_ws/install/rtabmap_examples:/home/deepak/electronic_ws/install/rtabmap_demos:/home/deepak/electronic_ws/install/rtabmap_viz:/home/deepak/electronic_ws/install/rtabmap_slam:/home/deepak/electronic_ws/install/rtabmap_odom:/home/deepak/electronic_ws/install/rtabmap_util:/home/deepak/electronic_ws/install/rtabmap_sync:/home/deepak/electronic_ws/install/rtabmap_rviz_plugins:/home/deepak/electronic_ws/install/rtabmap_conversions:/opt/ros/foxy:/home/deepak/electronic_ws/install/rtabmap_msgs:/home/deepak/electronic_ws/install/rtabmap LD_LIBRARY_PATH=/home/deepak/electronic_ws/install/rtabmap_slam/lib:/home/deepak/electronic_ws/install/rtabmap_odom/lib:/home/deepak/electronic_ws/install/rtabmap_util/lib:/home/deepak/electronic_ws/install/rtabmap_sync/lib:/home/deepak/electronic_ws/install/rtabmap_rviz_plugins/lib:/home/deepak/electronic_ws/install/rtabmap_conversions/lib:/home/deepak/electronic_ws/install/rtabmap_msgs/lib:/home/deepak/electronic_ws/install/rtabmap/lib:${LD_LIBRARY_PATH} PATH=/home/deepak/electronic_ws/install/rtabmap/bin:${PATH} PKG_CONFIG_PATH=/home/deepak/electronic_ws/install/rtabmap_msgs/lib/x86_64-linux-gnu/pkgconfig:/home/deepak/electronic_ws/install/rtabmap_msgs/lib/pkgconfig:/home/deepak/electronic_ws/install/rtabmap/lib/x86_64-linux-gnu/pkgconfig:/home/deepak/electronic_ws/install/rtabmap/lib/pkgconfig PYTHONPATH=/home/deepak/electronic_ws/build/rtabmap_python:/home/deepak/electronic_ws/install/rtabmap_python/lib/python3.8/site-packages:/home/deepak/electronic_ws/install/rtabmap_msgs/lib/python3.8/site-packages:${PYTHONPATH} ROS_PACKAGE_PATH=/home/deepak/electronic_ws/install/rtabmap_msgs/share /usr/bin/cmake /home/deepak/electronic_ws/src/rtabmap_ros/rtabmap_ros -DAMENT_CMAKE_SYMLINK_INSTALL=1 -DCMAKE_INSTALL_PREFIX=/home/deepak/electronic_ws/install/rtabmap_ros
[417.724s] DEBUG:colcon.colcon_core.event_handler.log_command:Invoked command in '/home/deepak/electronic_ws/build/rtabmap_ros' returned '0': AMENT_PREFIX_PATH=/home/deepak/electronic_ws/install/rtabmap_launch:/home/deepak/electronic_ws/install/rtabmap_examples:/home/deepak/electronic_ws/install/rtabmap_demos:/home/deepak/electronic_ws/install/rtabmap_viz:/home/deepak/electronic_ws/install/rtabmap_slam:/home/deepak/electronic_ws/install/rtabmap_odom:/home/deepak/electronic_ws/install/rtabmap_util:/home/deepak/electronic_ws/install/rtabmap_sync:/home/deepak/electronic_ws/install/rtabmap_rviz_plugins:/home/deepak/electronic_ws/install/rtabmap_conversions:/home/deepak/electronic_ws/install/rtabmap_python:${AMENT_PREFIX_PATH} CMAKE_PREFIX_PATH=/home/deepak/electronic_ws/install/rtabmap_launch:/home/deepak/electronic_ws/install/rtabmap_examples:/home/deepak/electronic_ws/install/rtabmap_demos:/home/deepak/electronic_ws/install/rtabmap_viz:/home/deepak/electronic_ws/install/rtabmap_slam:/home/deepak/electronic_ws/install/rtabmap_odom:/home/deepak/electronic_ws/install/rtabmap_util:/home/deepak/electronic_ws/install/rtabmap_sync:/home/deepak/electronic_ws/install/rtabmap_rviz_plugins:/home/deepak/electronic_ws/install/rtabmap_conversions:/opt/ros/foxy:/home/deepak/electronic_ws/install/rtabmap_msgs:/home/deepak/electronic_ws/install/rtabmap LD_LIBRARY_PATH=/home/deepak/electronic_ws/install/rtabmap_slam/lib:/home/deepak/electronic_ws/install/rtabmap_odom/lib:/home/deepak/electronic_ws/install/rtabmap_util/lib:/home/deepak/electronic_ws/install/rtabmap_sync/lib:/home/deepak/electronic_ws/install/rtabmap_rviz_plugins/lib:/home/deepak/electronic_ws/install/rtabmap_conversions/lib:/home/deepak/electronic_ws/install/rtabmap_msgs/lib:/home/deepak/electronic_ws/install/rtabmap/lib:${LD_LIBRARY_PATH} PATH=/home/deepak/electronic_ws/install/rtabmap/bin:${PATH} PKG_CONFIG_PATH=/home/deepak/electronic_ws/install/rtabmap_msgs/lib/x86_64-linux-gnu/pkgconfig:/home/deepak/electronic_ws/install/rtabmap_msgs/lib/pkgconfig:/home/deepak/electronic_ws/install/rtabmap/lib/x86_64-linux-gnu/pkgconfig:/home/deepak/electronic_ws/install/rtabmap/lib/pkgconfig PYTHONPATH=/home/deepak/electronic_ws/build/rtabmap_python:/home/deepak/electronic_ws/install/rtabmap_python/lib/python3.8/site-packages:/home/deepak/electronic_ws/install/rtabmap_msgs/lib/python3.8/site-packages:${PYTHONPATH} ROS_PACKAGE_PATH=/home/deepak/electronic_ws/install/rtabmap_msgs/share /usr/bin/cmake /home/deepak/electronic_ws/src/rtabmap_ros/rtabmap_ros -DAMENT_CMAKE_SYMLINK_INSTALL=1 -DCMAKE_INSTALL_PREFIX=/home/deepak/electronic_ws/install/rtabmap_ros
[417.726s] DEBUG:colcon.colcon_core.event_handler.log_command:Invoking command in '/home/deepak/electronic_ws/build/rtabmap_ros': AMENT_PREFIX_PATH=/home/deepak/electronic_ws/install/rtabmap_launch:/home/deepak/electronic_ws/install/rtabmap_examples:/home/deepak/electronic_ws/install/rtabmap_demos:/home/deepak/electronic_ws/install/rtabmap_viz:/home/deepak/electronic_ws/install/rtabmap_slam:/home/deepak/electronic_ws/install/rtabmap_odom:/home/deepak/electronic_ws/install/rtabmap_util:/home/deepak/electronic_ws/install/rtabmap_sync:/home/deepak/electronic_ws/install/rtabmap_rviz_plugins:/home/deepak/electronic_ws/install/rtabmap_conversions:/home/deepak/electronic_ws/install/rtabmap_python:${AMENT_PREFIX_PATH} CMAKE_PREFIX_PATH=/home/deepak/electronic_ws/install/rtabmap_launch:/home/deepak/electronic_ws/install/rtabmap_examples:/home/deepak/electronic_ws/install/rtabmap_demos:/home/deepak/electronic_ws/install/rtabmap_viz:/home/deepak/electronic_ws/install/rtabmap_slam:/home/deepak/electronic_ws/install/rtabmap_odom:/home/deepak/electronic_ws/install/rtabmap_util:/home/deepak/electronic_ws/install/rtabmap_sync:/home/deepak/electronic_ws/install/rtabmap_rviz_plugins:/home/deepak/electronic_ws/install/rtabmap_conversions:/opt/ros/foxy:/home/deepak/electronic_ws/install/rtabmap_msgs:/home/deepak/electronic_ws/install/rtabmap LD_LIBRARY_PATH=/home/deepak/electronic_ws/install/rtabmap_slam/lib:/home/deepak/electronic_ws/install/rtabmap_odom/lib:/home/deepak/electronic_ws/install/rtabmap_util/lib:/home/deepak/electronic_ws/install/rtabmap_sync/lib:/home/deepak/electronic_ws/install/rtabmap_rviz_plugins/lib:/home/deepak/electronic_ws/install/rtabmap_conversions/lib:/home/deepak/electronic_ws/install/rtabmap_msgs/lib:/home/deepak/electronic_ws/install/rtabmap/lib:${LD_LIBRARY_PATH} PATH=/home/deepak/electronic_ws/install/rtabmap/bin:${PATH} PKG_CONFIG_PATH=/home/deepak/electronic_ws/install/rtabmap_msgs/lib/x86_64-linux-gnu/pkgconfig:/home/deepak/electronic_ws/install/rtabmap_msgs/lib/pkgconfig:/home/deepak/electronic_ws/install/rtabmap/lib/x86_64-linux-gnu/pkgconfig:/home/deepak/electronic_ws/install/rtabmap/lib/pkgconfig PYTHONPATH=/home/deepak/electronic_ws/build/rtabmap_python:/home/deepak/electronic_ws/install/rtabmap_python/lib/python3.8/site-packages:/home/deepak/electronic_ws/install/rtabmap_msgs/lib/python3.8/site-packages:${PYTHONPATH} ROS_PACKAGE_PATH=/home/deepak/electronic_ws/install/rtabmap_msgs/share /usr/bin/cmake --build /home/deepak/electronic_ws/build/rtabmap_ros -- -j8 -l8
[417.783s] DEBUG:colcon.colcon_core.event_handler.log_command:Invoked command in '/home/deepak/electronic_ws/build/rtabmap_ros' returned '0': AMENT_PREFIX_PATH=/home/deepak/electronic_ws/install/rtabmap_launch:/home/deepak/electronic_ws/install/rtabmap_examples:/home/deepak/electronic_ws/install/rtabmap_demos:/home/deepak/electronic_ws/install/rtabmap_viz:/home/deepak/electronic_ws/install/rtabmap_slam:/home/deepak/electronic_ws/install/rtabmap_odom:/home/deepak/electronic_ws/install/rtabmap_util:/home/deepak/electronic_ws/install/rtabmap_sync:/home/deepak/electronic_ws/install/rtabmap_rviz_plugins:/home/deepak/electronic_ws/install/rtabmap_conversions:/home/deepak/electronic_ws/install/rtabmap_python:${AMENT_PREFIX_PATH} CMAKE_PREFIX_PATH=/home/deepak/electronic_ws/install/rtabmap_launch:/home/deepak/electronic_ws/install/rtabmap_examples:/home/deepak/electronic_ws/install/rtabmap_demos:/home/deepak/electronic_ws/install/rtabmap_viz:/home/deepak/electronic_ws/install/rtabmap_slam:/home/deepak/electronic_ws/install/rtabmap_odom:/home/deepak/electronic_ws/install/rtabmap_util:/home/deepak/electronic_ws/install/rtabmap_sync:/home/deepak/electronic_ws/install/rtabmap_rviz_plugins:/home/deepak/electronic_ws/install/rtabmap_conversions:/opt/ros/foxy:/home/deepak/electronic_ws/install/rtabmap_msgs:/home/deepak/electronic_ws/install/rtabmap LD_LIBRARY_PATH=/home/deepak/electronic_ws/install/rtabmap_slam/lib:/home/deepak/electronic_ws/install/rtabmap_odom/lib:/home/deepak/electronic_ws/install/rtabmap_util/lib:/home/deepak/electronic_ws/install/rtabmap_sync/lib:/home/deepak/electronic_ws/install/rtabmap_rviz_plugins/lib:/home/deepak/electronic_ws/install/rtabmap_conversions/lib:/home/deepak/electronic_ws/install/rtabmap_msgs/lib:/home/deepak/electronic_ws/install/rtabmap/lib:${LD_LIBRARY_PATH} PATH=/home/deepak/electronic_ws/install/rtabmap/bin:${PATH} PKG_CONFIG_PATH=/home/deepak/electronic_ws/install/rtabmap_msgs/lib/x86_64-linux-gnu/pkgconfig:/home/deepak/electronic_ws/install/rtabmap_msgs/lib/pkgconfig:/home/deepak/electronic_ws/install/rtabmap/lib/x86_64-linux-gnu/pkgconfig:/home/deepak/electronic_ws/install/rtabmap/lib/pkgconfig PYTHONPATH=/home/deepak/electronic_ws/build/rtabmap_python:/home/deepak/electronic_ws/install/rtabmap_python/lib/python3.8/site-packages:/home/deepak/electronic_ws/install/rtabmap_msgs/lib/python3.8/site-packages:${PYTHONPATH} ROS_PACKAGE_PATH=/home/deepak/electronic_ws/install/rtabmap_msgs/share /usr/bin/cmake --build /home/deepak/electronic_ws/build/rtabmap_ros -- -j8 -l8
[417.787s] DEBUG:colcon.colcon_core.event_handler.log_command:Invoking command in '/home/deepak/electronic_ws/build/rtabmap_ros': AMENT_PREFIX_PATH=/home/deepak/electronic_ws/install/rtabmap_launch:/home/deepak/electronic_ws/install/rtabmap_examples:/home/deepak/electronic_ws/install/rtabmap_demos:/home/deepak/electronic_ws/install/rtabmap_viz:/home/deepak/electronic_ws/install/rtabmap_slam:/home/deepak/electronic_ws/install/rtabmap_odom:/home/deepak/electronic_ws/install/rtabmap_util:/home/deepak/electronic_ws/install/rtabmap_sync:/home/deepak/electronic_ws/install/rtabmap_rviz_plugins:/home/deepak/electronic_ws/install/rtabmap_conversions:/home/deepak/electronic_ws/install/rtabmap_python:${AMENT_PREFIX_PATH} CMAKE_PREFIX_PATH=/home/deepak/electronic_ws/install/rtabmap_launch:/home/deepak/electronic_ws/install/rtabmap_examples:/home/deepak/electronic_ws/install/rtabmap_demos:/home/deepak/electronic_ws/install/rtabmap_viz:/home/deepak/electronic_ws/install/rtabmap_slam:/home/deepak/electronic_ws/install/rtabmap_odom:/home/deepak/electronic_ws/install/rtabmap_util:/home/deepak/electronic_ws/install/rtabmap_sync:/home/deepak/electronic_ws/install/rtabmap_rviz_plugins:/home/deepak/electronic_ws/install/rtabmap_conversions:/opt/ros/foxy:/home/deepak/electronic_ws/install/rtabmap_msgs:/home/deepak/electronic_ws/install/rtabmap LD_LIBRARY_PATH=/home/deepak/electronic_ws/install/rtabmap_slam/lib:/home/deepak/electronic_ws/install/rtabmap_odom/lib:/home/deepak/electronic_ws/install/rtabmap_util/lib:/home/deepak/electronic_ws/install/rtabmap_sync/lib:/home/deepak/electronic_ws/install/rtabmap_rviz_plugins/lib:/home/deepak/electronic_ws/install/rtabmap_conversions/lib:/home/deepak/electronic_ws/install/rtabmap_msgs/lib:/home/deepak/electronic_ws/install/rtabmap/lib:${LD_LIBRARY_PATH} PATH=/home/deepak/electronic_ws/install/rtabmap/bin:${PATH} PKG_CONFIG_PATH=/home/deepak/electronic_ws/install/rtabmap_msgs/lib/x86_64-linux-gnu/pkgconfig:/home/deepak/electronic_ws/install/rtabmap_msgs/lib/pkgconfig:/home/deepak/electronic_ws/install/rtabmap/lib/x86_64-linux-gnu/pkgconfig:/home/deepak/electronic_ws/install/rtabmap/lib/pkgconfig PYTHONPATH=/home/deepak/electronic_ws/build/rtabmap_python:/home/deepak/electronic_ws/install/rtabmap_python/lib/python3.8/site-packages:/home/deepak/electronic_ws/install/rtabmap_msgs/lib/python3.8/site-packages:${PYTHONPATH} ROS_PACKAGE_PATH=/home/deepak/electronic_ws/install/rtabmap_msgs/share /usr/bin/cmake --install /home/deepak/electronic_ws/build/rtabmap_ros
[418.019s] Level 1:colcon.colcon_core.environment:create_environment_scripts_only(rtabmap_ros)
[418.019s] Level 1:colcon.colcon_core.environment:checking '/home/deepak/electronic_ws/install/rtabmap_ros' for CMake module files
[418.020s] DEBUG:colcon.colcon_core.event_handler.log_command:Invoked command in '/home/deepak/electronic_ws/build/rtabmap_ros' returned '0': AMENT_PREFIX_PATH=/home/deepak/electronic_ws/install/rtabmap_launch:/home/deepak/electronic_ws/install/rtabmap_examples:/home/deepak/electronic_ws/install/rtabmap_demos:/home/deepak/electronic_ws/install/rtabmap_viz:/home/deepak/electronic_ws/install/rtabmap_slam:/home/deepak/electronic_ws/install/rtabmap_odom:/home/deepak/electronic_ws/install/rtabmap_util:/home/deepak/electronic_ws/install/rtabmap_sync:/home/deepak/electronic_ws/install/rtabmap_rviz_plugins:/home/deepak/electronic_ws/install/rtabmap_conversions:/home/deepak/electronic_ws/install/rtabmap_python:${AMENT_PREFIX_PATH} CMAKE_PREFIX_PATH=/home/deepak/electronic_ws/install/rtabmap_launch:/home/deepak/electronic_ws/install/rtabmap_examples:/home/deepak/electronic_ws/install/rtabmap_demos:/home/deepak/electronic_ws/install/rtabmap_viz:/home/deepak/electronic_ws/install/rtabmap_slam:/home/deepak/electronic_ws/install/rtabmap_odom:/home/deepak/electronic_ws/install/rtabmap_util:/home/deepak/electronic_ws/install/rtabmap_sync:/home/deepak/electronic_ws/install/rtabmap_rviz_plugins:/home/deepak/electronic_ws/install/rtabmap_conversions:/opt/ros/foxy:/home/deepak/electronic_ws/install/rtabmap_msgs:/home/deepak/electronic_ws/install/rtabmap LD_LIBRARY_PATH=/home/deepak/electronic_ws/install/rtabmap_slam/lib:/home/deepak/electronic_ws/install/rtabmap_odom/lib:/home/deepak/electronic_ws/install/rtabmap_util/lib:/home/deepak/electronic_ws/install/rtabmap_sync/lib:/home/deepak/electronic_ws/install/rtabmap_rviz_plugins/lib:/home/deepak/electronic_ws/install/rtabmap_conversions/lib:/home/deepak/electronic_ws/install/rtabmap_msgs/lib:/home/deepak/electronic_ws/install/rtabmap/lib:${LD_LIBRARY_PATH} PATH=/home/deepak/electronic_ws/install/rtabmap/bin:${PATH} PKG_CONFIG_PATH=/home/deepak/electronic_ws/install/rtabmap_msgs/lib/x86_64-linux-gnu/pkgconfig:/home/deepak/electronic_ws/install/rtabmap_msgs/lib/pkgconfig:/home/deepak/electronic_ws/install/rtabmap/lib/x86_64-linux-gnu/pkgconfig:/home/deepak/electronic_ws/install/rtabmap/lib/pkgconfig PYTHONPATH=/home/deepak/electronic_ws/build/rtabmap_python:/home/deepak/electronic_ws/install/rtabmap_python/lib/python3.8/site-packages:/home/deepak/electronic_ws/install/rtabmap_msgs/lib/python3.8/site-packages:${PYTHONPATH} ROS_PACKAGE_PATH=/home/deepak/electronic_ws/install/rtabmap_msgs/share /usr/bin/cmake --install /home/deepak/electronic_ws/build/rtabmap_ros
[418.020s] Level 1:colcon.colcon_core.environment:checking '/home/deepak/electronic_ws/install/rtabmap_ros' for CMake config files
[418.021s] Level 1:colcon.colcon_core.shell:create_environment_hook('rtabmap_ros', 'cmake_prefix_path')
[418.021s] INFO:colcon.colcon_core.shell:Creating environment hook '/home/deepak/electronic_ws/install/rtabmap_ros/share/rtabmap_ros/hook/cmake_prefix_path.ps1'
[418.022s] INFO:colcon.colcon_core.shell:Creating environment descriptor '/home/deepak/electronic_ws/install/rtabmap_ros/share/rtabmap_ros/hook/cmake_prefix_path.dsv'
[418.022s] INFO:colcon.colcon_core.shell:Creating environment hook '/home/deepak/electronic_ws/install/rtabmap_ros/share/rtabmap_ros/hook/cmake_prefix_path.sh'
[418.023s] Level 1:colcon.colcon_core.environment:checking '/home/deepak/electronic_ws/install/rtabmap_ros/bin'
[418.023s] Level 1:colcon.colcon_core.environment:checking '/home/deepak/electronic_ws/install/rtabmap_ros/lib/pkgconfig/rtabmap_ros.pc'
[418.023s] Level 1:colcon.colcon_core.environment:checking '/home/deepak/electronic_ws/install/rtabmap_ros/lib/python3.8/site-packages'
[418.023s] Level 1:colcon.colcon_core.environment:checking '/home/deepak/electronic_ws/install/rtabmap_ros/bin'
[418.023s] INFO:colcon.colcon_core.shell:Creating package script '/home/deepak/electronic_ws/install/rtabmap_ros/share/rtabmap_ros/package.ps1'
[418.024s] INFO:colcon.colcon_core.shell:Creating package descriptor '/home/deepak/electronic_ws/install/rtabmap_ros/share/rtabmap_ros/package.dsv'
[418.024s] INFO:colcon.colcon_core.shell:Creating package script '/home/deepak/electronic_ws/install/rtabmap_ros/share/rtabmap_ros/package.sh'
[418.024s] INFO:colcon.colcon_core.shell:Creating package script '/home/deepak/electronic_ws/install/rtabmap_ros/share/rtabmap_ros/package.bash'
[418.025s] INFO:colcon.colcon_core.shell:Creating package script '/home/deepak/electronic_ws/install/rtabmap_ros/share/rtabmap_ros/package.zsh'
[418.025s] Level 1:colcon.colcon_core.environment:create_file_with_runtime_dependencies(/home/deepak/electronic_ws/install/rtabmap_ros/share/colcon-core/packages/rtabmap_ros)
[418.026s] Level 1:colcon.colcon_core.environment:create_environment_scripts_only(rtabmap_ros)
[418.026s] Level 1:colcon.colcon_core.environment:checking '/home/deepak/electronic_ws/install/rtabmap_ros' for CMake module files
[418.026s] Level 1:colcon.colcon_core.environment:checking '/home/deepak/electronic_ws/install/rtabmap_ros' for CMake config files
[418.027s] Level 1:colcon.colcon_core.shell:create_environment_hook('rtabmap_ros', 'cmake_prefix_path')
[418.027s] INFO:colcon.colcon_core.shell:Creating environment hook '/home/deepak/electronic_ws/install/rtabmap_ros/share/rtabmap_ros/hook/cmake_prefix_path.ps1'
[418.027s] INFO:colcon.colcon_core.shell:Creating environment descriptor '/home/deepak/electronic_ws/install/rtabmap_ros/share/rtabmap_ros/hook/cmake_prefix_path.dsv'
[418.027s] INFO:colcon.colcon_core.shell:Creating environment hook '/home/deepak/electronic_ws/install/rtabmap_ros/share/rtabmap_ros/hook/cmake_prefix_path.sh'
[418.028s] Level 1:colcon.colcon_core.environment:checking '/home/deepak/electronic_ws/install/rtabmap_ros/bin'
[418.028s] Level 1:colcon.colcon_core.environment:checking '/home/deepak/electronic_ws/install/rtabmap_ros/lib/pkgconfig/rtabmap_ros.pc'
[418.028s] Level 1:colcon.colcon_core.environment:checking '/home/deepak/electronic_ws/install/rtabmap_ros/lib/python3.8/site-packages'
[418.028s] Level 1:colcon.colcon_core.environment:checking '/home/deepak/electronic_ws/install/rtabmap_ros/bin'
[418.028s] INFO:colcon.colcon_core.shell:Creating package script '/home/deepak/electronic_ws/install/rtabmap_ros/share/rtabmap_ros/package.ps1'
[418.029s] INFO:colcon.colcon_core.shell:Creating package descriptor '/home/deepak/electronic_ws/install/rtabmap_ros/share/rtabmap_ros/package.dsv'
[418.029s] INFO:colcon.colcon_core.shell:Creating package script '/home/deepak/electronic_ws/install/rtabmap_ros/share/rtabmap_ros/package.sh'
[418.030s] INFO:colcon.colcon_core.shell:Creating package script '/home/deepak/electronic_ws/install/rtabmap_ros/share/rtabmap_ros/package.bash'
[418.030s] INFO:colcon.colcon_core.shell:Creating package script '/home/deepak/electronic_ws/install/rtabmap_ros/share/rtabmap_ros/package.zsh'
[418.030s] Level 1:colcon.colcon_core.environment:create_file_with_runtime_dependencies(/home/deepak/electronic_ws/install/rtabmap_ros/share/colcon-core/packages/rtabmap_ros)
[418.033s] DEBUG:colcon.colcon_parallel_executor.executor.parallel:closing loop
[418.035s] DEBUG:colcon.colcon_parallel_executor.executor.parallel:loop closed
[418.035s] DEBUG:colcon.colcon_parallel_executor.executor.parallel:run_until_complete finished with '0'
[418.037s] DEBUG:colcon.colcon_core.event_reactor:joining thread
[418.115s] INFO:colcon.colcon_core.plugin_system:Skipping extension 'colcon_notification.desktop_notification.terminal_notifier': Not used on non-Darwin systems
[418.115s] INFO:colcon.colcon_core.plugin_system:Skipping extension 'colcon_notification.desktop_notification.win32': Not used on non-Windows systems
[418.115s] INFO:colcon.colcon_notification.desktop_notification:Sending desktop notification using 'notify2'
[418.396s] DEBUG:colcon.colcon_core.event_reactor:joined thread
[418.401s] INFO:colcon.colcon_core.shell:Creating prefix script '/home/deepak/electronic_ws/install/local_setup.ps1'
[418.409s] INFO:colcon.colcon_core.shell:Creating prefix util module '/home/deepak/electronic_ws/install/_local_setup_util_ps1.py'
[418.411s] INFO:colcon.colcon_core.shell:Creating prefix chain script '/home/deepak/electronic_ws/install/setup.ps1'
[418.412s] INFO:colcon.colcon_core.shell:Creating prefix script '/home/deepak/electronic_ws/install/local_setup.sh'
[418.414s] INFO:colcon.colcon_core.shell:Creating prefix util module '/home/deepak/electronic_ws/install/_local_setup_util_sh.py'
[418.416s] INFO:colcon.colcon_core.shell:Creating prefix chain script '/home/deepak/electronic_ws/install/setup.sh'
[418.417s] INFO:colcon.colcon_core.shell:Creating prefix script '/home/deepak/electronic_ws/install/local_setup.bash'
[418.419s] INFO:colcon.colcon_core.shell:Creating prefix chain script '/home/deepak/electronic_ws/install/setup.bash'
[418.421s] INFO:colcon.colcon_core.shell:Creating prefix script '/home/deepak/electronic_ws/install/local_setup.zsh'
[418.423s] INFO:colcon.colcon_core.shell:Creating prefix chain script '/home/deepak/electronic_ws/install/setup.zsh'
