[0.599s] DEBUG:colcon:Command line arguments: ['/usr/bin/colcon', 'build']
[0.599s] DEBUG:colcon:Parsed command line arguments: Namespace(allow_overriding=[], ament_cmake_args=None, base_paths=['.'], build_base='build', catkin_cmake_args=None, catkin_skip_building_tests=False, cmake_args=None, cmake_clean_cache=False, cmake_clean_first=False, cmake_force_configure=False, cmake_target=None, cmake_target_skip_unavailable=False, continue_on_error=False, event_handlers=None, executor='parallel', ignore_user_meta=False, install_base='install', log_base=None, log_level=None, main=<bound method BuildVerb.main of <colcon_core.verb.build.BuildVerb object at 0x7fc75c884af0>>, merge_install=False, metas=['./colcon.meta'], mixin=None, mixin_files=None, mixin_verb=('build',), packages_above=None, packages_above_and_dependencies=None, packages_above_depth=None, packages_end=None, packages_ignore=None, packages_ignore_regex=None, packages_select=None, packages_select_build_failed=False, packages_select_by_dep=None, packages_select_regex=None, packages_select_test_failures=False, packages_skip=None, packages_skip_build_finished=False, packages_skip_by_dep=None, packages_skip_regex=None, packages_skip_test_passed=False, packages_skip_up_to=None, packages_start=None, packages_up_to=None, packages_up_to_regex=None, parallel_workers=8, paths=None, symlink_install=False, test_result_base=None, verb_extension=<colcon_core.verb.build.BuildVerb object at 0x7fc75c884af0>, verb_name='build', verb_parser=<colcon_mixin.mixin.mixin_argument.MixinArgumentDecorator object at 0x7fc75c8940d0>)
[0.824s] Level 1:colcon.colcon_core.package_discovery:discover_packages(colcon_meta) check parameters
[0.824s] Level 1:colcon.colcon_core.package_discovery:discover_packages(recursive) check parameters
[0.824s] Level 1:colcon.colcon_core.package_discovery:discover_packages(ignore) check parameters
[0.824s] Level 1:colcon.colcon_core.package_discovery:discover_packages(path) check parameters
[0.824s] Level 1:colcon.colcon_core.package_discovery:discover_packages(colcon_meta) discover
[0.824s] Level 1:colcon.colcon_core.package_discovery:discover_packages(recursive) discover
[0.824s] INFO:colcon.colcon_core.package_discovery:Crawling recursively for packages in '/home/deepak/electronic_ws'
[0.824s] Level 1:colcon.colcon_core.package_identification:_identify(.) by extensions ['ignore', 'ignore_ament_install']
[0.824s] Level 1:colcon.colcon_core.package_identification:_identify(.) by extension 'ignore'
[0.824s] Level 1:colcon.colcon_core.package_identification:_identify(.) by extension 'ignore_ament_install'
[0.824s] Level 1:colcon.colcon_core.package_identification:_identify(.) by extensions ['colcon_pkg']
[0.824s] Level 1:colcon.colcon_core.package_identification:_identify(.) by extension 'colcon_pkg'
[0.824s] Level 1:colcon.colcon_core.package_identification:_identify(.) by extensions ['colcon_meta']
[0.824s] Level 1:colcon.colcon_core.package_identification:_identify(.) by extension 'colcon_meta'
[0.824s] Level 1:colcon.colcon_core.package_identification:_identify(.) by extensions ['ros']
[0.824s] Level 1:colcon.colcon_core.package_identification:_identify(.) by extension 'ros'
[0.852s] Level 1:colcon.colcon_core.package_identification:_identify(.) by extensions ['cmake', 'python']
[0.852s] Level 1:colcon.colcon_core.package_identification:_identify(.) by extension 'cmake'
[0.853s] Level 1:colcon.colcon_core.package_identification:_identify(.) by extension 'python'
[0.853s] Level 1:colcon.colcon_core.package_identification:_identify(.) by extensions ['python_setup_py']
[0.853s] Level 1:colcon.colcon_core.package_identification:_identify(.) by extension 'python_setup_py'
[0.853s] Level 1:colcon.colcon_core.package_identification:_identify(build) by extensions ['ignore', 'ignore_ament_install']
[0.853s] Level 1:colcon.colcon_core.package_identification:_identify(build) by extension 'ignore'
[0.853s] Level 1:colcon.colcon_core.package_identification:_identify(build) ignored
[0.853s] Level 1:colcon.colcon_core.package_identification:_identify(install) by extensions ['ignore', 'ignore_ament_install']
[0.853s] Level 1:colcon.colcon_core.package_identification:_identify(install) by extension 'ignore'
[0.853s] Level 1:colcon.colcon_core.package_identification:_identify(install) ignored
[0.854s] Level 1:colcon.colcon_core.package_identification:_identify(log) by extensions ['ignore', 'ignore_ament_install']
[0.854s] Level 1:colcon.colcon_core.package_identification:_identify(log) by extension 'ignore'
[0.854s] Level 1:colcon.colcon_core.package_identification:_identify(log) ignored
[0.854s] Level 1:colcon.colcon_core.package_identification:_identify(src) by extensions ['ignore', 'ignore_ament_install']
[0.854s] Level 1:colcon.colcon_core.package_identification:_identify(src) by extension 'ignore'
[0.854s] Level 1:colcon.colcon_core.package_identification:_identify(src) by extension 'ignore_ament_install'
[0.854s] Level 1:colcon.colcon_core.package_identification:_identify(src) by extensions ['colcon_pkg']
[0.854s] Level 1:colcon.colcon_core.package_identification:_identify(src) by extension 'colcon_pkg'
[0.854s] Level 1:colcon.colcon_core.package_identification:_identify(src) by extensions ['colcon_meta']
[0.854s] Level 1:colcon.colcon_core.package_identification:_identify(src) by extension 'colcon_meta'
[0.854s] Level 1:colcon.colcon_core.package_identification:_identify(src) by extensions ['ros']
[0.854s] Level 1:colcon.colcon_core.package_identification:_identify(src) by extension 'ros'
[0.854s] Level 1:colcon.colcon_core.package_identification:_identify(src) by extensions ['cmake', 'python']
[0.855s] Level 1:colcon.colcon_core.package_identification:_identify(src) by extension 'cmake'
[0.855s] Level 1:colcon.colcon_core.package_identification:_identify(src) by extension 'python'
[0.855s] Level 1:colcon.colcon_core.package_identification:_identify(src) by extensions ['python_setup_py']
[0.855s] Level 1:colcon.colcon_core.package_identification:_identify(src) by extension 'python_setup_py'
[0.855s] Level 1:colcon.colcon_core.package_identification:_identify(src/Lslidar_ROS2_driver-LS-S1_V1.0) by extensions ['ignore', 'ignore_ament_install']
[0.855s] Level 1:colcon.colcon_core.package_identification:_identify(src/Lslidar_ROS2_driver-LS-S1_V1.0) by extension 'ignore'
[0.855s] Level 1:colcon.colcon_core.package_identification:_identify(src/Lslidar_ROS2_driver-LS-S1_V1.0) by extension 'ignore_ament_install'
[0.855s] Level 1:colcon.colcon_core.package_identification:_identify(src/Lslidar_ROS2_driver-LS-S1_V1.0) by extensions ['colcon_pkg']
[0.856s] Level 1:colcon.colcon_core.package_identification:_identify(src/Lslidar_ROS2_driver-LS-S1_V1.0) by extension 'colcon_pkg'
[0.856s] Level 1:colcon.colcon_core.package_identification:_identify(src/Lslidar_ROS2_driver-LS-S1_V1.0) by extensions ['colcon_meta']
[0.856s] Level 1:colcon.colcon_core.package_identification:_identify(src/Lslidar_ROS2_driver-LS-S1_V1.0) by extension 'colcon_meta'
[0.856s] Level 1:colcon.colcon_core.package_identification:_identify(src/Lslidar_ROS2_driver-LS-S1_V1.0) by extensions ['ros']
[0.856s] Level 1:colcon.colcon_core.package_identification:_identify(src/Lslidar_ROS2_driver-LS-S1_V1.0) by extension 'ros'
[0.856s] Level 1:colcon.colcon_core.package_identification:_identify(src/Lslidar_ROS2_driver-LS-S1_V1.0) by extensions ['cmake', 'python']
[0.856s] Level 1:colcon.colcon_core.package_identification:_identify(src/Lslidar_ROS2_driver-LS-S1_V1.0) by extension 'cmake'
[0.856s] Level 1:colcon.colcon_core.package_identification:_identify(src/Lslidar_ROS2_driver-LS-S1_V1.0) by extension 'python'
[0.856s] Level 1:colcon.colcon_core.package_identification:_identify(src/Lslidar_ROS2_driver-LS-S1_V1.0) by extensions ['python_setup_py']
[0.856s] Level 1:colcon.colcon_core.package_identification:_identify(src/Lslidar_ROS2_driver-LS-S1_V1.0) by extension 'python_setup_py'
[0.856s] Level 1:colcon.colcon_core.package_identification:_identify(src/Lslidar_ROS2_driver-LS-S1_V1.0/lslidar_driver) by extensions ['ignore', 'ignore_ament_install']
[0.857s] Level 1:colcon.colcon_core.package_identification:_identify(src/Lslidar_ROS2_driver-LS-S1_V1.0/lslidar_driver) by extension 'ignore'
[0.857s] Level 1:colcon.colcon_core.package_identification:_identify(src/Lslidar_ROS2_driver-LS-S1_V1.0/lslidar_driver) by extension 'ignore_ament_install'
[0.857s] Level 1:colcon.colcon_core.package_identification:_identify(src/Lslidar_ROS2_driver-LS-S1_V1.0/lslidar_driver) by extensions ['colcon_pkg']
[0.857s] Level 1:colcon.colcon_core.package_identification:_identify(src/Lslidar_ROS2_driver-LS-S1_V1.0/lslidar_driver) by extension 'colcon_pkg'
[0.857s] Level 1:colcon.colcon_core.package_identification:_identify(src/Lslidar_ROS2_driver-LS-S1_V1.0/lslidar_driver) by extensions ['colcon_meta']
[0.857s] Level 1:colcon.colcon_core.package_identification:_identify(src/Lslidar_ROS2_driver-LS-S1_V1.0/lslidar_driver) by extension 'colcon_meta'
[0.857s] Level 1:colcon.colcon_core.package_identification:_identify(src/Lslidar_ROS2_driver-LS-S1_V1.0/lslidar_driver) by extensions ['ros']
[0.857s] Level 1:colcon.colcon_core.package_identification:_identify(src/Lslidar_ROS2_driver-LS-S1_V1.0/lslidar_driver) by extension 'ros'
[0.862s] DEBUG:colcon.colcon_core.package_identification:Package 'src/Lslidar_ROS2_driver-LS-S1_V1.0/lslidar_driver' with type 'ros.ament_cmake' and name 'lslidar_driver'
[0.863s] Level 1:colcon.colcon_core.package_identification:_identify(src/Lslidar_ROS2_driver-LS-S1_V1.0/lslidar_msgs) by extensions ['ignore', 'ignore_ament_install']
[0.863s] Level 1:colcon.colcon_core.package_identification:_identify(src/Lslidar_ROS2_driver-LS-S1_V1.0/lslidar_msgs) by extension 'ignore'
[0.863s] Level 1:colcon.colcon_core.package_identification:_identify(src/Lslidar_ROS2_driver-LS-S1_V1.0/lslidar_msgs) by extension 'ignore_ament_install'
[0.863s] Level 1:colcon.colcon_core.package_identification:_identify(src/Lslidar_ROS2_driver-LS-S1_V1.0/lslidar_msgs) by extensions ['colcon_pkg']
[0.863s] Level 1:colcon.colcon_core.package_identification:_identify(src/Lslidar_ROS2_driver-LS-S1_V1.0/lslidar_msgs) by extension 'colcon_pkg'
[0.863s] Level 1:colcon.colcon_core.package_identification:_identify(src/Lslidar_ROS2_driver-LS-S1_V1.0/lslidar_msgs) by extensions ['colcon_meta']
[0.863s] Level 1:colcon.colcon_core.package_identification:_identify(src/Lslidar_ROS2_driver-LS-S1_V1.0/lslidar_msgs) by extension 'colcon_meta'
[0.863s] Level 1:colcon.colcon_core.package_identification:_identify(src/Lslidar_ROS2_driver-LS-S1_V1.0/lslidar_msgs) by extensions ['ros']
[0.863s] Level 1:colcon.colcon_core.package_identification:_identify(src/Lslidar_ROS2_driver-LS-S1_V1.0/lslidar_msgs) by extension 'ros'
[0.864s] DEBUG:colcon.colcon_core.package_identification:Package 'src/Lslidar_ROS2_driver-LS-S1_V1.0/lslidar_msgs' with type 'ros.ament_cmake' and name 'lslidar_msgs'
[0.865s] Level 1:colcon.colcon_core.package_identification:_identify(src/backward_ros) by extensions ['ignore', 'ignore_ament_install']
[0.865s] Level 1:colcon.colcon_core.package_identification:_identify(src/backward_ros) by extension 'ignore'
[0.865s] Level 1:colcon.colcon_core.package_identification:_identify(src/backward_ros) by extension 'ignore_ament_install'
[0.865s] Level 1:colcon.colcon_core.package_identification:_identify(src/backward_ros) by extensions ['colcon_pkg']
[0.865s] Level 1:colcon.colcon_core.package_identification:_identify(src/backward_ros) by extension 'colcon_pkg'
[0.865s] Level 1:colcon.colcon_core.package_identification:_identify(src/backward_ros) by extensions ['colcon_meta']
[0.865s] Level 1:colcon.colcon_core.package_identification:_identify(src/backward_ros) by extension 'colcon_meta'
[0.865s] Level 1:colcon.colcon_core.package_identification:_identify(src/backward_ros) by extensions ['ros']
[0.865s] Level 1:colcon.colcon_core.package_identification:_identify(src/backward_ros) by extension 'ros'
[0.866s] DEBUG:colcon.colcon_core.package_identification:Package 'src/backward_ros' with type 'ros.cmake' and name 'backward_ros'
[0.867s] Level 1:colcon.colcon_core.package_identification:_identify(src/ros2_astra_camera) by extensions ['ignore', 'ignore_ament_install']
[0.867s] Level 1:colcon.colcon_core.package_identification:_identify(src/ros2_astra_camera) by extension 'ignore'
[0.867s] Level 1:colcon.colcon_core.package_identification:_identify(src/ros2_astra_camera) by extension 'ignore_ament_install'
[0.867s] Level 1:colcon.colcon_core.package_identification:_identify(src/ros2_astra_camera) by extensions ['colcon_pkg']
[0.867s] Level 1:colcon.colcon_core.package_identification:_identify(src/ros2_astra_camera) by extension 'colcon_pkg'
[0.867s] Level 1:colcon.colcon_core.package_identification:_identify(src/ros2_astra_camera) by extensions ['colcon_meta']
[0.867s] Level 1:colcon.colcon_core.package_identification:_identify(src/ros2_astra_camera) by extension 'colcon_meta'
[0.867s] Level 1:colcon.colcon_core.package_identification:_identify(src/ros2_astra_camera) by extensions ['ros']
[0.867s] Level 1:colcon.colcon_core.package_identification:_identify(src/ros2_astra_camera) by extension 'ros'
[0.867s] Level 1:colcon.colcon_core.package_identification:_identify(src/ros2_astra_camera) by extensions ['cmake', 'python']
[0.867s] Level 1:colcon.colcon_core.package_identification:_identify(src/ros2_astra_camera) by extension 'cmake'
[0.867s] Level 1:colcon.colcon_core.package_identification:_identify(src/ros2_astra_camera) by extension 'python'
[0.868s] Level 1:colcon.colcon_core.package_identification:_identify(src/ros2_astra_camera) by extensions ['python_setup_py']
[0.868s] Level 1:colcon.colcon_core.package_identification:_identify(src/ros2_astra_camera) by extension 'python_setup_py'
[0.868s] Level 1:colcon.colcon_core.package_identification:_identify(src/ros2_astra_camera/astra_camera) by extensions ['ignore', 'ignore_ament_install']
[0.868s] Level 1:colcon.colcon_core.package_identification:_identify(src/ros2_astra_camera/astra_camera) by extension 'ignore'
[0.868s] Level 1:colcon.colcon_core.package_identification:_identify(src/ros2_astra_camera/astra_camera) by extension 'ignore_ament_install'
[0.868s] Level 1:colcon.colcon_core.package_identification:_identify(src/ros2_astra_camera/astra_camera) by extensions ['colcon_pkg']
[0.868s] Level 1:colcon.colcon_core.package_identification:_identify(src/ros2_astra_camera/astra_camera) by extension 'colcon_pkg'
[0.868s] Level 1:colcon.colcon_core.package_identification:_identify(src/ros2_astra_camera/astra_camera) by extensions ['colcon_meta']
[0.868s] Level 1:colcon.colcon_core.package_identification:_identify(src/ros2_astra_camera/astra_camera) by extension 'colcon_meta'
[0.868s] Level 1:colcon.colcon_core.package_identification:_identify(src/ros2_astra_camera/astra_camera) by extensions ['ros']
[0.868s] Level 1:colcon.colcon_core.package_identification:_identify(src/ros2_astra_camera/astra_camera) by extension 'ros'
[0.872s] DEBUG:colcon.colcon_core.package_identification:Package 'src/ros2_astra_camera/astra_camera' with type 'ros.ament_cmake' and name 'astra_camera'
[0.873s] Level 1:colcon.colcon_core.package_identification:_identify(src/ros2_astra_camera/astra_camera_msgs) by extensions ['ignore', 'ignore_ament_install']
[0.873s] Level 1:colcon.colcon_core.package_identification:_identify(src/ros2_astra_camera/astra_camera_msgs) by extension 'ignore'
[0.873s] Level 1:colcon.colcon_core.package_identification:_identify(src/ros2_astra_camera/astra_camera_msgs) by extension 'ignore_ament_install'
[0.873s] Level 1:colcon.colcon_core.package_identification:_identify(src/ros2_astra_camera/astra_camera_msgs) by extensions ['colcon_pkg']
[0.873s] Level 1:colcon.colcon_core.package_identification:_identify(src/ros2_astra_camera/astra_camera_msgs) by extension 'colcon_pkg'
[0.873s] Level 1:colcon.colcon_core.package_identification:_identify(src/ros2_astra_camera/astra_camera_msgs) by extensions ['colcon_meta']
[0.873s] Level 1:colcon.colcon_core.package_identification:_identify(src/ros2_astra_camera/astra_camera_msgs) by extension 'colcon_meta'
[0.873s] Level 1:colcon.colcon_core.package_identification:_identify(src/ros2_astra_camera/astra_camera_msgs) by extensions ['ros']
[0.873s] Level 1:colcon.colcon_core.package_identification:_identify(src/ros2_astra_camera/astra_camera_msgs) by extension 'ros'
[0.874s] DEBUG:colcon.colcon_core.package_identification:Package 'src/ros2_astra_camera/astra_camera_msgs' with type 'ros.ament_cmake' and name 'astra_camera_msgs'
[0.875s] Level 1:colcon.colcon_core.package_identification:_identify(src/rtabmap) by extensions ['ignore', 'ignore_ament_install']
[0.875s] Level 1:colcon.colcon_core.package_identification:_identify(src/rtabmap) by extension 'ignore'
[0.875s] Level 1:colcon.colcon_core.package_identification:_identify(src/rtabmap) by extension 'ignore_ament_install'
[0.875s] Level 1:colcon.colcon_core.package_identification:_identify(src/rtabmap) by extensions ['colcon_pkg']
[0.875s] Level 1:colcon.colcon_core.package_identification:_identify(src/rtabmap) by extension 'colcon_pkg'
[0.875s] Level 1:colcon.colcon_core.package_identification:_identify(src/rtabmap) by extensions ['colcon_meta']
[0.875s] Level 1:colcon.colcon_core.package_identification:_identify(src/rtabmap) by extension 'colcon_meta'
[0.875s] Level 1:colcon.colcon_core.package_identification:_identify(src/rtabmap) by extensions ['ros']
[0.876s] Level 1:colcon.colcon_core.package_identification:_identify(src/rtabmap) by extension 'ros'
[0.877s] DEBUG:colcon.colcon_core.package_identification:Package 'src/rtabmap' with type 'ros.cmake' and name 'rtabmap'
[0.878s] Level 1:colcon.colcon_core.package_identification:_identify(src/rtabmap_ros) by extensions ['ignore', 'ignore_ament_install']
[0.878s] Level 1:colcon.colcon_core.package_identification:_identify(src/rtabmap_ros) by extension 'ignore'
[0.878s] Level 1:colcon.colcon_core.package_identification:_identify(src/rtabmap_ros) by extension 'ignore_ament_install'
[0.878s] Level 1:colcon.colcon_core.package_identification:_identify(src/rtabmap_ros) by extensions ['colcon_pkg']
[0.878s] Level 1:colcon.colcon_core.package_identification:_identify(src/rtabmap_ros) by extension 'colcon_pkg'
[0.878s] Level 1:colcon.colcon_core.package_identification:_identify(src/rtabmap_ros) by extensions ['colcon_meta']
[0.878s] Level 1:colcon.colcon_core.package_identification:_identify(src/rtabmap_ros) by extension 'colcon_meta'
[0.878s] Level 1:colcon.colcon_core.package_identification:_identify(src/rtabmap_ros) by extensions ['ros']
[0.878s] Level 1:colcon.colcon_core.package_identification:_identify(src/rtabmap_ros) by extension 'ros'
[0.878s] Level 1:colcon.colcon_core.package_identification:_identify(src/rtabmap_ros) by extensions ['cmake', 'python']
[0.878s] Level 1:colcon.colcon_core.package_identification:_identify(src/rtabmap_ros) by extension 'cmake'
[0.878s] Level 1:colcon.colcon_core.package_identification:_identify(src/rtabmap_ros) by extension 'python'
[0.878s] Level 1:colcon.colcon_core.package_identification:_identify(src/rtabmap_ros) by extensions ['python_setup_py']
[0.878s] Level 1:colcon.colcon_core.package_identification:_identify(src/rtabmap_ros) by extension 'python_setup_py'
[0.879s] Level 1:colcon.colcon_core.package_identification:_identify(src/rtabmap_ros/docker) by extensions ['ignore', 'ignore_ament_install']
[0.879s] Level 1:colcon.colcon_core.package_identification:_identify(src/rtabmap_ros/docker) by extension 'ignore'
[0.879s] Level 1:colcon.colcon_core.package_identification:_identify(src/rtabmap_ros/docker) by extension 'ignore_ament_install'
[0.879s] Level 1:colcon.colcon_core.package_identification:_identify(src/rtabmap_ros/docker) by extensions ['colcon_pkg']
[0.879s] Level 1:colcon.colcon_core.package_identification:_identify(src/rtabmap_ros/docker) by extension 'colcon_pkg'
[0.879s] Level 1:colcon.colcon_core.package_identification:_identify(src/rtabmap_ros/docker) by extensions ['colcon_meta']
[0.879s] Level 1:colcon.colcon_core.package_identification:_identify(src/rtabmap_ros/docker) by extension 'colcon_meta'
[0.879s] Level 1:colcon.colcon_core.package_identification:_identify(src/rtabmap_ros/docker) by extensions ['ros']
[0.879s] Level 1:colcon.colcon_core.package_identification:_identify(src/rtabmap_ros/docker) by extension 'ros'
[0.879s] Level 1:colcon.colcon_core.package_identification:_identify(src/rtabmap_ros/docker) by extensions ['cmake', 'python']
[0.879s] Level 1:colcon.colcon_core.package_identification:_identify(src/rtabmap_ros/docker) by extension 'cmake'
[0.879s] Level 1:colcon.colcon_core.package_identification:_identify(src/rtabmap_ros/docker) by extension 'python'
[0.879s] Level 1:colcon.colcon_core.package_identification:_identify(src/rtabmap_ros/docker) by extensions ['python_setup_py']
[0.879s] Level 1:colcon.colcon_core.package_identification:_identify(src/rtabmap_ros/docker) by extension 'python_setup_py'
[0.880s] Level 1:colcon.colcon_core.package_identification:_identify(src/rtabmap_ros/docker/foxy) by extensions ['ignore', 'ignore_ament_install']
[0.880s] Level 1:colcon.colcon_core.package_identification:_identify(src/rtabmap_ros/docker/foxy) by extension 'ignore'
[0.880s] Level 1:colcon.colcon_core.package_identification:_identify(src/rtabmap_ros/docker/foxy) by extension 'ignore_ament_install'
[0.880s] Level 1:colcon.colcon_core.package_identification:_identify(src/rtabmap_ros/docker/foxy) by extensions ['colcon_pkg']
[0.880s] Level 1:colcon.colcon_core.package_identification:_identify(src/rtabmap_ros/docker/foxy) by extension 'colcon_pkg'
[0.880s] Level 1:colcon.colcon_core.package_identification:_identify(src/rtabmap_ros/docker/foxy) by extensions ['colcon_meta']
[0.880s] Level 1:colcon.colcon_core.package_identification:_identify(src/rtabmap_ros/docker/foxy) by extension 'colcon_meta'
[0.880s] Level 1:colcon.colcon_core.package_identification:_identify(src/rtabmap_ros/docker/foxy) by extensions ['ros']
[0.880s] Level 1:colcon.colcon_core.package_identification:_identify(src/rtabmap_ros/docker/foxy) by extension 'ros'
[0.880s] Level 1:colcon.colcon_core.package_identification:_identify(src/rtabmap_ros/docker/foxy) by extensions ['cmake', 'python']
[0.880s] Level 1:colcon.colcon_core.package_identification:_identify(src/rtabmap_ros/docker/foxy) by extension 'cmake'
[0.881s] Level 1:colcon.colcon_core.package_identification:_identify(src/rtabmap_ros/docker/foxy) by extension 'python'
[0.881s] Level 1:colcon.colcon_core.package_identification:_identify(src/rtabmap_ros/docker/foxy) by extensions ['python_setup_py']
[0.881s] Level 1:colcon.colcon_core.package_identification:_identify(src/rtabmap_ros/docker/foxy) by extension 'python_setup_py'
[0.881s] Level 1:colcon.colcon_core.package_identification:_identify(src/rtabmap_ros/docker/foxy/latest) by extensions ['ignore', 'ignore_ament_install']
[0.881s] Level 1:colcon.colcon_core.package_identification:_identify(src/rtabmap_ros/docker/foxy/latest) by extension 'ignore'
[0.881s] Level 1:colcon.colcon_core.package_identification:_identify(src/rtabmap_ros/docker/foxy/latest) by extension 'ignore_ament_install'
[0.881s] Level 1:colcon.colcon_core.package_identification:_identify(src/rtabmap_ros/docker/foxy/latest) by extensions ['colcon_pkg']
[0.881s] Level 1:colcon.colcon_core.package_identification:_identify(src/rtabmap_ros/docker/foxy/latest) by extension 'colcon_pkg'
[0.881s] Level 1:colcon.colcon_core.package_identification:_identify(src/rtabmap_ros/docker/foxy/latest) by extensions ['colcon_meta']
[0.881s] Level 1:colcon.colcon_core.package_identification:_identify(src/rtabmap_ros/docker/foxy/latest) by extension 'colcon_meta'
[0.881s] Level 1:colcon.colcon_core.package_identification:_identify(src/rtabmap_ros/docker/foxy/latest) by extensions ['ros']
[0.881s] Level 1:colcon.colcon_core.package_identification:_identify(src/rtabmap_ros/docker/foxy/latest) by extension 'ros'
[0.882s] Level 1:colcon.colcon_core.package_identification:_identify(src/rtabmap_ros/docker/foxy/latest) by extensions ['cmake', 'python']
[0.882s] Level 1:colcon.colcon_core.package_identification:_identify(src/rtabmap_ros/docker/foxy/latest) by extension 'cmake'
[0.882s] Level 1:colcon.colcon_core.package_identification:_identify(src/rtabmap_ros/docker/foxy/latest) by extension 'python'
[0.882s] Level 1:colcon.colcon_core.package_identification:_identify(src/rtabmap_ros/docker/foxy/latest) by extensions ['python_setup_py']
[0.882s] Level 1:colcon.colcon_core.package_identification:_identify(src/rtabmap_ros/docker/foxy/latest) by extension 'python_setup_py'
[0.882s] Level 1:colcon.colcon_core.package_identification:_identify(src/rtabmap_ros/docker/foxy/latest/hooks) by extensions ['ignore', 'ignore_ament_install']
[0.882s] Level 1:colcon.colcon_core.package_identification:_identify(src/rtabmap_ros/docker/foxy/latest/hooks) by extension 'ignore'
[0.882s] Level 1:colcon.colcon_core.package_identification:_identify(src/rtabmap_ros/docker/foxy/latest/hooks) by extension 'ignore_ament_install'
[0.883s] Level 1:colcon.colcon_core.package_identification:_identify(src/rtabmap_ros/docker/foxy/latest/hooks) by extensions ['colcon_pkg']
[0.883s] Level 1:colcon.colcon_core.package_identification:_identify(src/rtabmap_ros/docker/foxy/latest/hooks) by extension 'colcon_pkg'
[0.883s] Level 1:colcon.colcon_core.package_identification:_identify(src/rtabmap_ros/docker/foxy/latest/hooks) by extensions ['colcon_meta']
[0.883s] Level 1:colcon.colcon_core.package_identification:_identify(src/rtabmap_ros/docker/foxy/latest/hooks) by extension 'colcon_meta'
[0.883s] Level 1:colcon.colcon_core.package_identification:_identify(src/rtabmap_ros/docker/foxy/latest/hooks) by extensions ['ros']
[0.883s] Level 1:colcon.colcon_core.package_identification:_identify(src/rtabmap_ros/docker/foxy/latest/hooks) by extension 'ros'
[0.883s] Level 1:colcon.colcon_core.package_identification:_identify(src/rtabmap_ros/docker/foxy/latest/hooks) by extensions ['cmake', 'python']
[0.883s] Level 1:colcon.colcon_core.package_identification:_identify(src/rtabmap_ros/docker/foxy/latest/hooks) by extension 'cmake'
[0.883s] Level 1:colcon.colcon_core.package_identification:_identify(src/rtabmap_ros/docker/foxy/latest/hooks) by extension 'python'
[0.883s] Level 1:colcon.colcon_core.package_identification:_identify(src/rtabmap_ros/docker/foxy/latest/hooks) by extensions ['python_setup_py']
[0.883s] Level 1:colcon.colcon_core.package_identification:_identify(src/rtabmap_ros/docker/foxy/latest/hooks) by extension 'python_setup_py'
[0.884s] Level 1:colcon.colcon_core.package_identification:_identify(src/rtabmap_ros/docker/humble) by extensions ['ignore', 'ignore_ament_install']
[0.884s] Level 1:colcon.colcon_core.package_identification:_identify(src/rtabmap_ros/docker/humble) by extension 'ignore'
[0.884s] Level 1:colcon.colcon_core.package_identification:_identify(src/rtabmap_ros/docker/humble) by extension 'ignore_ament_install'
[0.884s] Level 1:colcon.colcon_core.package_identification:_identify(src/rtabmap_ros/docker/humble) by extensions ['colcon_pkg']
[0.884s] Level 1:colcon.colcon_core.package_identification:_identify(src/rtabmap_ros/docker/humble) by extension 'colcon_pkg'
[0.884s] Level 1:colcon.colcon_core.package_identification:_identify(src/rtabmap_ros/docker/humble) by extensions ['colcon_meta']
[0.884s] Level 1:colcon.colcon_core.package_identification:_identify(src/rtabmap_ros/docker/humble) by extension 'colcon_meta'
[0.884s] Level 1:colcon.colcon_core.package_identification:_identify(src/rtabmap_ros/docker/humble) by extensions ['ros']
[0.884s] Level 1:colcon.colcon_core.package_identification:_identify(src/rtabmap_ros/docker/humble) by extension 'ros'
[0.884s] Level 1:colcon.colcon_core.package_identification:_identify(src/rtabmap_ros/docker/humble) by extensions ['cmake', 'python']
[0.884s] Level 1:colcon.colcon_core.package_identification:_identify(src/rtabmap_ros/docker/humble) by extension 'cmake'
[0.885s] Level 1:colcon.colcon_core.package_identification:_identify(src/rtabmap_ros/docker/humble) by extension 'python'
[0.885s] Level 1:colcon.colcon_core.package_identification:_identify(src/rtabmap_ros/docker/humble) by extensions ['python_setup_py']
[0.885s] Level 1:colcon.colcon_core.package_identification:_identify(src/rtabmap_ros/docker/humble) by extension 'python_setup_py'
[0.885s] Level 1:colcon.colcon_core.package_identification:_identify(src/rtabmap_ros/docker/humble/latest) by extensions ['ignore', 'ignore_ament_install']
[0.885s] Level 1:colcon.colcon_core.package_identification:_identify(src/rtabmap_ros/docker/humble/latest) by extension 'ignore'
[0.885s] Level 1:colcon.colcon_core.package_identification:_identify(src/rtabmap_ros/docker/humble/latest) by extension 'ignore_ament_install'
[0.885s] Level 1:colcon.colcon_core.package_identification:_identify(src/rtabmap_ros/docker/humble/latest) by extensions ['colcon_pkg']
[0.885s] Level 1:colcon.colcon_core.package_identification:_identify(src/rtabmap_ros/docker/humble/latest) by extension 'colcon_pkg'
[0.886s] Level 1:colcon.colcon_core.package_identification:_identify(src/rtabmap_ros/docker/humble/latest) by extensions ['colcon_meta']
[0.886s] Level 1:colcon.colcon_core.package_identification:_identify(src/rtabmap_ros/docker/humble/latest) by extension 'colcon_meta'
[0.886s] Level 1:colcon.colcon_core.package_identification:_identify(src/rtabmap_ros/docker/humble/latest) by extensions ['ros']
[0.886s] Level 1:colcon.colcon_core.package_identification:_identify(src/rtabmap_ros/docker/humble/latest) by extension 'ros'
[0.886s] Level 1:colcon.colcon_core.package_identification:_identify(src/rtabmap_ros/docker/humble/latest) by extensions ['cmake', 'python']
[0.886s] Level 1:colcon.colcon_core.package_identification:_identify(src/rtabmap_ros/docker/humble/latest) by extension 'cmake'
[0.886s] Level 1:colcon.colcon_core.package_identification:_identify(src/rtabmap_ros/docker/humble/latest) by extension 'python'
[0.886s] Level 1:colcon.colcon_core.package_identification:_identify(src/rtabmap_ros/docker/humble/latest) by extensions ['python_setup_py']
[0.886s] Level 1:colcon.colcon_core.package_identification:_identify(src/rtabmap_ros/docker/humble/latest) by extension 'python_setup_py'
[0.887s] Level 1:colcon.colcon_core.package_identification:_identify(src/rtabmap_ros/docker/humble/latest/hooks) by extensions ['ignore', 'ignore_ament_install']
[0.887s] Level 1:colcon.colcon_core.package_identification:_identify(src/rtabmap_ros/docker/humble/latest/hooks) by extension 'ignore'
[0.887s] Level 1:colcon.colcon_core.package_identification:_identify(src/rtabmap_ros/docker/humble/latest/hooks) by extension 'ignore_ament_install'
[0.887s] Level 1:colcon.colcon_core.package_identification:_identify(src/rtabmap_ros/docker/humble/latest/hooks) by extensions ['colcon_pkg']
[0.887s] Level 1:colcon.colcon_core.package_identification:_identify(src/rtabmap_ros/docker/humble/latest/hooks) by extension 'colcon_pkg'
[0.887s] Level 1:colcon.colcon_core.package_identification:_identify(src/rtabmap_ros/docker/humble/latest/hooks) by extensions ['colcon_meta']
[0.887s] Level 1:colcon.colcon_core.package_identification:_identify(src/rtabmap_ros/docker/humble/latest/hooks) by extension 'colcon_meta'
[0.887s] Level 1:colcon.colcon_core.package_identification:_identify(src/rtabmap_ros/docker/humble/latest/hooks) by extensions ['ros']
[0.887s] Level 1:colcon.colcon_core.package_identification:_identify(src/rtabmap_ros/docker/humble/latest/hooks) by extension 'ros'
[0.887s] Level 1:colcon.colcon_core.package_identification:_identify(src/rtabmap_ros/docker/humble/latest/hooks) by extensions ['cmake', 'python']
[0.887s] Level 1:colcon.colcon_core.package_identification:_identify(src/rtabmap_ros/docker/humble/latest/hooks) by extension 'cmake'
[0.888s] Level 1:colcon.colcon_core.package_identification:_identify(src/rtabmap_ros/docker/humble/latest/hooks) by extension 'python'
[0.888s] Level 1:colcon.colcon_core.package_identification:_identify(src/rtabmap_ros/docker/humble/latest/hooks) by extensions ['python_setup_py']
[0.888s] Level 1:colcon.colcon_core.package_identification:_identify(src/rtabmap_ros/docker/humble/latest/hooks) by extension 'python_setup_py'
[0.888s] Level 1:colcon.colcon_core.package_identification:_identify(src/rtabmap_ros/docker/indigo) by extensions ['ignore', 'ignore_ament_install']
[0.888s] Level 1:colcon.colcon_core.package_identification:_identify(src/rtabmap_ros/docker/indigo) by extension 'ignore'
[0.888s] Level 1:colcon.colcon_core.package_identification:_identify(src/rtabmap_ros/docker/indigo) by extension 'ignore_ament_install'
[0.888s] Level 1:colcon.colcon_core.package_identification:_identify(src/rtabmap_ros/docker/indigo) by extensions ['colcon_pkg']
[0.888s] Level 1:colcon.colcon_core.package_identification:_identify(src/rtabmap_ros/docker/indigo) by extension 'colcon_pkg'
[0.889s] Level 1:colcon.colcon_core.package_identification:_identify(src/rtabmap_ros/docker/indigo) by extensions ['colcon_meta']
[0.889s] Level 1:colcon.colcon_core.package_identification:_identify(src/rtabmap_ros/docker/indigo) by extension 'colcon_meta'
[0.889s] Level 1:colcon.colcon_core.package_identification:_identify(src/rtabmap_ros/docker/indigo) by extensions ['ros']
[0.889s] Level 1:colcon.colcon_core.package_identification:_identify(src/rtabmap_ros/docker/indigo) by extension 'ros'
[0.889s] Level 1:colcon.colcon_core.package_identification:_identify(src/rtabmap_ros/docker/indigo) by extensions ['cmake', 'python']
[0.889s] Level 1:colcon.colcon_core.package_identification:_identify(src/rtabmap_ros/docker/indigo) by extension 'cmake'
[0.889s] Level 1:colcon.colcon_core.package_identification:_identify(src/rtabmap_ros/docker/indigo) by extension 'python'
[0.889s] Level 1:colcon.colcon_core.package_identification:_identify(src/rtabmap_ros/docker/indigo) by extensions ['python_setup_py']
[0.889s] Level 1:colcon.colcon_core.package_identification:_identify(src/rtabmap_ros/docker/indigo) by extension 'python_setup_py'
[0.889s] Level 1:colcon.colcon_core.package_identification:_identify(src/rtabmap_ros/docker/indigo/latest) by extensions ['ignore', 'ignore_ament_install']
[0.890s] Level 1:colcon.colcon_core.package_identification:_identify(src/rtabmap_ros/docker/indigo/latest) by extension 'ignore'
[0.890s] Level 1:colcon.colcon_core.package_identification:_identify(src/rtabmap_ros/docker/indigo/latest) by extension 'ignore_ament_install'
[0.890s] Level 1:colcon.colcon_core.package_identification:_identify(src/rtabmap_ros/docker/indigo/latest) by extensions ['colcon_pkg']
[0.890s] Level 1:colcon.colcon_core.package_identification:_identify(src/rtabmap_ros/docker/indigo/latest) by extension 'colcon_pkg'
[0.890s] Level 1:colcon.colcon_core.package_identification:_identify(src/rtabmap_ros/docker/indigo/latest) by extensions ['colcon_meta']
[0.890s] Level 1:colcon.colcon_core.package_identification:_identify(src/rtabmap_ros/docker/indigo/latest) by extension 'colcon_meta'
[0.890s] Level 1:colcon.colcon_core.package_identification:_identify(src/rtabmap_ros/docker/indigo/latest) by extensions ['ros']
[0.890s] Level 1:colcon.colcon_core.package_identification:_identify(src/rtabmap_ros/docker/indigo/latest) by extension 'ros'
[0.890s] Level 1:colcon.colcon_core.package_identification:_identify(src/rtabmap_ros/docker/indigo/latest) by extensions ['cmake', 'python']
[0.890s] Level 1:colcon.colcon_core.package_identification:_identify(src/rtabmap_ros/docker/indigo/latest) by extension 'cmake'
[0.890s] Level 1:colcon.colcon_core.package_identification:_identify(src/rtabmap_ros/docker/indigo/latest) by extension 'python'
[0.890s] Level 1:colcon.colcon_core.package_identification:_identify(src/rtabmap_ros/docker/indigo/latest) by extensions ['python_setup_py']
[0.891s] Level 1:colcon.colcon_core.package_identification:_identify(src/rtabmap_ros/docker/indigo/latest) by extension 'python_setup_py'
[0.891s] Level 1:colcon.colcon_core.package_identification:_identify(src/rtabmap_ros/docker/indigo/latest/hooks) by extensions ['ignore', 'ignore_ament_install']
[0.891s] Level 1:colcon.colcon_core.package_identification:_identify(src/rtabmap_ros/docker/indigo/latest/hooks) by extension 'ignore'
[0.891s] Level 1:colcon.colcon_core.package_identification:_identify(src/rtabmap_ros/docker/indigo/latest/hooks) by extension 'ignore_ament_install'
[0.891s] Level 1:colcon.colcon_core.package_identification:_identify(src/rtabmap_ros/docker/indigo/latest/hooks) by extensions ['colcon_pkg']
[0.891s] Level 1:colcon.colcon_core.package_identification:_identify(src/rtabmap_ros/docker/indigo/latest/hooks) by extension 'colcon_pkg'
[0.891s] Level 1:colcon.colcon_core.package_identification:_identify(src/rtabmap_ros/docker/indigo/latest/hooks) by extensions ['colcon_meta']
[0.891s] Level 1:colcon.colcon_core.package_identification:_identify(src/rtabmap_ros/docker/indigo/latest/hooks) by extension 'colcon_meta'
[0.891s] Level 1:colcon.colcon_core.package_identification:_identify(src/rtabmap_ros/docker/indigo/latest/hooks) by extensions ['ros']
[0.892s] Level 1:colcon.colcon_core.package_identification:_identify(src/rtabmap_ros/docker/indigo/latest/hooks) by extension 'ros'
[0.892s] Level 1:colcon.colcon_core.package_identification:_identify(src/rtabmap_ros/docker/indigo/latest/hooks) by extensions ['cmake', 'python']
[0.892s] Level 1:colcon.colcon_core.package_identification:_identify(src/rtabmap_ros/docker/indigo/latest/hooks) by extension 'cmake'
[0.892s] Level 1:colcon.colcon_core.package_identification:_identify(src/rtabmap_ros/docker/indigo/latest/hooks) by extension 'python'
[0.892s] Level 1:colcon.colcon_core.package_identification:_identify(src/rtabmap_ros/docker/indigo/latest/hooks) by extensions ['python_setup_py']
[0.892s] Level 1:colcon.colcon_core.package_identification:_identify(src/rtabmap_ros/docker/indigo/latest/hooks) by extension 'python_setup_py'
[0.892s] Level 1:colcon.colcon_core.package_identification:_identify(src/rtabmap_ros/docker/kinetic) by extensions ['ignore', 'ignore_ament_install']
[0.892s] Level 1:colcon.colcon_core.package_identification:_identify(src/rtabmap_ros/docker/kinetic) by extension 'ignore'
[0.892s] Level 1:colcon.colcon_core.package_identification:_identify(src/rtabmap_ros/docker/kinetic) by extension 'ignore_ament_install'
[0.893s] Level 1:colcon.colcon_core.package_identification:_identify(src/rtabmap_ros/docker/kinetic) by extensions ['colcon_pkg']
[0.893s] Level 1:colcon.colcon_core.package_identification:_identify(src/rtabmap_ros/docker/kinetic) by extension 'colcon_pkg'
[0.893s] Level 1:colcon.colcon_core.package_identification:_identify(src/rtabmap_ros/docker/kinetic) by extensions ['colcon_meta']
[0.893s] Level 1:colcon.colcon_core.package_identification:_identify(src/rtabmap_ros/docker/kinetic) by extension 'colcon_meta'
[0.893s] Level 1:colcon.colcon_core.package_identification:_identify(src/rtabmap_ros/docker/kinetic) by extensions ['ros']
[0.893s] Level 1:colcon.colcon_core.package_identification:_identify(src/rtabmap_ros/docker/kinetic) by extension 'ros'
[0.893s] Level 1:colcon.colcon_core.package_identification:_identify(src/rtabmap_ros/docker/kinetic) by extensions ['cmake', 'python']
[0.893s] Level 1:colcon.colcon_core.package_identification:_identify(src/rtabmap_ros/docker/kinetic) by extension 'cmake'
[0.893s] Level 1:colcon.colcon_core.package_identification:_identify(src/rtabmap_ros/docker/kinetic) by extension 'python'
[0.893s] Level 1:colcon.colcon_core.package_identification:_identify(src/rtabmap_ros/docker/kinetic) by extensions ['python_setup_py']
[0.893s] Level 1:colcon.colcon_core.package_identification:_identify(src/rtabmap_ros/docker/kinetic) by extension 'python_setup_py'
[0.893s] Level 1:colcon.colcon_core.package_identification:_identify(src/rtabmap_ros/docker/kinetic/latest) by extensions ['ignore', 'ignore_ament_install']
[0.894s] Level 1:colcon.colcon_core.package_identification:_identify(src/rtabmap_ros/docker/kinetic/latest) by extension 'ignore'
[0.894s] Level 1:colcon.colcon_core.package_identification:_identify(src/rtabmap_ros/docker/kinetic/latest) by extension 'ignore_ament_install'
[0.894s] Level 1:colcon.colcon_core.package_identification:_identify(src/rtabmap_ros/docker/kinetic/latest) by extensions ['colcon_pkg']
[0.894s] Level 1:colcon.colcon_core.package_identification:_identify(src/rtabmap_ros/docker/kinetic/latest) by extension 'colcon_pkg'
[0.894s] Level 1:colcon.colcon_core.package_identification:_identify(src/rtabmap_ros/docker/kinetic/latest) by extensions ['colcon_meta']
[0.894s] Level 1:colcon.colcon_core.package_identification:_identify(src/rtabmap_ros/docker/kinetic/latest) by extension 'colcon_meta'
[0.894s] Level 1:colcon.colcon_core.package_identification:_identify(src/rtabmap_ros/docker/kinetic/latest) by extensions ['ros']
[0.894s] Level 1:colcon.colcon_core.package_identification:_identify(src/rtabmap_ros/docker/kinetic/latest) by extension 'ros'
[0.894s] Level 1:colcon.colcon_core.package_identification:_identify(src/rtabmap_ros/docker/kinetic/latest) by extensions ['cmake', 'python']
[0.894s] Level 1:colcon.colcon_core.package_identification:_identify(src/rtabmap_ros/docker/kinetic/latest) by extension 'cmake'
[0.894s] Level 1:colcon.colcon_core.package_identification:_identify(src/rtabmap_ros/docker/kinetic/latest) by extension 'python'
[0.894s] Level 1:colcon.colcon_core.package_identification:_identify(src/rtabmap_ros/docker/kinetic/latest) by extensions ['python_setup_py']
[0.894s] Level 1:colcon.colcon_core.package_identification:_identify(src/rtabmap_ros/docker/kinetic/latest) by extension 'python_setup_py'
[0.895s] Level 1:colcon.colcon_core.package_identification:_identify(src/rtabmap_ros/docker/kinetic/latest/hooks) by extensions ['ignore', 'ignore_ament_install']
[0.895s] Level 1:colcon.colcon_core.package_identification:_identify(src/rtabmap_ros/docker/kinetic/latest/hooks) by extension 'ignore'
[0.895s] Level 1:colcon.colcon_core.package_identification:_identify(src/rtabmap_ros/docker/kinetic/latest/hooks) by extension 'ignore_ament_install'
[0.895s] Level 1:colcon.colcon_core.package_identification:_identify(src/rtabmap_ros/docker/kinetic/latest/hooks) by extensions ['colcon_pkg']
[0.895s] Level 1:colcon.colcon_core.package_identification:_identify(src/rtabmap_ros/docker/kinetic/latest/hooks) by extension 'colcon_pkg'
[0.895s] Level 1:colcon.colcon_core.package_identification:_identify(src/rtabmap_ros/docker/kinetic/latest/hooks) by extensions ['colcon_meta']
[0.895s] Level 1:colcon.colcon_core.package_identification:_identify(src/rtabmap_ros/docker/kinetic/latest/hooks) by extension 'colcon_meta'
[0.895s] Level 1:colcon.colcon_core.package_identification:_identify(src/rtabmap_ros/docker/kinetic/latest/hooks) by extensions ['ros']
[0.895s] Level 1:colcon.colcon_core.package_identification:_identify(src/rtabmap_ros/docker/kinetic/latest/hooks) by extension 'ros'
[0.896s] Level 1:colcon.colcon_core.package_identification:_identify(src/rtabmap_ros/docker/kinetic/latest/hooks) by extensions ['cmake', 'python']
[0.896s] Level 1:colcon.colcon_core.package_identification:_identify(src/rtabmap_ros/docker/kinetic/latest/hooks) by extension 'cmake'
[0.896s] Level 1:colcon.colcon_core.package_identification:_identify(src/rtabmap_ros/docker/kinetic/latest/hooks) by extension 'python'
[0.896s] Level 1:colcon.colcon_core.package_identification:_identify(src/rtabmap_ros/docker/kinetic/latest/hooks) by extensions ['python_setup_py']
[0.896s] Level 1:colcon.colcon_core.package_identification:_identify(src/rtabmap_ros/docker/kinetic/latest/hooks) by extension 'python_setup_py'
[0.896s] Level 1:colcon.colcon_core.package_identification:_identify(src/rtabmap_ros/docker/melodic) by extensions ['ignore', 'ignore_ament_install']
[0.896s] Level 1:colcon.colcon_core.package_identification:_identify(src/rtabmap_ros/docker/melodic) by extension 'ignore'
[0.896s] Level 1:colcon.colcon_core.package_identification:_identify(src/rtabmap_ros/docker/melodic) by extension 'ignore_ament_install'
[0.896s] Level 1:colcon.colcon_core.package_identification:_identify(src/rtabmap_ros/docker/melodic) by extensions ['colcon_pkg']
[0.896s] Level 1:colcon.colcon_core.package_identification:_identify(src/rtabmap_ros/docker/melodic) by extension 'colcon_pkg'
[0.897s] Level 1:colcon.colcon_core.package_identification:_identify(src/rtabmap_ros/docker/melodic) by extensions ['colcon_meta']
[0.897s] Level 1:colcon.colcon_core.package_identification:_identify(src/rtabmap_ros/docker/melodic) by extension 'colcon_meta'
[0.897s] Level 1:colcon.colcon_core.package_identification:_identify(src/rtabmap_ros/docker/melodic) by extensions ['ros']
[0.897s] Level 1:colcon.colcon_core.package_identification:_identify(src/rtabmap_ros/docker/melodic) by extension 'ros'
[0.897s] Level 1:colcon.colcon_core.package_identification:_identify(src/rtabmap_ros/docker/melodic) by extensions ['cmake', 'python']
[0.897s] Level 1:colcon.colcon_core.package_identification:_identify(src/rtabmap_ros/docker/melodic) by extension 'cmake'
[0.897s] Level 1:colcon.colcon_core.package_identification:_identify(src/rtabmap_ros/docker/melodic) by extension 'python'
[0.897s] Level 1:colcon.colcon_core.package_identification:_identify(src/rtabmap_ros/docker/melodic) by extensions ['python_setup_py']
[0.897s] Level 1:colcon.colcon_core.package_identification:_identify(src/rtabmap_ros/docker/melodic) by extension 'python_setup_py'
[0.897s] Level 1:colcon.colcon_core.package_identification:_identify(src/rtabmap_ros/docker/melodic/latest) by extensions ['ignore', 'ignore_ament_install']
[0.898s] Level 1:colcon.colcon_core.package_identification:_identify(src/rtabmap_ros/docker/melodic/latest) by extension 'ignore'
[0.898s] Level 1:colcon.colcon_core.package_identification:_identify(src/rtabmap_ros/docker/melodic/latest) by extension 'ignore_ament_install'
[0.898s] Level 1:colcon.colcon_core.package_identification:_identify(src/rtabmap_ros/docker/melodic/latest) by extensions ['colcon_pkg']
[0.898s] Level 1:colcon.colcon_core.package_identification:_identify(src/rtabmap_ros/docker/melodic/latest) by extension 'colcon_pkg'
[0.898s] Level 1:colcon.colcon_core.package_identification:_identify(src/rtabmap_ros/docker/melodic/latest) by extensions ['colcon_meta']
[0.898s] Level 1:colcon.colcon_core.package_identification:_identify(src/rtabmap_ros/docker/melodic/latest) by extension 'colcon_meta'
[0.898s] Level 1:colcon.colcon_core.package_identification:_identify(src/rtabmap_ros/docker/melodic/latest) by extensions ['ros']
[0.898s] Level 1:colcon.colcon_core.package_identification:_identify(src/rtabmap_ros/docker/melodic/latest) by extension 'ros'
[0.898s] Level 1:colcon.colcon_core.package_identification:_identify(src/rtabmap_ros/docker/melodic/latest) by extensions ['cmake', 'python']
[0.898s] Level 1:colcon.colcon_core.package_identification:_identify(src/rtabmap_ros/docker/melodic/latest) by extension 'cmake'
[0.898s] Level 1:colcon.colcon_core.package_identification:_identify(src/rtabmap_ros/docker/melodic/latest) by extension 'python'
[0.898s] Level 1:colcon.colcon_core.package_identification:_identify(src/rtabmap_ros/docker/melodic/latest) by extensions ['python_setup_py']
[0.898s] Level 1:colcon.colcon_core.package_identification:_identify(src/rtabmap_ros/docker/melodic/latest) by extension 'python_setup_py'
[0.899s] Level 1:colcon.colcon_core.package_identification:_identify(src/rtabmap_ros/docker/melodic/latest/hooks) by extensions ['ignore', 'ignore_ament_install']
[0.899s] Level 1:colcon.colcon_core.package_identification:_identify(src/rtabmap_ros/docker/melodic/latest/hooks) by extension 'ignore'
[0.899s] Level 1:colcon.colcon_core.package_identification:_identify(src/rtabmap_ros/docker/melodic/latest/hooks) by extension 'ignore_ament_install'
[0.899s] Level 1:colcon.colcon_core.package_identification:_identify(src/rtabmap_ros/docker/melodic/latest/hooks) by extensions ['colcon_pkg']
[0.899s] Level 1:colcon.colcon_core.package_identification:_identify(src/rtabmap_ros/docker/melodic/latest/hooks) by extension 'colcon_pkg'
[0.899s] Level 1:colcon.colcon_core.package_identification:_identify(src/rtabmap_ros/docker/melodic/latest/hooks) by extensions ['colcon_meta']
[0.899s] Level 1:colcon.colcon_core.package_identification:_identify(src/rtabmap_ros/docker/melodic/latest/hooks) by extension 'colcon_meta'
[0.899s] Level 1:colcon.colcon_core.package_identification:_identify(src/rtabmap_ros/docker/melodic/latest/hooks) by extensions ['ros']
[0.899s] Level 1:colcon.colcon_core.package_identification:_identify(src/rtabmap_ros/docker/melodic/latest/hooks) by extension 'ros'
[0.899s] Level 1:colcon.colcon_core.package_identification:_identify(src/rtabmap_ros/docker/melodic/latest/hooks) by extensions ['cmake', 'python']
[0.900s] Level 1:colcon.colcon_core.package_identification:_identify(src/rtabmap_ros/docker/melodic/latest/hooks) by extension 'cmake'
[0.900s] Level 1:colcon.colcon_core.package_identification:_identify(src/rtabmap_ros/docker/melodic/latest/hooks) by extension 'python'
[0.900s] Level 1:colcon.colcon_core.package_identification:_identify(src/rtabmap_ros/docker/melodic/latest/hooks) by extensions ['python_setup_py']
[0.900s] Level 1:colcon.colcon_core.package_identification:_identify(src/rtabmap_ros/docker/melodic/latest/hooks) by extension 'python_setup_py'
[0.900s] Level 1:colcon.colcon_core.package_identification:_identify(src/rtabmap_ros/docker/noetic) by extensions ['ignore', 'ignore_ament_install']
[0.900s] Level 1:colcon.colcon_core.package_identification:_identify(src/rtabmap_ros/docker/noetic) by extension 'ignore'
[0.900s] Level 1:colcon.colcon_core.package_identification:_identify(src/rtabmap_ros/docker/noetic) by extension 'ignore_ament_install'
[0.900s] Level 1:colcon.colcon_core.package_identification:_identify(src/rtabmap_ros/docker/noetic) by extensions ['colcon_pkg']
[0.900s] Level 1:colcon.colcon_core.package_identification:_identify(src/rtabmap_ros/docker/noetic) by extension 'colcon_pkg'
[0.900s] Level 1:colcon.colcon_core.package_identification:_identify(src/rtabmap_ros/docker/noetic) by extensions ['colcon_meta']
[0.900s] Level 1:colcon.colcon_core.package_identification:_identify(src/rtabmap_ros/docker/noetic) by extension 'colcon_meta'
[0.901s] Level 1:colcon.colcon_core.package_identification:_identify(src/rtabmap_ros/docker/noetic) by extensions ['ros']
[0.901s] Level 1:colcon.colcon_core.package_identification:_identify(src/rtabmap_ros/docker/noetic) by extension 'ros'
[0.901s] Level 1:colcon.colcon_core.package_identification:_identify(src/rtabmap_ros/docker/noetic) by extensions ['cmake', 'python']
[0.901s] Level 1:colcon.colcon_core.package_identification:_identify(src/rtabmap_ros/docker/noetic) by extension 'cmake'
[0.901s] Level 1:colcon.colcon_core.package_identification:_identify(src/rtabmap_ros/docker/noetic) by extension 'python'
[0.901s] Level 1:colcon.colcon_core.package_identification:_identify(src/rtabmap_ros/docker/noetic) by extensions ['python_setup_py']
[0.901s] Level 1:colcon.colcon_core.package_identification:_identify(src/rtabmap_ros/docker/noetic) by extension 'python_setup_py'
[0.901s] Level 1:colcon.colcon_core.package_identification:_identify(src/rtabmap_ros/docker/noetic/latest) by extensions ['ignore', 'ignore_ament_install']
[0.901s] Level 1:colcon.colcon_core.package_identification:_identify(src/rtabmap_ros/docker/noetic/latest) by extension 'ignore'
[0.901s] Level 1:colcon.colcon_core.package_identification:_identify(src/rtabmap_ros/docker/noetic/latest) by extension 'ignore_ament_install'
[0.901s] Level 1:colcon.colcon_core.package_identification:_identify(src/rtabmap_ros/docker/noetic/latest) by extensions ['colcon_pkg']
[0.902s] Level 1:colcon.colcon_core.package_identification:_identify(src/rtabmap_ros/docker/noetic/latest) by extension 'colcon_pkg'
[0.902s] Level 1:colcon.colcon_core.package_identification:_identify(src/rtabmap_ros/docker/noetic/latest) by extensions ['colcon_meta']
[0.902s] Level 1:colcon.colcon_core.package_identification:_identify(src/rtabmap_ros/docker/noetic/latest) by extension 'colcon_meta'
[0.902s] Level 1:colcon.colcon_core.package_identification:_identify(src/rtabmap_ros/docker/noetic/latest) by extensions ['ros']
[0.902s] Level 1:colcon.colcon_core.package_identification:_identify(src/rtabmap_ros/docker/noetic/latest) by extension 'ros'
[0.902s] Level 1:colcon.colcon_core.package_identification:_identify(src/rtabmap_ros/docker/noetic/latest) by extensions ['cmake', 'python']
[0.902s] Level 1:colcon.colcon_core.package_identification:_identify(src/rtabmap_ros/docker/noetic/latest) by extension 'cmake'
[0.902s] Level 1:colcon.colcon_core.package_identification:_identify(src/rtabmap_ros/docker/noetic/latest) by extension 'python'
[0.902s] Level 1:colcon.colcon_core.package_identification:_identify(src/rtabmap_ros/docker/noetic/latest) by extensions ['python_setup_py']
[0.902s] Level 1:colcon.colcon_core.package_identification:_identify(src/rtabmap_ros/docker/noetic/latest) by extension 'python_setup_py'
[0.902s] Level 1:colcon.colcon_core.package_identification:_identify(src/rtabmap_ros/docker/noetic/latest/hooks) by extensions ['ignore', 'ignore_ament_install']
[0.903s] Level 1:colcon.colcon_core.package_identification:_identify(src/rtabmap_ros/docker/noetic/latest/hooks) by extension 'ignore'
[0.903s] Level 1:colcon.colcon_core.package_identification:_identify(src/rtabmap_ros/docker/noetic/latest/hooks) by extension 'ignore_ament_install'
[0.903s] Level 1:colcon.colcon_core.package_identification:_identify(src/rtabmap_ros/docker/noetic/latest/hooks) by extensions ['colcon_pkg']
[0.903s] Level 1:colcon.colcon_core.package_identification:_identify(src/rtabmap_ros/docker/noetic/latest/hooks) by extension 'colcon_pkg'
[0.903s] Level 1:colcon.colcon_core.package_identification:_identify(src/rtabmap_ros/docker/noetic/latest/hooks) by extensions ['colcon_meta']
[0.903s] Level 1:colcon.colcon_core.package_identification:_identify(src/rtabmap_ros/docker/noetic/latest/hooks) by extension 'colcon_meta'
[0.903s] Level 1:colcon.colcon_core.package_identification:_identify(src/rtabmap_ros/docker/noetic/latest/hooks) by extensions ['ros']
[0.903s] Level 1:colcon.colcon_core.package_identification:_identify(src/rtabmap_ros/docker/noetic/latest/hooks) by extension 'ros'
[0.903s] Level 1:colcon.colcon_core.package_identification:_identify(src/rtabmap_ros/docker/noetic/latest/hooks) by extensions ['cmake', 'python']
[0.903s] Level 1:colcon.colcon_core.package_identification:_identify(src/rtabmap_ros/docker/noetic/latest/hooks) by extension 'cmake'
[0.903s] Level 1:colcon.colcon_core.package_identification:_identify(src/rtabmap_ros/docker/noetic/latest/hooks) by extension 'python'
[0.903s] Level 1:colcon.colcon_core.package_identification:_identify(src/rtabmap_ros/docker/noetic/latest/hooks) by extensions ['python_setup_py']
[0.903s] Level 1:colcon.colcon_core.package_identification:_identify(src/rtabmap_ros/docker/noetic/latest/hooks) by extension 'python_setup_py'
[0.904s] Level 1:colcon.colcon_core.package_identification:_identify(src/rtabmap_ros/rtabmap_conversions) by extensions ['ignore', 'ignore_ament_install']
[0.904s] Level 1:colcon.colcon_core.package_identification:_identify(src/rtabmap_ros/rtabmap_conversions) by extension 'ignore'
[0.904s] Level 1:colcon.colcon_core.package_identification:_identify(src/rtabmap_ros/rtabmap_conversions) by extension 'ignore_ament_install'
[0.904s] Level 1:colcon.colcon_core.package_identification:_identify(src/rtabmap_ros/rtabmap_conversions) by extensions ['colcon_pkg']
[0.904s] Level 1:colcon.colcon_core.package_identification:_identify(src/rtabmap_ros/rtabmap_conversions) by extension 'colcon_pkg'
[0.904s] Level 1:colcon.colcon_core.package_identification:_identify(src/rtabmap_ros/rtabmap_conversions) by extensions ['colcon_meta']
[0.904s] Level 1:colcon.colcon_core.package_identification:_identify(src/rtabmap_ros/rtabmap_conversions) by extension 'colcon_meta'
[0.904s] Level 1:colcon.colcon_core.package_identification:_identify(src/rtabmap_ros/rtabmap_conversions) by extensions ['ros']
[0.904s] Level 1:colcon.colcon_core.package_identification:_identify(src/rtabmap_ros/rtabmap_conversions) by extension 'ros'
[0.907s] DEBUG:colcon.colcon_core.package_identification:Package 'src/rtabmap_ros/rtabmap_conversions' with type 'ros.ament_cmake' and name 'rtabmap_conversions'
[0.908s] Level 1:colcon.colcon_core.package_identification:_identify(src/rtabmap_ros/rtabmap_demos) by extensions ['ignore', 'ignore_ament_install']
[0.908s] Level 1:colcon.colcon_core.package_identification:_identify(src/rtabmap_ros/rtabmap_demos) by extension 'ignore'
[0.908s] Level 1:colcon.colcon_core.package_identification:_identify(src/rtabmap_ros/rtabmap_demos) by extension 'ignore_ament_install'
[0.908s] Level 1:colcon.colcon_core.package_identification:_identify(src/rtabmap_ros/rtabmap_demos) by extensions ['colcon_pkg']
[0.908s] Level 1:colcon.colcon_core.package_identification:_identify(src/rtabmap_ros/rtabmap_demos) by extension 'colcon_pkg'
[0.908s] Level 1:colcon.colcon_core.package_identification:_identify(src/rtabmap_ros/rtabmap_demos) by extensions ['colcon_meta']
[0.908s] Level 1:colcon.colcon_core.package_identification:_identify(src/rtabmap_ros/rtabmap_demos) by extension 'colcon_meta'
[0.908s] Level 1:colcon.colcon_core.package_identification:_identify(src/rtabmap_ros/rtabmap_demos) by extensions ['ros']
[0.909s] Level 1:colcon.colcon_core.package_identification:_identify(src/rtabmap_ros/rtabmap_demos) by extension 'ros'
[0.910s] DEBUG:colcon.colcon_core.package_identification:Package 'src/rtabmap_ros/rtabmap_demos' with type 'ros.ament_cmake' and name 'rtabmap_demos'
[0.910s] Level 1:colcon.colcon_core.package_identification:_identify(src/rtabmap_ros/rtabmap_examples) by extensions ['ignore', 'ignore_ament_install']
[0.910s] Level 1:colcon.colcon_core.package_identification:_identify(src/rtabmap_ros/rtabmap_examples) by extension 'ignore'
[0.910s] Level 1:colcon.colcon_core.package_identification:_identify(src/rtabmap_ros/rtabmap_examples) by extension 'ignore_ament_install'
[0.910s] Level 1:colcon.colcon_core.package_identification:_identify(src/rtabmap_ros/rtabmap_examples) by extensions ['colcon_pkg']
[0.910s] Level 1:colcon.colcon_core.package_identification:_identify(src/rtabmap_ros/rtabmap_examples) by extension 'colcon_pkg'
[0.910s] Level 1:colcon.colcon_core.package_identification:_identify(src/rtabmap_ros/rtabmap_examples) by extensions ['colcon_meta']
[0.910s] Level 1:colcon.colcon_core.package_identification:_identify(src/rtabmap_ros/rtabmap_examples) by extension 'colcon_meta'
[0.911s] Level 1:colcon.colcon_core.package_identification:_identify(src/rtabmap_ros/rtabmap_examples) by extensions ['ros']
[0.911s] Level 1:colcon.colcon_core.package_identification:_identify(src/rtabmap_ros/rtabmap_examples) by extension 'ros'
[0.912s] DEBUG:colcon.colcon_core.package_identification:Package 'src/rtabmap_ros/rtabmap_examples' with type 'ros.ament_cmake' and name 'rtabmap_examples'
[0.912s] Level 1:colcon.colcon_core.package_identification:_identify(src/rtabmap_ros/rtabmap_launch) by extensions ['ignore', 'ignore_ament_install']
[0.912s] Level 1:colcon.colcon_core.package_identification:_identify(src/rtabmap_ros/rtabmap_launch) by extension 'ignore'
[0.913s] Level 1:colcon.colcon_core.package_identification:_identify(src/rtabmap_ros/rtabmap_launch) by extension 'ignore_ament_install'
[0.913s] Level 1:colcon.colcon_core.package_identification:_identify(src/rtabmap_ros/rtabmap_launch) by extensions ['colcon_pkg']
[0.913s] Level 1:colcon.colcon_core.package_identification:_identify(src/rtabmap_ros/rtabmap_launch) by extension 'colcon_pkg'
[0.913s] Level 1:colcon.colcon_core.package_identification:_identify(src/rtabmap_ros/rtabmap_launch) by extensions ['colcon_meta']
[0.913s] Level 1:colcon.colcon_core.package_identification:_identify(src/rtabmap_ros/rtabmap_launch) by extension 'colcon_meta'
[0.913s] Level 1:colcon.colcon_core.package_identification:_identify(src/rtabmap_ros/rtabmap_launch) by extensions ['ros']
[0.913s] Level 1:colcon.colcon_core.package_identification:_identify(src/rtabmap_ros/rtabmap_launch) by extension 'ros'
[0.914s] DEBUG:colcon.colcon_core.package_identification:Package 'src/rtabmap_ros/rtabmap_launch' with type 'ros.ament_cmake' and name 'rtabmap_launch'
[0.915s] Level 1:colcon.colcon_core.package_identification:_identify(src/rtabmap_ros/rtabmap_msgs) by extensions ['ignore', 'ignore_ament_install']
[0.915s] Level 1:colcon.colcon_core.package_identification:_identify(src/rtabmap_ros/rtabmap_msgs) by extension 'ignore'
[0.915s] Level 1:colcon.colcon_core.package_identification:_identify(src/rtabmap_ros/rtabmap_msgs) by extension 'ignore_ament_install'
[0.915s] Level 1:colcon.colcon_core.package_identification:_identify(src/rtabmap_ros/rtabmap_msgs) by extensions ['colcon_pkg']
[0.915s] Level 1:colcon.colcon_core.package_identification:_identify(src/rtabmap_ros/rtabmap_msgs) by extension 'colcon_pkg'
[0.915s] Level 1:colcon.colcon_core.package_identification:_identify(src/rtabmap_ros/rtabmap_msgs) by extensions ['colcon_meta']
[0.915s] Level 1:colcon.colcon_core.package_identification:_identify(src/rtabmap_ros/rtabmap_msgs) by extension 'colcon_meta'
[0.915s] Level 1:colcon.colcon_core.package_identification:_identify(src/rtabmap_ros/rtabmap_msgs) by extensions ['ros']
[0.915s] Level 1:colcon.colcon_core.package_identification:_identify(src/rtabmap_ros/rtabmap_msgs) by extension 'ros'
[0.917s] DEBUG:colcon.colcon_core.package_identification:Package 'src/rtabmap_ros/rtabmap_msgs' with type 'ros.catkin' and name 'rtabmap_msgs'
[0.918s] Level 1:colcon.colcon_core.package_identification:_identify(src/rtabmap_ros/rtabmap_odom) by extensions ['ignore', 'ignore_ament_install']
[0.918s] Level 1:colcon.colcon_core.package_identification:_identify(src/rtabmap_ros/rtabmap_odom) by extension 'ignore'
[0.918s] Level 1:colcon.colcon_core.package_identification:_identify(src/rtabmap_ros/rtabmap_odom) by extension 'ignore_ament_install'
[0.918s] Level 1:colcon.colcon_core.package_identification:_identify(src/rtabmap_ros/rtabmap_odom) by extensions ['colcon_pkg']
[0.918s] Level 1:colcon.colcon_core.package_identification:_identify(src/rtabmap_ros/rtabmap_odom) by extension 'colcon_pkg'
[0.918s] Level 1:colcon.colcon_core.package_identification:_identify(src/rtabmap_ros/rtabmap_odom) by extensions ['colcon_meta']
[0.918s] Level 1:colcon.colcon_core.package_identification:_identify(src/rtabmap_ros/rtabmap_odom) by extension 'colcon_meta'
[0.918s] Level 1:colcon.colcon_core.package_identification:_identify(src/rtabmap_ros/rtabmap_odom) by extensions ['ros']
[0.918s] Level 1:colcon.colcon_core.package_identification:_identify(src/rtabmap_ros/rtabmap_odom) by extension 'ros'
[0.921s] DEBUG:colcon.colcon_core.package_identification:Package 'src/rtabmap_ros/rtabmap_odom' with type 'ros.ament_cmake' and name 'rtabmap_odom'
[0.921s] Level 1:colcon.colcon_core.package_identification:_identify(src/rtabmap_ros/rtabmap_python) by extensions ['ignore', 'ignore_ament_install']
[0.922s] Level 1:colcon.colcon_core.package_identification:_identify(src/rtabmap_ros/rtabmap_python) by extension 'ignore'
[0.922s] Level 1:colcon.colcon_core.package_identification:_identify(src/rtabmap_ros/rtabmap_python) by extension 'ignore_ament_install'
[0.922s] Level 1:colcon.colcon_core.package_identification:_identify(src/rtabmap_ros/rtabmap_python) by extensions ['colcon_pkg']
[0.922s] Level 1:colcon.colcon_core.package_identification:_identify(src/rtabmap_ros/rtabmap_python) by extension 'colcon_pkg'
[0.922s] Level 1:colcon.colcon_core.package_identification:_identify(src/rtabmap_ros/rtabmap_python) by extensions ['colcon_meta']
[0.922s] Level 1:colcon.colcon_core.package_identification:_identify(src/rtabmap_ros/rtabmap_python) by extension 'colcon_meta'
[0.922s] Level 1:colcon.colcon_core.package_identification:_identify(src/rtabmap_ros/rtabmap_python) by extensions ['ros']
[0.922s] Level 1:colcon.colcon_core.package_identification:_identify(src/rtabmap_ros/rtabmap_python) by extension 'ros'
[0.923s] DEBUG:colcon.colcon_core.package_identification:Package 'src/rtabmap_ros/rtabmap_python' with type 'ros.ament_python' and name 'rtabmap_python'
[0.924s] Level 1:colcon.colcon_core.package_identification:_identify(src/rtabmap_ros/rtabmap_ros) by extensions ['ignore', 'ignore_ament_install']
[0.924s] Level 1:colcon.colcon_core.package_identification:_identify(src/rtabmap_ros/rtabmap_ros) by extension 'ignore'
[0.924s] Level 1:colcon.colcon_core.package_identification:_identify(src/rtabmap_ros/rtabmap_ros) by extension 'ignore_ament_install'
[0.924s] Level 1:colcon.colcon_core.package_identification:_identify(src/rtabmap_ros/rtabmap_ros) by extensions ['colcon_pkg']
[0.924s] Level 1:colcon.colcon_core.package_identification:_identify(src/rtabmap_ros/rtabmap_ros) by extension 'colcon_pkg'
[0.924s] Level 1:colcon.colcon_core.package_identification:_identify(src/rtabmap_ros/rtabmap_ros) by extensions ['colcon_meta']
[0.924s] Level 1:colcon.colcon_core.package_identification:_identify(src/rtabmap_ros/rtabmap_ros) by extension 'colcon_meta'
[0.924s] Level 1:colcon.colcon_core.package_identification:_identify(src/rtabmap_ros/rtabmap_ros) by extensions ['ros']
[0.924s] Level 1:colcon.colcon_core.package_identification:_identify(src/rtabmap_ros/rtabmap_ros) by extension 'ros'
[0.926s] DEBUG:colcon.colcon_core.package_identification:Package 'src/rtabmap_ros/rtabmap_ros' with type 'ros.ament_cmake' and name 'rtabmap_ros'
[0.926s] Level 1:colcon.colcon_core.package_identification:_identify(src/rtabmap_ros/rtabmap_rviz_plugins) by extensions ['ignore', 'ignore_ament_install']
[0.926s] Level 1:colcon.colcon_core.package_identification:_identify(src/rtabmap_ros/rtabmap_rviz_plugins) by extension 'ignore'
[0.926s] Level 1:colcon.colcon_core.package_identification:_identify(src/rtabmap_ros/rtabmap_rviz_plugins) by extension 'ignore_ament_install'
[0.927s] Level 1:colcon.colcon_core.package_identification:_identify(src/rtabmap_ros/rtabmap_rviz_plugins) by extensions ['colcon_pkg']
[0.927s] Level 1:colcon.colcon_core.package_identification:_identify(src/rtabmap_ros/rtabmap_rviz_plugins) by extension 'colcon_pkg'
[0.927s] Level 1:colcon.colcon_core.package_identification:_identify(src/rtabmap_ros/rtabmap_rviz_plugins) by extensions ['colcon_meta']
[0.927s] Level 1:colcon.colcon_core.package_identification:_identify(src/rtabmap_ros/rtabmap_rviz_plugins) by extension 'colcon_meta'
[0.927s] Level 1:colcon.colcon_core.package_identification:_identify(src/rtabmap_ros/rtabmap_rviz_plugins) by extensions ['ros']
[0.927s] Level 1:colcon.colcon_core.package_identification:_identify(src/rtabmap_ros/rtabmap_rviz_plugins) by extension 'ros'
[0.929s] DEBUG:colcon.colcon_core.package_identification:Package 'src/rtabmap_ros/rtabmap_rviz_plugins' with type 'ros.ament_cmake' and name 'rtabmap_rviz_plugins'
[0.930s] Level 1:colcon.colcon_core.package_identification:_identify(src/rtabmap_ros/rtabmap_slam) by extensions ['ignore', 'ignore_ament_install']
[0.930s] Level 1:colcon.colcon_core.package_identification:_identify(src/rtabmap_ros/rtabmap_slam) by extension 'ignore'
[0.930s] Level 1:colcon.colcon_core.package_identification:_identify(src/rtabmap_ros/rtabmap_slam) by extension 'ignore_ament_install'
[0.930s] Level 1:colcon.colcon_core.package_identification:_identify(src/rtabmap_ros/rtabmap_slam) by extensions ['colcon_pkg']
[0.930s] Level 1:colcon.colcon_core.package_identification:_identify(src/rtabmap_ros/rtabmap_slam) by extension 'colcon_pkg'
[0.930s] Level 1:colcon.colcon_core.package_identification:_identify(src/rtabmap_ros/rtabmap_slam) by extensions ['colcon_meta']
[0.930s] Level 1:colcon.colcon_core.package_identification:_identify(src/rtabmap_ros/rtabmap_slam) by extension 'colcon_meta'
[0.931s] Level 1:colcon.colcon_core.package_identification:_identify(src/rtabmap_ros/rtabmap_slam) by extensions ['ros']
[0.931s] Level 1:colcon.colcon_core.package_identification:_identify(src/rtabmap_ros/rtabmap_slam) by extension 'ros'
[0.933s] DEBUG:colcon.colcon_core.package_identification:Package 'src/rtabmap_ros/rtabmap_slam' with type 'ros.ament_cmake' and name 'rtabmap_slam'
[0.934s] Level 1:colcon.colcon_core.package_identification:_identify(src/rtabmap_ros/rtabmap_sync) by extensions ['ignore', 'ignore_ament_install']
[0.934s] Level 1:colcon.colcon_core.package_identification:_identify(src/rtabmap_ros/rtabmap_sync) by extension 'ignore'
[0.934s] Level 1:colcon.colcon_core.package_identification:_identify(src/rtabmap_ros/rtabmap_sync) by extension 'ignore_ament_install'
[0.934s] Level 1:colcon.colcon_core.package_identification:_identify(src/rtabmap_ros/rtabmap_sync) by extensions ['colcon_pkg']
[0.934s] Level 1:colcon.colcon_core.package_identification:_identify(src/rtabmap_ros/rtabmap_sync) by extension 'colcon_pkg'
[0.934s] Level 1:colcon.colcon_core.package_identification:_identify(src/rtabmap_ros/rtabmap_sync) by extensions ['colcon_meta']
[0.934s] Level 1:colcon.colcon_core.package_identification:_identify(src/rtabmap_ros/rtabmap_sync) by extension 'colcon_meta'
[0.935s] Level 1:colcon.colcon_core.package_identification:_identify(src/rtabmap_ros/rtabmap_sync) by extensions ['ros']
[0.935s] Level 1:colcon.colcon_core.package_identification:_identify(src/rtabmap_ros/rtabmap_sync) by extension 'ros'
[0.937s] DEBUG:colcon.colcon_core.package_identification:Package 'src/rtabmap_ros/rtabmap_sync' with type 'ros.ament_cmake' and name 'rtabmap_sync'
[0.937s] Level 1:colcon.colcon_core.package_identification:_identify(src/rtabmap_ros/rtabmap_util) by extensions ['ignore', 'ignore_ament_install']
[0.937s] Level 1:colcon.colcon_core.package_identification:_identify(src/rtabmap_ros/rtabmap_util) by extension 'ignore'
[0.937s] Level 1:colcon.colcon_core.package_identification:_identify(src/rtabmap_ros/rtabmap_util) by extension 'ignore_ament_install'
[0.937s] Level 1:colcon.colcon_core.package_identification:_identify(src/rtabmap_ros/rtabmap_util) by extensions ['colcon_pkg']
[0.938s] Level 1:colcon.colcon_core.package_identification:_identify(src/rtabmap_ros/rtabmap_util) by extension 'colcon_pkg'
[0.938s] Level 1:colcon.colcon_core.package_identification:_identify(src/rtabmap_ros/rtabmap_util) by extensions ['colcon_meta']
[0.938s] Level 1:colcon.colcon_core.package_identification:_identify(src/rtabmap_ros/rtabmap_util) by extension 'colcon_meta'
[0.938s] Level 1:colcon.colcon_core.package_identification:_identify(src/rtabmap_ros/rtabmap_util) by extensions ['ros']
[0.938s] Level 1:colcon.colcon_core.package_identification:_identify(src/rtabmap_ros/rtabmap_util) by extension 'ros'
[0.941s] DEBUG:colcon.colcon_core.package_identification:Package 'src/rtabmap_ros/rtabmap_util' with type 'ros.ament_cmake' and name 'rtabmap_util'
[0.942s] Level 1:colcon.colcon_core.package_identification:_identify(src/rtabmap_ros/rtabmap_viz) by extensions ['ignore', 'ignore_ament_install']
[0.942s] Level 1:colcon.colcon_core.package_identification:_identify(src/rtabmap_ros/rtabmap_viz) by extension 'ignore'
[0.942s] Level 1:colcon.colcon_core.package_identification:_identify(src/rtabmap_ros/rtabmap_viz) by extension 'ignore_ament_install'
[0.942s] Level 1:colcon.colcon_core.package_identification:_identify(src/rtabmap_ros/rtabmap_viz) by extensions ['colcon_pkg']
[0.942s] Level 1:colcon.colcon_core.package_identification:_identify(src/rtabmap_ros/rtabmap_viz) by extension 'colcon_pkg'
[0.942s] Level 1:colcon.colcon_core.package_identification:_identify(src/rtabmap_ros/rtabmap_viz) by extensions ['colcon_meta']
[0.942s] Level 1:colcon.colcon_core.package_identification:_identify(src/rtabmap_ros/rtabmap_viz) by extension 'colcon_meta'
[0.943s] Level 1:colcon.colcon_core.package_identification:_identify(src/rtabmap_ros/rtabmap_viz) by extensions ['ros']
[0.943s] Level 1:colcon.colcon_core.package_identification:_identify(src/rtabmap_ros/rtabmap_viz) by extension 'ros'
[0.945s] DEBUG:colcon.colcon_core.package_identification:Package 'src/rtabmap_ros/rtabmap_viz' with type 'ros.ament_cmake' and name 'rtabmap_viz'
[0.945s] Level 1:colcon.colcon_core.package_discovery:discover_packages(recursive) using defaults
[0.945s] Level 1:colcon.colcon_core.package_discovery:discover_packages(ignore) discover
[0.945s] Level 1:colcon.colcon_core.package_discovery:discover_packages(ignore) using defaults
[0.945s] Level 1:colcon.colcon_core.package_discovery:discover_packages(path) discover
[0.945s] Level 1:colcon.colcon_core.package_discovery:discover_packages(path) using defaults
[1.002s] Level 1:colcon.colcon_core.package_discovery:discover_packages(prefix_path) check parameters
[1.002s] Level 1:colcon.colcon_core.package_discovery:discover_packages(prefix_path) discover
[1.003s] Level 1:colcon.colcon_core.package_discovery:discover_packages(prefix_path) using defaults
[1.005s] Level 5:colcon.colcon_core.verb:set package 'astra_camera_msgs' build argument 'cmake_args' from command line to 'None'
[1.005s] Level 5:colcon.colcon_core.verb:set package 'astra_camera_msgs' build argument 'cmake_target' from command line to 'None'
[1.005s] Level 5:colcon.colcon_core.verb:set package 'astra_camera_msgs' build argument 'cmake_target_skip_unavailable' from command line to 'False'
[1.005s] Level 5:colcon.colcon_core.verb:set package 'astra_camera_msgs' build argument 'cmake_clean_cache' from command line to 'False'
[1.005s] Level 5:colcon.colcon_core.verb:set package 'astra_camera_msgs' build argument 'cmake_clean_first' from command line to 'False'
[1.005s] Level 5:colcon.colcon_core.verb:set package 'astra_camera_msgs' build argument 'cmake_force_configure' from command line to 'False'
[1.005s] Level 5:colcon.colcon_core.verb:set package 'astra_camera_msgs' build argument 'ament_cmake_args' from command line to 'None'
[1.005s] Level 5:colcon.colcon_core.verb:set package 'astra_camera_msgs' build argument 'catkin_cmake_args' from command line to 'None'
[1.005s] Level 5:colcon.colcon_core.verb:set package 'astra_camera_msgs' build argument 'catkin_skip_building_tests' from command line to 'False'
[1.005s] DEBUG:colcon.colcon_core.verb:Building package 'astra_camera_msgs' with the following arguments: {'ament_cmake_args': None, 'build_base': '/home/deepak/electronic_ws/build/astra_camera_msgs', 'catkin_cmake_args': None, 'catkin_skip_building_tests': False, 'cmake_args': None, 'cmake_clean_cache': False, 'cmake_clean_first': False, 'cmake_force_configure': False, 'cmake_target': None, 'cmake_target_skip_unavailable': False, 'install_base': '/home/deepak/electronic_ws/install/astra_camera_msgs', 'merge_install': False, 'path': '/home/deepak/electronic_ws/src/ros2_astra_camera/astra_camera_msgs', 'symlink_install': False, 'test_result_base': None}
[1.005s] Level 5:colcon.colcon_core.verb:set package 'backward_ros' build argument 'cmake_args' from command line to 'None'
[1.005s] Level 5:colcon.colcon_core.verb:set package 'backward_ros' build argument 'cmake_target' from command line to 'None'
[1.005s] Level 5:colcon.colcon_core.verb:set package 'backward_ros' build argument 'cmake_target_skip_unavailable' from command line to 'False'
[1.006s] Level 5:colcon.colcon_core.verb:set package 'backward_ros' build argument 'cmake_clean_cache' from command line to 'False'
[1.006s] Level 5:colcon.colcon_core.verb:set package 'backward_ros' build argument 'cmake_clean_first' from command line to 'False'
[1.006s] Level 5:colcon.colcon_core.verb:set package 'backward_ros' build argument 'cmake_force_configure' from command line to 'False'
[1.006s] Level 5:colcon.colcon_core.verb:set package 'backward_ros' build argument 'ament_cmake_args' from command line to 'None'
[1.006s] Level 5:colcon.colcon_core.verb:set package 'backward_ros' build argument 'catkin_cmake_args' from command line to 'None'
[1.006s] Level 5:colcon.colcon_core.verb:set package 'backward_ros' build argument 'catkin_skip_building_tests' from command line to 'False'
[1.006s] DEBUG:colcon.colcon_core.verb:Building package 'backward_ros' with the following arguments: {'ament_cmake_args': None, 'build_base': '/home/deepak/electronic_ws/build/backward_ros', 'catkin_cmake_args': None, 'catkin_skip_building_tests': False, 'cmake_args': None, 'cmake_clean_cache': False, 'cmake_clean_first': False, 'cmake_force_configure': False, 'cmake_target': None, 'cmake_target_skip_unavailable': False, 'install_base': '/home/deepak/electronic_ws/install/backward_ros', 'merge_install': False, 'path': '/home/deepak/electronic_ws/src/backward_ros', 'symlink_install': False, 'test_result_base': None}
[1.006s] Level 5:colcon.colcon_core.verb:set package 'lslidar_msgs' build argument 'cmake_args' from command line to 'None'
[1.006s] Level 5:colcon.colcon_core.verb:set package 'lslidar_msgs' build argument 'cmake_target' from command line to 'None'
[1.006s] Level 5:colcon.colcon_core.verb:set package 'lslidar_msgs' build argument 'cmake_target_skip_unavailable' from command line to 'False'
[1.006s] Level 5:colcon.colcon_core.verb:set package 'lslidar_msgs' build argument 'cmake_clean_cache' from command line to 'False'
[1.006s] Level 5:colcon.colcon_core.verb:set package 'lslidar_msgs' build argument 'cmake_clean_first' from command line to 'False'
[1.006s] Level 5:colcon.colcon_core.verb:set package 'lslidar_msgs' build argument 'cmake_force_configure' from command line to 'False'
[1.006s] Level 5:colcon.colcon_core.verb:set package 'lslidar_msgs' build argument 'ament_cmake_args' from command line to 'None'
[1.006s] Level 5:colcon.colcon_core.verb:set package 'lslidar_msgs' build argument 'catkin_cmake_args' from command line to 'None'
[1.006s] Level 5:colcon.colcon_core.verb:set package 'lslidar_msgs' build argument 'catkin_skip_building_tests' from command line to 'False'
[1.006s] DEBUG:colcon.colcon_core.verb:Building package 'lslidar_msgs' with the following arguments: {'ament_cmake_args': None, 'build_base': '/home/deepak/electronic_ws/build/lslidar_msgs', 'catkin_cmake_args': None, 'catkin_skip_building_tests': False, 'cmake_args': None, 'cmake_clean_cache': False, 'cmake_clean_first': False, 'cmake_force_configure': False, 'cmake_target': None, 'cmake_target_skip_unavailable': False, 'install_base': '/home/deepak/electronic_ws/install/lslidar_msgs', 'merge_install': False, 'path': '/home/deepak/electronic_ws/src/Lslidar_ROS2_driver-LS-S1_V1.0/lslidar_msgs', 'symlink_install': False, 'test_result_base': None}
[1.006s] Level 5:colcon.colcon_core.verb:set package 'rtabmap' build argument 'cmake_args' from command line to 'None'
[1.006s] Level 5:colcon.colcon_core.verb:set package 'rtabmap' build argument 'cmake_target' from command line to 'None'
[1.006s] Level 5:colcon.colcon_core.verb:set package 'rtabmap' build argument 'cmake_target_skip_unavailable' from command line to 'False'
[1.006s] Level 5:colcon.colcon_core.verb:set package 'rtabmap' build argument 'cmake_clean_cache' from command line to 'False'
[1.006s] Level 5:colcon.colcon_core.verb:set package 'rtabmap' build argument 'cmake_clean_first' from command line to 'False'
[1.007s] Level 5:colcon.colcon_core.verb:set package 'rtabmap' build argument 'cmake_force_configure' from command line to 'False'
[1.007s] Level 5:colcon.colcon_core.verb:set package 'rtabmap' build argument 'ament_cmake_args' from command line to 'None'
[1.007s] Level 5:colcon.colcon_core.verb:set package 'rtabmap' build argument 'catkin_cmake_args' from command line to 'None'
[1.007s] Level 5:colcon.colcon_core.verb:set package 'rtabmap' build argument 'catkin_skip_building_tests' from command line to 'False'
[1.007s] DEBUG:colcon.colcon_core.verb:Building package 'rtabmap' with the following arguments: {'ament_cmake_args': None, 'build_base': '/home/deepak/electronic_ws/build/rtabmap', 'catkin_cmake_args': None, 'catkin_skip_building_tests': False, 'cmake_args': None, 'cmake_clean_cache': False, 'cmake_clean_first': False, 'cmake_force_configure': False, 'cmake_target': None, 'cmake_target_skip_unavailable': False, 'install_base': '/home/deepak/electronic_ws/install/rtabmap', 'merge_install': False, 'path': '/home/deepak/electronic_ws/src/rtabmap', 'symlink_install': False, 'test_result_base': None}
[1.007s] Level 5:colcon.colcon_core.verb:set package 'rtabmap_msgs' build argument 'cmake_args' from command line to 'None'
[1.007s] Level 5:colcon.colcon_core.verb:set package 'rtabmap_msgs' build argument 'cmake_target' from command line to 'None'
[1.007s] Level 5:colcon.colcon_core.verb:set package 'rtabmap_msgs' build argument 'cmake_target_skip_unavailable' from command line to 'False'
[1.007s] Level 5:colcon.colcon_core.verb:set package 'rtabmap_msgs' build argument 'cmake_clean_cache' from command line to 'False'
[1.007s] Level 5:colcon.colcon_core.verb:set package 'rtabmap_msgs' build argument 'cmake_clean_first' from command line to 'False'
[1.007s] Level 5:colcon.colcon_core.verb:set package 'rtabmap_msgs' build argument 'cmake_force_configure' from command line to 'False'
[1.007s] Level 5:colcon.colcon_core.verb:set package 'rtabmap_msgs' build argument 'ament_cmake_args' from command line to 'None'
[1.007s] Level 5:colcon.colcon_core.verb:set package 'rtabmap_msgs' build argument 'catkin_cmake_args' from command line to 'None'
[1.007s] Level 5:colcon.colcon_core.verb:set package 'rtabmap_msgs' build argument 'catkin_skip_building_tests' from command line to 'False'
[1.007s] DEBUG:colcon.colcon_core.verb:Building package 'rtabmap_msgs' with the following arguments: {'ament_cmake_args': None, 'build_base': '/home/deepak/electronic_ws/build/rtabmap_msgs', 'catkin_cmake_args': None, 'catkin_skip_building_tests': False, 'cmake_args': None, 'cmake_clean_cache': False, 'cmake_clean_first': False, 'cmake_force_configure': False, 'cmake_target': None, 'cmake_target_skip_unavailable': False, 'install_base': '/home/deepak/electronic_ws/install/rtabmap_msgs', 'merge_install': False, 'path': '/home/deepak/electronic_ws/src/rtabmap_ros/rtabmap_msgs', 'symlink_install': False, 'test_result_base': None}
[1.007s] Level 5:colcon.colcon_core.verb:set package 'rtabmap_python' build argument 'cmake_args' from command line to 'None'
[1.007s] Level 5:colcon.colcon_core.verb:set package 'rtabmap_python' build argument 'cmake_target' from command line to 'None'
[1.007s] Level 5:colcon.colcon_core.verb:set package 'rtabmap_python' build argument 'cmake_target_skip_unavailable' from command line to 'False'
[1.007s] Level 5:colcon.colcon_core.verb:set package 'rtabmap_python' build argument 'cmake_clean_cache' from command line to 'False'
[1.007s] Level 5:colcon.colcon_core.verb:set package 'rtabmap_python' build argument 'cmake_clean_first' from command line to 'False'
[1.007s] Level 5:colcon.colcon_core.verb:set package 'rtabmap_python' build argument 'cmake_force_configure' from command line to 'False'
[1.007s] Level 5:colcon.colcon_core.verb:set package 'rtabmap_python' build argument 'ament_cmake_args' from command line to 'None'
[1.007s] Level 5:colcon.colcon_core.verb:set package 'rtabmap_python' build argument 'catkin_cmake_args' from command line to 'None'
[1.007s] Level 5:colcon.colcon_core.verb:set package 'rtabmap_python' build argument 'catkin_skip_building_tests' from command line to 'False'
[1.008s] DEBUG:colcon.colcon_core.verb:Building package 'rtabmap_python' with the following arguments: {'ament_cmake_args': None, 'build_base': '/home/deepak/electronic_ws/build/rtabmap_python', 'catkin_cmake_args': None, 'catkin_skip_building_tests': False, 'cmake_args': None, 'cmake_clean_cache': False, 'cmake_clean_first': False, 'cmake_force_configure': False, 'cmake_target': None, 'cmake_target_skip_unavailable': False, 'install_base': '/home/deepak/electronic_ws/install/rtabmap_python', 'merge_install': False, 'path': '/home/deepak/electronic_ws/src/rtabmap_ros/rtabmap_python', 'symlink_install': False, 'test_result_base': None}
[1.008s] Level 5:colcon.colcon_core.verb:set package 'astra_camera' build argument 'cmake_args' from command line to 'None'
[1.008s] Level 5:colcon.colcon_core.verb:set package 'astra_camera' build argument 'cmake_target' from command line to 'None'
[1.008s] Level 5:colcon.colcon_core.verb:set package 'astra_camera' build argument 'cmake_target_skip_unavailable' from command line to 'False'
[1.008s] Level 5:colcon.colcon_core.verb:set package 'astra_camera' build argument 'cmake_clean_cache' from command line to 'False'
[1.008s] Level 5:colcon.colcon_core.verb:set package 'astra_camera' build argument 'cmake_clean_first' from command line to 'False'
[1.008s] Level 5:colcon.colcon_core.verb:set package 'astra_camera' build argument 'cmake_force_configure' from command line to 'False'
[1.008s] Level 5:colcon.colcon_core.verb:set package 'astra_camera' build argument 'ament_cmake_args' from command line to 'None'
[1.008s] Level 5:colcon.colcon_core.verb:set package 'astra_camera' build argument 'catkin_cmake_args' from command line to 'None'
[1.008s] Level 5:colcon.colcon_core.verb:set package 'astra_camera' build argument 'catkin_skip_building_tests' from command line to 'False'
[1.008s] DEBUG:colcon.colcon_core.verb:Building package 'astra_camera' with the following arguments: {'ament_cmake_args': None, 'build_base': '/home/deepak/electronic_ws/build/astra_camera', 'catkin_cmake_args': None, 'catkin_skip_building_tests': False, 'cmake_args': None, 'cmake_clean_cache': False, 'cmake_clean_first': False, 'cmake_force_configure': False, 'cmake_target': None, 'cmake_target_skip_unavailable': False, 'install_base': '/home/deepak/electronic_ws/install/astra_camera', 'merge_install': False, 'path': '/home/deepak/electronic_ws/src/ros2_astra_camera/astra_camera', 'symlink_install': False, 'test_result_base': None}
[1.008s] Level 5:colcon.colcon_core.verb:set package 'lslidar_driver' build argument 'cmake_args' from command line to 'None'
[1.008s] Level 5:colcon.colcon_core.verb:set package 'lslidar_driver' build argument 'cmake_target' from command line to 'None'
[1.008s] Level 5:colcon.colcon_core.verb:set package 'lslidar_driver' build argument 'cmake_target_skip_unavailable' from command line to 'False'
[1.008s] Level 5:colcon.colcon_core.verb:set package 'lslidar_driver' build argument 'cmake_clean_cache' from command line to 'False'
[1.008s] Level 5:colcon.colcon_core.verb:set package 'lslidar_driver' build argument 'cmake_clean_first' from command line to 'False'
[1.008s] Level 5:colcon.colcon_core.verb:set package 'lslidar_driver' build argument 'cmake_force_configure' from command line to 'False'
[1.008s] Level 5:colcon.colcon_core.verb:set package 'lslidar_driver' build argument 'ament_cmake_args' from command line to 'None'
[1.008s] Level 5:colcon.colcon_core.verb:set package 'lslidar_driver' build argument 'catkin_cmake_args' from command line to 'None'
[1.008s] Level 5:colcon.colcon_core.verb:set package 'lslidar_driver' build argument 'catkin_skip_building_tests' from command line to 'False'
[1.009s] DEBUG:colcon.colcon_core.verb:Building package 'lslidar_driver' with the following arguments: {'ament_cmake_args': None, 'build_base': '/home/deepak/electronic_ws/build/lslidar_driver', 'catkin_cmake_args': None, 'catkin_skip_building_tests': False, 'cmake_args': None, 'cmake_clean_cache': False, 'cmake_clean_first': False, 'cmake_force_configure': False, 'cmake_target': None, 'cmake_target_skip_unavailable': False, 'install_base': '/home/deepak/electronic_ws/install/lslidar_driver', 'merge_install': False, 'path': '/home/deepak/electronic_ws/src/Lslidar_ROS2_driver-LS-S1_V1.0/lslidar_driver', 'symlink_install': False, 'test_result_base': None}
[1.009s] Level 5:colcon.colcon_core.verb:set package 'rtabmap_conversions' build argument 'cmake_args' from command line to 'None'
[1.009s] Level 5:colcon.colcon_core.verb:set package 'rtabmap_conversions' build argument 'cmake_target' from command line to 'None'
[1.009s] Level 5:colcon.colcon_core.verb:set package 'rtabmap_conversions' build argument 'cmake_target_skip_unavailable' from command line to 'False'
[1.009s] Level 5:colcon.colcon_core.verb:set package 'rtabmap_conversions' build argument 'cmake_clean_cache' from command line to 'False'
[1.009s] Level 5:colcon.colcon_core.verb:set package 'rtabmap_conversions' build argument 'cmake_clean_first' from command line to 'False'
[1.009s] Level 5:colcon.colcon_core.verb:set package 'rtabmap_conversions' build argument 'cmake_force_configure' from command line to 'False'
[1.009s] Level 5:colcon.colcon_core.verb:set package 'rtabmap_conversions' build argument 'ament_cmake_args' from command line to 'None'
[1.009s] Level 5:colcon.colcon_core.verb:set package 'rtabmap_conversions' build argument 'catkin_cmake_args' from command line to 'None'
[1.009s] Level 5:colcon.colcon_core.verb:set package 'rtabmap_conversions' build argument 'catkin_skip_building_tests' from command line to 'False'
[1.009s] DEBUG:colcon.colcon_core.verb:Building package 'rtabmap_conversions' with the following arguments: {'ament_cmake_args': None, 'build_base': '/home/deepak/electronic_ws/build/rtabmap_conversions', 'catkin_cmake_args': None, 'catkin_skip_building_tests': False, 'cmake_args': None, 'cmake_clean_cache': False, 'cmake_clean_first': False, 'cmake_force_configure': False, 'cmake_target': None, 'cmake_target_skip_unavailable': False, 'install_base': '/home/deepak/electronic_ws/install/rtabmap_conversions', 'merge_install': False, 'path': '/home/deepak/electronic_ws/src/rtabmap_ros/rtabmap_conversions', 'symlink_install': False, 'test_result_base': None}
[1.009s] Level 5:colcon.colcon_core.verb:set package 'rtabmap_rviz_plugins' build argument 'cmake_args' from command line to 'None'
[1.009s] Level 5:colcon.colcon_core.verb:set package 'rtabmap_rviz_plugins' build argument 'cmake_target' from command line to 'None'
[1.009s] Level 5:colcon.colcon_core.verb:set package 'rtabmap_rviz_plugins' build argument 'cmake_target_skip_unavailable' from command line to 'False'
[1.009s] Level 5:colcon.colcon_core.verb:set package 'rtabmap_rviz_plugins' build argument 'cmake_clean_cache' from command line to 'False'
[1.009s] Level 5:colcon.colcon_core.verb:set package 'rtabmap_rviz_plugins' build argument 'cmake_clean_first' from command line to 'False'
[1.009s] Level 5:colcon.colcon_core.verb:set package 'rtabmap_rviz_plugins' build argument 'cmake_force_configure' from command line to 'False'
[1.009s] Level 5:colcon.colcon_core.verb:set package 'rtabmap_rviz_plugins' build argument 'ament_cmake_args' from command line to 'None'
[1.009s] Level 5:colcon.colcon_core.verb:set package 'rtabmap_rviz_plugins' build argument 'catkin_cmake_args' from command line to 'None'
[1.009s] Level 5:colcon.colcon_core.verb:set package 'rtabmap_rviz_plugins' build argument 'catkin_skip_building_tests' from command line to 'False'
[1.009s] DEBUG:colcon.colcon_core.verb:Building package 'rtabmap_rviz_plugins' with the following arguments: {'ament_cmake_args': None, 'build_base': '/home/deepak/electronic_ws/build/rtabmap_rviz_plugins', 'catkin_cmake_args': None, 'catkin_skip_building_tests': False, 'cmake_args': None, 'cmake_clean_cache': False, 'cmake_clean_first': False, 'cmake_force_configure': False, 'cmake_target': None, 'cmake_target_skip_unavailable': False, 'install_base': '/home/deepak/electronic_ws/install/rtabmap_rviz_plugins', 'merge_install': False, 'path': '/home/deepak/electronic_ws/src/rtabmap_ros/rtabmap_rviz_plugins', 'symlink_install': False, 'test_result_base': None}
[1.010s] Level 5:colcon.colcon_core.verb:set package 'rtabmap_sync' build argument 'cmake_args' from command line to 'None'
[1.010s] Level 5:colcon.colcon_core.verb:set package 'rtabmap_sync' build argument 'cmake_target' from command line to 'None'
[1.010s] Level 5:colcon.colcon_core.verb:set package 'rtabmap_sync' build argument 'cmake_target_skip_unavailable' from command line to 'False'
[1.010s] Level 5:colcon.colcon_core.verb:set package 'rtabmap_sync' build argument 'cmake_clean_cache' from command line to 'False'
[1.010s] Level 5:colcon.colcon_core.verb:set package 'rtabmap_sync' build argument 'cmake_clean_first' from command line to 'False'
[1.010s] Level 5:colcon.colcon_core.verb:set package 'rtabmap_sync' build argument 'cmake_force_configure' from command line to 'False'
[1.010s] Level 5:colcon.colcon_core.verb:set package 'rtabmap_sync' build argument 'ament_cmake_args' from command line to 'None'
[1.010s] Level 5:colcon.colcon_core.verb:set package 'rtabmap_sync' build argument 'catkin_cmake_args' from command line to 'None'
[1.010s] Level 5:colcon.colcon_core.verb:set package 'rtabmap_sync' build argument 'catkin_skip_building_tests' from command line to 'False'
[1.010s] DEBUG:colcon.colcon_core.verb:Building package 'rtabmap_sync' with the following arguments: {'ament_cmake_args': None, 'build_base': '/home/deepak/electronic_ws/build/rtabmap_sync', 'catkin_cmake_args': None, 'catkin_skip_building_tests': False, 'cmake_args': None, 'cmake_clean_cache': False, 'cmake_clean_first': False, 'cmake_force_configure': False, 'cmake_target': None, 'cmake_target_skip_unavailable': False, 'install_base': '/home/deepak/electronic_ws/install/rtabmap_sync', 'merge_install': False, 'path': '/home/deepak/electronic_ws/src/rtabmap_ros/rtabmap_sync', 'symlink_install': False, 'test_result_base': None}
[1.010s] Level 5:colcon.colcon_core.verb:set package 'rtabmap_util' build argument 'cmake_args' from command line to 'None'
[1.010s] Level 5:colcon.colcon_core.verb:set package 'rtabmap_util' build argument 'cmake_target' from command line to 'None'
[1.010s] Level 5:colcon.colcon_core.verb:set package 'rtabmap_util' build argument 'cmake_target_skip_unavailable' from command line to 'False'
[1.010s] Level 5:colcon.colcon_core.verb:set package 'rtabmap_util' build argument 'cmake_clean_cache' from command line to 'False'
[1.010s] Level 5:colcon.colcon_core.verb:set package 'rtabmap_util' build argument 'cmake_clean_first' from command line to 'False'
[1.010s] Level 5:colcon.colcon_core.verb:set package 'rtabmap_util' build argument 'cmake_force_configure' from command line to 'False'
[1.010s] Level 5:colcon.colcon_core.verb:set package 'rtabmap_util' build argument 'ament_cmake_args' from command line to 'None'
[1.010s] Level 5:colcon.colcon_core.verb:set package 'rtabmap_util' build argument 'catkin_cmake_args' from command line to 'None'
[1.010s] Level 5:colcon.colcon_core.verb:set package 'rtabmap_util' build argument 'catkin_skip_building_tests' from command line to 'False'
[1.010s] DEBUG:colcon.colcon_core.verb:Building package 'rtabmap_util' with the following arguments: {'ament_cmake_args': None, 'build_base': '/home/deepak/electronic_ws/build/rtabmap_util', 'catkin_cmake_args': None, 'catkin_skip_building_tests': False, 'cmake_args': None, 'cmake_clean_cache': False, 'cmake_clean_first': False, 'cmake_force_configure': False, 'cmake_target': None, 'cmake_target_skip_unavailable': False, 'install_base': '/home/deepak/electronic_ws/install/rtabmap_util', 'merge_install': False, 'path': '/home/deepak/electronic_ws/src/rtabmap_ros/rtabmap_util', 'symlink_install': False, 'test_result_base': None}
[1.011s] Level 5:colcon.colcon_core.verb:set package 'rtabmap_odom' build argument 'cmake_args' from command line to 'None'
[1.011s] Level 5:colcon.colcon_core.verb:set package 'rtabmap_odom' build argument 'cmake_target' from command line to 'None'
[1.011s] Level 5:colcon.colcon_core.verb:set package 'rtabmap_odom' build argument 'cmake_target_skip_unavailable' from command line to 'False'
[1.011s] Level 5:colcon.colcon_core.verb:set package 'rtabmap_odom' build argument 'cmake_clean_cache' from command line to 'False'
[1.011s] Level 5:colcon.colcon_core.verb:set package 'rtabmap_odom' build argument 'cmake_clean_first' from command line to 'False'
[1.011s] Level 5:colcon.colcon_core.verb:set package 'rtabmap_odom' build argument 'cmake_force_configure' from command line to 'False'
[1.011s] Level 5:colcon.colcon_core.verb:set package 'rtabmap_odom' build argument 'ament_cmake_args' from command line to 'None'
[1.011s] Level 5:colcon.colcon_core.verb:set package 'rtabmap_odom' build argument 'catkin_cmake_args' from command line to 'None'
[1.011s] Level 5:colcon.colcon_core.verb:set package 'rtabmap_odom' build argument 'catkin_skip_building_tests' from command line to 'False'
[1.011s] DEBUG:colcon.colcon_core.verb:Building package 'rtabmap_odom' with the following arguments: {'ament_cmake_args': None, 'build_base': '/home/deepak/electronic_ws/build/rtabmap_odom', 'catkin_cmake_args': None, 'catkin_skip_building_tests': False, 'cmake_args': None, 'cmake_clean_cache': False, 'cmake_clean_first': False, 'cmake_force_configure': False, 'cmake_target': None, 'cmake_target_skip_unavailable': False, 'install_base': '/home/deepak/electronic_ws/install/rtabmap_odom', 'merge_install': False, 'path': '/home/deepak/electronic_ws/src/rtabmap_ros/rtabmap_odom', 'symlink_install': False, 'test_result_base': None}
[1.011s] Level 5:colcon.colcon_core.verb:set package 'rtabmap_slam' build argument 'cmake_args' from command line to 'None'
[1.011s] Level 5:colcon.colcon_core.verb:set package 'rtabmap_slam' build argument 'cmake_target' from command line to 'None'
[1.011s] Level 5:colcon.colcon_core.verb:set package 'rtabmap_slam' build argument 'cmake_target_skip_unavailable' from command line to 'False'
[1.011s] Level 5:colcon.colcon_core.verb:set package 'rtabmap_slam' build argument 'cmake_clean_cache' from command line to 'False'
[1.011s] Level 5:colcon.colcon_core.verb:set package 'rtabmap_slam' build argument 'cmake_clean_first' from command line to 'False'
[1.011s] Level 5:colcon.colcon_core.verb:set package 'rtabmap_slam' build argument 'cmake_force_configure' from command line to 'False'
[1.011s] Level 5:colcon.colcon_core.verb:set package 'rtabmap_slam' build argument 'ament_cmake_args' from command line to 'None'
[1.011s] Level 5:colcon.colcon_core.verb:set package 'rtabmap_slam' build argument 'catkin_cmake_args' from command line to 'None'
[1.011s] Level 5:colcon.colcon_core.verb:set package 'rtabmap_slam' build argument 'catkin_skip_building_tests' from command line to 'False'
[1.011s] DEBUG:colcon.colcon_core.verb:Building package 'rtabmap_slam' with the following arguments: {'ament_cmake_args': None, 'build_base': '/home/deepak/electronic_ws/build/rtabmap_slam', 'catkin_cmake_args': None, 'catkin_skip_building_tests': False, 'cmake_args': None, 'cmake_clean_cache': False, 'cmake_clean_first': False, 'cmake_force_configure': False, 'cmake_target': None, 'cmake_target_skip_unavailable': False, 'install_base': '/home/deepak/electronic_ws/install/rtabmap_slam', 'merge_install': False, 'path': '/home/deepak/electronic_ws/src/rtabmap_ros/rtabmap_slam', 'symlink_install': False, 'test_result_base': None}
[1.011s] Level 5:colcon.colcon_core.verb:set package 'rtabmap_viz' build argument 'cmake_args' from command line to 'None'
[1.012s] Level 5:colcon.colcon_core.verb:set package 'rtabmap_viz' build argument 'cmake_target' from command line to 'None'
[1.012s] Level 5:colcon.colcon_core.verb:set package 'rtabmap_viz' build argument 'cmake_target_skip_unavailable' from command line to 'False'
[1.012s] Level 5:colcon.colcon_core.verb:set package 'rtabmap_viz' build argument 'cmake_clean_cache' from command line to 'False'
[1.012s] Level 5:colcon.colcon_core.verb:set package 'rtabmap_viz' build argument 'cmake_clean_first' from command line to 'False'
[1.012s] Level 5:colcon.colcon_core.verb:set package 'rtabmap_viz' build argument 'cmake_force_configure' from command line to 'False'
[1.012s] Level 5:colcon.colcon_core.verb:set package 'rtabmap_viz' build argument 'ament_cmake_args' from command line to 'None'
[1.012s] Level 5:colcon.colcon_core.verb:set package 'rtabmap_viz' build argument 'catkin_cmake_args' from command line to 'None'
[1.012s] Level 5:colcon.colcon_core.verb:set package 'rtabmap_viz' build argument 'catkin_skip_building_tests' from command line to 'False'
[1.012s] DEBUG:colcon.colcon_core.verb:Building package 'rtabmap_viz' with the following arguments: {'ament_cmake_args': None, 'build_base': '/home/deepak/electronic_ws/build/rtabmap_viz', 'catkin_cmake_args': None, 'catkin_skip_building_tests': False, 'cmake_args': None, 'cmake_clean_cache': False, 'cmake_clean_first': False, 'cmake_force_configure': False, 'cmake_target': None, 'cmake_target_skip_unavailable': False, 'install_base': '/home/deepak/electronic_ws/install/rtabmap_viz', 'merge_install': False, 'path': '/home/deepak/electronic_ws/src/rtabmap_ros/rtabmap_viz', 'symlink_install': False, 'test_result_base': None}
[1.012s] Level 5:colcon.colcon_core.verb:set package 'rtabmap_demos' build argument 'cmake_args' from command line to 'None'
[1.012s] Level 5:colcon.colcon_core.verb:set package 'rtabmap_demos' build argument 'cmake_target' from command line to 'None'
[1.012s] Level 5:colcon.colcon_core.verb:set package 'rtabmap_demos' build argument 'cmake_target_skip_unavailable' from command line to 'False'
[1.012s] Level 5:colcon.colcon_core.verb:set package 'rtabmap_demos' build argument 'cmake_clean_cache' from command line to 'False'
[1.012s] Level 5:colcon.colcon_core.verb:set package 'rtabmap_demos' build argument 'cmake_clean_first' from command line to 'False'
[1.012s] Level 5:colcon.colcon_core.verb:set package 'rtabmap_demos' build argument 'cmake_force_configure' from command line to 'False'
[1.012s] Level 5:colcon.colcon_core.verb:set package 'rtabmap_demos' build argument 'ament_cmake_args' from command line to 'None'
[1.012s] Level 5:colcon.colcon_core.verb:set package 'rtabmap_demos' build argument 'catkin_cmake_args' from command line to 'None'
[1.012s] Level 5:colcon.colcon_core.verb:set package 'rtabmap_demos' build argument 'catkin_skip_building_tests' from command line to 'False'
[1.012s] DEBUG:colcon.colcon_core.verb:Building package 'rtabmap_demos' with the following arguments: {'ament_cmake_args': None, 'build_base': '/home/deepak/electronic_ws/build/rtabmap_demos', 'catkin_cmake_args': None, 'catkin_skip_building_tests': False, 'cmake_args': None, 'cmake_clean_cache': False, 'cmake_clean_first': False, 'cmake_force_configure': False, 'cmake_target': None, 'cmake_target_skip_unavailable': False, 'install_base': '/home/deepak/electronic_ws/install/rtabmap_demos', 'merge_install': False, 'path': '/home/deepak/electronic_ws/src/rtabmap_ros/rtabmap_demos', 'symlink_install': False, 'test_result_base': None}
[1.012s] Level 5:colcon.colcon_core.verb:set package 'rtabmap_examples' build argument 'cmake_args' from command line to 'None'
[1.012s] Level 5:colcon.colcon_core.verb:set package 'rtabmap_examples' build argument 'cmake_target' from command line to 'None'
[1.012s] Level 5:colcon.colcon_core.verb:set package 'rtabmap_examples' build argument 'cmake_target_skip_unavailable' from command line to 'False'
[1.012s] Level 5:colcon.colcon_core.verb:set package 'rtabmap_examples' build argument 'cmake_clean_cache' from command line to 'False'
[1.012s] Level 5:colcon.colcon_core.verb:set package 'rtabmap_examples' build argument 'cmake_clean_first' from command line to 'False'
[1.012s] Level 5:colcon.colcon_core.verb:set package 'rtabmap_examples' build argument 'cmake_force_configure' from command line to 'False'
[1.013s] Level 5:colcon.colcon_core.verb:set package 'rtabmap_examples' build argument 'ament_cmake_args' from command line to 'None'
[1.013s] Level 5:colcon.colcon_core.verb:set package 'rtabmap_examples' build argument 'catkin_cmake_args' from command line to 'None'
[1.013s] Level 5:colcon.colcon_core.verb:set package 'rtabmap_examples' build argument 'catkin_skip_building_tests' from command line to 'False'
[1.013s] DEBUG:colcon.colcon_core.verb:Building package 'rtabmap_examples' with the following arguments: {'ament_cmake_args': None, 'build_base': '/home/deepak/electronic_ws/build/rtabmap_examples', 'catkin_cmake_args': None, 'catkin_skip_building_tests': False, 'cmake_args': None, 'cmake_clean_cache': False, 'cmake_clean_first': False, 'cmake_force_configure': False, 'cmake_target': None, 'cmake_target_skip_unavailable': False, 'install_base': '/home/deepak/electronic_ws/install/rtabmap_examples', 'merge_install': False, 'path': '/home/deepak/electronic_ws/src/rtabmap_ros/rtabmap_examples', 'symlink_install': False, 'test_result_base': None}
[1.013s] Level 5:colcon.colcon_core.verb:set package 'rtabmap_launch' build argument 'cmake_args' from command line to 'None'
[1.013s] Level 5:colcon.colcon_core.verb:set package 'rtabmap_launch' build argument 'cmake_target' from command line to 'None'
[1.013s] Level 5:colcon.colcon_core.verb:set package 'rtabmap_launch' build argument 'cmake_target_skip_unavailable' from command line to 'False'
[1.013s] Level 5:colcon.colcon_core.verb:set package 'rtabmap_launch' build argument 'cmake_clean_cache' from command line to 'False'
[1.013s] Level 5:colcon.colcon_core.verb:set package 'rtabmap_launch' build argument 'cmake_clean_first' from command line to 'False'
[1.013s] Level 5:colcon.colcon_core.verb:set package 'rtabmap_launch' build argument 'cmake_force_configure' from command line to 'False'
[1.013s] Level 5:colcon.colcon_core.verb:set package 'rtabmap_launch' build argument 'ament_cmake_args' from command line to 'None'
[1.013s] Level 5:colcon.colcon_core.verb:set package 'rtabmap_launch' build argument 'catkin_cmake_args' from command line to 'None'
[1.013s] Level 5:colcon.colcon_core.verb:set package 'rtabmap_launch' build argument 'catkin_skip_building_tests' from command line to 'False'
[1.013s] DEBUG:colcon.colcon_core.verb:Building package 'rtabmap_launch' with the following arguments: {'ament_cmake_args': None, 'build_base': '/home/deepak/electronic_ws/build/rtabmap_launch', 'catkin_cmake_args': None, 'catkin_skip_building_tests': False, 'cmake_args': None, 'cmake_clean_cache': False, 'cmake_clean_first': False, 'cmake_force_configure': False, 'cmake_target': None, 'cmake_target_skip_unavailable': False, 'install_base': '/home/deepak/electronic_ws/install/rtabmap_launch', 'merge_install': False, 'path': '/home/deepak/electronic_ws/src/rtabmap_ros/rtabmap_launch', 'symlink_install': False, 'test_result_base': None}
[1.013s] Level 5:colcon.colcon_core.verb:set package 'rtabmap_ros' build argument 'cmake_args' from command line to 'None'
[1.013s] Level 5:colcon.colcon_core.verb:set package 'rtabmap_ros' build argument 'cmake_target' from command line to 'None'
[1.013s] Level 5:colcon.colcon_core.verb:set package 'rtabmap_ros' build argument 'cmake_target_skip_unavailable' from command line to 'False'
[1.013s] Level 5:colcon.colcon_core.verb:set package 'rtabmap_ros' build argument 'cmake_clean_cache' from command line to 'False'
[1.013s] Level 5:colcon.colcon_core.verb:set package 'rtabmap_ros' build argument 'cmake_clean_first' from command line to 'False'
[1.013s] Level 5:colcon.colcon_core.verb:set package 'rtabmap_ros' build argument 'cmake_force_configure' from command line to 'False'
[1.013s] Level 5:colcon.colcon_core.verb:set package 'rtabmap_ros' build argument 'ament_cmake_args' from command line to 'None'
[1.013s] Level 5:colcon.colcon_core.verb:set package 'rtabmap_ros' build argument 'catkin_cmake_args' from command line to 'None'
[1.013s] Level 5:colcon.colcon_core.verb:set package 'rtabmap_ros' build argument 'catkin_skip_building_tests' from command line to 'False'
[1.013s] DEBUG:colcon.colcon_core.verb:Building package 'rtabmap_ros' with the following arguments: {'ament_cmake_args': None, 'build_base': '/home/deepak/electronic_ws/build/rtabmap_ros', 'catkin_cmake_args': None, 'catkin_skip_building_tests': False, 'cmake_args': None, 'cmake_clean_cache': False, 'cmake_clean_first': False, 'cmake_force_configure': False, 'cmake_target': None, 'cmake_target_skip_unavailable': False, 'install_base': '/home/deepak/electronic_ws/install/rtabmap_ros', 'merge_install': False, 'path': '/home/deepak/electronic_ws/src/rtabmap_ros/rtabmap_ros', 'symlink_install': False, 'test_result_base': None}
[1.014s] INFO:colcon.colcon_core.executor:Executing jobs using 'parallel' executor
[1.015s] DEBUG:colcon.colcon_parallel_executor.executor.parallel:run_until_complete
[1.015s] INFO:colcon.colcon_ros.task.cmake.build:Building ROS package in '/home/deepak/electronic_ws/src/rtabmap' with build type 'cmake'
[1.015s] INFO:colcon.colcon_cmake.task.cmake.build:Building CMake package in '/home/deepak/electronic_ws/src/rtabmap'
[1.020s] INFO:colcon.colcon_core.plugin_system:Skipping extension 'colcon_core.shell.bat': Not used on non-Windows systems
[1.020s] INFO:colcon.colcon_core.shell:Skip shell extension 'powershell' for command environment: Not usable outside of PowerShell
[1.020s] DEBUG:colcon.colcon_core.shell:Skip shell extension 'dsv' for command environment
[1.024s] INFO:colcon.colcon_ros.task.catkin.build:Building ROS package in '/home/deepak/electronic_ws/src/rtabmap_ros/rtabmap_msgs' with build type 'catkin'
[1.024s] INFO:colcon.colcon_cmake.task.cmake.build:Building CMake package in '/home/deepak/electronic_ws/src/rtabmap_ros/rtabmap_msgs'
[1.024s] INFO:colcon.colcon_core.shell:Skip shell extension 'powershell' for command environment: Not usable outside of PowerShell
[1.024s] DEBUG:colcon.colcon_core.shell:Skip shell extension 'dsv' for command environment
[1.028s] INFO:colcon.colcon_ros.task.ament_cmake.build:Building ROS package in '/home/deepak/electronic_ws/src/ros2_astra_camera/astra_camera_msgs' with build type 'ament_cmake'
[1.028s] INFO:colcon.colcon_cmake.task.cmake.build:Building CMake package in '/home/deepak/electronic_ws/src/ros2_astra_camera/astra_camera_msgs'
[1.028s] INFO:colcon.colcon_core.shell:Skip shell extension 'powershell' for command environment: Not usable outside of PowerShell
[1.028s] DEBUG:colcon.colcon_core.shell:Skip shell extension 'dsv' for command environment
[1.032s] INFO:colcon.colcon_ros.task.ament_cmake.build:Building ROS package in '/home/deepak/electronic_ws/src/Lslidar_ROS2_driver-LS-S1_V1.0/lslidar_msgs' with build type 'ament_cmake'
[1.033s] INFO:colcon.colcon_cmake.task.cmake.build:Building CMake package in '/home/deepak/electronic_ws/src/Lslidar_ROS2_driver-LS-S1_V1.0/lslidar_msgs'
[1.033s] INFO:colcon.colcon_core.shell:Skip shell extension 'powershell' for command environment: Not usable outside of PowerShell
[1.033s] DEBUG:colcon.colcon_core.shell:Skip shell extension 'dsv' for command environment
[1.036s] INFO:colcon.colcon_ros.task.ament_python.build:Building ROS package in '/home/deepak/electronic_ws/src/rtabmap_ros/rtabmap_python' with build type 'ament_python'
[1.037s] Level 1:colcon.colcon_core.shell:create_environment_hook('rtabmap_python', 'ament_prefix_path')
[1.037s] INFO:colcon.colcon_core.shell:Creating environment hook '/home/deepak/electronic_ws/install/rtabmap_python/share/rtabmap_python/hook/ament_prefix_path.ps1'
[1.039s] INFO:colcon.colcon_core.shell:Creating environment descriptor '/home/deepak/electronic_ws/install/rtabmap_python/share/rtabmap_python/hook/ament_prefix_path.dsv'
[1.040s] INFO:colcon.colcon_core.shell:Creating environment hook '/home/deepak/electronic_ws/install/rtabmap_python/share/rtabmap_python/hook/ament_prefix_path.sh'
[1.041s] INFO:colcon.colcon_core.shell:Skip shell extension 'powershell' for command environment: Not usable outside of PowerShell
[1.041s] DEBUG:colcon.colcon_core.shell:Skip shell extension 'dsv' for command environment
[1.043s] INFO:colcon.colcon_ros.task.cmake.build:Building ROS package in '/home/deepak/electronic_ws/src/backward_ros' with build type 'cmake'
[1.044s] INFO:colcon.colcon_cmake.task.cmake.build:Building CMake package in '/home/deepak/electronic_ws/src/backward_ros'
[1.044s] INFO:colcon.colcon_core.shell:Skip shell extension 'powershell' for command environment: Not usable outside of PowerShell
[1.044s] DEBUG:colcon.colcon_core.shell:Skip shell extension 'dsv' for command environment
[1.055s] DEBUG:colcon.colcon_core.event_handler.log_command:Invoking command in '/home/deepak/electronic_ws/build/rtabmap': /usr/bin/cmake --build /home/deepak/electronic_ws/build/rtabmap -- -j8 -l8
[1.067s] DEBUG:colcon.colcon_core.event_handler.log_command:Invoking command in '/home/deepak/electronic_ws/build/rtabmap_msgs': /usr/bin/cmake /home/deepak/electronic_ws/src/rtabmap_ros/rtabmap_msgs -DCATKIN_INSTALL_INTO_PREFIX_ROOT=0 -DCMAKE_INSTALL_PREFIX=/home/deepak/electronic_ws/install/rtabmap_msgs
[1.074s] DEBUG:colcon.colcon_core.event_handler.log_command:Invoking command in '/home/deepak/electronic_ws/build/astra_camera_msgs': /usr/bin/cmake /home/deepak/electronic_ws/src/ros2_astra_camera/astra_camera_msgs -DCMAKE_INSTALL_PREFIX=/home/deepak/electronic_ws/install/astra_camera_msgs
[1.082s] DEBUG:colcon.colcon_core.event_handler.log_command:Invoking command in '/home/deepak/electronic_ws/build/lslidar_msgs': /usr/bin/cmake /home/deepak/electronic_ws/src/Lslidar_ROS2_driver-LS-S1_V1.0/lslidar_msgs -DCMAKE_INSTALL_PREFIX=/home/deepak/electronic_ws/install/lslidar_msgs
[1.303s] INFO:colcon.colcon_core.task.python.build:Building Python package in '/home/deepak/electronic_ws/src/rtabmap_ros/rtabmap_python'
[1.304s] INFO:colcon.colcon_core.shell:Skip shell extension 'powershell' for command environment: Not usable outside of PowerShell
[1.304s] DEBUG:colcon.colcon_core.shell:Skip shell extension 'dsv' for command environment
[1.311s] DEBUG:colcon.colcon_core.event_handler.log_command:Invoking command in '/home/deepak/electronic_ws/build/backward_ros': /usr/bin/cmake --build /home/deepak/electronic_ws/build/backward_ros -- -j8 -l8
[1.320s] DEBUG:colcon.colcon_core.event_handler.log_command:Invoked command in '/home/deepak/electronic_ws/build/rtabmap_msgs' returned '1': /usr/bin/cmake /home/deepak/electronic_ws/src/rtabmap_ros/rtabmap_msgs -DCATKIN_INSTALL_INTO_PREFIX_ROOT=0 -DCMAKE_INSTALL_PREFIX=/home/deepak/electronic_ws/install/rtabmap_msgs
[1.322s] Level 1:colcon.colcon_core.shell:create_environment_hook('rtabmap_msgs', 'ros_package_path')
[1.323s] INFO:colcon.colcon_core.shell:Creating environment hook '/home/deepak/electronic_ws/install/rtabmap_msgs/share/rtabmap_msgs/hook/ros_package_path.ps1'
[1.324s] INFO:colcon.colcon_core.shell:Creating environment descriptor '/home/deepak/electronic_ws/install/rtabmap_msgs/share/rtabmap_msgs/hook/ros_package_path.dsv'
[1.324s] INFO:colcon.colcon_core.shell:Creating environment hook '/home/deepak/electronic_ws/install/rtabmap_msgs/share/rtabmap_msgs/hook/ros_package_path.sh'
[1.325s] Level 1:colcon.colcon_ros.task.catkin:checking '/home/deepak/electronic_ws/install/rtabmap_msgs/lib/python3.8/site-packages'
[1.326s] Level 1:colcon.colcon_core.shell:create_environment_hook('rtabmap_msgs', 'catkin_pythonpath')
[1.326s] INFO:colcon.colcon_core.shell:Creating environment hook '/home/deepak/electronic_ws/install/rtabmap_msgs/share/rtabmap_msgs/hook/catkin_pythonpath.ps1'
[1.327s] INFO:colcon.colcon_core.shell:Creating environment descriptor '/home/deepak/electronic_ws/install/rtabmap_msgs/share/rtabmap_msgs/hook/catkin_pythonpath.dsv'
[1.327s] INFO:colcon.colcon_core.shell:Creating environment hook '/home/deepak/electronic_ws/install/rtabmap_msgs/share/rtabmap_msgs/hook/catkin_pythonpath.sh'
[1.328s] Level 1:colcon.colcon_core.shell:create_environment_hook('rtabmap_msgs', 'pkg_config_path')
[1.328s] INFO:colcon.colcon_core.shell:Creating environment hook '/home/deepak/electronic_ws/install/rtabmap_msgs/share/rtabmap_msgs/hook/pkg_config_path.ps1'
[1.328s] INFO:colcon.colcon_core.shell:Creating environment descriptor '/home/deepak/electronic_ws/install/rtabmap_msgs/share/rtabmap_msgs/hook/pkg_config_path.dsv'
[1.329s] INFO:colcon.colcon_core.shell:Creating environment hook '/home/deepak/electronic_ws/install/rtabmap_msgs/share/rtabmap_msgs/hook/pkg_config_path.sh'
[1.342s] Level 1:colcon.colcon_core.shell:create_environment_hook('rtabmap_msgs', 'pkg_config_path_multiarch')
[1.343s] INFO:colcon.colcon_core.shell:Creating environment hook '/home/deepak/electronic_ws/install/rtabmap_msgs/share/rtabmap_msgs/hook/pkg_config_path_multiarch.ps1'
[1.344s] INFO:colcon.colcon_core.shell:Creating environment descriptor '/home/deepak/electronic_ws/install/rtabmap_msgs/share/rtabmap_msgs/hook/pkg_config_path_multiarch.dsv'
[1.345s] INFO:colcon.colcon_core.shell:Creating environment hook '/home/deepak/electronic_ws/install/rtabmap_msgs/share/rtabmap_msgs/hook/pkg_config_path_multiarch.sh'
[1.347s] Level 1:colcon.colcon_core.environment:create_environment_scripts_only(rtabmap_msgs)
[1.354s] Level 1:colcon.colcon_core.environment:checking '/home/deepak/electronic_ws/install/rtabmap_msgs' for CMake module files
[1.355s] Level 1:colcon.colcon_core.environment:checking '/home/deepak/electronic_ws/install/rtabmap_msgs' for CMake config files
[1.356s] Level 1:colcon.colcon_core.shell:create_environment_hook('rtabmap_msgs', 'cmake_prefix_path')
[1.357s] INFO:colcon.colcon_core.shell:Creating environment hook '/home/deepak/electronic_ws/install/rtabmap_msgs/share/rtabmap_msgs/hook/cmake_prefix_path.ps1'
[1.358s] INFO:colcon.colcon_core.shell:Creating environment descriptor '/home/deepak/electronic_ws/install/rtabmap_msgs/share/rtabmap_msgs/hook/cmake_prefix_path.dsv'
[1.358s] INFO:colcon.colcon_core.shell:Creating environment hook '/home/deepak/electronic_ws/install/rtabmap_msgs/share/rtabmap_msgs/hook/cmake_prefix_path.sh'
[1.360s] Level 1:colcon.colcon_core.environment:checking '/home/deepak/electronic_ws/install/rtabmap_msgs/lib'
[1.360s] Level 1:colcon.colcon_core.shell:create_environment_hook('rtabmap_msgs', 'ld_library_path_lib')
[1.360s] INFO:colcon.colcon_core.shell:Creating environment hook '/home/deepak/electronic_ws/install/rtabmap_msgs/share/rtabmap_msgs/hook/ld_library_path_lib.ps1'
[1.361s] INFO:colcon.colcon_core.shell:Creating environment descriptor '/home/deepak/electronic_ws/install/rtabmap_msgs/share/rtabmap_msgs/hook/ld_library_path_lib.dsv'
[1.361s] INFO:colcon.colcon_core.shell:Creating environment hook '/home/deepak/electronic_ws/install/rtabmap_msgs/share/rtabmap_msgs/hook/ld_library_path_lib.sh'
[1.362s] Level 1:colcon.colcon_core.environment:checking '/home/deepak/electronic_ws/install/rtabmap_msgs/bin'
[1.362s] Level 1:colcon.colcon_core.environment:checking '/home/deepak/electronic_ws/install/rtabmap_msgs/lib/pkgconfig/rtabmap_msgs.pc'
[1.364s] Level 1:colcon.colcon_core.environment:checking '/home/deepak/electronic_ws/install/rtabmap_msgs/lib/python3.8/site-packages'
[1.364s] Level 1:colcon.colcon_core.shell:create_environment_hook('rtabmap_msgs', 'pythonpath')
[1.364s] INFO:colcon.colcon_core.shell:Creating environment hook '/home/deepak/electronic_ws/install/rtabmap_msgs/share/rtabmap_msgs/hook/pythonpath.ps1'
[1.365s] INFO:colcon.colcon_core.shell:Creating environment descriptor '/home/deepak/electronic_ws/install/rtabmap_msgs/share/rtabmap_msgs/hook/pythonpath.dsv'
[1.365s] INFO:colcon.colcon_core.shell:Creating environment hook '/home/deepak/electronic_ws/install/rtabmap_msgs/share/rtabmap_msgs/hook/pythonpath.sh'
[1.366s] Level 1:colcon.colcon_core.environment:checking '/home/deepak/electronic_ws/install/rtabmap_msgs/bin'
[1.367s] INFO:colcon.colcon_core.shell:Creating package script '/home/deepak/electronic_ws/install/rtabmap_msgs/share/rtabmap_msgs/package.ps1'
[1.368s] INFO:colcon.colcon_core.shell:Creating package descriptor '/home/deepak/electronic_ws/install/rtabmap_msgs/share/rtabmap_msgs/package.dsv'
[1.369s] INFO:colcon.colcon_core.shell:Creating package script '/home/deepak/electronic_ws/install/rtabmap_msgs/share/rtabmap_msgs/package.sh'
[1.370s] INFO:colcon.colcon_core.shell:Creating package script '/home/deepak/electronic_ws/install/rtabmap_msgs/share/rtabmap_msgs/package.bash'
[1.371s] INFO:colcon.colcon_core.shell:Creating package script '/home/deepak/electronic_ws/install/rtabmap_msgs/share/rtabmap_msgs/package.zsh'
[1.372s] Level 1:colcon.colcon_core.environment:create_file_with_runtime_dependencies(/home/deepak/electronic_ws/install/rtabmap_msgs/share/colcon-core/packages/rtabmap_msgs)
[1.374s] DEBUG:colcon.colcon_core.event_handler.log_command:Invoked command in '/home/deepak/electronic_ws/build/astra_camera_msgs' returned '1': /usr/bin/cmake /home/deepak/electronic_ws/src/ros2_astra_camera/astra_camera_msgs -DCMAKE_INSTALL_PREFIX=/home/deepak/electronic_ws/install/astra_camera_msgs
[1.376s] Level 1:colcon.colcon_core.environment:create_environment_scripts_only(astra_camera_msgs)
[1.376s] Level 1:colcon.colcon_core.environment:checking '/home/deepak/electronic_ws/install/astra_camera_msgs' for CMake module files
[1.381s] Level 1:colcon.colcon_core.environment:checking '/home/deepak/electronic_ws/install/astra_camera_msgs' for CMake config files
[1.388s] Level 1:colcon.colcon_core.shell:create_environment_hook('astra_camera_msgs', 'cmake_prefix_path')
[1.388s] INFO:colcon.colcon_core.shell:Creating environment hook '/home/deepak/electronic_ws/install/astra_camera_msgs/share/astra_camera_msgs/hook/cmake_prefix_path.ps1'
[1.389s] INFO:colcon.colcon_core.shell:Creating environment descriptor '/home/deepak/electronic_ws/install/astra_camera_msgs/share/astra_camera_msgs/hook/cmake_prefix_path.dsv'
[1.389s] INFO:colcon.colcon_core.shell:Creating environment hook '/home/deepak/electronic_ws/install/astra_camera_msgs/share/astra_camera_msgs/hook/cmake_prefix_path.sh'
[1.390s] Level 1:colcon.colcon_core.environment:checking '/home/deepak/electronic_ws/install/astra_camera_msgs/lib'
[1.390s] Level 1:colcon.colcon_core.shell:create_environment_hook('astra_camera_msgs', 'ld_library_path_lib')
[1.390s] INFO:colcon.colcon_core.shell:Creating environment hook '/home/deepak/electronic_ws/install/astra_camera_msgs/share/astra_camera_msgs/hook/ld_library_path_lib.ps1'
[1.390s] INFO:colcon.colcon_core.shell:Creating environment descriptor '/home/deepak/electronic_ws/install/astra_camera_msgs/share/astra_camera_msgs/hook/ld_library_path_lib.dsv'
[1.390s] INFO:colcon.colcon_core.shell:Creating environment hook '/home/deepak/electronic_ws/install/astra_camera_msgs/share/astra_camera_msgs/hook/ld_library_path_lib.sh'
[1.391s] Level 1:colcon.colcon_core.environment:checking '/home/deepak/electronic_ws/install/astra_camera_msgs/bin'
[1.391s] Level 1:colcon.colcon_core.environment:checking '/home/deepak/electronic_ws/install/astra_camera_msgs/lib/pkgconfig/astra_camera_msgs.pc'
[1.391s] Level 1:colcon.colcon_core.environment:checking '/home/deepak/electronic_ws/install/astra_camera_msgs/lib/python3.8/site-packages'
[1.391s] Level 1:colcon.colcon_core.shell:create_environment_hook('astra_camera_msgs', 'pythonpath')
[1.391s] INFO:colcon.colcon_core.shell:Creating environment hook '/home/deepak/electronic_ws/install/astra_camera_msgs/share/astra_camera_msgs/hook/pythonpath.ps1'
[1.392s] INFO:colcon.colcon_core.shell:Creating environment descriptor '/home/deepak/electronic_ws/install/astra_camera_msgs/share/astra_camera_msgs/hook/pythonpath.dsv'
[1.392s] INFO:colcon.colcon_core.shell:Creating environment hook '/home/deepak/electronic_ws/install/astra_camera_msgs/share/astra_camera_msgs/hook/pythonpath.sh'
[1.393s] Level 1:colcon.colcon_core.environment:checking '/home/deepak/electronic_ws/install/astra_camera_msgs/bin'
[1.393s] INFO:colcon.colcon_core.shell:Creating package script '/home/deepak/electronic_ws/install/astra_camera_msgs/share/astra_camera_msgs/package.ps1'
[1.393s] INFO:colcon.colcon_core.shell:Creating package descriptor '/home/deepak/electronic_ws/install/astra_camera_msgs/share/astra_camera_msgs/package.dsv'
[1.394s] INFO:colcon.colcon_core.shell:Creating package script '/home/deepak/electronic_ws/install/astra_camera_msgs/share/astra_camera_msgs/package.sh'
[1.394s] INFO:colcon.colcon_core.shell:Creating package script '/home/deepak/electronic_ws/install/astra_camera_msgs/share/astra_camera_msgs/package.bash'
[1.395s] INFO:colcon.colcon_core.shell:Creating package script '/home/deepak/electronic_ws/install/astra_camera_msgs/share/astra_camera_msgs/package.zsh'
[1.395s] Level 1:colcon.colcon_core.environment:create_file_with_runtime_dependencies(/home/deepak/electronic_ws/install/astra_camera_msgs/share/colcon-core/packages/astra_camera_msgs)
[1.397s] DEBUG:colcon.colcon_core.event_handler.log_command:Invoked command in '/home/deepak/electronic_ws/build/lslidar_msgs' returned '1': /usr/bin/cmake /home/deepak/electronic_ws/src/Lslidar_ROS2_driver-LS-S1_V1.0/lslidar_msgs -DCMAKE_INSTALL_PREFIX=/home/deepak/electronic_ws/install/lslidar_msgs
[1.397s] Level 1:colcon.colcon_core.environment:create_environment_scripts_only(lslidar_msgs)
[1.398s] Level 1:colcon.colcon_core.environment:checking '/home/deepak/electronic_ws/install/lslidar_msgs' for CMake module files
[1.406s] Level 1:colcon.colcon_core.environment:checking '/home/deepak/electronic_ws/install/lslidar_msgs' for CMake config files
[1.412s] Level 1:colcon.colcon_core.shell:create_environment_hook('lslidar_msgs', 'cmake_prefix_path')
[1.413s] INFO:colcon.colcon_core.shell:Creating environment hook '/home/deepak/electronic_ws/install/lslidar_msgs/share/lslidar_msgs/hook/cmake_prefix_path.ps1'
[1.413s] INFO:colcon.colcon_core.shell:Creating environment descriptor '/home/deepak/electronic_ws/install/lslidar_msgs/share/lslidar_msgs/hook/cmake_prefix_path.dsv'
[1.414s] INFO:colcon.colcon_core.shell:Creating environment hook '/home/deepak/electronic_ws/install/lslidar_msgs/share/lslidar_msgs/hook/cmake_prefix_path.sh'
[1.414s] Level 1:colcon.colcon_core.environment:checking '/home/deepak/electronic_ws/install/lslidar_msgs/lib'
[1.414s] Level 1:colcon.colcon_core.shell:create_environment_hook('lslidar_msgs', 'ld_library_path_lib')
[1.414s] INFO:colcon.colcon_core.shell:Creating environment hook '/home/deepak/electronic_ws/install/lslidar_msgs/share/lslidar_msgs/hook/ld_library_path_lib.ps1'
[1.415s] INFO:colcon.colcon_core.shell:Creating environment descriptor '/home/deepak/electronic_ws/install/lslidar_msgs/share/lslidar_msgs/hook/ld_library_path_lib.dsv'
[1.415s] INFO:colcon.colcon_core.shell:Creating environment hook '/home/deepak/electronic_ws/install/lslidar_msgs/share/lslidar_msgs/hook/ld_library_path_lib.sh'
[1.416s] Level 1:colcon.colcon_core.environment:checking '/home/deepak/electronic_ws/install/lslidar_msgs/bin'
[1.416s] Level 1:colcon.colcon_core.environment:checking '/home/deepak/electronic_ws/install/lslidar_msgs/lib/pkgconfig/lslidar_msgs.pc'
[1.416s] Level 1:colcon.colcon_core.environment:checking '/home/deepak/electronic_ws/install/lslidar_msgs/lib/python3.8/site-packages'
[1.416s] Level 1:colcon.colcon_core.shell:create_environment_hook('lslidar_msgs', 'pythonpath')
[1.416s] INFO:colcon.colcon_core.shell:Creating environment hook '/home/deepak/electronic_ws/install/lslidar_msgs/share/lslidar_msgs/hook/pythonpath.ps1'
[1.417s] INFO:colcon.colcon_core.shell:Creating environment descriptor '/home/deepak/electronic_ws/install/lslidar_msgs/share/lslidar_msgs/hook/pythonpath.dsv'
[1.417s] INFO:colcon.colcon_core.shell:Creating environment hook '/home/deepak/electronic_ws/install/lslidar_msgs/share/lslidar_msgs/hook/pythonpath.sh'
[1.418s] Level 1:colcon.colcon_core.environment:checking '/home/deepak/electronic_ws/install/lslidar_msgs/bin'
[1.418s] INFO:colcon.colcon_core.shell:Creating package script '/home/deepak/electronic_ws/install/lslidar_msgs/share/lslidar_msgs/package.ps1'
[1.418s] INFO:colcon.colcon_core.shell:Creating package descriptor '/home/deepak/electronic_ws/install/lslidar_msgs/share/lslidar_msgs/package.dsv'
[1.419s] INFO:colcon.colcon_core.shell:Creating package script '/home/deepak/electronic_ws/install/lslidar_msgs/share/lslidar_msgs/package.sh'
[1.419s] INFO:colcon.colcon_core.shell:Creating package script '/home/deepak/electronic_ws/install/lslidar_msgs/share/lslidar_msgs/package.bash'
[1.420s] INFO:colcon.colcon_core.shell:Creating package script '/home/deepak/electronic_ws/install/lslidar_msgs/share/lslidar_msgs/package.zsh'
[1.420s] Level 1:colcon.colcon_core.environment:create_file_with_runtime_dependencies(/home/deepak/electronic_ws/install/lslidar_msgs/share/colcon-core/packages/lslidar_msgs)
[2.063s] DEBUG:colcon.colcon_parallel_executor.executor.parallel:closing loop
[2.064s] DEBUG:colcon.colcon_parallel_executor.executor.parallel:loop closed
[2.064s] DEBUG:colcon.colcon_parallel_executor.executor.parallel:run_until_complete finished with '1'
[2.064s] DEBUG:colcon.colcon_core.event_reactor:joining thread
[2.081s] INFO:colcon.colcon_core.plugin_system:Skipping extension 'colcon_notification.desktop_notification.terminal_notifier': Not used on non-Darwin systems
[2.082s] INFO:colcon.colcon_core.plugin_system:Skipping extension 'colcon_notification.desktop_notification.win32': Not used on non-Windows systems
[2.082s] INFO:colcon.colcon_notification.desktop_notification:Sending desktop notification using 'notify2'
[2.111s] DEBUG:colcon.colcon_core.event_reactor:joined thread
[2.112s] INFO:colcon.colcon_core.shell:Creating prefix script '/home/deepak/electronic_ws/install/local_setup.ps1'
[2.116s] INFO:colcon.colcon_core.shell:Creating prefix util module '/home/deepak/electronic_ws/install/_local_setup_util_ps1.py'
[2.121s] INFO:colcon.colcon_core.shell:Creating prefix chain script '/home/deepak/electronic_ws/install/setup.ps1'
[2.123s] INFO:colcon.colcon_core.shell:Creating prefix script '/home/deepak/electronic_ws/install/local_setup.sh'
[2.124s] INFO:colcon.colcon_core.shell:Creating prefix util module '/home/deepak/electronic_ws/install/_local_setup_util_sh.py'
[2.125s] INFO:colcon.colcon_core.shell:Creating prefix chain script '/home/deepak/electronic_ws/install/setup.sh'
[2.127s] INFO:colcon.colcon_core.shell:Creating prefix script '/home/deepak/electronic_ws/install/local_setup.bash'
[2.129s] INFO:colcon.colcon_core.shell:Creating prefix chain script '/home/deepak/electronic_ws/install/setup.bash'
[2.130s] INFO:colcon.colcon_core.shell:Creating prefix script '/home/deepak/electronic_ws/install/local_setup.zsh'
[2.132s] INFO:colcon.colcon_core.shell:Creating prefix chain script '/home/deepak/electronic_ws/install/setup.zsh'
