[0.022s] Invoking command in '/home/deepak/electronic_ws/build/rtabmap_msgs': /usr/bin/cmake /home/deepak/electronic_ws/src/rtabmap_ros/rtabmap_msgs -DCATKIN_INSTALL_INTO_PREFIX_ROOT=0 -DCATKIN_SYMLINK_INSTALL=ON -DCMAKE_INSTALL_PREFIX=/home/deepak/electronic_ws/install/rtabmap_msgs
[0.303s] -- The C compiler identification is GNU 9.4.0
[0.397s] -- The CXX compiler identification is GNU 9.4.0
[0.412s] -- Check for working C compiler: /usr/bin/cc
[0.532s] -- Check for working C compiler: /usr/bin/cc -- works
[0.535s] -- Detecting C compiler ABI info
[0.652s] -- Detecting C compiler ABI info - done
[0.675s] -- Detecting C compile features
[0.676s] -- Detecting C compile features - done
[0.682s] -- Check for working CXX compiler: /usr/bin/c++
[0.787s] -- Check for working CXX compiler: /usr/bin/c++ -- works
[0.788s] -- Detecting CXX compiler ABI info
[0.924s] -- Detecting CXX compiler ABI info - done
[0.960s] -- Detecting CXX compile features
[0.961s] -- Detecting CXX compile features - done
[0.964s] -- Found rosidl_default_generators: 1.0.1 (/opt/ros/foxy/share/rosidl_default_generators/cmake)
[0.967s] -- Found ament_cmake_core: 0.9.12 (/opt/ros/foxy/share/ament_cmake_core/cmake)
[1.004s] -- Found PythonInterp: /usr/bin/python3 (found suitable version "3.8.10", minimum required is "3") 
[1.004s] -- Using PYTHON_EXECUTABLE: /usr/bin/python3
[1.241s] -- Using all available rosidl_typesupport_c: rosidl_typesupport_fastrtps_c;rosidl_typesupport_introspection_c
[1.256s] -- Found rosidl_adapter: 1.3.1 (/opt/ros/foxy/share/rosidl_adapter/cmake)
[1.483s] -- Found OpenSSL: /usr/lib/x86_64-linux-gnu/libcrypto.so (found version "1.1.1f")  
[1.546s] -- Found FastRTPS: /opt/ros/foxy/include  
[1.708s] -- Using all available rosidl_typesupport_cpp: rosidl_typesupport_fastrtps_cpp;rosidl_typesupport_introspection_cpp
[1.743s] -- Found geometry_msgs: 2.0.5 (/opt/ros/foxy/share/geometry_msgs/cmake)
[1.860s] -- Found sensor_msgs: 2.0.5 (/opt/ros/foxy/share/sensor_msgs/cmake)
[1.931s] -- Found std_srvs: 2.0.5 (/opt/ros/foxy/share/std_srvs/cmake)
[1.968s] -- Found PythonInterp: /usr/bin/python3 (found version "3.8.10") 
[2.516s] -- Found ament_cmake_ros: 0.9.2 (/opt/ros/foxy/share/ament_cmake_ros/cmake)
[2.821s] -- Using all available rosidl_typesupport_c: rosidl_typesupport_fastrtps_c;rosidl_typesupport_introspection_c
[2.973s] -- Using all available rosidl_typesupport_cpp: rosidl_typesupport_fastrtps_cpp;rosidl_typesupport_introspection_cpp
[3.007s] -- Found PythonInterp: /usr/bin/python3 (found suitable version "3.8.10", minimum required is "3.5") 
[3.009s] -- Found python_cmake_module: 0.8.1 (/opt/ros/foxy/share/python_cmake_module/cmake)
[3.067s] -- Found PythonLibs: /usr/lib/x86_64-linux-gnu/libpython3.8.so (found suitable version "3.8.10", minimum required is "3.5") 
[3.067s] -- Using PYTHON_EXECUTABLE: /usr/bin/python3
[3.067s] -- Using PYTHON_INCLUDE_DIRS: /usr/include/python3.8
[3.068s] -- Using PYTHON_LIBRARIES: /usr/lib/x86_64-linux-gnu/libpython3.8.so
[3.096s] -- Found PythonExtra: .so  
[3.259s] -- Configuring done
[3.406s] -- Generating done
[3.408s] CMake Warning:
[3.408s]   Manually-specified variables were not used by the project:
[3.408s] 
[3.408s]     CATKIN_INSTALL_INTO_PREFIX_ROOT
[3.408s]     CATKIN_SYMLINK_INSTALL
[3.408s] 
[3.408s] 
[3.434s] -- Build files have been written to: /home/deepak/electronic_ws/build/rtabmap_msgs
[3.446s] Invoked command in '/home/deepak/electronic_ws/build/rtabmap_msgs' returned '0': /usr/bin/cmake /home/deepak/electronic_ws/src/rtabmap_ros/rtabmap_msgs -DCATKIN_INSTALL_INTO_PREFIX_ROOT=0 -DCATKIN_SYMLINK_INSTALL=ON -DCMAKE_INSTALL_PREFIX=/home/deepak/electronic_ws/install/rtabmap_msgs
[3.448s] Invoking command in '/home/deepak/electronic_ws/build/rtabmap_msgs': /usr/bin/cmake --build /home/deepak/electronic_ws/build/rtabmap_msgs -- -j8 -l8
[3.507s] [  0%] [34m[1mGenerating C code for ROS interfaces[0m
[3.507s] [35m[1mScanning dependencies of target rtabmap_msgs__cpp[0m
[3.520s] [  0%] [34m[1mGenerating C++ code for ROS interfaces[0m
[10.710s] [  0%] Built target rtabmap_msgs__cpp
[10.727s] [  1%] [34m[1mGenerating C++ introspection for ROS interfaces[0m
[10.731s] [  1%] [34m[1mGenerating C++ type support dispatch for ROS interfaces[0m
[10.739s] [  2%] [34m[1mGenerating C++ type support for eProsima Fast-RTPS[0m
[12.133s] [35m[1mScanning dependencies of target rtabmap_msgs__rosidl_generator_c[0m
[12.301s] [  3%] [32mBuilding C object CMakeFiles/rtabmap_msgs__rosidl_generator_c.dir/rosidl_generator_c/rtabmap_msgs/msg/detail/info__functions.c.o[0m
[12.325s] [  3%] [32mBuilding C object CMakeFiles/rtabmap_msgs__rosidl_generator_c.dir/rosidl_generator_c/rtabmap_msgs/msg/detail/key_point__functions.c.o[0m
[12.325s] [  3%] [32mBuilding C object CMakeFiles/rtabmap_msgs__rosidl_generator_c.dir/rosidl_generator_c/rtabmap_msgs/msg/detail/global_descriptor__functions.c.o[0m
[12.340s] [  4%] [32mBuilding C object CMakeFiles/rtabmap_msgs__rosidl_generator_c.dir/rosidl_generator_c/rtabmap_msgs/msg/detail/scan_descriptor__functions.c.o[0m
[12.341s] [  4%] [32mBuilding C object CMakeFiles/rtabmap_msgs__rosidl_generator_c.dir/rosidl_generator_c/rtabmap_msgs/msg/detail/map_data__functions.c.o[0m
[12.601s] [  4%] [32mBuilding C object CMakeFiles/rtabmap_msgs__rosidl_generator_c.dir/rosidl_generator_c/rtabmap_msgs/msg/detail/map_graph__functions.c.o[0m
[12.632s] [  5%] [32mBuilding C object CMakeFiles/rtabmap_msgs__rosidl_generator_c.dir/rosidl_generator_c/rtabmap_msgs/msg/detail/node_data__functions.c.o[0m
[12.705s] [  5%] [32mBuilding C object CMakeFiles/rtabmap_msgs__rosidl_generator_c.dir/rosidl_generator_c/rtabmap_msgs/msg/detail/odom_info__functions.c.o[0m
[12.728s] [  5%] [32mBuilding C object CMakeFiles/rtabmap_msgs__rosidl_generator_c.dir/rosidl_generator_c/rtabmap_msgs/msg/detail/link__functions.c.o[0m
[12.777s] [  6%] [32mBuilding C object CMakeFiles/rtabmap_msgs__rosidl_generator_c.dir/rosidl_generator_c/rtabmap_msgs/msg/detail/point2f__functions.c.o[0m
[12.973s] [  6%] [32mBuilding C object CMakeFiles/rtabmap_msgs__rosidl_generator_c.dir/rosidl_generator_c/rtabmap_msgs/msg/detail/point3f__functions.c.o[0m
[12.993s] [  7%] [32mBuilding C object CMakeFiles/rtabmap_msgs__rosidl_generator_c.dir/rosidl_generator_c/rtabmap_msgs/msg/detail/rgbd_image__functions.c.o[0m
[13.002s] [  7%] [32mBuilding C object CMakeFiles/rtabmap_msgs__rosidl_generator_c.dir/rosidl_generator_c/rtabmap_msgs/msg/detail/goal__functions.c.o[0m
[13.017s] [  7%] [32mBuilding C object CMakeFiles/rtabmap_msgs__rosidl_generator_c.dir/rosidl_generator_c/rtabmap_msgs/msg/detail/rgbd_images__functions.c.o[0m
[13.132s] [  7%] [32mBuilding C object CMakeFiles/rtabmap_msgs__rosidl_generator_c.dir/rosidl_generator_c/rtabmap_msgs/msg/detail/user_data__functions.c.o[0m
[13.228s] [  8%] [32mBuilding C object CMakeFiles/rtabmap_msgs__rosidl_generator_c.dir/rosidl_generator_c/rtabmap_msgs/msg/detail/gps__functions.c.o[0m
[13.252s] [  8%] [32mBuilding C object CMakeFiles/rtabmap_msgs__rosidl_generator_c.dir/rosidl_generator_c/rtabmap_msgs/msg/detail/path__functions.c.o[0m
[13.296s] [  8%] [32mBuilding C object CMakeFiles/rtabmap_msgs__rosidl_generator_c.dir/rosidl_generator_c/rtabmap_msgs/msg/detail/camera_model__functions.c.o[0m
[13.300s] [  8%] [32mBuilding C object CMakeFiles/rtabmap_msgs__rosidl_generator_c.dir/rosidl_generator_c/rtabmap_msgs/msg/detail/env_sensor__functions.c.o[0m
[13.434s] [  9%] [32mBuilding C object CMakeFiles/rtabmap_msgs__rosidl_generator_c.dir/rosidl_generator_c/rtabmap_msgs/msg/detail/camera_models__functions.c.o[0m
[13.516s] [  9%] [32mBuilding C object CMakeFiles/rtabmap_msgs__rosidl_generator_c.dir/rosidl_generator_c/rtabmap_msgs/srv/detail/get_map__functions.c.o[0m
[13.525s] [  9%] [32mBuilding C object CMakeFiles/rtabmap_msgs__rosidl_generator_c.dir/rosidl_generator_c/rtabmap_msgs/srv/detail/get_map2__functions.c.o[0m
[13.556s] [ 10%] [32mBuilding C object CMakeFiles/rtabmap_msgs__rosidl_generator_c.dir/rosidl_generator_c/rtabmap_msgs/srv/detail/list_labels__functions.c.o[0m
[13.658s] [ 10%] [32mBuilding C object CMakeFiles/rtabmap_msgs__rosidl_generator_c.dir/rosidl_generator_c/rtabmap_msgs/srv/detail/publish_map__functions.c.o[0m
[13.696s] [ 10%] [32mBuilding C object CMakeFiles/rtabmap_msgs__rosidl_generator_c.dir/rosidl_generator_c/rtabmap_msgs/srv/detail/reset_pose__functions.c.o[0m
[13.841s] [ 11%] [32mBuilding C object CMakeFiles/rtabmap_msgs__rosidl_generator_c.dir/rosidl_generator_c/rtabmap_msgs/srv/detail/set_goal__functions.c.o[0m
[13.898s] [ 11%] [32mBuilding C object CMakeFiles/rtabmap_msgs__rosidl_generator_c.dir/rosidl_generator_c/rtabmap_msgs/srv/detail/remove_label__functions.c.o[0m
[13.907s] [ 11%] [32mBuilding C object CMakeFiles/rtabmap_msgs__rosidl_generator_c.dir/rosidl_generator_c/rtabmap_msgs/srv/detail/set_label__functions.c.o[0m
[13.948s] [ 12%] [32mBuilding C object CMakeFiles/rtabmap_msgs__rosidl_generator_c.dir/rosidl_generator_c/rtabmap_msgs/srv/detail/get_plan__functions.c.o[0m
[13.968s] [ 12%] [32mBuilding C object CMakeFiles/rtabmap_msgs__rosidl_generator_c.dir/rosidl_generator_c/rtabmap_msgs/srv/detail/add_link__functions.c.o[0m
[14.089s] [ 12%] [32mBuilding C object CMakeFiles/rtabmap_msgs__rosidl_generator_c.dir/rosidl_generator_c/rtabmap_msgs/srv/detail/get_node_data__functions.c.o[0m
[14.140s] [ 13%] [32mBuilding C object CMakeFiles/rtabmap_msgs__rosidl_generator_c.dir/rosidl_generator_c/rtabmap_msgs/srv/detail/get_nodes_in_radius__functions.c.o[0m
[14.165s] [ 13%] [32mBuilding C object CMakeFiles/rtabmap_msgs__rosidl_generator_c.dir/rosidl_generator_c/rtabmap_msgs/srv/detail/load_database__functions.c.o[0m
[14.216s] [ 13%] [32mBuilding C object CMakeFiles/rtabmap_msgs__rosidl_generator_c.dir/rosidl_generator_c/rtabmap_msgs/srv/detail/detect_more_loop_closures__functions.c.o[0m
[14.253s] [ 14%] [32mBuilding C object CMakeFiles/rtabmap_msgs__rosidl_generator_c.dir/rosidl_generator_c/rtabmap_msgs/srv/detail/global_bundle_adjustment__functions.c.o[0m
[14.370s] [ 14%] [32mBuilding C object CMakeFiles/rtabmap_msgs__rosidl_generator_c.dir/rosidl_generator_c/rtabmap_msgs/srv/detail/cleanup_local_grids__functions.c.o[0m
[14.565s] [ 14%] [32m[1mLinking C shared library librtabmap_msgs__rosidl_generator_c.so[0m
[14.778s] [ 14%] Built target rtabmap_msgs__rosidl_generator_c
[14.856s] [ 15%] [34m[1mGenerating C introspection for ROS interfaces[0m
[14.877s] [ 16%] [34m[1mGenerating C type support dispatch for ROS interfaces[0m
[19.048s] [35m[1mScanning dependencies of target rtabmap_msgs__rosidl_typesupport_cpp[0m
[19.157s] [ 17%] [32mBuilding CXX object CMakeFiles/rtabmap_msgs__rosidl_typesupport_cpp.dir/rosidl_typesupport_cpp/rtabmap_msgs/msg/info__type_support.cpp.o[0m
[19.161s] [ 17%] [32mBuilding CXX object CMakeFiles/rtabmap_msgs__rosidl_typesupport_cpp.dir/rosidl_typesupport_cpp/rtabmap_msgs/msg/key_point__type_support.cpp.o[0m
[19.199s] [ 17%] [32mBuilding CXX object CMakeFiles/rtabmap_msgs__rosidl_typesupport_cpp.dir/rosidl_typesupport_cpp/rtabmap_msgs/msg/global_descriptor__type_support.cpp.o[0m
[19.276s] [ 18%] [32mBuilding CXX object CMakeFiles/rtabmap_msgs__rosidl_typesupport_cpp.dir/rosidl_typesupport_cpp/rtabmap_msgs/msg/scan_descriptor__type_support.cpp.o[0m
[19.905s] [ 18%] [32mBuilding CXX object CMakeFiles/rtabmap_msgs__rosidl_typesupport_cpp.dir/rosidl_typesupport_cpp/rtabmap_msgs/msg/map_data__type_support.cpp.o[0m
[20.086s] [ 18%] [32mBuilding CXX object CMakeFiles/rtabmap_msgs__rosidl_typesupport_cpp.dir/rosidl_typesupport_cpp/rtabmap_msgs/msg/map_graph__type_support.cpp.o[0m
[20.141s] [ 19%] [32mBuilding CXX object CMakeFiles/rtabmap_msgs__rosidl_typesupport_cpp.dir/rosidl_typesupport_cpp/rtabmap_msgs/msg/node_data__type_support.cpp.o[0m
[20.328s] [ 19%] [32mBuilding CXX object CMakeFiles/rtabmap_msgs__rosidl_typesupport_cpp.dir/rosidl_typesupport_cpp/rtabmap_msgs/msg/link__type_support.cpp.o[0m
[20.825s] [ 19%] [32mBuilding CXX object CMakeFiles/rtabmap_msgs__rosidl_typesupport_cpp.dir/rosidl_typesupport_cpp/rtabmap_msgs/msg/odom_info__type_support.cpp.o[0m
[20.912s] [ 20%] [32mBuilding CXX object CMakeFiles/rtabmap_msgs__rosidl_typesupport_cpp.dir/rosidl_typesupport_cpp/rtabmap_msgs/msg/point2f__type_support.cpp.o[0m
[21.188s] [ 20%] [32mBuilding CXX object CMakeFiles/rtabmap_msgs__rosidl_typesupport_cpp.dir/rosidl_typesupport_cpp/rtabmap_msgs/msg/point3f__type_support.cpp.o[0m
[21.293s] [ 20%] [32mBuilding CXX object CMakeFiles/rtabmap_msgs__rosidl_typesupport_cpp.dir/rosidl_typesupport_cpp/rtabmap_msgs/msg/goal__type_support.cpp.o[0m
[21.532s] [35m[1mScanning dependencies of target rtabmap_msgs__rosidl_typesupport_fastrtps_cpp[0m
[21.742s] [ 20%] [32mBuilding CXX object CMakeFiles/rtabmap_msgs__rosidl_typesupport_fastrtps_cpp.dir/rosidl_typesupport_fastrtps_cpp/rtabmap_msgs/msg/detail/dds_fastrtps/info__type_support.cpp.o[0m
[21.753s] [ 20%] [32mBuilding CXX object CMakeFiles/rtabmap_msgs__rosidl_typesupport_fastrtps_cpp.dir/rosidl_typesupport_fastrtps_cpp/rtabmap_msgs/msg/detail/dds_fastrtps/key_point__type_support.cpp.o[0m
[22.017s] [ 21%] [32mBuilding CXX object CMakeFiles/rtabmap_msgs__rosidl_typesupport_cpp.dir/rosidl_typesupport_cpp/rtabmap_msgs/msg/rgbd_image__type_support.cpp.o[0m
[22.185s] [ 21%] [32mBuilding CXX object CMakeFiles/rtabmap_msgs__rosidl_typesupport_cpp.dir/rosidl_typesupport_cpp/rtabmap_msgs/msg/rgbd_images__type_support.cpp.o[0m
[22.504s] [ 21%] [32mBuilding CXX object CMakeFiles/rtabmap_msgs__rosidl_typesupport_cpp.dir/rosidl_typesupport_cpp/rtabmap_msgs/msg/user_data__type_support.cpp.o[0m
[23.131s] [35m[1mScanning dependencies of target rtabmap_msgs__rosidl_typesupport_introspection_cpp[0m
[23.185s] [ 21%] [32mBuilding CXX object CMakeFiles/rtabmap_msgs__rosidl_typesupport_fastrtps_cpp.dir/rosidl_typesupport_fastrtps_cpp/rtabmap_msgs/msg/detail/dds_fastrtps/global_descriptor__type_support.cpp.o[0m
[23.345s] [ 21%] [32mBuilding CXX object CMakeFiles/rtabmap_msgs__rosidl_typesupport_introspection_cpp.dir/rosidl_typesupport_introspection_cpp/rtabmap_msgs/msg/detail/info__type_support.cpp.o[0m
[23.352s] [ 22%] [32mBuilding CXX object CMakeFiles/rtabmap_msgs__rosidl_typesupport_fastrtps_cpp.dir/rosidl_typesupport_fastrtps_cpp/rtabmap_msgs/msg/detail/dds_fastrtps/scan_descriptor__type_support.cpp.o[0m
[23.384s] [ 22%] [32mBuilding CXX object CMakeFiles/rtabmap_msgs__rosidl_typesupport_introspection_cpp.dir/rosidl_typesupport_introspection_cpp/rtabmap_msgs/msg/detail/key_point__type_support.cpp.o[0m
[23.533s] [ 23%] [32mBuilding CXX object CMakeFiles/rtabmap_msgs__rosidl_typesupport_cpp.dir/rosidl_typesupport_cpp/rtabmap_msgs/msg/gps__type_support.cpp.o[0m
[23.763s] [35m[1mScanning dependencies of target rtabmap_msgs__rosidl_typesupport_c[0m
[23.869s] [ 23%] [32mBuilding CXX object CMakeFiles/rtabmap_msgs__rosidl_typesupport_c.dir/rosidl_typesupport_c/rtabmap_msgs/msg/info__type_support.cpp.o[0m
[24.029s] [ 23%] [32mBuilding CXX object CMakeFiles/rtabmap_msgs__rosidl_typesupport_c.dir/rosidl_typesupport_c/rtabmap_msgs/msg/key_point__type_support.cpp.o[0m
[24.191s] [ 23%] [32mBuilding CXX object CMakeFiles/rtabmap_msgs__rosidl_typesupport_cpp.dir/rosidl_typesupport_cpp/rtabmap_msgs/msg/path__type_support.cpp.o[0m
[24.206s] [ 24%] [32mBuilding CXX object CMakeFiles/rtabmap_msgs__rosidl_typesupport_c.dir/rosidl_typesupport_c/rtabmap_msgs/msg/global_descriptor__type_support.cpp.o[0m
[24.354s] [ 24%] [32mBuilding CXX object CMakeFiles/rtabmap_msgs__rosidl_typesupport_c.dir/rosidl_typesupport_c/rtabmap_msgs/msg/scan_descriptor__type_support.cpp.o[0m
[24.393s] [ 24%] [32mBuilding CXX object CMakeFiles/rtabmap_msgs__rosidl_typesupport_cpp.dir/rosidl_typesupport_cpp/rtabmap_msgs/msg/env_sensor__type_support.cpp.o[0m
[24.445s] [ 25%] [32mBuilding CXX object CMakeFiles/rtabmap_msgs__rosidl_typesupport_cpp.dir/rosidl_typesupport_cpp/rtabmap_msgs/msg/camera_model__type_support.cpp.o[0m
[24.462s] [ 25%] [32mBuilding CXX object CMakeFiles/rtabmap_msgs__rosidl_typesupport_c.dir/rosidl_typesupport_c/rtabmap_msgs/msg/map_data__type_support.cpp.o[0m
[24.626s] [ 26%] [32mBuilding CXX object CMakeFiles/rtabmap_msgs__rosidl_typesupport_c.dir/rosidl_typesupport_c/rtabmap_msgs/msg/map_graph__type_support.cpp.o[0m
[24.810s] [ 26%] [32mBuilding CXX object CMakeFiles/rtabmap_msgs__rosidl_typesupport_fastrtps_cpp.dir/rosidl_typesupport_fastrtps_cpp/rtabmap_msgs/msg/detail/dds_fastrtps/map_data__type_support.cpp.o[0m
[24.848s] [ 26%] [32mBuilding CXX object CMakeFiles/rtabmap_msgs__rosidl_typesupport_c.dir/rosidl_typesupport_c/rtabmap_msgs/msg/node_data__type_support.cpp.o[0m
[25.046s] [ 26%] [32mBuilding CXX object CMakeFiles/rtabmap_msgs__rosidl_typesupport_c.dir/rosidl_typesupport_c/rtabmap_msgs/msg/link__type_support.cpp.o[0m
[25.077s] [ 26%] [32mBuilding CXX object CMakeFiles/rtabmap_msgs__rosidl_typesupport_c.dir/rosidl_typesupport_c/rtabmap_msgs/msg/odom_info__type_support.cpp.o[0m
[25.134s] [ 27%] [32mBuilding CXX object CMakeFiles/rtabmap_msgs__rosidl_typesupport_c.dir/rosidl_typesupport_c/rtabmap_msgs/msg/point2f__type_support.cpp.o[0m
[25.189s] [ 27%] [32mBuilding CXX object CMakeFiles/rtabmap_msgs__rosidl_typesupport_c.dir/rosidl_typesupport_c/rtabmap_msgs/msg/point3f__type_support.cpp.o[0m
[25.213s] [ 28%] [32mBuilding CXX object CMakeFiles/rtabmap_msgs__rosidl_typesupport_introspection_cpp.dir/rosidl_typesupport_introspection_cpp/rtabmap_msgs/msg/detail/global_descriptor__type_support.cpp.o[0m
[25.242s] [ 28%] [32mBuilding CXX object CMakeFiles/rtabmap_msgs__rosidl_typesupport_introspection_cpp.dir/rosidl_typesupport_introspection_cpp/rtabmap_msgs/msg/detail/scan_descriptor__type_support.cpp.o[0m
[25.265s] [ 28%] [32mBuilding CXX object CMakeFiles/rtabmap_msgs__rosidl_typesupport_introspection_cpp.dir/rosidl_typesupport_introspection_cpp/rtabmap_msgs/msg/detail/map_data__type_support.cpp.o[0m
[25.296s] [ 28%] [32mBuilding CXX object CMakeFiles/rtabmap_msgs__rosidl_typesupport_cpp.dir/rosidl_typesupport_cpp/rtabmap_msgs/msg/camera_models__type_support.cpp.o[0m
[25.305s] [ 28%] [32mBuilding CXX object CMakeFiles/rtabmap_msgs__rosidl_typesupport_c.dir/rosidl_typesupport_c/rtabmap_msgs/msg/goal__type_support.cpp.o[0m
[25.349s] [ 28%] [32mBuilding CXX object CMakeFiles/rtabmap_msgs__rosidl_typesupport_cpp.dir/rosidl_typesupport_cpp/rtabmap_msgs/srv/get_map__type_support.cpp.o[0m
[25.477s] [ 29%] [32mBuilding CXX object CMakeFiles/rtabmap_msgs__rosidl_typesupport_c.dir/rosidl_typesupport_c/rtabmap_msgs/msg/rgbd_image__type_support.cpp.o[0m
[25.677s] [ 29%] [32mBuilding CXX object CMakeFiles/rtabmap_msgs__rosidl_typesupport_c.dir/rosidl_typesupport_c/rtabmap_msgs/msg/rgbd_images__type_support.cpp.o[0m
[25.869s] [ 29%] [32mBuilding CXX object CMakeFiles/rtabmap_msgs__rosidl_typesupport_c.dir/rosidl_typesupport_c/rtabmap_msgs/msg/user_data__type_support.cpp.o[0m
[26.051s] [ 30%] [32mBuilding CXX object CMakeFiles/rtabmap_msgs__rosidl_typesupport_c.dir/rosidl_typesupport_c/rtabmap_msgs/msg/gps__type_support.cpp.o[0m
[26.205s] [ 30%] [32mBuilding CXX object CMakeFiles/rtabmap_msgs__rosidl_typesupport_c.dir/rosidl_typesupport_c/rtabmap_msgs/msg/path__type_support.cpp.o[0m
[26.298s] [ 30%] [32mBuilding CXX object CMakeFiles/rtabmap_msgs__rosidl_typesupport_c.dir/rosidl_typesupport_c/rtabmap_msgs/msg/env_sensor__type_support.cpp.o[0m
[26.376s] [ 31%] [32mBuilding CXX object CMakeFiles/rtabmap_msgs__rosidl_typesupport_introspection_cpp.dir/rosidl_typesupport_introspection_cpp/rtabmap_msgs/msg/detail/map_graph__type_support.cpp.o[0m
[26.387s] [ 32%] [32mBuilding CXX object CMakeFiles/rtabmap_msgs__rosidl_typesupport_cpp.dir/rosidl_typesupport_cpp/rtabmap_msgs/srv/get_map2__type_support.cpp.o[0m
[26.414s] [ 32%] [32mBuilding CXX object CMakeFiles/rtabmap_msgs__rosidl_typesupport_cpp.dir/rosidl_typesupport_cpp/rtabmap_msgs/srv/list_labels__type_support.cpp.o[0m
[26.453s] [ 33%] [32mBuilding CXX object CMakeFiles/rtabmap_msgs__rosidl_typesupport_c.dir/rosidl_typesupport_c/rtabmap_msgs/msg/camera_model__type_support.cpp.o[0m
[26.454s] [35m[1mScanning dependencies of target rtabmap_msgs__rosidl_typesupport_introspection_c[0m
[26.502s] [ 33%] [32mBuilding CXX object CMakeFiles/rtabmap_msgs__rosidl_typesupport_fastrtps_cpp.dir/rosidl_typesupport_fastrtps_cpp/rtabmap_msgs/msg/detail/dds_fastrtps/map_graph__type_support.cpp.o[0m
[26.507s] [ 33%] [32mBuilding CXX object CMakeFiles/rtabmap_msgs__rosidl_typesupport_introspection_cpp.dir/rosidl_typesupport_introspection_cpp/rtabmap_msgs/msg/detail/node_data__type_support.cpp.o[0m
[26.625s] [ 33%] [32mBuilding C object CMakeFiles/rtabmap_msgs__rosidl_typesupport_introspection_c.dir/rosidl_typesupport_introspection_c/rtabmap_msgs/msg/detail/info__type_support.c.o[0m
[26.650s] [ 33%] [32mBuilding CXX object CMakeFiles/rtabmap_msgs__rosidl_typesupport_c.dir/rosidl_typesupport_c/rtabmap_msgs/msg/camera_models__type_support.cpp.o[0m
[26.821s] [ 33%] [32mBuilding CXX object CMakeFiles/rtabmap_msgs__rosidl_typesupport_c.dir/rosidl_typesupport_c/rtabmap_msgs/srv/get_map__type_support.cpp.o[0m
[26.824s] [ 33%] [32mBuilding C object CMakeFiles/rtabmap_msgs__rosidl_typesupport_introspection_c.dir/rosidl_typesupport_introspection_c/rtabmap_msgs/msg/detail/key_point__type_support.c.o[0m
[26.993s] [ 34%] [32mBuilding CXX object CMakeFiles/rtabmap_msgs__rosidl_typesupport_c.dir/rosidl_typesupport_c/rtabmap_msgs/srv/get_map2__type_support.cpp.o[0m
[27.045s] [ 35%] [32mBuilding C object CMakeFiles/rtabmap_msgs__rosidl_typesupport_introspection_c.dir/rosidl_typesupport_introspection_c/rtabmap_msgs/msg/detail/global_descriptor__type_support.c.o[0m
[27.080s] [ 35%] [32mBuilding C object CMakeFiles/rtabmap_msgs__rosidl_typesupport_introspection_c.dir/rosidl_typesupport_introspection_c/rtabmap_msgs/msg/detail/scan_descriptor__type_support.c.o[0m
[27.224s] [ 35%] [32mBuilding CXX object CMakeFiles/rtabmap_msgs__rosidl_typesupport_c.dir/rosidl_typesupport_c/rtabmap_msgs/srv/list_labels__type_support.cpp.o[0m
[27.251s] [ 35%] [32mBuilding C object CMakeFiles/rtabmap_msgs__rosidl_typesupport_introspection_c.dir/rosidl_typesupport_introspection_c/rtabmap_msgs/msg/detail/map_data__type_support.c.o[0m
[27.268s] [ 36%] [32mBuilding CXX object CMakeFiles/rtabmap_msgs__rosidl_typesupport_fastrtps_cpp.dir/rosidl_typesupport_fastrtps_cpp/rtabmap_msgs/msg/detail/dds_fastrtps/node_data__type_support.cpp.o[0m
[27.268s] [ 35%] [32mBuilding CXX object CMakeFiles/rtabmap_msgs__rosidl_typesupport_introspection_cpp.dir/rosidl_typesupport_introspection_cpp/rtabmap_msgs/msg/detail/link__type_support.cpp.o[0m
[27.384s] [ 36%] [32mBuilding CXX object CMakeFiles/rtabmap_msgs__rosidl_typesupport_c.dir/rosidl_typesupport_c/rtabmap_msgs/srv/publish_map__type_support.cpp.o[0m
[27.454s] [ 37%] [32mBuilding C object CMakeFiles/rtabmap_msgs__rosidl_typesupport_introspection_c.dir/rosidl_typesupport_introspection_c/rtabmap_msgs/msg/detail/map_graph__type_support.c.o[0m
[27.542s] [ 37%] [32mBuilding CXX object CMakeFiles/rtabmap_msgs__rosidl_typesupport_cpp.dir/rosidl_typesupport_cpp/rtabmap_msgs/srv/publish_map__type_support.cpp.o[0m
[27.558s] [ 38%] [32mBuilding CXX object CMakeFiles/rtabmap_msgs__rosidl_typesupport_c.dir/rosidl_typesupport_c/rtabmap_msgs/srv/reset_pose__type_support.cpp.o[0m
[27.633s] [ 38%] [32mBuilding CXX object CMakeFiles/rtabmap_msgs__rosidl_typesupport_cpp.dir/rosidl_typesupport_cpp/rtabmap_msgs/srv/reset_pose__type_support.cpp.o[0m
[27.646s] [ 38%] [32mBuilding C object CMakeFiles/rtabmap_msgs__rosidl_typesupport_introspection_c.dir/rosidl_typesupport_introspection_c/rtabmap_msgs/msg/detail/node_data__type_support.c.o[0m
[27.741s] [ 38%] [32mBuilding CXX object CMakeFiles/rtabmap_msgs__rosidl_typesupport_c.dir/rosidl_typesupport_c/rtabmap_msgs/srv/set_goal__type_support.cpp.o[0m
[27.929s] [ 38%] [32mBuilding C object CMakeFiles/rtabmap_msgs__rosidl_typesupport_introspection_c.dir/rosidl_typesupport_introspection_c/rtabmap_msgs/msg/detail/link__type_support.c.o[0m
[27.941s] [ 38%] [32mBuilding CXX object CMakeFiles/rtabmap_msgs__rosidl_typesupport_c.dir/rosidl_typesupport_c/rtabmap_msgs/srv/set_label__type_support.cpp.o[0m
[28.129s] [ 39%] [32mBuilding C object CMakeFiles/rtabmap_msgs__rosidl_typesupport_introspection_c.dir/rosidl_typesupport_introspection_c/rtabmap_msgs/msg/detail/odom_info__type_support.c.o[0m
[28.142s] [ 40%] [32mBuilding CXX object CMakeFiles/rtabmap_msgs__rosidl_typesupport_c.dir/rosidl_typesupport_c/rtabmap_msgs/srv/remove_label__type_support.cpp.o[0m
[28.301s] [ 40%] [32mBuilding CXX object CMakeFiles/rtabmap_msgs__rosidl_typesupport_c.dir/rosidl_typesupport_c/rtabmap_msgs/srv/get_plan__type_support.cpp.o[0m
[28.326s] [ 40%] [32mBuilding CXX object CMakeFiles/rtabmap_msgs__rosidl_typesupport_fastrtps_cpp.dir/rosidl_typesupport_fastrtps_cpp/rtabmap_msgs/msg/detail/dds_fastrtps/link__type_support.cpp.o[0m
[28.345s] [ 40%] [32mBuilding CXX object CMakeFiles/rtabmap_msgs__rosidl_typesupport_c.dir/rosidl_typesupport_c/rtabmap_msgs/srv/add_link__type_support.cpp.o[0m
[28.365s] [ 40%] [32mBuilding C object CMakeFiles/rtabmap_msgs__rosidl_typesupport_introspection_c.dir/rosidl_typesupport_introspection_c/rtabmap_msgs/msg/detail/point2f__type_support.c.o[0m
[28.461s] [ 40%] [32mBuilding CXX object CMakeFiles/rtabmap_msgs__rosidl_typesupport_introspection_cpp.dir/rosidl_typesupport_introspection_cpp/rtabmap_msgs/msg/detail/odom_info__type_support.cpp.o[0m
[28.512s] [ 41%] [32mBuilding CXX object CMakeFiles/rtabmap_msgs__rosidl_typesupport_c.dir/rosidl_typesupport_c/rtabmap_msgs/srv/get_node_data__type_support.cpp.o[0m
[28.539s] [ 41%] [32mBuilding C object CMakeFiles/rtabmap_msgs__rosidl_typesupport_introspection_c.dir/rosidl_typesupport_introspection_c/rtabmap_msgs/msg/detail/point3f__type_support.c.o[0m
[28.577s] [ 42%] [32mBuilding CXX object CMakeFiles/rtabmap_msgs__rosidl_typesupport_cpp.dir/rosidl_typesupport_cpp/rtabmap_msgs/srv/set_goal__type_support.cpp.o[0m
[28.593s] [ 42%] [32mBuilding CXX object CMakeFiles/rtabmap_msgs__rosidl_typesupport_c.dir/rosidl_typesupport_c/rtabmap_msgs/srv/get_nodes_in_radius__type_support.cpp.o[0m
[28.720s] [ 42%] [32mBuilding CXX object CMakeFiles/rtabmap_msgs__rosidl_typesupport_c.dir/rosidl_typesupport_c/rtabmap_msgs/srv/load_database__type_support.cpp.o[0m
[28.720s] [ 43%] [32mBuilding C object CMakeFiles/rtabmap_msgs__rosidl_typesupport_introspection_c.dir/rosidl_typesupport_introspection_c/rtabmap_msgs/msg/detail/goal__type_support.c.o[0m
[28.760s] [ 43%] [32mBuilding C object CMakeFiles/rtabmap_msgs__rosidl_typesupport_introspection_c.dir/rosidl_typesupport_introspection_c/rtabmap_msgs/msg/detail/rgbd_image__type_support.c.o[0m
[28.886s] [ 44%] [32mBuilding CXX object CMakeFiles/rtabmap_msgs__rosidl_typesupport_c.dir/rosidl_typesupport_c/rtabmap_msgs/srv/detect_more_loop_closures__type_support.cpp.o[0m
[28.889s] [ 44%] [32mBuilding C object CMakeFiles/rtabmap_msgs__rosidl_typesupport_introspection_c.dir/rosidl_typesupport_introspection_c/rtabmap_msgs/msg/detail/rgbd_images__type_support.c.o[0m
[28.893s] [ 44%] [32mBuilding CXX object CMakeFiles/rtabmap_msgs__rosidl_typesupport_cpp.dir/rosidl_typesupport_cpp/rtabmap_msgs/srv/set_label__type_support.cpp.o[0m
[28.986s] [ 44%] [32mBuilding CXX object CMakeFiles/rtabmap_msgs__rosidl_typesupport_cpp.dir/rosidl_typesupport_cpp/rtabmap_msgs/srv/remove_label__type_support.cpp.o[0m
[29.069s] [ 44%] [32mBuilding CXX object CMakeFiles/rtabmap_msgs__rosidl_typesupport_c.dir/rosidl_typesupport_c/rtabmap_msgs/srv/global_bundle_adjustment__type_support.cpp.o[0m
[29.111s] [ 45%] [32mBuilding C object CMakeFiles/rtabmap_msgs__rosidl_typesupport_introspection_c.dir/rosidl_typesupport_introspection_c/rtabmap_msgs/msg/detail/user_data__type_support.c.o[0m
[29.253s] [ 45%] [32mBuilding CXX object CMakeFiles/rtabmap_msgs__rosidl_typesupport_c.dir/rosidl_typesupport_c/rtabmap_msgs/srv/cleanup_local_grids__type_support.cpp.o[0m
[29.333s] [ 45%] [32mBuilding C object CMakeFiles/rtabmap_msgs__rosidl_typesupport_introspection_c.dir/rosidl_typesupport_introspection_c/rtabmap_msgs/msg/detail/gps__type_support.c.o[0m
[29.482s] [ 45%] [32m[1mLinking CXX shared library librtabmap_msgs__rosidl_typesupport_c.so[0m
[29.494s] [ 45%] [32mBuilding C object CMakeFiles/rtabmap_msgs__rosidl_typesupport_introspection_c.dir/rosidl_typesupport_introspection_c/rtabmap_msgs/msg/detail/path__type_support.c.o[0m
[29.566s] [ 45%] [32mBuilding CXX object CMakeFiles/rtabmap_msgs__rosidl_typesupport_fastrtps_cpp.dir/rosidl_typesupport_fastrtps_cpp/rtabmap_msgs/msg/detail/dds_fastrtps/odom_info__type_support.cpp.o[0m
[29.661s] [ 46%] [32mBuilding C object CMakeFiles/rtabmap_msgs__rosidl_typesupport_introspection_c.dir/rosidl_typesupport_introspection_c/rtabmap_msgs/msg/detail/env_sensor__type_support.c.o[0m
[29.754s] [ 46%] Built target rtabmap_msgs__rosidl_typesupport_c
[29.806s] [ 46%] [32mBuilding C object CMakeFiles/rtabmap_msgs__rosidl_typesupport_introspection_c.dir/rosidl_typesupport_introspection_c/rtabmap_msgs/msg/detail/camera_model__type_support.c.o[0m
[29.841s] [ 47%] [32mBuilding CXX object CMakeFiles/rtabmap_msgs__rosidl_typesupport_fastrtps_cpp.dir/rosidl_typesupport_fastrtps_cpp/rtabmap_msgs/msg/detail/dds_fastrtps/point2f__type_support.cpp.o[0m
[29.881s] [ 48%] [32mBuilding CXX object CMakeFiles/rtabmap_msgs__rosidl_typesupport_introspection_cpp.dir/rosidl_typesupport_introspection_cpp/rtabmap_msgs/msg/detail/point2f__type_support.cpp.o[0m
[29.882s] [ 47%] [32mBuilding C object CMakeFiles/rtabmap_msgs__rosidl_typesupport_introspection_c.dir/rosidl_typesupport_introspection_c/rtabmap_msgs/msg/detail/camera_models__type_support.c.o[0m
[29.974s] [ 48%] [32mBuilding CXX object CMakeFiles/rtabmap_msgs__rosidl_typesupport_fastrtps_cpp.dir/rosidl_typesupport_fastrtps_cpp/rtabmap_msgs/msg/detail/dds_fastrtps/point3f__type_support.cpp.o[0m
[30.033s] [ 49%] [32mBuilding CXX object CMakeFiles/rtabmap_msgs__rosidl_typesupport_cpp.dir/rosidl_typesupport_cpp/rtabmap_msgs/srv/get_plan__type_support.cpp.o[0m
[30.105s] [ 49%] [32mBuilding C object CMakeFiles/rtabmap_msgs__rosidl_typesupport_introspection_c.dir/rosidl_typesupport_introspection_c/rtabmap_msgs/srv/detail/get_map__type_support.c.o[0m
[30.275s] [ 49%] [32mBuilding CXX object CMakeFiles/rtabmap_msgs__rosidl_typesupport_introspection_cpp.dir/rosidl_typesupport_introspection_cpp/rtabmap_msgs/msg/detail/point3f__type_support.cpp.o[0m
[30.281s] [ 50%] [32mBuilding C object CMakeFiles/rtabmap_msgs__rosidl_typesupport_introspection_c.dir/rosidl_typesupport_introspection_c/rtabmap_msgs/srv/detail/get_map2__type_support.c.o[0m
[30.456s] [ 50%] [32mBuilding C object CMakeFiles/rtabmap_msgs__rosidl_typesupport_introspection_c.dir/rosidl_typesupport_introspection_c/rtabmap_msgs/srv/detail/list_labels__type_support.c.o[0m
[30.609s] [ 50%] [32mBuilding C object CMakeFiles/rtabmap_msgs__rosidl_typesupport_introspection_c.dir/rosidl_typesupport_introspection_c/rtabmap_msgs/srv/detail/publish_map__type_support.c.o[0m
[30.653s] [ 51%] [32mBuilding C object CMakeFiles/rtabmap_msgs__rosidl_typesupport_introspection_c.dir/rosidl_typesupport_introspection_c/rtabmap_msgs/srv/detail/reset_pose__type_support.c.o[0m
[30.738s] [ 51%] [32mBuilding CXX object CMakeFiles/rtabmap_msgs__rosidl_typesupport_cpp.dir/rosidl_typesupport_cpp/rtabmap_msgs/srv/add_link__type_support.cpp.o[0m
[30.841s] [ 51%] [32mBuilding C object CMakeFiles/rtabmap_msgs__rosidl_typesupport_introspection_c.dir/rosidl_typesupport_introspection_c/rtabmap_msgs/srv/detail/set_goal__type_support.c.o[0m
[30.842s] [ 51%] [32mBuilding C object CMakeFiles/rtabmap_msgs__rosidl_typesupport_introspection_c.dir/rosidl_typesupport_introspection_c/rtabmap_msgs/srv/detail/set_label__type_support.c.o[0m
[31.054s] [ 52%] [32mBuilding C object CMakeFiles/rtabmap_msgs__rosidl_typesupport_introspection_c.dir/rosidl_typesupport_introspection_c/rtabmap_msgs/srv/detail/remove_label__type_support.c.o[0m
[31.097s] [ 52%] [32mBuilding C object CMakeFiles/rtabmap_msgs__rosidl_typesupport_introspection_c.dir/rosidl_typesupport_introspection_c/rtabmap_msgs/srv/detail/get_plan__type_support.c.o[0m
[31.273s] [ 52%] [32mBuilding CXX object CMakeFiles/rtabmap_msgs__rosidl_typesupport_introspection_cpp.dir/rosidl_typesupport_introspection_cpp/rtabmap_msgs/msg/detail/goal__type_support.cpp.o[0m
[31.282s] [ 52%] [32mBuilding C object CMakeFiles/rtabmap_msgs__rosidl_typesupport_introspection_c.dir/rosidl_typesupport_introspection_c/rtabmap_msgs/srv/detail/add_link__type_support.c.o[0m
[31.301s] [ 52%] [32mBuilding CXX object CMakeFiles/rtabmap_msgs__rosidl_typesupport_fastrtps_cpp.dir/rosidl_typesupport_fastrtps_cpp/rtabmap_msgs/msg/detail/dds_fastrtps/goal__type_support.cpp.o[0m
[31.306s] [ 53%] [32mBuilding CXX object CMakeFiles/rtabmap_msgs__rosidl_typesupport_fastrtps_cpp.dir/rosidl_typesupport_fastrtps_cpp/rtabmap_msgs/msg/detail/dds_fastrtps/rgbd_image__type_support.cpp.o[0m
[31.408s] [ 53%] [32mBuilding CXX object CMakeFiles/rtabmap_msgs__rosidl_typesupport_cpp.dir/rosidl_typesupport_cpp/rtabmap_msgs/srv/get_node_data__type_support.cpp.o[0m
[31.430s] [ 54%] [32mBuilding C object CMakeFiles/rtabmap_msgs__rosidl_typesupport_introspection_c.dir/rosidl_typesupport_introspection_c/rtabmap_msgs/srv/detail/get_node_data__type_support.c.o[0m
[31.431s] [ 55%] [32mBuilding CXX object CMakeFiles/rtabmap_msgs__rosidl_typesupport_introspection_cpp.dir/rosidl_typesupport_introspection_cpp/rtabmap_msgs/msg/detail/rgbd_image__type_support.cpp.o[0m
[31.453s] [ 55%] [32mBuilding C object CMakeFiles/rtabmap_msgs__rosidl_typesupport_introspection_c.dir/rosidl_typesupport_introspection_c/rtabmap_msgs/srv/detail/get_nodes_in_radius__type_support.c.o[0m
[31.569s] [ 55%] [32mBuilding CXX object CMakeFiles/rtabmap_msgs__rosidl_typesupport_introspection_cpp.dir/rosidl_typesupport_introspection_cpp/rtabmap_msgs/msg/detail/rgbd_images__type_support.cpp.o[0m
[31.676s] [ 55%] [32mBuilding C object CMakeFiles/rtabmap_msgs__rosidl_typesupport_introspection_c.dir/rosidl_typesupport_introspection_c/rtabmap_msgs/srv/detail/load_database__type_support.c.o[0m
[31.826s] [ 56%] [32mBuilding C object CMakeFiles/rtabmap_msgs__rosidl_typesupport_introspection_c.dir/rosidl_typesupport_introspection_c/rtabmap_msgs/srv/detail/detect_more_loop_closures__type_support.c.o[0m
[32.004s] [ 56%] [32mBuilding C object CMakeFiles/rtabmap_msgs__rosidl_typesupport_introspection_c.dir/rosidl_typesupport_introspection_c/rtabmap_msgs/srv/detail/global_bundle_adjustment__type_support.c.o[0m
[32.194s] [ 56%] [32mBuilding C object CMakeFiles/rtabmap_msgs__rosidl_typesupport_introspection_c.dir/rosidl_typesupport_introspection_c/rtabmap_msgs/srv/detail/cleanup_local_grids__type_support.c.o[0m
[32.329s] [ 57%] [32m[1mLinking C shared library librtabmap_msgs__rosidl_typesupport_introspection_c.so[0m
[32.413s] [ 58%] [32mBuilding CXX object CMakeFiles/rtabmap_msgs__rosidl_typesupport_cpp.dir/rosidl_typesupport_cpp/rtabmap_msgs/srv/get_nodes_in_radius__type_support.cpp.o[0m
[32.437s] [ 58%] [32mBuilding CXX object CMakeFiles/rtabmap_msgs__rosidl_typesupport_fastrtps_cpp.dir/rosidl_typesupport_fastrtps_cpp/rtabmap_msgs/msg/detail/dds_fastrtps/rgbd_images__type_support.cpp.o[0m
[32.533s] [ 58%] [32mBuilding CXX object CMakeFiles/rtabmap_msgs__rosidl_typesupport_cpp.dir/rosidl_typesupport_cpp/rtabmap_msgs/srv/load_database__type_support.cpp.o[0m
[32.550s] [ 58%] Built target rtabmap_msgs__rosidl_typesupport_introspection_c
[32.593s] [ 58%] [32mBuilding CXX object CMakeFiles/rtabmap_msgs__rosidl_typesupport_introspection_cpp.dir/rosidl_typesupport_introspection_cpp/rtabmap_msgs/msg/detail/user_data__type_support.cpp.o[0m
[32.770s] [ 58%] [32mBuilding CXX object CMakeFiles/rtabmap_msgs__rosidl_typesupport_cpp.dir/rosidl_typesupport_cpp/rtabmap_msgs/srv/detect_more_loop_closures__type_support.cpp.o[0m
[33.121s] [ 59%] [32mBuilding CXX object CMakeFiles/rtabmap_msgs__rosidl_typesupport_cpp.dir/rosidl_typesupport_cpp/rtabmap_msgs/srv/global_bundle_adjustment__type_support.cpp.o[0m
[33.253s] [ 59%] [32mBuilding CXX object CMakeFiles/rtabmap_msgs__rosidl_typesupport_fastrtps_cpp.dir/rosidl_typesupport_fastrtps_cpp/rtabmap_msgs/msg/detail/dds_fastrtps/user_data__type_support.cpp.o[0m
[33.305s] [ 60%] [32mBuilding CXX object CMakeFiles/rtabmap_msgs__rosidl_typesupport_fastrtps_cpp.dir/rosidl_typesupport_fastrtps_cpp/rtabmap_msgs/msg/detail/dds_fastrtps/gps__type_support.cpp.o[0m
[33.458s] [ 60%] [32mBuilding CXX object CMakeFiles/rtabmap_msgs__rosidl_typesupport_cpp.dir/rosidl_typesupport_cpp/rtabmap_msgs/srv/cleanup_local_grids__type_support.cpp.o[0m
[33.662s] [ 60%] [32mBuilding CXX object CMakeFiles/rtabmap_msgs__rosidl_typesupport_fastrtps_cpp.dir/rosidl_typesupport_fastrtps_cpp/rtabmap_msgs/msg/detail/dds_fastrtps/path__type_support.cpp.o[0m
[33.691s] [ 61%] [32mBuilding CXX object CMakeFiles/rtabmap_msgs__rosidl_typesupport_introspection_cpp.dir/rosidl_typesupport_introspection_cpp/rtabmap_msgs/msg/detail/gps__type_support.cpp.o[0m
[33.819s] [ 61%] [32mBuilding CXX object CMakeFiles/rtabmap_msgs__rosidl_typesupport_fastrtps_cpp.dir/rosidl_typesupport_fastrtps_cpp/rtabmap_msgs/msg/detail/dds_fastrtps/env_sensor__type_support.cpp.o[0m
[33.908s] [ 62%] [32mBuilding CXX object CMakeFiles/rtabmap_msgs__rosidl_typesupport_fastrtps_cpp.dir/rosidl_typesupport_fastrtps_cpp/rtabmap_msgs/msg/detail/dds_fastrtps/camera_model__type_support.cpp.o[0m
[34.240s] [ 62%] [32mBuilding CXX object CMakeFiles/rtabmap_msgs__rosidl_typesupport_introspection_cpp.dir/rosidl_typesupport_introspection_cpp/rtabmap_msgs/msg/detail/path__type_support.cpp.o[0m
[34.445s] [ 62%] [32m[1mLinking CXX shared library librtabmap_msgs__rosidl_typesupport_cpp.so[0m
[34.670s] [ 62%] Built target rtabmap_msgs__rosidl_typesupport_cpp
[34.992s] [ 62%] [32mBuilding CXX object CMakeFiles/rtabmap_msgs__rosidl_typesupport_introspection_cpp.dir/rosidl_typesupport_introspection_cpp/rtabmap_msgs/msg/detail/env_sensor__type_support.cpp.o[0m
[35.233s] [ 63%] [32mBuilding CXX object CMakeFiles/rtabmap_msgs__rosidl_typesupport_fastrtps_cpp.dir/rosidl_typesupport_fastrtps_cpp/rtabmap_msgs/srv/detail/dds_fastrtps/reset_pose__type_support.cpp.o[0m
[35.635s] [ 64%] [32mBuilding CXX object CMakeFiles/rtabmap_msgs__rosidl_typesupport_introspection_cpp.dir/rosidl_typesupport_introspection_cpp/rtabmap_msgs/msg/detail/camera_model__type_support.cpp.o[0m
[36.237s] [ 64%] [32mBuilding CXX object CMakeFiles/rtabmap_msgs__rosidl_typesupport_fastrtps_cpp.dir/rosidl_typesupport_fastrtps_cpp/rtabmap_msgs/srv/detail/dds_fastrtps/set_goal__type_support.cpp.o[0m
[36.613s] [ 64%] [32mBuilding CXX object CMakeFiles/rtabmap_msgs__rosidl_typesupport_introspection_cpp.dir/rosidl_typesupport_introspection_cpp/rtabmap_msgs/msg/detail/camera_models__type_support.cpp.o[0m
[37.345s] [ 64%] [32mBuilding CXX object CMakeFiles/rtabmap_msgs__rosidl_typesupport_fastrtps_cpp.dir/rosidl_typesupport_fastrtps_cpp/rtabmap_msgs/srv/detail/dds_fastrtps/set_label__type_support.cpp.o[0m
[37.704s] [ 64%] [32mBuilding CXX object CMakeFiles/rtabmap_msgs__rosidl_typesupport_introspection_cpp.dir/rosidl_typesupport_introspection_cpp/rtabmap_msgs/srv/detail/get_map__type_support.cpp.o[0m
[38.268s] [ 65%] [32mBuilding CXX object CMakeFiles/rtabmap_msgs__rosidl_typesupport_fastrtps_cpp.dir/rosidl_typesupport_fastrtps_cpp/rtabmap_msgs/srv/detail/dds_fastrtps/remove_label__type_support.cpp.o[0m
[38.497s] [ 66%] [32mBuilding CXX object CMakeFiles/rtabmap_msgs__rosidl_typesupport_introspection_cpp.dir/rosidl_typesupport_introspection_cpp/rtabmap_msgs/srv/detail/get_map2__type_support.cpp.o[0m
[39.133s] [ 66%] [32mBuilding CXX object CMakeFiles/rtabmap_msgs__rosidl_typesupport_fastrtps_cpp.dir/rosidl_typesupport_fastrtps_cpp/rtabmap_msgs/srv/detail/dds_fastrtps/get_plan__type_support.cpp.o[0m
[39.254s] [ 66%] [32mBuilding CXX object CMakeFiles/rtabmap_msgs__rosidl_typesupport_introspection_cpp.dir/rosidl_typesupport_introspection_cpp/rtabmap_msgs/srv/detail/list_labels__type_support.cpp.o[0m
[39.948s] [ 66%] [32mBuilding CXX object CMakeFiles/rtabmap_msgs__rosidl_typesupport_introspection_cpp.dir/rosidl_typesupport_introspection_cpp/rtabmap_msgs/srv/detail/publish_map__type_support.cpp.o[0m
[39.985s] [ 66%] [32mBuilding CXX object CMakeFiles/rtabmap_msgs__rosidl_typesupport_fastrtps_cpp.dir/rosidl_typesupport_fastrtps_cpp/rtabmap_msgs/srv/detail/dds_fastrtps/add_link__type_support.cpp.o[0m
[40.397s] [ 67%] [32mBuilding CXX object CMakeFiles/rtabmap_msgs__rosidl_typesupport_introspection_cpp.dir/rosidl_typesupport_introspection_cpp/rtabmap_msgs/srv/detail/reset_pose__type_support.cpp.o[0m
[40.629s] [ 67%] [32mBuilding CXX object CMakeFiles/rtabmap_msgs__rosidl_typesupport_fastrtps_cpp.dir/rosidl_typesupport_fastrtps_cpp/rtabmap_msgs/srv/detail/dds_fastrtps/get_node_data__type_support.cpp.o[0m
[40.714s] [ 67%] [32mBuilding CXX object CMakeFiles/rtabmap_msgs__rosidl_typesupport_introspection_cpp.dir/rosidl_typesupport_introspection_cpp/rtabmap_msgs/srv/detail/set_goal__type_support.cpp.o[0m
[41.108s] [ 67%] [32mBuilding CXX object CMakeFiles/rtabmap_msgs__rosidl_typesupport_introspection_cpp.dir/rosidl_typesupport_introspection_cpp/rtabmap_msgs/srv/detail/set_label__type_support.cpp.o[0m
[41.397s] [ 68%] [32mBuilding CXX object CMakeFiles/rtabmap_msgs__rosidl_typesupport_introspection_cpp.dir/rosidl_typesupport_introspection_cpp/rtabmap_msgs/srv/detail/remove_label__type_support.cpp.o[0m
[41.543s] [ 69%] [32mBuilding CXX object CMakeFiles/rtabmap_msgs__rosidl_typesupport_fastrtps_cpp.dir/rosidl_typesupport_fastrtps_cpp/rtabmap_msgs/srv/detail/dds_fastrtps/get_nodes_in_radius__type_support.cpp.o[0m
[41.831s] [ 69%] [32mBuilding CXX object CMakeFiles/rtabmap_msgs__rosidl_typesupport_introspection_cpp.dir/rosidl_typesupport_introspection_cpp/rtabmap_msgs/srv/detail/get_plan__type_support.cpp.o[0m
[42.071s] [ 69%] [32mBuilding CXX object CMakeFiles/rtabmap_msgs__rosidl_typesupport_fastrtps_cpp.dir/rosidl_typesupport_fastrtps_cpp/rtabmap_msgs/srv/detail/dds_fastrtps/load_database__type_support.cpp.o[0m
[42.301s] [ 69%] [32mBuilding CXX object CMakeFiles/rtabmap_msgs__rosidl_typesupport_introspection_cpp.dir/rosidl_typesupport_introspection_cpp/rtabmap_msgs/srv/detail/add_link__type_support.cpp.o[0m
[42.468s] [ 69%] [32mBuilding CXX object CMakeFiles/rtabmap_msgs__rosidl_typesupport_fastrtps_cpp.dir/rosidl_typesupport_fastrtps_cpp/rtabmap_msgs/srv/detail/dds_fastrtps/detect_more_loop_closures__type_support.cpp.o[0m
[42.745s] [ 70%] [32mBuilding CXX object CMakeFiles/rtabmap_msgs__rosidl_typesupport_introspection_cpp.dir/rosidl_typesupport_introspection_cpp/rtabmap_msgs/srv/detail/get_node_data__type_support.cpp.o[0m
[42.910s] [ 71%] [32mBuilding CXX object CMakeFiles/rtabmap_msgs__rosidl_typesupport_fastrtps_cpp.dir/rosidl_typesupport_fastrtps_cpp/rtabmap_msgs/srv/detail/dds_fastrtps/global_bundle_adjustment__type_support.cpp.o[0m
[43.501s] [ 71%] [32mBuilding CXX object CMakeFiles/rtabmap_msgs__rosidl_typesupport_introspection_cpp.dir/rosidl_typesupport_introspection_cpp/rtabmap_msgs/srv/detail/get_nodes_in_radius__type_support.cpp.o[0m
[43.572s] [ 71%] [32mBuilding CXX object CMakeFiles/rtabmap_msgs__rosidl_typesupport_fastrtps_cpp.dir/rosidl_typesupport_fastrtps_cpp/rtabmap_msgs/srv/detail/dds_fastrtps/cleanup_local_grids__type_support.cpp.o[0m
[44.035s] [ 71%] [32mBuilding CXX object CMakeFiles/rtabmap_msgs__rosidl_typesupport_introspection_cpp.dir/rosidl_typesupport_introspection_cpp/rtabmap_msgs/srv/detail/load_database__type_support.cpp.o[0m
[44.101s] [ 71%] [32mBuilding CXX object CMakeFiles/rtabmap_msgs__rosidl_typesupport_fastrtps_cpp.dir/rosidl_typesupport_fastrtps_cpp/rtabmap_msgs/srv/detail/dds_fastrtps/publish_map__type_support.cpp.o[0m
[44.317s] [ 71%] [32mBuilding CXX object CMakeFiles/rtabmap_msgs__rosidl_typesupport_introspection_cpp.dir/rosidl_typesupport_introspection_cpp/rtabmap_msgs/srv/detail/global_bundle_adjustment__type_support.cpp.o[0m
[44.595s] [ 71%] [32mBuilding CXX object CMakeFiles/rtabmap_msgs__rosidl_typesupport_introspection_cpp.dir/rosidl_typesupport_introspection_cpp/rtabmap_msgs/srv/detail/cleanup_local_grids__type_support.cpp.o[0m
[44.752s] [ 71%] [32mBuilding CXX object CMakeFiles/rtabmap_msgs__rosidl_typesupport_fastrtps_cpp.dir/rosidl_typesupport_fastrtps_cpp/rtabmap_msgs/srv/detail/dds_fastrtps/list_labels__type_support.cpp.o[0m
[44.923s] [ 72%] [32mBuilding CXX object CMakeFiles/rtabmap_msgs__rosidl_typesupport_introspection_cpp.dir/rosidl_typesupport_introspection_cpp/rtabmap_msgs/srv/detail/detect_more_loop_closures__type_support.cpp.o[0m
[45.374s] [ 73%] [32m[1mLinking CXX shared library librtabmap_msgs__rosidl_typesupport_introspection_cpp.so[0m
[45.535s] [ 74%] [32mBuilding CXX object CMakeFiles/rtabmap_msgs__rosidl_typesupport_fastrtps_cpp.dir/rosidl_typesupport_fastrtps_cpp/rtabmap_msgs/srv/detail/dds_fastrtps/get_map2__type_support.cpp.o[0m
[45.627s] [ 74%] Built target rtabmap_msgs__rosidl_typesupport_introspection_cpp
[45.993s] [ 74%] [32mBuilding CXX object CMakeFiles/rtabmap_msgs__rosidl_typesupport_fastrtps_cpp.dir/rosidl_typesupport_fastrtps_cpp/rtabmap_msgs/srv/detail/dds_fastrtps/get_map__type_support.cpp.o[0m
[46.416s] [ 74%] [32mBuilding CXX object CMakeFiles/rtabmap_msgs__rosidl_typesupport_fastrtps_cpp.dir/rosidl_typesupport_fastrtps_cpp/rtabmap_msgs/msg/detail/dds_fastrtps/camera_models__type_support.cpp.o[0m
[46.893s] [ 74%] [32m[1mLinking CXX shared library librtabmap_msgs__rosidl_typesupport_fastrtps_cpp.so[0m
[47.076s] [ 74%] Built target rtabmap_msgs__rosidl_typesupport_fastrtps_cpp
[47.090s] [ 75%] [34m[1mGenerating C type support for eProsima Fast-RTPS[0m
[50.649s] [35m[1mScanning dependencies of target rtabmap_msgs__rosidl_typesupport_fastrtps_c[0m
[50.772s] [ 76%] [32mBuilding CXX object CMakeFiles/rtabmap_msgs__rosidl_typesupport_fastrtps_c.dir/rosidl_typesupport_fastrtps_c/rtabmap_msgs/msg/detail/global_descriptor__type_support_c.cpp.o[0m
[50.786s] [ 76%] [32mBuilding CXX object CMakeFiles/rtabmap_msgs__rosidl_typesupport_fastrtps_c.dir/rosidl_typesupport_fastrtps_c/rtabmap_msgs/msg/detail/key_point__type_support_c.cpp.o[0m
[50.794s] [ 76%] [32mBuilding CXX object CMakeFiles/rtabmap_msgs__rosidl_typesupport_fastrtps_c.dir/rosidl_typesupport_fastrtps_c/rtabmap_msgs/msg/detail/info__type_support_c.cpp.o[0m
[51.562s] [ 76%] [32mBuilding CXX object CMakeFiles/rtabmap_msgs__rosidl_typesupport_fastrtps_c.dir/rosidl_typesupport_fastrtps_c/rtabmap_msgs/msg/detail/link__type_support_c.cpp.o[0m
[51.579s] [ 77%] [32mBuilding CXX object CMakeFiles/rtabmap_msgs__rosidl_typesupport_fastrtps_c.dir/rosidl_typesupport_fastrtps_c/rtabmap_msgs/msg/detail/odom_info__type_support_c.cpp.o[0m
[51.592s] [ 77%] [32mBuilding CXX object CMakeFiles/rtabmap_msgs__rosidl_typesupport_fastrtps_c.dir/rosidl_typesupport_fastrtps_c/rtabmap_msgs/msg/detail/node_data__type_support_c.cpp.o[0m
[51.701s] [ 78%] [32mBuilding CXX object CMakeFiles/rtabmap_msgs__rosidl_typesupport_fastrtps_c.dir/rosidl_typesupport_fastrtps_c/rtabmap_msgs/msg/detail/map_graph__type_support_c.cpp.o[0m
[52.286s] [ 78%] [32mBuilding CXX object CMakeFiles/rtabmap_msgs__rosidl_typesupport_fastrtps_c.dir/rosidl_typesupport_fastrtps_c/rtabmap_msgs/msg/detail/point3f__type_support_c.cpp.o[0m
[52.297s] [ 78%] [32mBuilding CXX object CMakeFiles/rtabmap_msgs__rosidl_typesupport_fastrtps_c.dir/rosidl_typesupport_fastrtps_c/rtabmap_msgs/msg/detail/point2f__type_support_c.cpp.o[0m
[52.421s] [ 79%] [32mBuilding CXX object CMakeFiles/rtabmap_msgs__rosidl_typesupport_fastrtps_c.dir/rosidl_typesupport_fastrtps_c/rtabmap_msgs/msg/detail/goal__type_support_c.cpp.o[0m
[52.756s] [ 79%] [32mBuilding CXX object CMakeFiles/rtabmap_msgs__rosidl_typesupport_fastrtps_c.dir/rosidl_typesupport_fastrtps_c/rtabmap_msgs/msg/detail/rgbd_image__type_support_c.cpp.o[0m
[52.856s] [ 79%] [32mBuilding CXX object CMakeFiles/rtabmap_msgs__rosidl_typesupport_fastrtps_c.dir/rosidl_typesupport_fastrtps_c/rtabmap_msgs/msg/detail/rgbd_images__type_support_c.cpp.o[0m
[52.881s] [ 79%] [32mBuilding CXX object CMakeFiles/rtabmap_msgs__rosidl_typesupport_fastrtps_c.dir/rosidl_typesupport_fastrtps_c/rtabmap_msgs/msg/detail/map_data__type_support_c.cpp.o[0m
[52.959s] [ 79%] [32mBuilding CXX object CMakeFiles/rtabmap_msgs__rosidl_typesupport_fastrtps_c.dir/rosidl_typesupport_fastrtps_c/rtabmap_msgs/msg/detail/user_data__type_support_c.cpp.o[0m
[53.673s] [ 80%] [32mBuilding CXX object CMakeFiles/rtabmap_msgs__rosidl_typesupport_fastrtps_c.dir/rosidl_typesupport_fastrtps_c/rtabmap_msgs/msg/detail/gps__type_support_c.cpp.o[0m
[53.688s] [ 80%] [32mBuilding CXX object CMakeFiles/rtabmap_msgs__rosidl_typesupport_fastrtps_c.dir/rosidl_typesupport_fastrtps_c/rtabmap_msgs/msg/detail/path__type_support_c.cpp.o[0m
[53.865s] [ 80%] [32mBuilding CXX object CMakeFiles/rtabmap_msgs__rosidl_typesupport_fastrtps_c.dir/rosidl_typesupport_fastrtps_c/rtabmap_msgs/msg/detail/env_sensor__type_support_c.cpp.o[0m
[53.942s] [ 81%] [32mBuilding CXX object CMakeFiles/rtabmap_msgs__rosidl_typesupport_fastrtps_c.dir/rosidl_typesupport_fastrtps_c/rtabmap_msgs/msg/detail/camera_model__type_support_c.cpp.o[0m
[53.972s] [ 81%] [32mBuilding CXX object CMakeFiles/rtabmap_msgs__rosidl_typesupport_fastrtps_c.dir/rosidl_typesupport_fastrtps_c/rtabmap_msgs/msg/detail/scan_descriptor__type_support_c.cpp.o[0m
[54.009s] [ 81%] [32mBuilding CXX object CMakeFiles/rtabmap_msgs__rosidl_typesupport_fastrtps_c.dir/rosidl_typesupport_fastrtps_c/rtabmap_msgs/msg/detail/camera_models__type_support_c.cpp.o[0m
[54.173s] [ 81%] [32mBuilding CXX object CMakeFiles/rtabmap_msgs__rosidl_typesupport_fastrtps_c.dir/rosidl_typesupport_fastrtps_c/rtabmap_msgs/srv/detail/get_map__type_support_c.cpp.o[0m
[55.360s] [ 82%] [32mBuilding CXX object CMakeFiles/rtabmap_msgs__rosidl_typesupport_fastrtps_c.dir/rosidl_typesupport_fastrtps_c/rtabmap_msgs/srv/detail/remove_label__type_support_c.cpp.o[0m
[56.185s] [ 82%] [32mBuilding CXX object CMakeFiles/rtabmap_msgs__rosidl_typesupport_fastrtps_c.dir/rosidl_typesupport_fastrtps_c/rtabmap_msgs/srv/detail/get_plan__type_support_c.cpp.o[0m
[57.149s] [ 82%] [32mBuilding CXX object CMakeFiles/rtabmap_msgs__rosidl_typesupport_fastrtps_c.dir/rosidl_typesupport_fastrtps_c/rtabmap_msgs/srv/detail/add_link__type_support_c.cpp.o[0m
[58.089s] [ 83%] [32mBuilding CXX object CMakeFiles/rtabmap_msgs__rosidl_typesupport_fastrtps_c.dir/rosidl_typesupport_fastrtps_c/rtabmap_msgs/srv/detail/get_node_data__type_support_c.cpp.o[0m
[58.969s] [ 83%] [32mBuilding CXX object CMakeFiles/rtabmap_msgs__rosidl_typesupport_fastrtps_c.dir/rosidl_typesupport_fastrtps_c/rtabmap_msgs/srv/detail/get_nodes_in_radius__type_support_c.cpp.o[0m
[59.791s] [ 83%] [32mBuilding CXX object CMakeFiles/rtabmap_msgs__rosidl_typesupport_fastrtps_c.dir/rosidl_typesupport_fastrtps_c/rtabmap_msgs/srv/detail/load_database__type_support_c.cpp.o[0m
[60.771s] [ 84%] [32mBuilding CXX object CMakeFiles/rtabmap_msgs__rosidl_typesupport_fastrtps_c.dir/rosidl_typesupport_fastrtps_c/rtabmap_msgs/srv/detail/detect_more_loop_closures__type_support_c.cpp.o[0m
[61.656s] [ 84%] [32mBuilding CXX object CMakeFiles/rtabmap_msgs__rosidl_typesupport_fastrtps_c.dir/rosidl_typesupport_fastrtps_c/rtabmap_msgs/srv/detail/global_bundle_adjustment__type_support_c.cpp.o[0m
[62.321s] [ 84%] [32mBuilding CXX object CMakeFiles/rtabmap_msgs__rosidl_typesupport_fastrtps_c.dir/rosidl_typesupport_fastrtps_c/rtabmap_msgs/srv/detail/cleanup_local_grids__type_support_c.cpp.o[0m
[63.110s] [ 84%] [32mBuilding CXX object CMakeFiles/rtabmap_msgs__rosidl_typesupport_fastrtps_c.dir/rosidl_typesupport_fastrtps_c/rtabmap_msgs/srv/detail/set_label__type_support_c.cpp.o[0m
[63.749s] [ 84%] [32mBuilding CXX object CMakeFiles/rtabmap_msgs__rosidl_typesupport_fastrtps_c.dir/rosidl_typesupport_fastrtps_c/rtabmap_msgs/srv/detail/set_goal__type_support_c.cpp.o[0m
[64.327s] [ 85%] [32mBuilding CXX object CMakeFiles/rtabmap_msgs__rosidl_typesupport_fastrtps_c.dir/rosidl_typesupport_fastrtps_c/rtabmap_msgs/srv/detail/reset_pose__type_support_c.cpp.o[0m
[64.770s] [ 85%] [32mBuilding CXX object CMakeFiles/rtabmap_msgs__rosidl_typesupport_fastrtps_c.dir/rosidl_typesupport_fastrtps_c/rtabmap_msgs/srv/detail/publish_map__type_support_c.cpp.o[0m
[65.158s] [ 85%] [32mBuilding CXX object CMakeFiles/rtabmap_msgs__rosidl_typesupport_fastrtps_c.dir/rosidl_typesupport_fastrtps_c/rtabmap_msgs/srv/detail/list_labels__type_support_c.cpp.o[0m
[65.561s] [ 86%] [32mBuilding CXX object CMakeFiles/rtabmap_msgs__rosidl_typesupport_fastrtps_c.dir/rosidl_typesupport_fastrtps_c/rtabmap_msgs/srv/detail/get_map2__type_support_c.cpp.o[0m
[65.931s] [ 87%] [32m[1mLinking CXX shared library librtabmap_msgs__rosidl_typesupport_fastrtps_c.so[0m
[66.070s] [ 87%] Built target rtabmap_msgs__rosidl_typesupport_fastrtps_c
[66.081s] [35m[1mScanning dependencies of target rtabmap_msgs[0m
[66.096s] [ 87%] Built target rtabmap_msgs
[66.108s] [35m[1mScanning dependencies of target rtabmap_msgs__py[0m
[66.123s] [ 87%] [34m[1mGenerating Python code for ROS interfaces[0m
[74.152s] [ 87%] Built target rtabmap_msgs__py
[74.164s] [35m[1mScanning dependencies of target rtabmap_msgs__python[0m
[74.237s] [ 87%] [32mBuilding C object CMakeFiles/rtabmap_msgs__python.dir/rosidl_generator_py/rtabmap_msgs/msg/_info_s.c.o[0m
[74.402s] [ 88%] [32mBuilding C object CMakeFiles/rtabmap_msgs__python.dir/rosidl_generator_py/rtabmap_msgs/msg/_link_s.c.o[0m
[74.490s] [ 88%] [32mBuilding C object CMakeFiles/rtabmap_msgs__python.dir/rosidl_generator_py/rtabmap_msgs/msg/_odom_info_s.c.o[0m
[74.657s] [ 88%] [32mBuilding C object CMakeFiles/rtabmap_msgs__python.dir/rosidl_generator_py/rtabmap_msgs/msg/_point2f_s.c.o[0m
[74.739s] [ 89%] [32mBuilding C object CMakeFiles/rtabmap_msgs__python.dir/rosidl_generator_py/rtabmap_msgs/msg/_point3f_s.c.o[0m
[74.823s] [ 89%] [32mBuilding C object CMakeFiles/rtabmap_msgs__python.dir/rosidl_generator_py/rtabmap_msgs/msg/_goal_s.c.o[0m
[74.909s] [ 89%] [32mBuilding C object CMakeFiles/rtabmap_msgs__python.dir/rosidl_generator_py/rtabmap_msgs/msg/_rgbd_image_s.c.o[0m
[75.010s] [ 90%] [32mBuilding C object CMakeFiles/rtabmap_msgs__python.dir/rosidl_generator_py/rtabmap_msgs/msg/_rgbd_images_s.c.o[0m
[75.098s] [ 90%] [32mBuilding C object CMakeFiles/rtabmap_msgs__python.dir/rosidl_generator_py/rtabmap_msgs/msg/_user_data_s.c.o[0m
[75.187s] [ 90%] [32mBuilding C object CMakeFiles/rtabmap_msgs__python.dir/rosidl_generator_py/rtabmap_msgs/msg/_gps_s.c.o[0m
[75.270s] [ 91%] [32mBuilding C object CMakeFiles/rtabmap_msgs__python.dir/rosidl_generator_py/rtabmap_msgs/msg/_path_s.c.o[0m
[75.362s] [ 91%] [32mBuilding C object CMakeFiles/rtabmap_msgs__python.dir/rosidl_generator_py/rtabmap_msgs/msg/_env_sensor_s.c.o[0m
[75.445s] [ 91%] [32mBuilding C object CMakeFiles/rtabmap_msgs__python.dir/rosidl_generator_py/rtabmap_msgs/msg/_camera_model_s.c.o[0m
[75.528s] [ 92%] [32mBuilding C object CMakeFiles/rtabmap_msgs__python.dir/rosidl_generator_py/rtabmap_msgs/msg/_camera_models_s.c.o[0m
[75.617s] [ 92%] [32mBuilding C object CMakeFiles/rtabmap_msgs__python.dir/rosidl_generator_py/rtabmap_msgs/srv/_get_map_s.c.o[0m
[75.706s] [ 92%] [32mBuilding C object CMakeFiles/rtabmap_msgs__python.dir/rosidl_generator_py/rtabmap_msgs/srv/_get_map2_s.c.o[0m
[75.800s] [ 93%] [32mBuilding C object CMakeFiles/rtabmap_msgs__python.dir/rosidl_generator_py/rtabmap_msgs/srv/_list_labels_s.c.o[0m
[75.894s] [ 93%] [32mBuilding C object CMakeFiles/rtabmap_msgs__python.dir/rosidl_generator_py/rtabmap_msgs/srv/_publish_map_s.c.o[0m
[75.978s] [ 93%] [32mBuilding C object CMakeFiles/rtabmap_msgs__python.dir/rosidl_generator_py/rtabmap_msgs/srv/_reset_pose_s.c.o[0m
[76.068s] [ 94%] [32mBuilding C object CMakeFiles/rtabmap_msgs__python.dir/rosidl_generator_py/rtabmap_msgs/srv/_set_goal_s.c.o[0m
[76.184s] [ 94%] [32mBuilding C object CMakeFiles/rtabmap_msgs__python.dir/rosidl_generator_py/rtabmap_msgs/srv/_set_label_s.c.o[0m
[76.270s] [ 94%] [32mBuilding C object CMakeFiles/rtabmap_msgs__python.dir/rosidl_generator_py/rtabmap_msgs/srv/_remove_label_s.c.o[0m
[76.355s] [ 94%] [32mBuilding C object CMakeFiles/rtabmap_msgs__python.dir/rosidl_generator_py/rtabmap_msgs/srv/_get_plan_s.c.o[0m
[76.449s] [ 95%] [32mBuilding C object CMakeFiles/rtabmap_msgs__python.dir/rosidl_generator_py/rtabmap_msgs/srv/_add_link_s.c.o[0m
[76.538s] [ 95%] [32mBuilding C object CMakeFiles/rtabmap_msgs__python.dir/rosidl_generator_py/rtabmap_msgs/srv/_get_node_data_s.c.o[0m
[76.638s] [ 95%] [32mBuilding C object CMakeFiles/rtabmap_msgs__python.dir/rosidl_generator_py/rtabmap_msgs/srv/_get_nodes_in_radius_s.c.o[0m
[76.744s] [ 96%] [32mBuilding C object CMakeFiles/rtabmap_msgs__python.dir/rosidl_generator_py/rtabmap_msgs/srv/_load_database_s.c.o[0m
[76.832s] [ 96%] [32mBuilding C object CMakeFiles/rtabmap_msgs__python.dir/rosidl_generator_py/rtabmap_msgs/srv/_detect_more_loop_closures_s.c.o[0m
[76.925s] [ 96%] [32mBuilding C object CMakeFiles/rtabmap_msgs__python.dir/rosidl_generator_py/rtabmap_msgs/srv/_global_bundle_adjustment_s.c.o[0m
[77.012s] [ 97%] [32mBuilding C object CMakeFiles/rtabmap_msgs__python.dir/rosidl_generator_py/rtabmap_msgs/srv/_cleanup_local_grids_s.c.o[0m
[77.099s] [ 97%] [32mBuilding C object CMakeFiles/rtabmap_msgs__python.dir/rosidl_generator_py/rtabmap_msgs/msg/_node_data_s.c.o[0m
[77.306s] [ 97%] [32mBuilding C object CMakeFiles/rtabmap_msgs__python.dir/rosidl_generator_py/rtabmap_msgs/msg/_map_graph_s.c.o[0m
[77.403s] [ 98%] [32mBuilding C object CMakeFiles/rtabmap_msgs__python.dir/rosidl_generator_py/rtabmap_msgs/msg/_map_data_s.c.o[0m
[77.491s] [ 98%] [32mBuilding C object CMakeFiles/rtabmap_msgs__python.dir/rosidl_generator_py/rtabmap_msgs/msg/_scan_descriptor_s.c.o[0m
[77.575s] [ 98%] [32mBuilding C object CMakeFiles/rtabmap_msgs__python.dir/rosidl_generator_py/rtabmap_msgs/msg/_global_descriptor_s.c.o[0m
[77.670s] [ 99%] [32mBuilding C object CMakeFiles/rtabmap_msgs__python.dir/rosidl_generator_py/rtabmap_msgs/msg/_key_point_s.c.o[0m
[77.754s] [ 99%] [32m[1mLinking C shared library rosidl_generator_py/rtabmap_msgs/librtabmap_msgs__python.so[0m
[77.814s] [ 99%] Built target rtabmap_msgs__python
[77.824s] [35m[1mScanning dependencies of target rtabmap_msgs__rosidl_typesupport_c__pyext[0m
[77.849s] [100%] [32mBuilding C object CMakeFiles/rtabmap_msgs__rosidl_typesupport_c__pyext.dir/rosidl_generator_py/rtabmap_msgs/_rtabmap_msgs_s.ep.rosidl_typesupport_c.c.o[0m
[78.082s] [100%] [32m[1mLinking C shared library rosidl_generator_py/rtabmap_msgs/rtabmap_msgs_s__rosidl_typesupport_c.cpython-38-x86_64-linux-gnu.so[0m
[78.130s] [100%] Built target rtabmap_msgs__rosidl_typesupport_c__pyext
[78.140s] [35m[1mScanning dependencies of target rtabmap_msgs__rosidl_typesupport_fastrtps_c__pyext[0m
[78.167s] [100%] [32mBuilding C object CMakeFiles/rtabmap_msgs__rosidl_typesupport_fastrtps_c__pyext.dir/rosidl_generator_py/rtabmap_msgs/_rtabmap_msgs_s.ep.rosidl_typesupport_fastrtps_c.c.o[0m
[78.406s] [100%] [32m[1mLinking CXX shared library rosidl_generator_py/rtabmap_msgs/rtabmap_msgs_s__rosidl_typesupport_fastrtps_c.cpython-38-x86_64-linux-gnu.so[0m
[78.492s] [100%] Built target rtabmap_msgs__rosidl_typesupport_fastrtps_c__pyext
[78.503s] [35m[1mScanning dependencies of target rtabmap_msgs__rosidl_typesupport_introspection_c__pyext[0m
[78.528s] [100%] [32mBuilding C object CMakeFiles/rtabmap_msgs__rosidl_typesupport_introspection_c__pyext.dir/rosidl_generator_py/rtabmap_msgs/_rtabmap_msgs_s.ep.rosidl_typesupport_introspection_c.c.o[0m
[78.762s] [100%] [32m[1mLinking C shared library rosidl_generator_py/rtabmap_msgs/rtabmap_msgs_s__rosidl_typesupport_introspection_c.cpython-38-x86_64-linux-gnu.so[0m
[78.812s] [100%] Built target rtabmap_msgs__rosidl_typesupport_introspection_c__pyext
[78.826s] Invoked command in '/home/deepak/electronic_ws/build/rtabmap_msgs' returned '0': /usr/bin/cmake --build /home/deepak/electronic_ws/build/rtabmap_msgs -- -j8 -l8
[78.829s] Invoking command in '/home/deepak/electronic_ws/build/rtabmap_msgs': /usr/bin/cmake --install /home/deepak/electronic_ws/build/rtabmap_msgs
[78.839s] -- Install configuration: ""
[78.839s] -- Installing: /home/deepak/electronic_ws/install/rtabmap_msgs/share/ament_index/resource_index/rosidl_interfaces/rtabmap_msgs
[78.840s] -- Installing: /home/deepak/electronic_ws/install/rtabmap_msgs/include/rtabmap_msgs
[78.840s] -- Installing: /home/deepak/electronic_ws/install/rtabmap_msgs/include/rtabmap_msgs/msg
[78.840s] -- Installing: /home/deepak/electronic_ws/install/rtabmap_msgs/include/rtabmap_msgs/msg/global_descriptor.h
[78.840s] -- Installing: /home/deepak/electronic_ws/install/rtabmap_msgs/include/rtabmap_msgs/msg/gps.h
[78.840s] -- Installing: /home/deepak/electronic_ws/install/rtabmap_msgs/include/rtabmap_msgs/msg/info.h
[78.840s] -- Installing: /home/deepak/electronic_ws/install/rtabmap_msgs/include/rtabmap_msgs/msg/camera_model.h
[78.840s] -- Installing: /home/deepak/electronic_ws/install/rtabmap_msgs/include/rtabmap_msgs/msg/scan_descriptor.h
[78.840s] -- Installing: /home/deepak/electronic_ws/install/rtabmap_msgs/include/rtabmap_msgs/msg/camera_models.h
[78.840s] -- Installing: /home/deepak/electronic_ws/install/rtabmap_msgs/include/rtabmap_msgs/msg/goal.h
[78.840s] -- Installing: /home/deepak/electronic_ws/install/rtabmap_msgs/include/rtabmap_msgs/msg/env_sensor.h
[78.840s] -- Installing: /home/deepak/electronic_ws/install/rtabmap_msgs/include/rtabmap_msgs/msg/rgbd_images.h
[78.841s] -- Installing: /home/deepak/electronic_ws/install/rtabmap_msgs/include/rtabmap_msgs/msg/detail
[78.841s] -- Installing: /home/deepak/electronic_ws/install/rtabmap_msgs/include/rtabmap_msgs/msg/detail/env_sensor__type_support.h
[78.841s] -- Installing: /home/deepak/electronic_ws/install/rtabmap_msgs/include/rtabmap_msgs/msg/detail/user_data__struct.h
[78.841s] -- Installing: /home/deepak/electronic_ws/install/rtabmap_msgs/include/rtabmap_msgs/msg/detail/path__type_support.h
[78.841s] -- Installing: /home/deepak/electronic_ws/install/rtabmap_msgs/include/rtabmap_msgs/msg/detail/odom_info__functions.h
[78.841s] -- Installing: /home/deepak/electronic_ws/install/rtabmap_msgs/include/rtabmap_msgs/msg/detail/point2f__functions.h
[78.841s] -- Installing: /home/deepak/electronic_ws/install/rtabmap_msgs/include/rtabmap_msgs/msg/detail/camera_models__functions.h
[78.841s] -- Installing: /home/deepak/electronic_ws/install/rtabmap_msgs/include/rtabmap_msgs/msg/detail/link__type_support.h
[78.841s] -- Installing: /home/deepak/electronic_ws/install/rtabmap_msgs/include/rtabmap_msgs/msg/detail/scan_descriptor__functions.h
[78.841s] -- Installing: /home/deepak/electronic_ws/install/rtabmap_msgs/include/rtabmap_msgs/msg/detail/map_data__type_support.h
[78.841s] -- Installing: /home/deepak/electronic_ws/install/rtabmap_msgs/include/rtabmap_msgs/msg/detail/rgbd_image__functions.c
[78.841s] -- Installing: /home/deepak/electronic_ws/install/rtabmap_msgs/include/rtabmap_msgs/msg/detail/global_descriptor__functions.h
[78.842s] -- Installing: /home/deepak/electronic_ws/install/rtabmap_msgs/include/rtabmap_msgs/msg/detail/key_point__functions.h
[78.842s] -- Installing: /home/deepak/electronic_ws/install/rtabmap_msgs/include/rtabmap_msgs/msg/detail/map_graph__struct.h
[78.842s] -- Installing: /home/deepak/electronic_ws/install/rtabmap_msgs/include/rtabmap_msgs/msg/detail/rgbd_images__struct.h
[78.842s] -- Installing: /home/deepak/electronic_ws/install/rtabmap_msgs/include/rtabmap_msgs/msg/detail/info__functions.c
[78.842s] -- Installing: /home/deepak/electronic_ws/install/rtabmap_msgs/include/rtabmap_msgs/msg/detail/user_data__functions.c
[78.842s] -- Installing: /home/deepak/electronic_ws/install/rtabmap_msgs/include/rtabmap_msgs/msg/detail/rgbd_image__functions.h
[78.842s] -- Installing: /home/deepak/electronic_ws/install/rtabmap_msgs/include/rtabmap_msgs/msg/detail/scan_descriptor__struct.h
[78.842s] -- Installing: /home/deepak/electronic_ws/install/rtabmap_msgs/include/rtabmap_msgs/msg/detail/point3f__struct.h
[78.842s] -- Installing: /home/deepak/electronic_ws/install/rtabmap_msgs/include/rtabmap_msgs/msg/detail/map_data__struct.h
[78.842s] -- Installing: /home/deepak/electronic_ws/install/rtabmap_msgs/include/rtabmap_msgs/msg/detail/map_data__functions.c
[78.842s] -- Installing: /home/deepak/electronic_ws/install/rtabmap_msgs/include/rtabmap_msgs/msg/detail/map_graph__functions.c
[78.842s] -- Installing: /home/deepak/electronic_ws/install/rtabmap_msgs/include/rtabmap_msgs/msg/detail/point2f__functions.c
[78.842s] -- Installing: /home/deepak/electronic_ws/install/rtabmap_msgs/include/rtabmap_msgs/msg/detail/odom_info__struct.h
[78.842s] -- Installing: /home/deepak/electronic_ws/install/rtabmap_msgs/include/rtabmap_msgs/msg/detail/key_point__functions.c
[78.842s] -- Installing: /home/deepak/electronic_ws/install/rtabmap_msgs/include/rtabmap_msgs/msg/detail/env_sensor__functions.h
[78.843s] -- Installing: /home/deepak/electronic_ws/install/rtabmap_msgs/include/rtabmap_msgs/msg/detail/gps__functions.c
[78.843s] -- Installing: /home/deepak/electronic_ws/install/rtabmap_msgs/include/rtabmap_msgs/msg/detail/node_data__functions.c
[78.843s] -- Installing: /home/deepak/electronic_ws/install/rtabmap_msgs/include/rtabmap_msgs/msg/detail/link__struct.h
[78.843s] -- Installing: /home/deepak/electronic_ws/install/rtabmap_msgs/include/rtabmap_msgs/msg/detail/camera_model__struct.h
[78.843s] -- Installing: /home/deepak/electronic_ws/install/rtabmap_msgs/include/rtabmap_msgs/msg/detail/info__type_support.h
[78.843s] -- Installing: /home/deepak/electronic_ws/install/rtabmap_msgs/include/rtabmap_msgs/msg/detail/global_descriptor__struct.h
[78.843s] -- Installing: /home/deepak/electronic_ws/install/rtabmap_msgs/include/rtabmap_msgs/msg/detail/camera_model__type_support.h
[78.843s] -- Installing: /home/deepak/electronic_ws/install/rtabmap_msgs/include/rtabmap_msgs/msg/detail/gps__functions.h
[78.843s] -- Installing: /home/deepak/electronic_ws/install/rtabmap_msgs/include/rtabmap_msgs/msg/detail/goal__functions.c
[78.843s] -- Installing: /home/deepak/electronic_ws/install/rtabmap_msgs/include/rtabmap_msgs/msg/detail/path__struct.h
[78.843s] -- Installing: /home/deepak/electronic_ws/install/rtabmap_msgs/include/rtabmap_msgs/msg/detail/goal__struct.h
[78.843s] -- Installing: /home/deepak/electronic_ws/install/rtabmap_msgs/include/rtabmap_msgs/msg/detail/rgbd_image__struct.h
[78.843s] -- Installing: /home/deepak/electronic_ws/install/rtabmap_msgs/include/rtabmap_msgs/msg/detail/map_graph__functions.h
[78.844s] -- Installing: /home/deepak/electronic_ws/install/rtabmap_msgs/include/rtabmap_msgs/msg/detail/map_graph__type_support.h
[78.844s] -- Installing: /home/deepak/electronic_ws/install/rtabmap_msgs/include/rtabmap_msgs/msg/detail/link__functions.h
[78.844s] -- Installing: /home/deepak/electronic_ws/install/rtabmap_msgs/include/rtabmap_msgs/msg/detail/scan_descriptor__type_support.h
[78.844s] -- Installing: /home/deepak/electronic_ws/install/rtabmap_msgs/include/rtabmap_msgs/msg/detail/scan_descriptor__functions.c
[78.844s] -- Installing: /home/deepak/electronic_ws/install/rtabmap_msgs/include/rtabmap_msgs/msg/detail/info__functions.h
[78.844s] -- Installing: /home/deepak/electronic_ws/install/rtabmap_msgs/include/rtabmap_msgs/msg/detail/point2f__type_support.h
[78.844s] -- Installing: /home/deepak/electronic_ws/install/rtabmap_msgs/include/rtabmap_msgs/msg/detail/point3f__functions.c
[78.844s] -- Installing: /home/deepak/electronic_ws/install/rtabmap_msgs/include/rtabmap_msgs/msg/detail/rgbd_images__functions.c
[78.844s] -- Installing: /home/deepak/electronic_ws/install/rtabmap_msgs/include/rtabmap_msgs/msg/detail/camera_model__functions.c
[78.844s] -- Installing: /home/deepak/electronic_ws/install/rtabmap_msgs/include/rtabmap_msgs/msg/detail/odom_info__functions.c
[78.844s] -- Installing: /home/deepak/electronic_ws/install/rtabmap_msgs/include/rtabmap_msgs/msg/detail/point3f__functions.h
[78.844s] -- Installing: /home/deepak/electronic_ws/install/rtabmap_msgs/include/rtabmap_msgs/msg/detail/key_point__struct.h
[78.844s] -- Installing: /home/deepak/electronic_ws/install/rtabmap_msgs/include/rtabmap_msgs/msg/detail/rgbd_images__type_support.h
[78.845s] -- Installing: /home/deepak/electronic_ws/install/rtabmap_msgs/include/rtabmap_msgs/msg/detail/odom_info__type_support.h
[78.845s] -- Installing: /home/deepak/electronic_ws/install/rtabmap_msgs/include/rtabmap_msgs/msg/detail/point2f__struct.h
[78.845s] -- Installing: /home/deepak/electronic_ws/install/rtabmap_msgs/include/rtabmap_msgs/msg/detail/info__struct.h
[78.845s] -- Installing: /home/deepak/electronic_ws/install/rtabmap_msgs/include/rtabmap_msgs/msg/detail/global_descriptor__type_support.h
[78.845s] -- Installing: /home/deepak/electronic_ws/install/rtabmap_msgs/include/rtabmap_msgs/msg/detail/map_data__functions.h
[78.845s] -- Installing: /home/deepak/electronic_ws/install/rtabmap_msgs/include/rtabmap_msgs/msg/detail/camera_models__functions.c
[78.845s] -- Installing: /home/deepak/electronic_ws/install/rtabmap_msgs/include/rtabmap_msgs/msg/detail/env_sensor__struct.h
[78.845s] -- Installing: /home/deepak/electronic_ws/install/rtabmap_msgs/include/rtabmap_msgs/msg/detail/node_data__type_support.h
[78.845s] -- Installing: /home/deepak/electronic_ws/install/rtabmap_msgs/include/rtabmap_msgs/msg/detail/rgbd_image__type_support.h
[78.845s] -- Installing: /home/deepak/electronic_ws/install/rtabmap_msgs/include/rtabmap_msgs/msg/detail/goal__functions.h
[78.845s] -- Installing: /home/deepak/electronic_ws/install/rtabmap_msgs/include/rtabmap_msgs/msg/detail/path__functions.h
[78.846s] -- Installing: /home/deepak/electronic_ws/install/rtabmap_msgs/include/rtabmap_msgs/msg/detail/global_descriptor__functions.c
[78.846s] -- Installing: /home/deepak/electronic_ws/install/rtabmap_msgs/include/rtabmap_msgs/msg/detail/camera_models__type_support.h
[78.846s] -- Installing: /home/deepak/electronic_ws/install/rtabmap_msgs/include/rtabmap_msgs/msg/detail/camera_model__functions.h
[78.846s] -- Installing: /home/deepak/electronic_ws/install/rtabmap_msgs/include/rtabmap_msgs/msg/detail/rgbd_images__functions.h
[78.846s] -- Installing: /home/deepak/electronic_ws/install/rtabmap_msgs/include/rtabmap_msgs/msg/detail/gps__type_support.h
[78.846s] -- Installing: /home/deepak/electronic_ws/install/rtabmap_msgs/include/rtabmap_msgs/msg/detail/node_data__struct.h
[78.846s] -- Installing: /home/deepak/electronic_ws/install/rtabmap_msgs/include/rtabmap_msgs/msg/detail/user_data__functions.h
[78.846s] -- Installing: /home/deepak/electronic_ws/install/rtabmap_msgs/include/rtabmap_msgs/msg/detail/key_point__type_support.h
[78.846s] -- Installing: /home/deepak/electronic_ws/install/rtabmap_msgs/include/rtabmap_msgs/msg/detail/path__functions.c
[78.846s] -- Installing: /home/deepak/electronic_ws/install/rtabmap_msgs/include/rtabmap_msgs/msg/detail/env_sensor__functions.c
[78.846s] -- Installing: /home/deepak/electronic_ws/install/rtabmap_msgs/include/rtabmap_msgs/msg/detail/user_data__type_support.h
[78.846s] -- Installing: /home/deepak/electronic_ws/install/rtabmap_msgs/include/rtabmap_msgs/msg/detail/node_data__functions.h
[78.846s] -- Installing: /home/deepak/electronic_ws/install/rtabmap_msgs/include/rtabmap_msgs/msg/detail/camera_models__struct.h
[78.847s] -- Installing: /home/deepak/electronic_ws/install/rtabmap_msgs/include/rtabmap_msgs/msg/detail/link__functions.c
[78.847s] -- Installing: /home/deepak/electronic_ws/install/rtabmap_msgs/include/rtabmap_msgs/msg/detail/goal__type_support.h
[78.847s] -- Installing: /home/deepak/electronic_ws/install/rtabmap_msgs/include/rtabmap_msgs/msg/detail/point3f__type_support.h
[78.847s] -- Installing: /home/deepak/electronic_ws/install/rtabmap_msgs/include/rtabmap_msgs/msg/detail/gps__struct.h
[78.847s] -- Installing: /home/deepak/electronic_ws/install/rtabmap_msgs/include/rtabmap_msgs/msg/node_data.h
[78.847s] -- Installing: /home/deepak/electronic_ws/install/rtabmap_msgs/include/rtabmap_msgs/msg/link.h
[78.847s] -- Installing: /home/deepak/electronic_ws/install/rtabmap_msgs/include/rtabmap_msgs/msg/map_graph.h
[78.847s] -- Installing: /home/deepak/electronic_ws/install/rtabmap_msgs/include/rtabmap_msgs/msg/user_data.h
[78.847s] -- Installing: /home/deepak/electronic_ws/install/rtabmap_msgs/include/rtabmap_msgs/msg/rosidl_generator_c__visibility_control.h
[78.847s] -- Installing: /home/deepak/electronic_ws/install/rtabmap_msgs/include/rtabmap_msgs/msg/point2f.h
[78.847s] -- Installing: /home/deepak/electronic_ws/install/rtabmap_msgs/include/rtabmap_msgs/msg/path.h
[78.847s] -- Installing: /home/deepak/electronic_ws/install/rtabmap_msgs/include/rtabmap_msgs/msg/point3f.h
[78.847s] -- Installing: /home/deepak/electronic_ws/install/rtabmap_msgs/include/rtabmap_msgs/msg/map_data.h
[78.847s] -- Installing: /home/deepak/electronic_ws/install/rtabmap_msgs/include/rtabmap_msgs/msg/key_point.h
[78.848s] -- Installing: /home/deepak/electronic_ws/install/rtabmap_msgs/include/rtabmap_msgs/msg/rgbd_image.h
[78.848s] -- Installing: /home/deepak/electronic_ws/install/rtabmap_msgs/include/rtabmap_msgs/msg/odom_info.h
[78.848s] -- Installing: /home/deepak/electronic_ws/install/rtabmap_msgs/include/rtabmap_msgs/srv
[78.848s] -- Installing: /home/deepak/electronic_ws/install/rtabmap_msgs/include/rtabmap_msgs/srv/get_map2.h
[78.848s] -- Installing: /home/deepak/electronic_ws/install/rtabmap_msgs/include/rtabmap_msgs/srv/add_link.h
[78.848s] -- Installing: /home/deepak/electronic_ws/install/rtabmap_msgs/include/rtabmap_msgs/srv/get_nodes_in_radius.h
[78.848s] -- Installing: /home/deepak/electronic_ws/install/rtabmap_msgs/include/rtabmap_msgs/srv/global_bundle_adjustment.h
[78.848s] -- Installing: /home/deepak/electronic_ws/install/rtabmap_msgs/include/rtabmap_msgs/srv/get_plan.h
[78.848s] -- Installing: /home/deepak/electronic_ws/install/rtabmap_msgs/include/rtabmap_msgs/srv/load_database.h
[78.848s] -- Installing: /home/deepak/electronic_ws/install/rtabmap_msgs/include/rtabmap_msgs/srv/detect_more_loop_closures.h
[78.848s] -- Installing: /home/deepak/electronic_ws/install/rtabmap_msgs/include/rtabmap_msgs/srv/get_node_data.h
[78.848s] -- Installing: /home/deepak/electronic_ws/install/rtabmap_msgs/include/rtabmap_msgs/srv/detail
[78.848s] -- Installing: /home/deepak/electronic_ws/install/rtabmap_msgs/include/rtabmap_msgs/srv/detail/get_map__functions.h
[78.848s] -- Installing: /home/deepak/electronic_ws/install/rtabmap_msgs/include/rtabmap_msgs/srv/detail/get_map__struct.h
[78.848s] -- Installing: /home/deepak/electronic_ws/install/rtabmap_msgs/include/rtabmap_msgs/srv/detail/set_label__struct.h
[78.849s] -- Installing: /home/deepak/electronic_ws/install/rtabmap_msgs/include/rtabmap_msgs/srv/detail/cleanup_local_grids__struct.h
[78.849s] -- Installing: /home/deepak/electronic_ws/install/rtabmap_msgs/include/rtabmap_msgs/srv/detail/set_goal__functions.h
[78.849s] -- Installing: /home/deepak/electronic_ws/install/rtabmap_msgs/include/rtabmap_msgs/srv/detail/load_database__functions.h
[78.849s] -- Installing: /home/deepak/electronic_ws/install/rtabmap_msgs/include/rtabmap_msgs/srv/detail/get_map2__type_support.h
[78.849s] -- Installing: /home/deepak/electronic_ws/install/rtabmap_msgs/include/rtabmap_msgs/srv/detail/reset_pose__functions.h
[78.849s] -- Installing: /home/deepak/electronic_ws/install/rtabmap_msgs/include/rtabmap_msgs/srv/detail/load_database__struct.h
[78.849s] -- Installing: /home/deepak/electronic_ws/install/rtabmap_msgs/include/rtabmap_msgs/srv/detail/remove_label__functions.h
[78.849s] -- Installing: /home/deepak/electronic_ws/install/rtabmap_msgs/include/rtabmap_msgs/srv/detail/set_label__type_support.h
[78.849s] -- Installing: /home/deepak/electronic_ws/install/rtabmap_msgs/include/rtabmap_msgs/srv/detail/get_nodes_in_radius__type_support.h
[78.849s] -- Installing: /home/deepak/electronic_ws/install/rtabmap_msgs/include/rtabmap_msgs/srv/detail/load_database__type_support.h
[78.849s] -- Installing: /home/deepak/electronic_ws/install/rtabmap_msgs/include/rtabmap_msgs/srv/detail/get_node_data__functions.h
[78.849s] -- Installing: /home/deepak/electronic_ws/install/rtabmap_msgs/include/rtabmap_msgs/srv/detail/publish_map__functions.h
[78.849s] -- Installing: /home/deepak/electronic_ws/install/rtabmap_msgs/include/rtabmap_msgs/srv/detail/global_bundle_adjustment__type_support.h
[78.849s] -- Installing: /home/deepak/electronic_ws/install/rtabmap_msgs/include/rtabmap_msgs/srv/detail/get_node_data__functions.c
[78.850s] -- Installing: /home/deepak/electronic_ws/install/rtabmap_msgs/include/rtabmap_msgs/srv/detail/reset_pose__functions.c
[78.850s] -- Installing: /home/deepak/electronic_ws/install/rtabmap_msgs/include/rtabmap_msgs/srv/detail/remove_label__type_support.h
[78.850s] -- Installing: /home/deepak/electronic_ws/install/rtabmap_msgs/include/rtabmap_msgs/srv/detail/get_nodes_in_radius__struct.h
[78.850s] -- Installing: /home/deepak/electronic_ws/install/rtabmap_msgs/include/rtabmap_msgs/srv/detail/global_bundle_adjustment__functions.h
[78.850s] -- Installing: /home/deepak/electronic_ws/install/rtabmap_msgs/include/rtabmap_msgs/srv/detail/publish_map__functions.c
[78.850s] -- Installing: /home/deepak/electronic_ws/install/rtabmap_msgs/include/rtabmap_msgs/srv/detail/set_goal__functions.c
[78.850s] -- Installing: /home/deepak/electronic_ws/install/rtabmap_msgs/include/rtabmap_msgs/srv/detail/get_plan__struct.h
[78.850s] -- Installing: /home/deepak/electronic_ws/install/rtabmap_msgs/include/rtabmap_msgs/srv/detail/list_labels__type_support.h
[78.850s] -- Installing: /home/deepak/electronic_ws/install/rtabmap_msgs/include/rtabmap_msgs/srv/detail/publish_map__struct.h
[78.850s] -- Installing: /home/deepak/electronic_ws/install/rtabmap_msgs/include/rtabmap_msgs/srv/detail/global_bundle_adjustment__functions.c
[78.850s] -- Installing: /home/deepak/electronic_ws/install/rtabmap_msgs/include/rtabmap_msgs/srv/detail/get_map__type_support.h
[78.851s] -- Installing: /home/deepak/electronic_ws/install/rtabmap_msgs/include/rtabmap_msgs/srv/detail/add_link__functions.h
[78.851s] -- Installing: /home/deepak/electronic_ws/install/rtabmap_msgs/include/rtabmap_msgs/srv/detail/remove_label__struct.h
[78.851s] -- Installing: /home/deepak/electronic_ws/install/rtabmap_msgs/include/rtabmap_msgs/srv/detail/get_nodes_in_radius__functions.c
[78.851s] -- Installing: /home/deepak/electronic_ws/install/rtabmap_msgs/include/rtabmap_msgs/srv/detail/set_goal__type_support.h
[78.851s] -- Installing: /home/deepak/electronic_ws/install/rtabmap_msgs/include/rtabmap_msgs/srv/detail/get_node_data__type_support.h
[78.851s] -- Installing: /home/deepak/electronic_ws/install/rtabmap_msgs/include/rtabmap_msgs/srv/detail/reset_pose__type_support.h
[78.851s] -- Installing: /home/deepak/electronic_ws/install/rtabmap_msgs/include/rtabmap_msgs/srv/detail/cleanup_local_grids__functions.c
[78.851s] -- Installing: /home/deepak/electronic_ws/install/rtabmap_msgs/include/rtabmap_msgs/srv/detail/load_database__functions.c
[78.851s] -- Installing: /home/deepak/electronic_ws/install/rtabmap_msgs/include/rtabmap_msgs/srv/detail/get_map2__functions.c
[78.851s] -- Installing: /home/deepak/electronic_ws/install/rtabmap_msgs/include/rtabmap_msgs/srv/detail/detect_more_loop_closures__type_support.h
[78.851s] -- Installing: /home/deepak/electronic_ws/install/rtabmap_msgs/include/rtabmap_msgs/srv/detail/set_label__functions.h
[78.851s] -- Installing: /home/deepak/electronic_ws/install/rtabmap_msgs/include/rtabmap_msgs/srv/detail/detect_more_loop_closures__functions.c
[78.851s] -- Installing: /home/deepak/electronic_ws/install/rtabmap_msgs/include/rtabmap_msgs/srv/detail/global_bundle_adjustment__struct.h
[78.851s] -- Installing: /home/deepak/electronic_ws/install/rtabmap_msgs/include/rtabmap_msgs/srv/detail/reset_pose__struct.h
[78.851s] -- Installing: /home/deepak/electronic_ws/install/rtabmap_msgs/include/rtabmap_msgs/srv/detail/publish_map__type_support.h
[78.851s] -- Installing: /home/deepak/electronic_ws/install/rtabmap_msgs/include/rtabmap_msgs/srv/detail/get_map2__functions.h
[78.852s] -- Installing: /home/deepak/electronic_ws/install/rtabmap_msgs/include/rtabmap_msgs/srv/detail/list_labels__struct.h
[78.852s] -- Installing: /home/deepak/electronic_ws/install/rtabmap_msgs/include/rtabmap_msgs/srv/detail/get_node_data__struct.h
[78.852s] -- Installing: /home/deepak/electronic_ws/install/rtabmap_msgs/include/rtabmap_msgs/srv/detail/get_plan__functions.c
[78.852s] -- Installing: /home/deepak/electronic_ws/install/rtabmap_msgs/include/rtabmap_msgs/srv/detail/set_label__functions.c
[78.852s] -- Installing: /home/deepak/electronic_ws/install/rtabmap_msgs/include/rtabmap_msgs/srv/detail/list_labels__functions.h
[78.852s] -- Installing: /home/deepak/electronic_ws/install/rtabmap_msgs/include/rtabmap_msgs/srv/detail/cleanup_local_grids__functions.h
[78.852s] -- Installing: /home/deepak/electronic_ws/install/rtabmap_msgs/include/rtabmap_msgs/srv/detail/cleanup_local_grids__type_support.h
[78.852s] -- Installing: /home/deepak/electronic_ws/install/rtabmap_msgs/include/rtabmap_msgs/srv/detail/list_labels__functions.c
[78.852s] -- Installing: /home/deepak/electronic_ws/install/rtabmap_msgs/include/rtabmap_msgs/srv/detail/remove_label__functions.c
[78.852s] -- Installing: /home/deepak/electronic_ws/install/rtabmap_msgs/include/rtabmap_msgs/srv/detail/add_link__functions.c
[78.852s] -- Installing: /home/deepak/electronic_ws/install/rtabmap_msgs/include/rtabmap_msgs/srv/detail/get_map2__struct.h
[78.852s] -- Installing: /home/deepak/electronic_ws/install/rtabmap_msgs/include/rtabmap_msgs/srv/detail/add_link__struct.h
[78.852s] -- Installing: /home/deepak/electronic_ws/install/rtabmap_msgs/include/rtabmap_msgs/srv/detail/detect_more_loop_closures__struct.h
[78.852s] -- Installing: /home/deepak/electronic_ws/install/rtabmap_msgs/include/rtabmap_msgs/srv/detail/get_nodes_in_radius__functions.h
[78.853s] -- Installing: /home/deepak/electronic_ws/install/rtabmap_msgs/include/rtabmap_msgs/srv/detail/get_map__functions.c
[78.853s] -- Installing: /home/deepak/electronic_ws/install/rtabmap_msgs/include/rtabmap_msgs/srv/detail/get_plan__functions.h
[78.853s] -- Installing: /home/deepak/electronic_ws/install/rtabmap_msgs/include/rtabmap_msgs/srv/detail/add_link__type_support.h
[78.853s] -- Installing: /home/deepak/electronic_ws/install/rtabmap_msgs/include/rtabmap_msgs/srv/detail/get_plan__type_support.h
[78.853s] -- Installing: /home/deepak/electronic_ws/install/rtabmap_msgs/include/rtabmap_msgs/srv/detail/set_goal__struct.h
[78.853s] -- Installing: /home/deepak/electronic_ws/install/rtabmap_msgs/include/rtabmap_msgs/srv/detail/detect_more_loop_closures__functions.h
[78.853s] -- Installing: /home/deepak/electronic_ws/install/rtabmap_msgs/include/rtabmap_msgs/srv/get_map.h
[78.853s] -- Installing: /home/deepak/electronic_ws/install/rtabmap_msgs/include/rtabmap_msgs/srv/cleanup_local_grids.h
[78.853s] -- Installing: /home/deepak/electronic_ws/install/rtabmap_msgs/include/rtabmap_msgs/srv/publish_map.h
[78.853s] -- Installing: /home/deepak/electronic_ws/install/rtabmap_msgs/include/rtabmap_msgs/srv/remove_label.h
[78.853s] -- Installing: /home/deepak/electronic_ws/install/rtabmap_msgs/include/rtabmap_msgs/srv/reset_pose.h
[78.853s] -- Installing: /home/deepak/electronic_ws/install/rtabmap_msgs/include/rtabmap_msgs/srv/set_goal.h
[78.854s] -- Installing: /home/deepak/electronic_ws/install/rtabmap_msgs/include/rtabmap_msgs/srv/set_label.h
[78.854s] -- Installing: /home/deepak/electronic_ws/install/rtabmap_msgs/include/rtabmap_msgs/srv/list_labels.h
[78.854s] -- Installing: /home/deepak/electronic_ws/install/rtabmap_msgs/share/rtabmap_msgs/environment/library_path.sh
[78.854s] -- Installing: /home/deepak/electronic_ws/install/rtabmap_msgs/share/rtabmap_msgs/environment/library_path.dsv
[78.854s] -- Installing: /home/deepak/electronic_ws/install/rtabmap_msgs/lib/librtabmap_msgs__rosidl_generator_c.so
[78.854s] -- Set runtime path of "/home/deepak/electronic_ws/install/rtabmap_msgs/lib/librtabmap_msgs__rosidl_generator_c.so" to ""
[78.854s] -- Up-to-date: /home/deepak/electronic_ws/install/rtabmap_msgs/include/rtabmap_msgs
[78.854s] -- Up-to-date: /home/deepak/electronic_ws/install/rtabmap_msgs/include/rtabmap_msgs/msg
[78.854s] -- Up-to-date: /home/deepak/electronic_ws/install/rtabmap_msgs/include/rtabmap_msgs/msg/detail
[78.854s] -- Installing: /home/deepak/electronic_ws/install/rtabmap_msgs/include/rtabmap_msgs/msg/detail/link__rosidl_typesupport_fastrtps_c.h
[78.854s] -- Installing: /home/deepak/electronic_ws/install/rtabmap_msgs/include/rtabmap_msgs/msg/detail/point2f__rosidl_typesupport_fastrtps_c.h
[78.854s] -- Installing: /home/deepak/electronic_ws/install/rtabmap_msgs/include/rtabmap_msgs/msg/detail/point3f__rosidl_typesupport_fastrtps_c.h
[78.854s] -- Installing: /home/deepak/electronic_ws/install/rtabmap_msgs/include/rtabmap_msgs/msg/detail/camera_model__rosidl_typesupport_fastrtps_c.h
[78.855s] -- Installing: /home/deepak/electronic_ws/install/rtabmap_msgs/include/rtabmap_msgs/msg/detail/user_data__rosidl_typesupport_fastrtps_c.h
[78.855s] -- Installing: /home/deepak/electronic_ws/install/rtabmap_msgs/include/rtabmap_msgs/msg/detail/scan_descriptor__rosidl_typesupport_fastrtps_c.h
[78.855s] -- Installing: /home/deepak/electronic_ws/install/rtabmap_msgs/include/rtabmap_msgs/msg/detail/map_data__rosidl_typesupport_fastrtps_c.h
[78.855s] -- Installing: /home/deepak/electronic_ws/install/rtabmap_msgs/include/rtabmap_msgs/msg/detail/global_descriptor__rosidl_typesupport_fastrtps_c.h
[78.855s] -- Installing: /home/deepak/electronic_ws/install/rtabmap_msgs/include/rtabmap_msgs/msg/detail/key_point__rosidl_typesupport_fastrtps_c.h
[78.855s] -- Installing: /home/deepak/electronic_ws/install/rtabmap_msgs/include/rtabmap_msgs/msg/detail/gps__rosidl_typesupport_fastrtps_c.h
[78.855s] -- Installing: /home/deepak/electronic_ws/install/rtabmap_msgs/include/rtabmap_msgs/msg/detail/rgbd_images__rosidl_typesupport_fastrtps_c.h
[78.855s] -- Installing: /home/deepak/electronic_ws/install/rtabmap_msgs/include/rtabmap_msgs/msg/detail/map_graph__rosidl_typesupport_fastrtps_c.h
[78.855s] -- Installing: /home/deepak/electronic_ws/install/rtabmap_msgs/include/rtabmap_msgs/msg/detail/env_sensor__rosidl_typesupport_fastrtps_c.h
[78.855s] -- Installing: /home/deepak/electronic_ws/install/rtabmap_msgs/include/rtabmap_msgs/msg/detail/path__rosidl_typesupport_fastrtps_c.h
[78.855s] -- Installing: /home/deepak/electronic_ws/install/rtabmap_msgs/include/rtabmap_msgs/msg/detail/info__rosidl_typesupport_fastrtps_c.h
[78.855s] -- Installing: /home/deepak/electronic_ws/install/rtabmap_msgs/include/rtabmap_msgs/msg/detail/node_data__rosidl_typesupport_fastrtps_c.h
[78.855s] -- Installing: /home/deepak/electronic_ws/install/rtabmap_msgs/include/rtabmap_msgs/msg/detail/camera_models__rosidl_typesupport_fastrtps_c.h
[78.855s] -- Installing: /home/deepak/electronic_ws/install/rtabmap_msgs/include/rtabmap_msgs/msg/detail/odom_info__rosidl_typesupport_fastrtps_c.h
[78.855s] -- Installing: /home/deepak/electronic_ws/install/rtabmap_msgs/include/rtabmap_msgs/msg/detail/goal__rosidl_typesupport_fastrtps_c.h
[78.855s] -- Installing: /home/deepak/electronic_ws/install/rtabmap_msgs/include/rtabmap_msgs/msg/detail/rgbd_image__rosidl_typesupport_fastrtps_c.h
[78.855s] -- Installing: /home/deepak/electronic_ws/install/rtabmap_msgs/include/rtabmap_msgs/msg/rosidl_typesupport_fastrtps_c__visibility_control.h
[78.856s] -- Up-to-date: /home/deepak/electronic_ws/install/rtabmap_msgs/include/rtabmap_msgs/srv
[78.856s] -- Up-to-date: /home/deepak/electronic_ws/install/rtabmap_msgs/include/rtabmap_msgs/srv/detail
[78.856s] -- Installing: /home/deepak/electronic_ws/install/rtabmap_msgs/include/rtabmap_msgs/srv/detail/cleanup_local_grids__rosidl_typesupport_fastrtps_c.h
[78.856s] -- Installing: /home/deepak/electronic_ws/install/rtabmap_msgs/include/rtabmap_msgs/srv/detail/get_map__rosidl_typesupport_fastrtps_c.h
[78.856s] -- Installing: /home/deepak/electronic_ws/install/rtabmap_msgs/include/rtabmap_msgs/srv/detail/add_link__rosidl_typesupport_fastrtps_c.h
[78.856s] -- Installing: /home/deepak/electronic_ws/install/rtabmap_msgs/include/rtabmap_msgs/srv/detail/list_labels__rosidl_typesupport_fastrtps_c.h
[78.856s] -- Installing: /home/deepak/electronic_ws/install/rtabmap_msgs/include/rtabmap_msgs/srv/detail/get_plan__rosidl_typesupport_fastrtps_c.h
[78.856s] -- Installing: /home/deepak/electronic_ws/install/rtabmap_msgs/include/rtabmap_msgs/srv/detail/publish_map__rosidl_typesupport_fastrtps_c.h
[78.856s] -- Installing: /home/deepak/electronic_ws/install/rtabmap_msgs/include/rtabmap_msgs/srv/detail/get_node_data__rosidl_typesupport_fastrtps_c.h
[78.856s] -- Installing: /home/deepak/electronic_ws/install/rtabmap_msgs/include/rtabmap_msgs/srv/detail/set_goal__rosidl_typesupport_fastrtps_c.h
[78.856s] -- Installing: /home/deepak/electronic_ws/install/rtabmap_msgs/include/rtabmap_msgs/srv/detail/remove_label__rosidl_typesupport_fastrtps_c.h
[78.856s] -- Installing: /home/deepak/electronic_ws/install/rtabmap_msgs/include/rtabmap_msgs/srv/detail/get_map2__rosidl_typesupport_fastrtps_c.h
[78.856s] -- Installing: /home/deepak/electronic_ws/install/rtabmap_msgs/include/rtabmap_msgs/srv/detail/set_label__rosidl_typesupport_fastrtps_c.h
[78.857s] -- Installing: /home/deepak/electronic_ws/install/rtabmap_msgs/include/rtabmap_msgs/srv/detail/load_database__rosidl_typesupport_fastrtps_c.h
[78.857s] -- Installing: /home/deepak/electronic_ws/install/rtabmap_msgs/include/rtabmap_msgs/srv/detail/detect_more_loop_closures__rosidl_typesupport_fastrtps_c.h
[78.857s] -- Installing: /home/deepak/electronic_ws/install/rtabmap_msgs/include/rtabmap_msgs/srv/detail/get_nodes_in_radius__rosidl_typesupport_fastrtps_c.h
[78.857s] -- Installing: /home/deepak/electronic_ws/install/rtabmap_msgs/include/rtabmap_msgs/srv/detail/global_bundle_adjustment__rosidl_typesupport_fastrtps_c.h
[78.857s] -- Installing: /home/deepak/electronic_ws/install/rtabmap_msgs/include/rtabmap_msgs/srv/detail/reset_pose__rosidl_typesupport_fastrtps_c.h
[78.857s] -- Installing: /home/deepak/electronic_ws/install/rtabmap_msgs/lib/librtabmap_msgs__rosidl_typesupport_fastrtps_c.so
[78.857s] -- Set runtime path of "/home/deepak/electronic_ws/install/rtabmap_msgs/lib/librtabmap_msgs__rosidl_typesupport_fastrtps_c.so" to ""
[78.857s] -- Up-to-date: /home/deepak/electronic_ws/install/rtabmap_msgs/include/rtabmap_msgs
[78.857s] -- Up-to-date: /home/deepak/electronic_ws/install/rtabmap_msgs/include/rtabmap_msgs/msg
[78.857s] -- Installing: /home/deepak/electronic_ws/install/rtabmap_msgs/include/rtabmap_msgs/msg/rosidl_typesupport_fastrtps_cpp__visibility_control.h
[78.857s] -- Up-to-date: /home/deepak/electronic_ws/install/rtabmap_msgs/include/rtabmap_msgs/msg/detail
[78.857s] -- Installing: /home/deepak/electronic_ws/install/rtabmap_msgs/include/rtabmap_msgs/msg/detail/odom_info__rosidl_typesupport_fastrtps_cpp.hpp
[78.857s] -- Installing: /home/deepak/electronic_ws/install/rtabmap_msgs/include/rtabmap_msgs/msg/detail/scan_descriptor__rosidl_typesupport_fastrtps_cpp.hpp
[78.857s] -- Installing: /home/deepak/electronic_ws/install/rtabmap_msgs/include/rtabmap_msgs/msg/detail/node_data__rosidl_typesupport_fastrtps_cpp.hpp
[78.858s] -- Installing: /home/deepak/electronic_ws/install/rtabmap_msgs/include/rtabmap_msgs/msg/detail/user_data__rosidl_typesupport_fastrtps_cpp.hpp
[78.858s] -- Installing: /home/deepak/electronic_ws/install/rtabmap_msgs/include/rtabmap_msgs/msg/detail/goal__rosidl_typesupport_fastrtps_cpp.hpp
[78.858s] -- Installing: /home/deepak/electronic_ws/install/rtabmap_msgs/include/rtabmap_msgs/msg/detail/env_sensor__rosidl_typesupport_fastrtps_cpp.hpp
[78.858s] -- Installing: /home/deepak/electronic_ws/install/rtabmap_msgs/include/rtabmap_msgs/msg/detail/global_descriptor__rosidl_typesupport_fastrtps_cpp.hpp
[78.858s] -- Installing: /home/deepak/electronic_ws/install/rtabmap_msgs/include/rtabmap_msgs/msg/detail/point3f__rosidl_typesupport_fastrtps_cpp.hpp
[78.858s] -- Installing: /home/deepak/electronic_ws/install/rtabmap_msgs/include/rtabmap_msgs/msg/detail/point2f__rosidl_typesupport_fastrtps_cpp.hpp
[78.858s] -- Installing: /home/deepak/electronic_ws/install/rtabmap_msgs/include/rtabmap_msgs/msg/detail/camera_models__rosidl_typesupport_fastrtps_cpp.hpp
[78.858s] -- Installing: /home/deepak/electronic_ws/install/rtabmap_msgs/include/rtabmap_msgs/msg/detail/rgbd_image__rosidl_typesupport_fastrtps_cpp.hpp
[78.858s] -- Installing: /home/deepak/electronic_ws/install/rtabmap_msgs/include/rtabmap_msgs/msg/detail/dds_fastrtps
[78.858s] -- Installing: /home/deepak/electronic_ws/install/rtabmap_msgs/include/rtabmap_msgs/msg/detail/link__rosidl_typesupport_fastrtps_cpp.hpp
[78.858s] -- Installing: /home/deepak/electronic_ws/install/rtabmap_msgs/include/rtabmap_msgs/msg/detail/info__rosidl_typesupport_fastrtps_cpp.hpp
[78.858s] -- Installing: /home/deepak/electronic_ws/install/rtabmap_msgs/include/rtabmap_msgs/msg/detail/map_graph__rosidl_typesupport_fastrtps_cpp.hpp
[78.858s] -- Installing: /home/deepak/electronic_ws/install/rtabmap_msgs/include/rtabmap_msgs/msg/detail/rgbd_images__rosidl_typesupport_fastrtps_cpp.hpp
[78.858s] -- Installing: /home/deepak/electronic_ws/install/rtabmap_msgs/include/rtabmap_msgs/msg/detail/gps__rosidl_typesupport_fastrtps_cpp.hpp
[78.858s] -- Installing: /home/deepak/electronic_ws/install/rtabmap_msgs/include/rtabmap_msgs/msg/detail/map_data__rosidl_typesupport_fastrtps_cpp.hpp
[78.858s] -- Installing: /home/deepak/electronic_ws/install/rtabmap_msgs/include/rtabmap_msgs/msg/detail/key_point__rosidl_typesupport_fastrtps_cpp.hpp
[78.858s] -- Installing: /home/deepak/electronic_ws/install/rtabmap_msgs/include/rtabmap_msgs/msg/detail/camera_model__rosidl_typesupport_fastrtps_cpp.hpp
[78.859s] -- Installing: /home/deepak/electronic_ws/install/rtabmap_msgs/include/rtabmap_msgs/msg/detail/path__rosidl_typesupport_fastrtps_cpp.hpp
[78.859s] -- Up-to-date: /home/deepak/electronic_ws/install/rtabmap_msgs/include/rtabmap_msgs/srv
[78.859s] -- Up-to-date: /home/deepak/electronic_ws/install/rtabmap_msgs/include/rtabmap_msgs/srv/detail
[78.859s] -- Installing: /home/deepak/electronic_ws/install/rtabmap_msgs/include/rtabmap_msgs/srv/detail/get_node_data__rosidl_typesupport_fastrtps_cpp.hpp
[78.859s] -- Installing: /home/deepak/electronic_ws/install/rtabmap_msgs/include/rtabmap_msgs/srv/detail/list_labels__rosidl_typesupport_fastrtps_cpp.hpp
[78.859s] -- Installing: /home/deepak/electronic_ws/install/rtabmap_msgs/include/rtabmap_msgs/srv/detail/get_map__rosidl_typesupport_fastrtps_cpp.hpp
[78.859s] -- Installing: /home/deepak/electronic_ws/install/rtabmap_msgs/include/rtabmap_msgs/srv/detail/publish_map__rosidl_typesupport_fastrtps_cpp.hpp
[78.859s] -- Installing: /home/deepak/electronic_ws/install/rtabmap_msgs/include/rtabmap_msgs/srv/detail/global_bundle_adjustment__rosidl_typesupport_fastrtps_cpp.hpp
[78.859s] -- Installing: /home/deepak/electronic_ws/install/rtabmap_msgs/include/rtabmap_msgs/srv/detail/get_map2__rosidl_typesupport_fastrtps_cpp.hpp
[78.859s] -- Installing: /home/deepak/electronic_ws/install/rtabmap_msgs/include/rtabmap_msgs/srv/detail/load_database__rosidl_typesupport_fastrtps_cpp.hpp
[78.859s] -- Installing: /home/deepak/electronic_ws/install/rtabmap_msgs/include/rtabmap_msgs/srv/detail/dds_fastrtps
[78.859s] -- Installing: /home/deepak/electronic_ws/install/rtabmap_msgs/include/rtabmap_msgs/srv/detail/set_goal__rosidl_typesupport_fastrtps_cpp.hpp
[78.859s] -- Installing: /home/deepak/electronic_ws/install/rtabmap_msgs/include/rtabmap_msgs/srv/detail/set_label__rosidl_typesupport_fastrtps_cpp.hpp
[78.859s] -- Installing: /home/deepak/electronic_ws/install/rtabmap_msgs/include/rtabmap_msgs/srv/detail/add_link__rosidl_typesupport_fastrtps_cpp.hpp
[78.859s] -- Installing: /home/deepak/electronic_ws/install/rtabmap_msgs/include/rtabmap_msgs/srv/detail/detect_more_loop_closures__rosidl_typesupport_fastrtps_cpp.hpp
[78.859s] -- Installing: /home/deepak/electronic_ws/install/rtabmap_msgs/include/rtabmap_msgs/srv/detail/get_nodes_in_radius__rosidl_typesupport_fastrtps_cpp.hpp
[78.860s] -- Installing: /home/deepak/electronic_ws/install/rtabmap_msgs/include/rtabmap_msgs/srv/detail/get_plan__rosidl_typesupport_fastrtps_cpp.hpp
[78.860s] -- Installing: /home/deepak/electronic_ws/install/rtabmap_msgs/include/rtabmap_msgs/srv/detail/cleanup_local_grids__rosidl_typesupport_fastrtps_cpp.hpp
[78.860s] -- Installing: /home/deepak/electronic_ws/install/rtabmap_msgs/include/rtabmap_msgs/srv/detail/reset_pose__rosidl_typesupport_fastrtps_cpp.hpp
[78.860s] -- Installing: /home/deepak/electronic_ws/install/rtabmap_msgs/include/rtabmap_msgs/srv/detail/remove_label__rosidl_typesupport_fastrtps_cpp.hpp
[78.860s] -- Installing: /home/deepak/electronic_ws/install/rtabmap_msgs/lib/librtabmap_msgs__rosidl_typesupport_fastrtps_cpp.so
[78.860s] -- Set runtime path of "/home/deepak/electronic_ws/install/rtabmap_msgs/lib/librtabmap_msgs__rosidl_typesupport_fastrtps_cpp.so" to ""
[78.860s] -- Up-to-date: /home/deepak/electronic_ws/install/rtabmap_msgs/include/rtabmap_msgs
[78.860s] -- Up-to-date: /home/deepak/electronic_ws/install/rtabmap_msgs/include/rtabmap_msgs/msg
[78.860s] -- Up-to-date: /home/deepak/electronic_ws/install/rtabmap_msgs/include/rtabmap_msgs/msg/detail
[78.860s] -- Installing: /home/deepak/electronic_ws/install/rtabmap_msgs/include/rtabmap_msgs/msg/detail/rgbd_image__rosidl_typesupport_introspection_c.h
[78.860s] -- Installing: /home/deepak/electronic_ws/install/rtabmap_msgs/include/rtabmap_msgs/msg/detail/global_descriptor__type_support.c
[78.860s] -- Installing: /home/deepak/electronic_ws/install/rtabmap_msgs/include/rtabmap_msgs/msg/detail/goal__rosidl_typesupport_introspection_c.h
[78.860s] -- Installing: /home/deepak/electronic_ws/install/rtabmap_msgs/include/rtabmap_msgs/msg/detail/map_data__type_support.c
[78.861s] -- Installing: /home/deepak/electronic_ws/install/rtabmap_msgs/include/rtabmap_msgs/msg/detail/camera_model__type_support.c
[78.861s] -- Installing: /home/deepak/electronic_ws/install/rtabmap_msgs/include/rtabmap_msgs/msg/detail/env_sensor__type_support.c
[78.861s] -- Installing: /home/deepak/electronic_ws/install/rtabmap_msgs/include/rtabmap_msgs/msg/detail/path__type_support.c
[78.861s] -- Installing: /home/deepak/electronic_ws/install/rtabmap_msgs/include/rtabmap_msgs/msg/detail/camera_models__rosidl_typesupport_introspection_c.h
[78.861s] -- Installing: /home/deepak/electronic_ws/install/rtabmap_msgs/include/rtabmap_msgs/msg/detail/user_data__rosidl_typesupport_introspection_c.h
[78.861s] -- Installing: /home/deepak/electronic_ws/install/rtabmap_msgs/include/rtabmap_msgs/msg/detail/point2f__type_support.c
[78.861s] -- Installing: /home/deepak/electronic_ws/install/rtabmap_msgs/include/rtabmap_msgs/msg/detail/key_point__type_support.c
[78.861s] -- Installing: /home/deepak/electronic_ws/install/rtabmap_msgs/include/rtabmap_msgs/msg/detail/gps__rosidl_typesupport_introspection_c.h
[78.861s] -- Installing: /home/deepak/electronic_ws/install/rtabmap_msgs/include/rtabmap_msgs/msg/detail/env_sensor__rosidl_typesupport_introspection_c.h
[78.861s] -- Installing: /home/deepak/electronic_ws/install/rtabmap_msgs/include/rtabmap_msgs/msg/detail/info__type_support.c
[78.861s] -- Installing: /home/deepak/electronic_ws/install/rtabmap_msgs/include/rtabmap_msgs/msg/detail/node_data__type_support.c
[78.861s] -- Installing: /home/deepak/electronic_ws/install/rtabmap_msgs/include/rtabmap_msgs/msg/detail/info__rosidl_typesupport_introspection_c.h
[78.861s] -- Installing: /home/deepak/electronic_ws/install/rtabmap_msgs/include/rtabmap_msgs/msg/detail/path__rosidl_typesupport_introspection_c.h
[78.861s] -- Installing: /home/deepak/electronic_ws/install/rtabmap_msgs/include/rtabmap_msgs/msg/detail/camera_models__type_support.c
[78.862s] -- Installing: /home/deepak/electronic_ws/install/rtabmap_msgs/include/rtabmap_msgs/msg/detail/map_graph__type_support.c
[78.862s] -- Installing: /home/deepak/electronic_ws/install/rtabmap_msgs/include/rtabmap_msgs/msg/detail/camera_model__rosidl_typesupport_introspection_c.h
[78.862s] -- Installing: /home/deepak/electronic_ws/install/rtabmap_msgs/include/rtabmap_msgs/msg/detail/scan_descriptor__rosidl_typesupport_introspection_c.h
[78.862s] -- Installing: /home/deepak/electronic_ws/install/rtabmap_msgs/include/rtabmap_msgs/msg/detail/rgbd_image__type_support.c
[78.862s] -- Installing: /home/deepak/electronic_ws/install/rtabmap_msgs/include/rtabmap_msgs/msg/detail/link__rosidl_typesupport_introspection_c.h
[78.862s] -- Installing: /home/deepak/electronic_ws/install/rtabmap_msgs/include/rtabmap_msgs/msg/detail/rgbd_images__type_support.c
[78.862s] -- Installing: /home/deepak/electronic_ws/install/rtabmap_msgs/include/rtabmap_msgs/msg/detail/node_data__rosidl_typesupport_introspection_c.h
[78.862s] -- Installing: /home/deepak/electronic_ws/install/rtabmap_msgs/include/rtabmap_msgs/msg/detail/scan_descriptor__type_support.c
[78.862s] -- Installing: /home/deepak/electronic_ws/install/rtabmap_msgs/include/rtabmap_msgs/msg/detail/gps__type_support.c
[78.862s] -- Installing: /home/deepak/electronic_ws/install/rtabmap_msgs/include/rtabmap_msgs/msg/detail/point3f__rosidl_typesupport_introspection_c.h
[78.862s] -- Installing: /home/deepak/electronic_ws/install/rtabmap_msgs/include/rtabmap_msgs/msg/detail/goal__type_support.c
[78.862s] -- Installing: /home/deepak/electronic_ws/install/rtabmap_msgs/include/rtabmap_msgs/msg/detail/key_point__rosidl_typesupport_introspection_c.h
[78.862s] -- Installing: /home/deepak/electronic_ws/install/rtabmap_msgs/include/rtabmap_msgs/msg/detail/link__type_support.c
[78.862s] -- Installing: /home/deepak/electronic_ws/install/rtabmap_msgs/include/rtabmap_msgs/msg/detail/rgbd_images__rosidl_typesupport_introspection_c.h
[78.863s] -- Installing: /home/deepak/electronic_ws/install/rtabmap_msgs/include/rtabmap_msgs/msg/detail/map_data__rosidl_typesupport_introspection_c.h
[78.863s] -- Installing: /home/deepak/electronic_ws/install/rtabmap_msgs/include/rtabmap_msgs/msg/detail/point2f__rosidl_typesupport_introspection_c.h
[78.863s] -- Installing: /home/deepak/electronic_ws/install/rtabmap_msgs/include/rtabmap_msgs/msg/detail/odom_info__type_support.c
[78.863s] -- Installing: /home/deepak/electronic_ws/install/rtabmap_msgs/include/rtabmap_msgs/msg/detail/odom_info__rosidl_typesupport_introspection_c.h
[78.863s] -- Installing: /home/deepak/electronic_ws/install/rtabmap_msgs/include/rtabmap_msgs/msg/detail/map_graph__rosidl_typesupport_introspection_c.h
[78.863s] -- Installing: /home/deepak/electronic_ws/install/rtabmap_msgs/include/rtabmap_msgs/msg/detail/global_descriptor__rosidl_typesupport_introspection_c.h
[78.863s] -- Installing: /home/deepak/electronic_ws/install/rtabmap_msgs/include/rtabmap_msgs/msg/detail/point3f__type_support.c
[78.863s] -- Installing: /home/deepak/electronic_ws/install/rtabmap_msgs/include/rtabmap_msgs/msg/detail/user_data__type_support.c
[78.863s] -- Installing: /home/deepak/electronic_ws/install/rtabmap_msgs/include/rtabmap_msgs/msg/rosidl_typesupport_introspection_c__visibility_control.h
[78.863s] -- Up-to-date: /home/deepak/electronic_ws/install/rtabmap_msgs/include/rtabmap_msgs/srv
[78.863s] -- Up-to-date: /home/deepak/electronic_ws/install/rtabmap_msgs/include/rtabmap_msgs/srv/detail
[78.863s] -- Installing: /home/deepak/electronic_ws/install/rtabmap_msgs/include/rtabmap_msgs/srv/detail/cleanup_local_grids__type_support.c
[78.863s] -- Installing: /home/deepak/electronic_ws/install/rtabmap_msgs/include/rtabmap_msgs/srv/detail/detect_more_loop_closures__type_support.c
[78.864s] -- Installing: /home/deepak/electronic_ws/install/rtabmap_msgs/include/rtabmap_msgs/srv/detail/get_nodes_in_radius__rosidl_typesupport_introspection_c.h
[78.864s] -- Installing: /home/deepak/electronic_ws/install/rtabmap_msgs/include/rtabmap_msgs/srv/detail/load_database__type_support.c
[78.864s] -- Installing: /home/deepak/electronic_ws/install/rtabmap_msgs/include/rtabmap_msgs/srv/detail/list_labels__rosidl_typesupport_introspection_c.h
[78.864s] -- Installing: /home/deepak/electronic_ws/install/rtabmap_msgs/include/rtabmap_msgs/srv/detail/get_map2__rosidl_typesupport_introspection_c.h
[78.864s] -- Installing: /home/deepak/electronic_ws/install/rtabmap_msgs/include/rtabmap_msgs/srv/detail/publish_map__rosidl_typesupport_introspection_c.h
[78.864s] -- Installing: /home/deepak/electronic_ws/install/rtabmap_msgs/include/rtabmap_msgs/srv/detail/global_bundle_adjustment__type_support.c
[78.864s] -- Installing: /home/deepak/electronic_ws/install/rtabmap_msgs/include/rtabmap_msgs/srv/detail/get_plan__type_support.c
[78.864s] -- Installing: /home/deepak/electronic_ws/install/rtabmap_msgs/include/rtabmap_msgs/srv/detail/reset_pose__rosidl_typesupport_introspection_c.h
[78.864s] -- Installing: /home/deepak/electronic_ws/install/rtabmap_msgs/include/rtabmap_msgs/srv/detail/get_map__rosidl_typesupport_introspection_c.h
[78.864s] -- Installing: /home/deepak/electronic_ws/install/rtabmap_msgs/include/rtabmap_msgs/srv/detail/publish_map__type_support.c
[78.864s] -- Installing: /home/deepak/electronic_ws/install/rtabmap_msgs/include/rtabmap_msgs/srv/detail/list_labels__type_support.c
[78.864s] -- Installing: /home/deepak/electronic_ws/install/rtabmap_msgs/include/rtabmap_msgs/srv/detail/add_link__rosidl_typesupport_introspection_c.h
[78.864s] -- Installing: /home/deepak/electronic_ws/install/rtabmap_msgs/include/rtabmap_msgs/srv/detail/reset_pose__type_support.c
[78.864s] -- Installing: /home/deepak/electronic_ws/install/rtabmap_msgs/include/rtabmap_msgs/srv/detail/global_bundle_adjustment__rosidl_typesupport_introspection_c.h
[78.864s] -- Installing: /home/deepak/electronic_ws/install/rtabmap_msgs/include/rtabmap_msgs/srv/detail/load_database__rosidl_typesupport_introspection_c.h
[78.864s] -- Installing: /home/deepak/electronic_ws/install/rtabmap_msgs/include/rtabmap_msgs/srv/detail/get_plan__rosidl_typesupport_introspection_c.h
[78.864s] -- Installing: /home/deepak/electronic_ws/install/rtabmap_msgs/include/rtabmap_msgs/srv/detail/get_node_data__type_support.c
[78.865s] -- Installing: /home/deepak/electronic_ws/install/rtabmap_msgs/include/rtabmap_msgs/srv/detail/get_nodes_in_radius__type_support.c
[78.865s] -- Installing: /home/deepak/electronic_ws/install/rtabmap_msgs/include/rtabmap_msgs/srv/detail/set_goal__type_support.c
[78.865s] -- Installing: /home/deepak/electronic_ws/install/rtabmap_msgs/include/rtabmap_msgs/srv/detail/get_node_data__rosidl_typesupport_introspection_c.h
[78.865s] -- Installing: /home/deepak/electronic_ws/install/rtabmap_msgs/include/rtabmap_msgs/srv/detail/get_map2__type_support.c
[78.865s] -- Installing: /home/deepak/electronic_ws/install/rtabmap_msgs/include/rtabmap_msgs/srv/detail/remove_label__rosidl_typesupport_introspection_c.h
[78.865s] -- Installing: /home/deepak/electronic_ws/install/rtabmap_msgs/include/rtabmap_msgs/srv/detail/set_label__rosidl_typesupport_introspection_c.h
[78.865s] -- Installing: /home/deepak/electronic_ws/install/rtabmap_msgs/include/rtabmap_msgs/srv/detail/get_map__type_support.c
[78.865s] -- Installing: /home/deepak/electronic_ws/install/rtabmap_msgs/include/rtabmap_msgs/srv/detail/cleanup_local_grids__rosidl_typesupport_introspection_c.h
[78.865s] -- Installing: /home/deepak/electronic_ws/install/rtabmap_msgs/include/rtabmap_msgs/srv/detail/set_goal__rosidl_typesupport_introspection_c.h
[78.865s] -- Installing: /home/deepak/electronic_ws/install/rtabmap_msgs/include/rtabmap_msgs/srv/detail/detect_more_loop_closures__rosidl_typesupport_introspection_c.h
[78.865s] -- Installing: /home/deepak/electronic_ws/install/rtabmap_msgs/include/rtabmap_msgs/srv/detail/add_link__type_support.c
[78.865s] -- Installing: /home/deepak/electronic_ws/install/rtabmap_msgs/include/rtabmap_msgs/srv/detail/set_label__type_support.c
[78.865s] -- Installing: /home/deepak/electronic_ws/install/rtabmap_msgs/include/rtabmap_msgs/srv/detail/remove_label__type_support.c
[78.865s] -- Installing: /home/deepak/electronic_ws/install/rtabmap_msgs/lib/librtabmap_msgs__rosidl_typesupport_introspection_c.so
[78.866s] -- Set runtime path of "/home/deepak/electronic_ws/install/rtabmap_msgs/lib/librtabmap_msgs__rosidl_typesupport_introspection_c.so" to ""
[78.866s] -- Installing: /home/deepak/electronic_ws/install/rtabmap_msgs/lib/librtabmap_msgs__rosidl_typesupport_c.so
[78.866s] -- Set runtime path of "/home/deepak/electronic_ws/install/rtabmap_msgs/lib/librtabmap_msgs__rosidl_typesupport_c.so" to ""
[78.866s] -- Up-to-date: /home/deepak/electronic_ws/install/rtabmap_msgs/include/rtabmap_msgs
[78.866s] -- Up-to-date: /home/deepak/electronic_ws/install/rtabmap_msgs/include/rtabmap_msgs/msg
[78.866s] -- Installing: /home/deepak/electronic_ws/install/rtabmap_msgs/include/rtabmap_msgs/msg/rosidl_generator_cpp__visibility_control.hpp
[78.866s] -- Installing: /home/deepak/electronic_ws/install/rtabmap_msgs/include/rtabmap_msgs/msg/rgbd_image.hpp
[78.866s] -- Installing: /home/deepak/electronic_ws/install/rtabmap_msgs/include/rtabmap_msgs/msg/key_point.hpp
[78.866s] -- Installing: /home/deepak/electronic_ws/install/rtabmap_msgs/include/rtabmap_msgs/msg/goal.hpp
[78.866s] -- Installing: /home/deepak/electronic_ws/install/rtabmap_msgs/include/rtabmap_msgs/msg/gps.hpp
[78.866s] -- Installing: /home/deepak/electronic_ws/install/rtabmap_msgs/include/rtabmap_msgs/msg/point2f.hpp
[78.866s] -- Installing: /home/deepak/electronic_ws/install/rtabmap_msgs/include/rtabmap_msgs/msg/camera_models.hpp
[78.866s] -- Installing: /home/deepak/electronic_ws/install/rtabmap_msgs/include/rtabmap_msgs/msg/map_graph.hpp
[78.866s] -- Up-to-date: /home/deepak/electronic_ws/install/rtabmap_msgs/include/rtabmap_msgs/msg/detail
[78.866s] -- Installing: /home/deepak/electronic_ws/install/rtabmap_msgs/include/rtabmap_msgs/msg/detail/rgbd_image__traits.hpp
[78.867s] -- Installing: /home/deepak/electronic_ws/install/rtabmap_msgs/include/rtabmap_msgs/msg/detail/key_point__type_support.hpp
[78.867s] -- Installing: /home/deepak/electronic_ws/install/rtabmap_msgs/include/rtabmap_msgs/msg/detail/camera_models__builder.hpp
[78.867s] -- Installing: /home/deepak/electronic_ws/install/rtabmap_msgs/include/rtabmap_msgs/msg/detail/point2f__traits.hpp
[78.867s] -- Installing: /home/deepak/electronic_ws/install/rtabmap_msgs/include/rtabmap_msgs/msg/detail/path__builder.hpp
[78.867s] -- Installing: /home/deepak/electronic_ws/install/rtabmap_msgs/include/rtabmap_msgs/msg/detail/user_data__struct.hpp
[78.867s] -- Installing: /home/deepak/electronic_ws/install/rtabmap_msgs/include/rtabmap_msgs/msg/detail/info__struct.hpp
[78.867s] -- Installing: /home/deepak/electronic_ws/install/rtabmap_msgs/include/rtabmap_msgs/msg/detail/user_data__traits.hpp
[78.867s] -- Installing: /home/deepak/electronic_ws/install/rtabmap_msgs/include/rtabmap_msgs/msg/detail/global_descriptor__traits.hpp
[78.867s] -- Installing: /home/deepak/electronic_ws/install/rtabmap_msgs/include/rtabmap_msgs/msg/detail/global_descriptor__struct.hpp
[78.867s] -- Installing: /home/deepak/electronic_ws/install/rtabmap_msgs/include/rtabmap_msgs/msg/detail/key_point__struct.hpp
[78.867s] -- Installing: /home/deepak/electronic_ws/install/rtabmap_msgs/include/rtabmap_msgs/msg/detail/global_descriptor__type_support.hpp
[78.867s] -- Installing: /home/deepak/electronic_ws/install/rtabmap_msgs/include/rtabmap_msgs/msg/detail/map_data__struct.hpp
[78.867s] -- Installing: /home/deepak/electronic_ws/install/rtabmap_msgs/include/rtabmap_msgs/msg/detail/point2f__builder.hpp
[78.867s] -- Installing: /home/deepak/electronic_ws/install/rtabmap_msgs/include/rtabmap_msgs/msg/detail/scan_descriptor__struct.hpp
[78.868s] -- Installing: /home/deepak/electronic_ws/install/rtabmap_msgs/include/rtabmap_msgs/msg/detail/rgbd_image__type_support.hpp
[78.868s] -- Installing: /home/deepak/electronic_ws/install/rtabmap_msgs/include/rtabmap_msgs/msg/detail/gps__builder.hpp
[78.868s] -- Installing: /home/deepak/electronic_ws/install/rtabmap_msgs/include/rtabmap_msgs/msg/detail/camera_model__builder.hpp
[78.868s] -- Installing: /home/deepak/electronic_ws/install/rtabmap_msgs/include/rtabmap_msgs/msg/detail/odom_info__builder.hpp
[78.868s] -- Installing: /home/deepak/electronic_ws/install/rtabmap_msgs/include/rtabmap_msgs/msg/detail/key_point__traits.hpp
[78.868s] -- Installing: /home/deepak/electronic_ws/install/rtabmap_msgs/include/rtabmap_msgs/msg/detail/user_data__type_support.hpp
[78.868s] -- Installing: /home/deepak/electronic_ws/install/rtabmap_msgs/include/rtabmap_msgs/msg/detail/odom_info__struct.hpp
[78.868s] -- Installing: /home/deepak/electronic_ws/install/rtabmap_msgs/include/rtabmap_msgs/msg/detail/rgbd_images__struct.hpp
[78.868s] -- Installing: /home/deepak/electronic_ws/install/rtabmap_msgs/include/rtabmap_msgs/msg/detail/env_sensor__builder.hpp
[78.868s] -- Installing: /home/deepak/electronic_ws/install/rtabmap_msgs/include/rtabmap_msgs/msg/detail/gps__type_support.hpp
[78.868s] -- Installing: /home/deepak/electronic_ws/install/rtabmap_msgs/include/rtabmap_msgs/msg/detail/point3f__traits.hpp
[78.868s] -- Installing: /home/deepak/electronic_ws/install/rtabmap_msgs/include/rtabmap_msgs/msg/detail/link__type_support.hpp
[78.868s] -- Installing: /home/deepak/electronic_ws/install/rtabmap_msgs/include/rtabmap_msgs/msg/detail/node_data__struct.hpp
[78.868s] -- Installing: /home/deepak/electronic_ws/install/rtabmap_msgs/include/rtabmap_msgs/msg/detail/odom_info__traits.hpp
[78.869s] -- Installing: /home/deepak/electronic_ws/install/rtabmap_msgs/include/rtabmap_msgs/msg/detail/scan_descriptor__type_support.hpp
[78.869s] -- Installing: /home/deepak/electronic_ws/install/rtabmap_msgs/include/rtabmap_msgs/msg/detail/scan_descriptor__builder.hpp
[78.869s] -- Installing: /home/deepak/electronic_ws/install/rtabmap_msgs/include/rtabmap_msgs/msg/detail/point2f__struct.hpp
[78.869s] -- Installing: /home/deepak/electronic_ws/install/rtabmap_msgs/include/rtabmap_msgs/msg/detail/rgbd_image__builder.hpp
[78.869s] -- Installing: /home/deepak/electronic_ws/install/rtabmap_msgs/include/rtabmap_msgs/msg/detail/gps__traits.hpp
[78.869s] -- Installing: /home/deepak/electronic_ws/install/rtabmap_msgs/include/rtabmap_msgs/msg/detail/node_data__type_support.hpp
[78.869s] -- Installing: /home/deepak/electronic_ws/install/rtabmap_msgs/include/rtabmap_msgs/msg/detail/map_data__builder.hpp
[78.869s] -- Installing: /home/deepak/electronic_ws/install/rtabmap_msgs/include/rtabmap_msgs/msg/detail/link__builder.hpp
[78.869s] -- Installing: /home/deepak/electronic_ws/install/rtabmap_msgs/include/rtabmap_msgs/msg/detail/user_data__builder.hpp
[78.869s] -- Installing: /home/deepak/electronic_ws/install/rtabmap_msgs/include/rtabmap_msgs/msg/detail/info__builder.hpp
[78.869s] -- Installing: /home/deepak/electronic_ws/install/rtabmap_msgs/include/rtabmap_msgs/msg/detail/rgbd_images__traits.hpp
[78.869s] -- Installing: /home/deepak/electronic_ws/install/rtabmap_msgs/include/rtabmap_msgs/msg/detail/point3f__type_support.hpp
[78.869s] -- Installing: /home/deepak/electronic_ws/install/rtabmap_msgs/include/rtabmap_msgs/msg/detail/map_graph__builder.hpp
[78.870s] -- Installing: /home/deepak/electronic_ws/install/rtabmap_msgs/include/rtabmap_msgs/msg/detail/node_data__traits.hpp
[78.870s] -- Installing: /home/deepak/electronic_ws/install/rtabmap_msgs/include/rtabmap_msgs/msg/detail/map_graph__struct.hpp
[78.870s] -- Installing: /home/deepak/electronic_ws/install/rtabmap_msgs/include/rtabmap_msgs/msg/detail/camera_model__struct.hpp
[78.870s] -- Installing: /home/deepak/electronic_ws/install/rtabmap_msgs/include/rtabmap_msgs/msg/detail/node_data__builder.hpp
[78.870s] -- Installing: /home/deepak/electronic_ws/install/rtabmap_msgs/include/rtabmap_msgs/msg/detail/camera_models__traits.hpp
[78.870s] -- Installing: /home/deepak/electronic_ws/install/rtabmap_msgs/include/rtabmap_msgs/msg/detail/camera_models__struct.hpp
[78.870s] -- Installing: /home/deepak/electronic_ws/install/rtabmap_msgs/include/rtabmap_msgs/msg/detail/point2f__type_support.hpp
[78.870s] -- Installing: /home/deepak/electronic_ws/install/rtabmap_msgs/include/rtabmap_msgs/msg/detail/info__traits.hpp
[78.870s] -- Installing: /home/deepak/electronic_ws/install/rtabmap_msgs/include/rtabmap_msgs/msg/detail/camera_model__traits.hpp
[78.870s] -- Installing: /home/deepak/electronic_ws/install/rtabmap_msgs/include/rtabmap_msgs/msg/detail/map_data__type_support.hpp
[78.870s] -- Installing: /home/deepak/electronic_ws/install/rtabmap_msgs/include/rtabmap_msgs/msg/detail/path__traits.hpp
[78.870s] -- Installing: /home/deepak/electronic_ws/install/rtabmap_msgs/include/rtabmap_msgs/msg/detail/goal__type_support.hpp
[78.870s] -- Installing: /home/deepak/electronic_ws/install/rtabmap_msgs/include/rtabmap_msgs/msg/detail/env_sensor__type_support.hpp
[78.870s] -- Installing: /home/deepak/electronic_ws/install/rtabmap_msgs/include/rtabmap_msgs/msg/detail/map_data__traits.hpp
[78.870s] -- Installing: /home/deepak/electronic_ws/install/rtabmap_msgs/include/rtabmap_msgs/msg/detail/path__struct.hpp
[78.870s] -- Installing: /home/deepak/electronic_ws/install/rtabmap_msgs/include/rtabmap_msgs/msg/detail/link__struct.hpp
[78.870s] -- Installing: /home/deepak/electronic_ws/install/rtabmap_msgs/include/rtabmap_msgs/msg/detail/link__traits.hpp
[78.870s] -- Installing: /home/deepak/electronic_ws/install/rtabmap_msgs/include/rtabmap_msgs/msg/detail/odom_info__type_support.hpp
[78.871s] -- Installing: /home/deepak/electronic_ws/install/rtabmap_msgs/include/rtabmap_msgs/msg/detail/goal__struct.hpp
[78.871s] -- Installing: /home/deepak/electronic_ws/install/rtabmap_msgs/include/rtabmap_msgs/msg/detail/camera_models__type_support.hpp
[78.871s] -- Installing: /home/deepak/electronic_ws/install/rtabmap_msgs/include/rtabmap_msgs/msg/detail/point3f__struct.hpp
[78.871s] -- Installing: /home/deepak/electronic_ws/install/rtabmap_msgs/include/rtabmap_msgs/msg/detail/path__type_support.hpp
[78.871s] -- Installing: /home/deepak/electronic_ws/install/rtabmap_msgs/include/rtabmap_msgs/msg/detail/key_point__builder.hpp
[78.871s] -- Installing: /home/deepak/electronic_ws/install/rtabmap_msgs/include/rtabmap_msgs/msg/detail/env_sensor__traits.hpp
[78.871s] -- Installing: /home/deepak/electronic_ws/install/rtabmap_msgs/include/rtabmap_msgs/msg/detail/global_descriptor__builder.hpp
[78.871s] -- Installing: /home/deepak/electronic_ws/install/rtabmap_msgs/include/rtabmap_msgs/msg/detail/rgbd_images__type_support.hpp
[78.871s] -- Installing: /home/deepak/electronic_ws/install/rtabmap_msgs/include/rtabmap_msgs/msg/detail/rgbd_image__struct.hpp
[78.871s] -- Installing: /home/deepak/electronic_ws/install/rtabmap_msgs/include/rtabmap_msgs/msg/detail/map_graph__traits.hpp
[78.871s] -- Installing: /home/deepak/electronic_ws/install/rtabmap_msgs/include/rtabmap_msgs/msg/detail/scan_descriptor__traits.hpp
[78.871s] -- Installing: /home/deepak/electronic_ws/install/rtabmap_msgs/include/rtabmap_msgs/msg/detail/goal__builder.hpp
[78.871s] -- Installing: /home/deepak/electronic_ws/install/rtabmap_msgs/include/rtabmap_msgs/msg/detail/info__type_support.hpp
[78.871s] -- Installing: /home/deepak/electronic_ws/install/rtabmap_msgs/include/rtabmap_msgs/msg/detail/point3f__builder.hpp
[78.872s] -- Installing: /home/deepak/electronic_ws/install/rtabmap_msgs/include/rtabmap_msgs/msg/detail/map_graph__type_support.hpp
[78.872s] -- Installing: /home/deepak/electronic_ws/install/rtabmap_msgs/include/rtabmap_msgs/msg/detail/goal__traits.hpp
[78.872s] -- Installing: /home/deepak/electronic_ws/install/rtabmap_msgs/include/rtabmap_msgs/msg/detail/gps__struct.hpp
[78.872s] -- Installing: /home/deepak/electronic_ws/install/rtabmap_msgs/include/rtabmap_msgs/msg/detail/rgbd_images__builder.hpp
[78.872s] -- Installing: /home/deepak/electronic_ws/install/rtabmap_msgs/include/rtabmap_msgs/msg/detail/camera_model__type_support.hpp
[78.872s] -- Installing: /home/deepak/electronic_ws/install/rtabmap_msgs/include/rtabmap_msgs/msg/detail/env_sensor__struct.hpp
[78.872s] -- Installing: /home/deepak/electronic_ws/install/rtabmap_msgs/include/rtabmap_msgs/msg/point3f.hpp
[78.872s] -- Installing: /home/deepak/electronic_ws/install/rtabmap_msgs/include/rtabmap_msgs/msg/scan_descriptor.hpp
[78.872s] -- Installing: /home/deepak/electronic_ws/install/rtabmap_msgs/include/rtabmap_msgs/msg/user_data.hpp
[78.872s] -- Installing: /home/deepak/electronic_ws/install/rtabmap_msgs/include/rtabmap_msgs/msg/camera_model.hpp
[78.872s] -- Installing: /home/deepak/electronic_ws/install/rtabmap_msgs/include/rtabmap_msgs/msg/path.hpp
[78.872s] -- Installing: /home/deepak/electronic_ws/install/rtabmap_msgs/include/rtabmap_msgs/msg/rgbd_images.hpp
[78.872s] -- Installing: /home/deepak/electronic_ws/install/rtabmap_msgs/include/rtabmap_msgs/msg/node_data.hpp
[78.872s] -- Installing: /home/deepak/electronic_ws/install/rtabmap_msgs/include/rtabmap_msgs/msg/odom_info.hpp
[78.872s] -- Installing: /home/deepak/electronic_ws/install/rtabmap_msgs/include/rtabmap_msgs/msg/map_data.hpp
[78.872s] -- Installing: /home/deepak/electronic_ws/install/rtabmap_msgs/include/rtabmap_msgs/msg/env_sensor.hpp
[78.872s] -- Installing: /home/deepak/electronic_ws/install/rtabmap_msgs/include/rtabmap_msgs/msg/link.hpp
[78.873s] -- Installing: /home/deepak/electronic_ws/install/rtabmap_msgs/include/rtabmap_msgs/msg/info.hpp
[78.873s] -- Installing: /home/deepak/electronic_ws/install/rtabmap_msgs/include/rtabmap_msgs/msg/global_descriptor.hpp
[78.873s] -- Up-to-date: /home/deepak/electronic_ws/install/rtabmap_msgs/include/rtabmap_msgs/srv
[78.873s] -- Installing: /home/deepak/electronic_ws/install/rtabmap_msgs/include/rtabmap_msgs/srv/global_bundle_adjustment.hpp
[78.873s] -- Installing: /home/deepak/electronic_ws/install/rtabmap_msgs/include/rtabmap_msgs/srv/list_labels.hpp
[78.873s] -- Installing: /home/deepak/electronic_ws/install/rtabmap_msgs/include/rtabmap_msgs/srv/get_node_data.hpp
[78.873s] -- Up-to-date: /home/deepak/electronic_ws/install/rtabmap_msgs/include/rtabmap_msgs/srv/detail
[78.873s] -- Installing: /home/deepak/electronic_ws/install/rtabmap_msgs/include/rtabmap_msgs/srv/detail/get_map2__type_support.hpp
[78.873s] -- Installing: /home/deepak/electronic_ws/install/rtabmap_msgs/include/rtabmap_msgs/srv/detail/get_node_data__traits.hpp
[78.873s] -- Installing: /home/deepak/electronic_ws/install/rtabmap_msgs/include/rtabmap_msgs/srv/detail/add_link__builder.hpp
[78.873s] -- Installing: /home/deepak/electronic_ws/install/rtabmap_msgs/include/rtabmap_msgs/srv/detail/list_labels__traits.hpp
[78.873s] -- Installing: /home/deepak/electronic_ws/install/rtabmap_msgs/include/rtabmap_msgs/srv/detail/add_link__traits.hpp
[78.873s] -- Installing: /home/deepak/electronic_ws/install/rtabmap_msgs/include/rtabmap_msgs/srv/detail/get_nodes_in_radius__traits.hpp
[78.873s] -- Installing: /home/deepak/electronic_ws/install/rtabmap_msgs/include/rtabmap_msgs/srv/detail/list_labels__struct.hpp
[78.873s] -- Installing: /home/deepak/electronic_ws/install/rtabmap_msgs/include/rtabmap_msgs/srv/detail/load_database__traits.hpp
[78.873s] -- Installing: /home/deepak/electronic_ws/install/rtabmap_msgs/include/rtabmap_msgs/srv/detail/cleanup_local_grids__traits.hpp
[78.873s] -- Installing: /home/deepak/electronic_ws/install/rtabmap_msgs/include/rtabmap_msgs/srv/detail/add_link__type_support.hpp
[78.874s] -- Installing: /home/deepak/electronic_ws/install/rtabmap_msgs/include/rtabmap_msgs/srv/detail/set_label__struct.hpp
[78.874s] -- Installing: /home/deepak/electronic_ws/install/rtabmap_msgs/include/rtabmap_msgs/srv/detail/list_labels__type_support.hpp
[78.874s] -- Installing: /home/deepak/electronic_ws/install/rtabmap_msgs/include/rtabmap_msgs/srv/detail/remove_label__struct.hpp
[78.874s] -- Installing: /home/deepak/electronic_ws/install/rtabmap_msgs/include/rtabmap_msgs/srv/detail/get_map__type_support.hpp
[78.874s] -- Installing: /home/deepak/electronic_ws/install/rtabmap_msgs/include/rtabmap_msgs/srv/detail/get_plan__type_support.hpp
[78.874s] -- Installing: /home/deepak/electronic_ws/install/rtabmap_msgs/include/rtabmap_msgs/srv/detail/get_plan__traits.hpp
[78.874s] -- Installing: /home/deepak/electronic_ws/install/rtabmap_msgs/include/rtabmap_msgs/srv/detail/add_link__struct.hpp
[78.874s] -- Installing: /home/deepak/electronic_ws/install/rtabmap_msgs/include/rtabmap_msgs/srv/detail/cleanup_local_grids__builder.hpp
[78.874s] -- Installing: /home/deepak/electronic_ws/install/rtabmap_msgs/include/rtabmap_msgs/srv/detail/remove_label__traits.hpp
[78.874s] -- Installing: /home/deepak/electronic_ws/install/rtabmap_msgs/include/rtabmap_msgs/srv/detail/get_node_data__builder.hpp
[78.874s] -- Installing: /home/deepak/electronic_ws/install/rtabmap_msgs/include/rtabmap_msgs/srv/detail/global_bundle_adjustment__type_support.hpp
[78.874s] -- Installing: /home/deepak/electronic_ws/install/rtabmap_msgs/include/rtabmap_msgs/srv/detail/get_map__traits.hpp
[78.874s] -- Installing: /home/deepak/electronic_ws/install/rtabmap_msgs/include/rtabmap_msgs/srv/detail/cleanup_local_grids__type_support.hpp
[78.874s] -- Installing: /home/deepak/electronic_ws/install/rtabmap_msgs/include/rtabmap_msgs/srv/detail/get_plan__builder.hpp
[78.874s] -- Installing: /home/deepak/electronic_ws/install/rtabmap_msgs/include/rtabmap_msgs/srv/detail/reset_pose__struct.hpp
[78.875s] -- Installing: /home/deepak/electronic_ws/install/rtabmap_msgs/include/rtabmap_msgs/srv/detail/global_bundle_adjustment__traits.hpp
[78.875s] -- Installing: /home/deepak/electronic_ws/install/rtabmap_msgs/include/rtabmap_msgs/srv/detail/reset_pose__builder.hpp
[78.875s] -- Installing: /home/deepak/electronic_ws/install/rtabmap_msgs/include/rtabmap_msgs/srv/detail/reset_pose__type_support.hpp
[78.875s] -- Installing: /home/deepak/electronic_ws/install/rtabmap_msgs/include/rtabmap_msgs/srv/detail/set_label__type_support.hpp
[78.875s] -- Installing: /home/deepak/electronic_ws/install/rtabmap_msgs/include/rtabmap_msgs/srv/detail/get_map2__traits.hpp
[78.875s] -- Installing: /home/deepak/electronic_ws/install/rtabmap_msgs/include/rtabmap_msgs/srv/detail/load_database__builder.hpp
[78.875s] -- Installing: /home/deepak/electronic_ws/install/rtabmap_msgs/include/rtabmap_msgs/srv/detail/remove_label__builder.hpp
[78.875s] -- Installing: /home/deepak/electronic_ws/install/rtabmap_msgs/include/rtabmap_msgs/srv/detail/set_goal__type_support.hpp
[78.875s] -- Installing: /home/deepak/electronic_ws/install/rtabmap_msgs/include/rtabmap_msgs/srv/detail/detect_more_loop_closures__struct.hpp
[78.875s] -- Installing: /home/deepak/electronic_ws/install/rtabmap_msgs/include/rtabmap_msgs/srv/detail/get_nodes_in_radius__type_support.hpp
[78.875s] -- Installing: /home/deepak/electronic_ws/install/rtabmap_msgs/include/rtabmap_msgs/srv/detail/publish_map__struct.hpp
[78.875s] -- Installing: /home/deepak/electronic_ws/install/rtabmap_msgs/include/rtabmap_msgs/srv/detail/list_labels__builder.hpp
[78.875s] -- Installing: /home/deepak/electronic_ws/install/rtabmap_msgs/include/rtabmap_msgs/srv/detail/reset_pose__traits.hpp
[78.875s] -- Installing: /home/deepak/electronic_ws/install/rtabmap_msgs/include/rtabmap_msgs/srv/detail/get_node_data__struct.hpp
[78.875s] -- Installing: /home/deepak/electronic_ws/install/rtabmap_msgs/include/rtabmap_msgs/srv/detail/detect_more_loop_closures__type_support.hpp
[78.875s] -- Installing: /home/deepak/electronic_ws/install/rtabmap_msgs/include/rtabmap_msgs/srv/detail/global_bundle_adjustment__builder.hpp
[78.876s] -- Installing: /home/deepak/electronic_ws/install/rtabmap_msgs/include/rtabmap_msgs/srv/detail/get_map__builder.hpp
[78.876s] -- Installing: /home/deepak/electronic_ws/install/rtabmap_msgs/include/rtabmap_msgs/srv/detail/get_nodes_in_radius__builder.hpp
[78.876s] -- Installing: /home/deepak/electronic_ws/install/rtabmap_msgs/include/rtabmap_msgs/srv/detail/set_goal__traits.hpp
[78.876s] -- Installing: /home/deepak/electronic_ws/install/rtabmap_msgs/include/rtabmap_msgs/srv/detail/set_goal__struct.hpp
[78.876s] -- Installing: /home/deepak/electronic_ws/install/rtabmap_msgs/include/rtabmap_msgs/srv/detail/set_goal__builder.hpp
[78.876s] -- Installing: /home/deepak/electronic_ws/install/rtabmap_msgs/include/rtabmap_msgs/srv/detail/get_map2__struct.hpp
[78.876s] -- Installing: /home/deepak/electronic_ws/install/rtabmap_msgs/include/rtabmap_msgs/srv/detail/load_database__type_support.hpp
[78.876s] -- Installing: /home/deepak/electronic_ws/install/rtabmap_msgs/include/rtabmap_msgs/srv/detail/set_label__builder.hpp
[78.876s] -- Installing: /home/deepak/electronic_ws/install/rtabmap_msgs/include/rtabmap_msgs/srv/detail/detect_more_loop_closures__builder.hpp
[78.876s] -- Installing: /home/deepak/electronic_ws/install/rtabmap_msgs/include/rtabmap_msgs/srv/detail/load_database__struct.hpp
[78.876s] -- Installing: /home/deepak/electronic_ws/install/rtabmap_msgs/include/rtabmap_msgs/srv/detail/get_map2__builder.hpp
[78.876s] -- Installing: /home/deepak/electronic_ws/install/rtabmap_msgs/include/rtabmap_msgs/srv/detail/detect_more_loop_closures__traits.hpp
[78.876s] -- Installing: /home/deepak/electronic_ws/install/rtabmap_msgs/include/rtabmap_msgs/srv/detail/get_map__struct.hpp
[78.876s] -- Installing: /home/deepak/electronic_ws/install/rtabmap_msgs/include/rtabmap_msgs/srv/detail/publish_map__traits.hpp
[78.876s] -- Installing: /home/deepak/electronic_ws/install/rtabmap_msgs/include/rtabmap_msgs/srv/detail/cleanup_local_grids__struct.hpp
[78.876s] -- Installing: /home/deepak/electronic_ws/install/rtabmap_msgs/include/rtabmap_msgs/srv/detail/publish_map__type_support.hpp
[78.876s] -- Installing: /home/deepak/electronic_ws/install/rtabmap_msgs/include/rtabmap_msgs/srv/detail/get_nodes_in_radius__struct.hpp
[78.877s] -- Installing: /home/deepak/electronic_ws/install/rtabmap_msgs/include/rtabmap_msgs/srv/detail/remove_label__type_support.hpp
[78.877s] -- Installing: /home/deepak/electronic_ws/install/rtabmap_msgs/include/rtabmap_msgs/srv/detail/set_label__traits.hpp
[78.877s] -- Installing: /home/deepak/electronic_ws/install/rtabmap_msgs/include/rtabmap_msgs/srv/detail/get_plan__struct.hpp
[78.877s] -- Installing: /home/deepak/electronic_ws/install/rtabmap_msgs/include/rtabmap_msgs/srv/detail/get_node_data__type_support.hpp
[78.877s] -- Installing: /home/deepak/electronic_ws/install/rtabmap_msgs/include/rtabmap_msgs/srv/detail/global_bundle_adjustment__struct.hpp
[78.877s] -- Installing: /home/deepak/electronic_ws/install/rtabmap_msgs/include/rtabmap_msgs/srv/detail/publish_map__builder.hpp
[78.877s] -- Installing: /home/deepak/electronic_ws/install/rtabmap_msgs/include/rtabmap_msgs/srv/cleanup_local_grids.hpp
[78.877s] -- Installing: /home/deepak/electronic_ws/install/rtabmap_msgs/include/rtabmap_msgs/srv/load_database.hpp
[78.877s] -- Installing: /home/deepak/electronic_ws/install/rtabmap_msgs/include/rtabmap_msgs/srv/reset_pose.hpp
[78.877s] -- Installing: /home/deepak/electronic_ws/install/rtabmap_msgs/include/rtabmap_msgs/srv/detect_more_loop_closures.hpp
[78.877s] -- Installing: /home/deepak/electronic_ws/install/rtabmap_msgs/include/rtabmap_msgs/srv/get_plan.hpp
[78.877s] -- Installing: /home/deepak/electronic_ws/install/rtabmap_msgs/include/rtabmap_msgs/srv/set_label.hpp
[78.877s] -- Installing: /home/deepak/electronic_ws/install/rtabmap_msgs/include/rtabmap_msgs/srv/add_link.hpp
[78.878s] -- Installing: /home/deepak/electronic_ws/install/rtabmap_msgs/include/rtabmap_msgs/srv/get_map2.hpp
[78.878s] -- Installing: /home/deepak/electronic_ws/install/rtabmap_msgs/include/rtabmap_msgs/srv/get_nodes_in_radius.hpp
[78.878s] -- Installing: /home/deepak/electronic_ws/install/rtabmap_msgs/include/rtabmap_msgs/srv/remove_label.hpp
[78.878s] -- Installing: /home/deepak/electronic_ws/install/rtabmap_msgs/include/rtabmap_msgs/srv/get_map.hpp
[78.878s] -- Installing: /home/deepak/electronic_ws/install/rtabmap_msgs/include/rtabmap_msgs/srv/publish_map.hpp
[78.878s] -- Installing: /home/deepak/electronic_ws/install/rtabmap_msgs/include/rtabmap_msgs/srv/set_goal.hpp
[78.878s] -- Up-to-date: /home/deepak/electronic_ws/install/rtabmap_msgs/include/rtabmap_msgs
[78.878s] -- Up-to-date: /home/deepak/electronic_ws/install/rtabmap_msgs/include/rtabmap_msgs/msg
[78.878s] -- Up-to-date: /home/deepak/electronic_ws/install/rtabmap_msgs/include/rtabmap_msgs/msg/detail
[78.878s] -- Installing: /home/deepak/electronic_ws/install/rtabmap_msgs/include/rtabmap_msgs/msg/detail/gps__rosidl_typesupport_introspection_cpp.hpp
[78.878s] -- Installing: /home/deepak/electronic_ws/install/rtabmap_msgs/include/rtabmap_msgs/msg/detail/point3f__type_support.cpp
[78.878s] -- Installing: /home/deepak/electronic_ws/install/rtabmap_msgs/include/rtabmap_msgs/msg/detail/camera_models__type_support.cpp
[78.878s] -- Installing: /home/deepak/electronic_ws/install/rtabmap_msgs/include/rtabmap_msgs/msg/detail/node_data__rosidl_typesupport_introspection_cpp.hpp
[78.878s] -- Installing: /home/deepak/electronic_ws/install/rtabmap_msgs/include/rtabmap_msgs/msg/detail/env_sensor__type_support.cpp
[78.878s] -- Installing: /home/deepak/electronic_ws/install/rtabmap_msgs/include/rtabmap_msgs/msg/detail/map_graph__rosidl_typesupport_introspection_cpp.hpp
[78.878s] -- Installing: /home/deepak/electronic_ws/install/rtabmap_msgs/include/rtabmap_msgs/msg/detail/point3f__rosidl_typesupport_introspection_cpp.hpp
[78.879s] -- Installing: /home/deepak/electronic_ws/install/rtabmap_msgs/include/rtabmap_msgs/msg/detail/camera_model__rosidl_typesupport_introspection_cpp.hpp
[78.879s] -- Installing: /home/deepak/electronic_ws/install/rtabmap_msgs/include/rtabmap_msgs/msg/detail/info__type_support.cpp
[78.879s] -- Installing: /home/deepak/electronic_ws/install/rtabmap_msgs/include/rtabmap_msgs/msg/detail/scan_descriptor__rosidl_typesupport_introspection_cpp.hpp
[78.879s] -- Installing: /home/deepak/electronic_ws/install/rtabmap_msgs/include/rtabmap_msgs/msg/detail/node_data__type_support.cpp
[78.879s] -- Installing: /home/deepak/electronic_ws/install/rtabmap_msgs/include/rtabmap_msgs/msg/detail/rgbd_images__type_support.cpp
[78.879s] -- Installing: /home/deepak/electronic_ws/install/rtabmap_msgs/include/rtabmap_msgs/msg/detail/scan_descriptor__type_support.cpp
[78.879s] -- Installing: /home/deepak/electronic_ws/install/rtabmap_msgs/include/rtabmap_msgs/msg/detail/link__type_support.cpp
[78.879s] -- Installing: /home/deepak/electronic_ws/install/rtabmap_msgs/include/rtabmap_msgs/msg/detail/odom_info__rosidl_typesupport_introspection_cpp.hpp
[78.879s] -- Installing: /home/deepak/electronic_ws/install/rtabmap_msgs/include/rtabmap_msgs/msg/detail/path__rosidl_typesupport_introspection_cpp.hpp
[78.879s] -- Installing: /home/deepak/electronic_ws/install/rtabmap_msgs/include/rtabmap_msgs/msg/detail/goal__type_support.cpp
[78.879s] -- Installing: /home/deepak/electronic_ws/install/rtabmap_msgs/include/rtabmap_msgs/msg/detail/goal__rosidl_typesupport_introspection_cpp.hpp
[78.879s] -- Installing: /home/deepak/electronic_ws/install/rtabmap_msgs/include/rtabmap_msgs/msg/detail/point2f__type_support.cpp
[78.879s] -- Installing: /home/deepak/electronic_ws/install/rtabmap_msgs/include/rtabmap_msgs/msg/detail/map_data__rosidl_typesupport_introspection_cpp.hpp
[78.879s] -- Installing: /home/deepak/electronic_ws/install/rtabmap_msgs/include/rtabmap_msgs/msg/detail/rgbd_image__type_support.cpp
[78.879s] -- Installing: /home/deepak/electronic_ws/install/rtabmap_msgs/include/rtabmap_msgs/msg/detail/global_descriptor__type_support.cpp
[78.879s] -- Installing: /home/deepak/electronic_ws/install/rtabmap_msgs/include/rtabmap_msgs/msg/detail/camera_models__rosidl_typesupport_introspection_cpp.hpp
[78.879s] -- Installing: /home/deepak/electronic_ws/install/rtabmap_msgs/include/rtabmap_msgs/msg/detail/map_data__type_support.cpp
[78.879s] -- Installing: /home/deepak/electronic_ws/install/rtabmap_msgs/include/rtabmap_msgs/msg/detail/key_point__type_support.cpp
[78.879s] -- Installing: /home/deepak/electronic_ws/install/rtabmap_msgs/include/rtabmap_msgs/msg/detail/info__rosidl_typesupport_introspection_cpp.hpp
[78.880s] -- Installing: /home/deepak/electronic_ws/install/rtabmap_msgs/include/rtabmap_msgs/msg/detail/env_sensor__rosidl_typesupport_introspection_cpp.hpp
[78.880s] -- Installing: /home/deepak/electronic_ws/install/rtabmap_msgs/include/rtabmap_msgs/msg/detail/rgbd_images__rosidl_typesupport_introspection_cpp.hpp
[78.880s] -- Installing: /home/deepak/electronic_ws/install/rtabmap_msgs/include/rtabmap_msgs/msg/detail/user_data__type_support.cpp
[78.880s] -- Installing: /home/deepak/electronic_ws/install/rtabmap_msgs/include/rtabmap_msgs/msg/detail/global_descriptor__rosidl_typesupport_introspection_cpp.hpp
[78.880s] -- Installing: /home/deepak/electronic_ws/install/rtabmap_msgs/include/rtabmap_msgs/msg/detail/point2f__rosidl_typesupport_introspection_cpp.hpp
[78.880s] -- Installing: /home/deepak/electronic_ws/install/rtabmap_msgs/include/rtabmap_msgs/msg/detail/rgbd_image__rosidl_typesupport_introspection_cpp.hpp
[78.880s] -- Installing: /home/deepak/electronic_ws/install/rtabmap_msgs/include/rtabmap_msgs/msg/detail/map_graph__type_support.cpp
[78.880s] -- Installing: /home/deepak/electronic_ws/install/rtabmap_msgs/include/rtabmap_msgs/msg/detail/user_data__rosidl_typesupport_introspection_cpp.hpp
[78.880s] -- Installing: /home/deepak/electronic_ws/install/rtabmap_msgs/include/rtabmap_msgs/msg/detail/camera_model__type_support.cpp
[78.880s] -- Installing: /home/deepak/electronic_ws/install/rtabmap_msgs/include/rtabmap_msgs/msg/detail/odom_info__type_support.cpp
[78.880s] -- Installing: /home/deepak/electronic_ws/install/rtabmap_msgs/include/rtabmap_msgs/msg/detail/link__rosidl_typesupport_introspection_cpp.hpp
[78.880s] -- Installing: /home/deepak/electronic_ws/install/rtabmap_msgs/include/rtabmap_msgs/msg/detail/key_point__rosidl_typesupport_introspection_cpp.hpp
[78.880s] -- Installing: /home/deepak/electronic_ws/install/rtabmap_msgs/include/rtabmap_msgs/msg/detail/path__type_support.cpp
[78.880s] -- Installing: /home/deepak/electronic_ws/install/rtabmap_msgs/include/rtabmap_msgs/msg/detail/gps__type_support.cpp
[78.880s] -- Up-to-date: /home/deepak/electronic_ws/install/rtabmap_msgs/include/rtabmap_msgs/srv
[78.881s] -- Up-to-date: /home/deepak/electronic_ws/install/rtabmap_msgs/include/rtabmap_msgs/srv/detail
[78.881s] -- Installing: /home/deepak/electronic_ws/install/rtabmap_msgs/include/rtabmap_msgs/srv/detail/reset_pose__rosidl_typesupport_introspection_cpp.hpp
[78.881s] -- Installing: /home/deepak/electronic_ws/install/rtabmap_msgs/include/rtabmap_msgs/srv/detail/get_map2__type_support.cpp
[78.881s] -- Installing: /home/deepak/electronic_ws/install/rtabmap_msgs/include/rtabmap_msgs/srv/detail/get_plan__rosidl_typesupport_introspection_cpp.hpp
[78.881s] -- Installing: /home/deepak/electronic_ws/install/rtabmap_msgs/include/rtabmap_msgs/srv/detail/list_labels__rosidl_typesupport_introspection_cpp.hpp
[78.881s] -- Installing: /home/deepak/electronic_ws/install/rtabmap_msgs/include/rtabmap_msgs/srv/detail/detect_more_loop_closures__type_support.cpp
[78.881s] -- Installing: /home/deepak/electronic_ws/install/rtabmap_msgs/include/rtabmap_msgs/srv/detail/cleanup_local_grids__type_support.cpp
[78.881s] -- Installing: /home/deepak/electronic_ws/install/rtabmap_msgs/include/rtabmap_msgs/srv/detail/get_node_data__rosidl_typesupport_introspection_cpp.hpp
[78.881s] -- Installing: /home/deepak/electronic_ws/install/rtabmap_msgs/include/rtabmap_msgs/srv/detail/cleanup_local_grids__rosidl_typesupport_introspection_cpp.hpp
[78.881s] -- Installing: /home/deepak/electronic_ws/install/rtabmap_msgs/include/rtabmap_msgs/srv/detail/get_node_data__type_support.cpp
[78.881s] -- Installing: /home/deepak/electronic_ws/install/rtabmap_msgs/include/rtabmap_msgs/srv/detail/get_nodes_in_radius__type_support.cpp
[78.881s] -- Installing: /home/deepak/electronic_ws/install/rtabmap_msgs/include/rtabmap_msgs/srv/detail/reset_pose__type_support.cpp
[78.881s] -- Installing: /home/deepak/electronic_ws/install/rtabmap_msgs/include/rtabmap_msgs/srv/detail/load_database__rosidl_typesupport_introspection_cpp.hpp
[78.881s] -- Installing: /home/deepak/electronic_ws/install/rtabmap_msgs/include/rtabmap_msgs/srv/detail/add_link__rosidl_typesupport_introspection_cpp.hpp
[78.881s] -- Installing: /home/deepak/electronic_ws/install/rtabmap_msgs/include/rtabmap_msgs/srv/detail/global_bundle_adjustment__type_support.cpp
[78.881s] -- Installing: /home/deepak/electronic_ws/install/rtabmap_msgs/include/rtabmap_msgs/srv/detail/get_map__rosidl_typesupport_introspection_cpp.hpp
[78.881s] -- Installing: /home/deepak/electronic_ws/install/rtabmap_msgs/include/rtabmap_msgs/srv/detail/set_goal__type_support.cpp
[78.881s] -- Installing: /home/deepak/electronic_ws/install/rtabmap_msgs/include/rtabmap_msgs/srv/detail/global_bundle_adjustment__rosidl_typesupport_introspection_cpp.hpp
[78.882s] -- Installing: /home/deepak/electronic_ws/install/rtabmap_msgs/include/rtabmap_msgs/srv/detail/set_goal__rosidl_typesupport_introspection_cpp.hpp
[78.882s] -- Installing: /home/deepak/electronic_ws/install/rtabmap_msgs/include/rtabmap_msgs/srv/detail/set_label__type_support.cpp
[78.882s] -- Installing: /home/deepak/electronic_ws/install/rtabmap_msgs/include/rtabmap_msgs/srv/detail/list_labels__type_support.cpp
[78.882s] -- Installing: /home/deepak/electronic_ws/install/rtabmap_msgs/include/rtabmap_msgs/srv/detail/remove_label__type_support.cpp
[78.882s] -- Installing: /home/deepak/electronic_ws/install/rtabmap_msgs/include/rtabmap_msgs/srv/detail/set_label__rosidl_typesupport_introspection_cpp.hpp
[78.882s] -- Installing: /home/deepak/electronic_ws/install/rtabmap_msgs/include/rtabmap_msgs/srv/detail/remove_label__rosidl_typesupport_introspection_cpp.hpp
[78.882s] -- Installing: /home/deepak/electronic_ws/install/rtabmap_msgs/include/rtabmap_msgs/srv/detail/detect_more_loop_closures__rosidl_typesupport_introspection_cpp.hpp
[78.882s] -- Installing: /home/deepak/electronic_ws/install/rtabmap_msgs/include/rtabmap_msgs/srv/detail/add_link__type_support.cpp
[78.882s] -- Installing: /home/deepak/electronic_ws/install/rtabmap_msgs/include/rtabmap_msgs/srv/detail/get_nodes_in_radius__rosidl_typesupport_introspection_cpp.hpp
[78.882s] -- Installing: /home/deepak/electronic_ws/install/rtabmap_msgs/include/rtabmap_msgs/srv/detail/load_database__type_support.cpp
[78.882s] -- Installing: /home/deepak/electronic_ws/install/rtabmap_msgs/include/rtabmap_msgs/srv/detail/get_map__type_support.cpp
[78.882s] -- Installing: /home/deepak/electronic_ws/install/rtabmap_msgs/include/rtabmap_msgs/srv/detail/get_map2__rosidl_typesupport_introspection_cpp.hpp
[78.882s] -- Installing: /home/deepak/electronic_ws/install/rtabmap_msgs/include/rtabmap_msgs/srv/detail/publish_map__rosidl_typesupport_introspection_cpp.hpp
[78.882s] -- Installing: /home/deepak/electronic_ws/install/rtabmap_msgs/include/rtabmap_msgs/srv/detail/publish_map__type_support.cpp
[78.882s] -- Installing: /home/deepak/electronic_ws/install/rtabmap_msgs/include/rtabmap_msgs/srv/detail/get_plan__type_support.cpp
[78.882s] -- Installing: /home/deepak/electronic_ws/install/rtabmap_msgs/lib/librtabmap_msgs__rosidl_typesupport_introspection_cpp.so
[78.883s] -- Set runtime path of "/home/deepak/electronic_ws/install/rtabmap_msgs/lib/librtabmap_msgs__rosidl_typesupport_introspection_cpp.so" to ""
[78.883s] -- Installing: /home/deepak/electronic_ws/install/rtabmap_msgs/lib/librtabmap_msgs__rosidl_typesupport_cpp.so
[78.883s] -- Set runtime path of "/home/deepak/electronic_ws/install/rtabmap_msgs/lib/librtabmap_msgs__rosidl_typesupport_cpp.so" to ""
[78.883s] -- Installing: /home/deepak/electronic_ws/install/rtabmap_msgs/share/rtabmap_msgs/environment/pythonpath.sh
[78.884s] -- Installing: /home/deepak/electronic_ws/install/rtabmap_msgs/share/rtabmap_msgs/environment/pythonpath.dsv
[78.884s] -- Installing: /home/deepak/electronic_ws/install/rtabmap_msgs/lib/python3.8/site-packages/rtabmap_msgs/__init__.py
[78.913s] Compiling '/home/deepak/electronic_ws/install/rtabmap_msgs/lib/python3.8/site-packages/rtabmap_msgs/__init__.py'...
[78.918s] -- Installing: /home/deepak/electronic_ws/install/rtabmap_msgs/lib/python3.8/site-packages/rtabmap_msgs/msg
[78.918s] -- Installing: /home/deepak/electronic_ws/install/rtabmap_msgs/lib/python3.8/site-packages/rtabmap_msgs/msg/_user_data.py
[78.918s] -- Installing: /home/deepak/electronic_ws/install/rtabmap_msgs/lib/python3.8/site-packages/rtabmap_msgs/msg/_link.py
[78.918s] -- Installing: /home/deepak/electronic_ws/install/rtabmap_msgs/lib/python3.8/site-packages/rtabmap_msgs/msg/_key_point_s.c
[78.918s] -- Installing: /home/deepak/electronic_ws/install/rtabmap_msgs/lib/python3.8/site-packages/rtabmap_msgs/msg/_camera_model_s.c
[78.918s] -- Installing: /home/deepak/electronic_ws/install/rtabmap_msgs/lib/python3.8/site-packages/rtabmap_msgs/msg/_goal.py
[78.918s] -- Installing: /home/deepak/electronic_ws/install/rtabmap_msgs/lib/python3.8/site-packages/rtabmap_msgs/msg/_rgbd_image.py
[78.918s] -- Installing: /home/deepak/electronic_ws/install/rtabmap_msgs/lib/python3.8/site-packages/rtabmap_msgs/msg/_path_s.c
[78.919s] -- Installing: /home/deepak/electronic_ws/install/rtabmap_msgs/lib/python3.8/site-packages/rtabmap_msgs/msg/_node_data_s.c
[78.919s] -- Installing: /home/deepak/electronic_ws/install/rtabmap_msgs/lib/python3.8/site-packages/rtabmap_msgs/msg/_odom_info_s.c
[78.919s] -- Installing: /home/deepak/electronic_ws/install/rtabmap_msgs/lib/python3.8/site-packages/rtabmap_msgs/msg/_map_graph_s.c
[78.919s] -- Installing: /home/deepak/electronic_ws/install/rtabmap_msgs/lib/python3.8/site-packages/rtabmap_msgs/msg/_node_data.py
[78.919s] -- Installing: /home/deepak/electronic_ws/install/rtabmap_msgs/lib/python3.8/site-packages/rtabmap_msgs/msg/_user_data_s.c
[78.919s] -- Installing: /home/deepak/electronic_ws/install/rtabmap_msgs/lib/python3.8/site-packages/rtabmap_msgs/msg/_path.py
[78.919s] -- Installing: /home/deepak/electronic_ws/install/rtabmap_msgs/lib/python3.8/site-packages/rtabmap_msgs/msg/_global_descriptor_s.c
[78.919s] -- Installing: /home/deepak/electronic_ws/install/rtabmap_msgs/lib/python3.8/site-packages/rtabmap_msgs/msg/_camera_models_s.c
[78.919s] -- Installing: /home/deepak/electronic_ws/install/rtabmap_msgs/lib/python3.8/site-packages/rtabmap_msgs/msg/_point2f_s.c
[78.919s] -- Installing: /home/deepak/electronic_ws/install/rtabmap_msgs/lib/python3.8/site-packages/rtabmap_msgs/msg/_link_s.c
[78.919s] -- Installing: /home/deepak/electronic_ws/install/rtabmap_msgs/lib/python3.8/site-packages/rtabmap_msgs/msg/_rgbd_images.py
[78.919s] -- Installing: /home/deepak/electronic_ws/install/rtabmap_msgs/lib/python3.8/site-packages/rtabmap_msgs/msg/__init__.py
[78.919s] -- Installing: /home/deepak/electronic_ws/install/rtabmap_msgs/lib/python3.8/site-packages/rtabmap_msgs/msg/_gps_s.c
[78.920s] -- Installing: /home/deepak/electronic_ws/install/rtabmap_msgs/lib/python3.8/site-packages/rtabmap_msgs/msg/_point3f_s.c
[78.920s] -- Installing: /home/deepak/electronic_ws/install/rtabmap_msgs/lib/python3.8/site-packages/rtabmap_msgs/msg/_camera_models.py
[78.920s] -- Installing: /home/deepak/electronic_ws/install/rtabmap_msgs/lib/python3.8/site-packages/rtabmap_msgs/msg/_env_sensor_s.c
[78.920s] -- Installing: /home/deepak/electronic_ws/install/rtabmap_msgs/lib/python3.8/site-packages/rtabmap_msgs/msg/_info.py
[78.920s] -- Installing: /home/deepak/electronic_ws/install/rtabmap_msgs/lib/python3.8/site-packages/rtabmap_msgs/msg/_camera_model.py
[78.920s] -- Installing: /home/deepak/electronic_ws/install/rtabmap_msgs/lib/python3.8/site-packages/rtabmap_msgs/msg/_global_descriptor.py
[78.920s] -- Installing: /home/deepak/electronic_ws/install/rtabmap_msgs/lib/python3.8/site-packages/rtabmap_msgs/msg/_point3f.py
[78.920s] -- Installing: /home/deepak/electronic_ws/install/rtabmap_msgs/lib/python3.8/site-packages/rtabmap_msgs/msg/_info_s.c
[78.920s] -- Installing: /home/deepak/electronic_ws/install/rtabmap_msgs/lib/python3.8/site-packages/rtabmap_msgs/msg/_rgbd_image_s.c
[78.920s] -- Installing: /home/deepak/electronic_ws/install/rtabmap_msgs/lib/python3.8/site-packages/rtabmap_msgs/msg/_map_graph.py
[78.920s] -- Installing: /home/deepak/electronic_ws/install/rtabmap_msgs/lib/python3.8/site-packages/rtabmap_msgs/msg/_goal_s.c
[78.920s] -- Installing: /home/deepak/electronic_ws/install/rtabmap_msgs/lib/python3.8/site-packages/rtabmap_msgs/msg/_map_data.py
[78.921s] -- Installing: /home/deepak/electronic_ws/install/rtabmap_msgs/lib/python3.8/site-packages/rtabmap_msgs/msg/_env_sensor.py
[78.921s] -- Installing: /home/deepak/electronic_ws/install/rtabmap_msgs/lib/python3.8/site-packages/rtabmap_msgs/msg/_point2f.py
[78.921s] -- Installing: /home/deepak/electronic_ws/install/rtabmap_msgs/lib/python3.8/site-packages/rtabmap_msgs/msg/_scan_descriptor.py
[78.921s] -- Installing: /home/deepak/electronic_ws/install/rtabmap_msgs/lib/python3.8/site-packages/rtabmap_msgs/msg/_gps.py
[78.921s] -- Installing: /home/deepak/electronic_ws/install/rtabmap_msgs/lib/python3.8/site-packages/rtabmap_msgs/msg/_odom_info.py
[78.921s] -- Installing: /home/deepak/electronic_ws/install/rtabmap_msgs/lib/python3.8/site-packages/rtabmap_msgs/msg/_scan_descriptor_s.c
[78.921s] -- Installing: /home/deepak/electronic_ws/install/rtabmap_msgs/lib/python3.8/site-packages/rtabmap_msgs/msg/_rgbd_images_s.c
[78.921s] -- Installing: /home/deepak/electronic_ws/install/rtabmap_msgs/lib/python3.8/site-packages/rtabmap_msgs/msg/_key_point.py
[78.921s] -- Installing: /home/deepak/electronic_ws/install/rtabmap_msgs/lib/python3.8/site-packages/rtabmap_msgs/msg/_map_data_s.c
[78.921s] -- Installing: /home/deepak/electronic_ws/install/rtabmap_msgs/lib/python3.8/site-packages/rtabmap_msgs/srv
[78.921s] -- Installing: /home/deepak/electronic_ws/install/rtabmap_msgs/lib/python3.8/site-packages/rtabmap_msgs/srv/_get_plan.py
[78.922s] -- Installing: /home/deepak/electronic_ws/install/rtabmap_msgs/lib/python3.8/site-packages/rtabmap_msgs/srv/_remove_label_s.c
[78.922s] -- Installing: /home/deepak/electronic_ws/install/rtabmap_msgs/lib/python3.8/site-packages/rtabmap_msgs/srv/_global_bundle_adjustment.py
[78.922s] -- Installing: /home/deepak/electronic_ws/install/rtabmap_msgs/lib/python3.8/site-packages/rtabmap_msgs/srv/_add_link.py
[78.922s] -- Installing: /home/deepak/electronic_ws/install/rtabmap_msgs/lib/python3.8/site-packages/rtabmap_msgs/srv/_get_plan_s.c
[78.922s] -- Installing: /home/deepak/electronic_ws/install/rtabmap_msgs/lib/python3.8/site-packages/rtabmap_msgs/srv/_set_label_s.c
[78.922s] -- Installing: /home/deepak/electronic_ws/install/rtabmap_msgs/lib/python3.8/site-packages/rtabmap_msgs/srv/_remove_label.py
[78.922s] -- Installing: /home/deepak/electronic_ws/install/rtabmap_msgs/lib/python3.8/site-packages/rtabmap_msgs/srv/_get_map2.py
[78.922s] -- Installing: /home/deepak/electronic_ws/install/rtabmap_msgs/lib/python3.8/site-packages/rtabmap_msgs/srv/_get_map.py
[78.922s] -- Installing: /home/deepak/electronic_ws/install/rtabmap_msgs/lib/python3.8/site-packages/rtabmap_msgs/srv/_get_nodes_in_radius_s.c
[78.922s] -- Installing: /home/deepak/electronic_ws/install/rtabmap_msgs/lib/python3.8/site-packages/rtabmap_msgs/srv/_cleanup_local_grids.py
[78.922s] -- Installing: /home/deepak/electronic_ws/install/rtabmap_msgs/lib/python3.8/site-packages/rtabmap_msgs/srv/_publish_map.py
[78.923s] -- Installing: /home/deepak/electronic_ws/install/rtabmap_msgs/lib/python3.8/site-packages/rtabmap_msgs/srv/_reset_pose_s.c
[78.923s] -- Installing: /home/deepak/electronic_ws/install/rtabmap_msgs/lib/python3.8/site-packages/rtabmap_msgs/srv/_get_node_data_s.c
[78.923s] -- Installing: /home/deepak/electronic_ws/install/rtabmap_msgs/lib/python3.8/site-packages/rtabmap_msgs/srv/_get_map2_s.c
[78.923s] -- Installing: /home/deepak/electronic_ws/install/rtabmap_msgs/lib/python3.8/site-packages/rtabmap_msgs/srv/_get_map_s.c
[78.923s] -- Installing: /home/deepak/electronic_ws/install/rtabmap_msgs/lib/python3.8/site-packages/rtabmap_msgs/srv/__init__.py
[78.923s] -- Installing: /home/deepak/electronic_ws/install/rtabmap_msgs/lib/python3.8/site-packages/rtabmap_msgs/srv/_list_labels.py
[78.923s] -- Installing: /home/deepak/electronic_ws/install/rtabmap_msgs/lib/python3.8/site-packages/rtabmap_msgs/srv/_get_nodes_in_radius.py
[78.923s] -- Installing: /home/deepak/electronic_ws/install/rtabmap_msgs/lib/python3.8/site-packages/rtabmap_msgs/srv/_global_bundle_adjustment_s.c
[78.923s] -- Installing: /home/deepak/electronic_ws/install/rtabmap_msgs/lib/python3.8/site-packages/rtabmap_msgs/srv/_set_goal.py
[78.923s] -- Installing: /home/deepak/electronic_ws/install/rtabmap_msgs/lib/python3.8/site-packages/rtabmap_msgs/srv/_detect_more_loop_closures.py
[78.923s] -- Installing: /home/deepak/electronic_ws/install/rtabmap_msgs/lib/python3.8/site-packages/rtabmap_msgs/srv/_cleanup_local_grids_s.c
[78.923s] -- Installing: /home/deepak/electronic_ws/install/rtabmap_msgs/lib/python3.8/site-packages/rtabmap_msgs/srv/_add_link_s.c
[78.923s] -- Installing: /home/deepak/electronic_ws/install/rtabmap_msgs/lib/python3.8/site-packages/rtabmap_msgs/srv/_publish_map_s.c
[78.924s] -- Installing: /home/deepak/electronic_ws/install/rtabmap_msgs/lib/python3.8/site-packages/rtabmap_msgs/srv/_set_label.py
[78.924s] -- Installing: /home/deepak/electronic_ws/install/rtabmap_msgs/lib/python3.8/site-packages/rtabmap_msgs/srv/_list_labels_s.c
[78.924s] -- Installing: /home/deepak/electronic_ws/install/rtabmap_msgs/lib/python3.8/site-packages/rtabmap_msgs/srv/_set_goal_s.c
[78.924s] -- Installing: /home/deepak/electronic_ws/install/rtabmap_msgs/lib/python3.8/site-packages/rtabmap_msgs/srv/_load_database.py
[78.924s] -- Installing: /home/deepak/electronic_ws/install/rtabmap_msgs/lib/python3.8/site-packages/rtabmap_msgs/srv/_get_node_data.py
[78.924s] -- Installing: /home/deepak/electronic_ws/install/rtabmap_msgs/lib/python3.8/site-packages/rtabmap_msgs/srv/_reset_pose.py
[78.924s] -- Installing: /home/deepak/electronic_ws/install/rtabmap_msgs/lib/python3.8/site-packages/rtabmap_msgs/srv/_detect_more_loop_closures_s.c
[78.924s] -- Installing: /home/deepak/electronic_ws/install/rtabmap_msgs/lib/python3.8/site-packages/rtabmap_msgs/srv/_load_database_s.c
[78.925s] -- Installing: /home/deepak/electronic_ws/install/rtabmap_msgs/lib/python3.8/site-packages/rtabmap_msgs/rtabmap_msgs_s__rosidl_typesupport_fastrtps_c.cpython-38-x86_64-linux-gnu.so
[78.925s] -- Set runtime path of "/home/deepak/electronic_ws/install/rtabmap_msgs/lib/python3.8/site-packages/rtabmap_msgs/rtabmap_msgs_s__rosidl_typesupport_fastrtps_c.cpython-38-x86_64-linux-gnu.so" to ""
[78.925s] -- Installing: /home/deepak/electronic_ws/install/rtabmap_msgs/lib/python3.8/site-packages/rtabmap_msgs/rtabmap_msgs_s__rosidl_typesupport_introspection_c.cpython-38-x86_64-linux-gnu.so
[78.926s] -- Set runtime path of "/home/deepak/electronic_ws/install/rtabmap_msgs/lib/python3.8/site-packages/rtabmap_msgs/rtabmap_msgs_s__rosidl_typesupport_introspection_c.cpython-38-x86_64-linux-gnu.so" to ""
[78.926s] -- Installing: /home/deepak/electronic_ws/install/rtabmap_msgs/lib/python3.8/site-packages/rtabmap_msgs/rtabmap_msgs_s__rosidl_typesupport_c.cpython-38-x86_64-linux-gnu.so
[78.927s] -- Set runtime path of "/home/deepak/electronic_ws/install/rtabmap_msgs/lib/python3.8/site-packages/rtabmap_msgs/rtabmap_msgs_s__rosidl_typesupport_c.cpython-38-x86_64-linux-gnu.so" to ""
[78.927s] -- Installing: /home/deepak/electronic_ws/install/rtabmap_msgs/lib/librtabmap_msgs__python.so
[78.927s] -- Set runtime path of "/home/deepak/electronic_ws/install/rtabmap_msgs/lib/librtabmap_msgs__python.so" to ""
[78.927s] -- Installing: /home/deepak/electronic_ws/install/rtabmap_msgs/share/rtabmap_msgs/msg/Info.idl
[78.928s] -- Installing: /home/deepak/electronic_ws/install/rtabmap_msgs/share/rtabmap_msgs/msg/KeyPoint.idl
[78.928s] -- Installing: /home/deepak/electronic_ws/install/rtabmap_msgs/share/rtabmap_msgs/msg/GlobalDescriptor.idl
[78.928s] -- Installing: /home/deepak/electronic_ws/install/rtabmap_msgs/share/rtabmap_msgs/msg/ScanDescriptor.idl
[78.928s] -- Installing: /home/deepak/electronic_ws/install/rtabmap_msgs/share/rtabmap_msgs/msg/MapData.idl
[78.928s] -- Installing: /home/deepak/electronic_ws/install/rtabmap_msgs/share/rtabmap_msgs/msg/MapGraph.idl
[78.928s] -- Installing: /home/deepak/electronic_ws/install/rtabmap_msgs/share/rtabmap_msgs/msg/NodeData.idl
[78.928s] -- Installing: /home/deepak/electronic_ws/install/rtabmap_msgs/share/rtabmap_msgs/msg/Link.idl
[78.929s] -- Installing: /home/deepak/electronic_ws/install/rtabmap_msgs/share/rtabmap_msgs/msg/OdomInfo.idl
[78.929s] -- Installing: /home/deepak/electronic_ws/install/rtabmap_msgs/share/rtabmap_msgs/msg/Point2f.idl
[78.929s] -- Installing: /home/deepak/electronic_ws/install/rtabmap_msgs/share/rtabmap_msgs/msg/Point3f.idl
[78.929s] -- Installing: /home/deepak/electronic_ws/install/rtabmap_msgs/share/rtabmap_msgs/msg/Goal.idl
[78.929s] -- Installing: /home/deepak/electronic_ws/install/rtabmap_msgs/share/rtabmap_msgs/msg/RGBDImage.idl
[78.929s] -- Installing: /home/deepak/electronic_ws/install/rtabmap_msgs/share/rtabmap_msgs/msg/RGBDImages.idl
[78.929s] -- Installing: /home/deepak/electronic_ws/install/rtabmap_msgs/share/rtabmap_msgs/msg/UserData.idl
[78.930s] -- Installing: /home/deepak/electronic_ws/install/rtabmap_msgs/share/rtabmap_msgs/msg/GPS.idl
[78.930s] -- Installing: /home/deepak/electronic_ws/install/rtabmap_msgs/share/rtabmap_msgs/msg/Path.idl
[78.930s] -- Installing: /home/deepak/electronic_ws/install/rtabmap_msgs/share/rtabmap_msgs/msg/EnvSensor.idl
[78.930s] -- Installing: /home/deepak/electronic_ws/install/rtabmap_msgs/share/rtabmap_msgs/msg/CameraModel.idl
[78.930s] -- Installing: /home/deepak/electronic_ws/install/rtabmap_msgs/share/rtabmap_msgs/msg/CameraModels.idl
[78.930s] -- Installing: /home/deepak/electronic_ws/install/rtabmap_msgs/share/rtabmap_msgs/srv/GetMap.idl
[78.930s] -- Installing: /home/deepak/electronic_ws/install/rtabmap_msgs/share/rtabmap_msgs/srv/GetMap2.idl
[78.930s] -- Installing: /home/deepak/electronic_ws/install/rtabmap_msgs/share/rtabmap_msgs/srv/ListLabels.idl
[78.931s] -- Installing: /home/deepak/electronic_ws/install/rtabmap_msgs/share/rtabmap_msgs/srv/PublishMap.idl
[78.931s] -- Installing: /home/deepak/electronic_ws/install/rtabmap_msgs/share/rtabmap_msgs/srv/ResetPose.idl
[78.931s] -- Installing: /home/deepak/electronic_ws/install/rtabmap_msgs/share/rtabmap_msgs/srv/SetGoal.idl
[78.931s] -- Installing: /home/deepak/electronic_ws/install/rtabmap_msgs/share/rtabmap_msgs/srv/SetLabel.idl
[78.931s] -- Installing: /home/deepak/electronic_ws/install/rtabmap_msgs/share/rtabmap_msgs/srv/RemoveLabel.idl
[78.931s] -- Installing: /home/deepak/electronic_ws/install/rtabmap_msgs/share/rtabmap_msgs/srv/GetPlan.idl
[78.931s] -- Installing: /home/deepak/electronic_ws/install/rtabmap_msgs/share/rtabmap_msgs/srv/AddLink.idl
[78.931s] -- Installing: /home/deepak/electronic_ws/install/rtabmap_msgs/share/rtabmap_msgs/srv/GetNodeData.idl
[78.932s] -- Installing: /home/deepak/electronic_ws/install/rtabmap_msgs/share/rtabmap_msgs/srv/GetNodesInRadius.idl
[78.932s] -- Installing: /home/deepak/electronic_ws/install/rtabmap_msgs/share/rtabmap_msgs/srv/LoadDatabase.idl
[78.932s] -- Installing: /home/deepak/electronic_ws/install/rtabmap_msgs/share/rtabmap_msgs/srv/DetectMoreLoopClosures.idl
[78.932s] -- Installing: /home/deepak/electronic_ws/install/rtabmap_msgs/share/rtabmap_msgs/srv/GlobalBundleAdjustment.idl
[78.932s] -- Installing: /home/deepak/electronic_ws/install/rtabmap_msgs/share/rtabmap_msgs/srv/CleanupLocalGrids.idl
[78.932s] -- Installing: /home/deepak/electronic_ws/install/rtabmap_msgs/share/rtabmap_msgs/msg/Info.msg
[78.932s] -- Installing: /home/deepak/electronic_ws/install/rtabmap_msgs/share/rtabmap_msgs/msg/KeyPoint.msg
[78.933s] -- Installing: /home/deepak/electronic_ws/install/rtabmap_msgs/share/rtabmap_msgs/msg/GlobalDescriptor.msg
[78.933s] -- Installing: /home/deepak/electronic_ws/install/rtabmap_msgs/share/rtabmap_msgs/msg/ScanDescriptor.msg
[78.933s] -- Installing: /home/deepak/electronic_ws/install/rtabmap_msgs/share/rtabmap_msgs/msg/MapData.msg
[78.933s] -- Installing: /home/deepak/electronic_ws/install/rtabmap_msgs/share/rtabmap_msgs/msg/MapGraph.msg
[78.933s] -- Installing: /home/deepak/electronic_ws/install/rtabmap_msgs/share/rtabmap_msgs/msg/NodeData.msg
[78.933s] -- Installing: /home/deepak/electronic_ws/install/rtabmap_msgs/share/rtabmap_msgs/msg/Link.msg
[78.933s] -- Installing: /home/deepak/electronic_ws/install/rtabmap_msgs/share/rtabmap_msgs/msg/OdomInfo.msg
[78.933s] -- Installing: /home/deepak/electronic_ws/install/rtabmap_msgs/share/rtabmap_msgs/msg/Point2f.msg
[78.934s] -- Installing: /home/deepak/electronic_ws/install/rtabmap_msgs/share/rtabmap_msgs/msg/Point3f.msg
[78.934s] -- Installing: /home/deepak/electronic_ws/install/rtabmap_msgs/share/rtabmap_msgs/msg/Goal.msg
[78.934s] -- Installing: /home/deepak/electronic_ws/install/rtabmap_msgs/share/rtabmap_msgs/msg/RGBDImage.msg
[78.934s] -- Installing: /home/deepak/electronic_ws/install/rtabmap_msgs/share/rtabmap_msgs/msg/RGBDImages.msg
[78.934s] -- Installing: /home/deepak/electronic_ws/install/rtabmap_msgs/share/rtabmap_msgs/msg/UserData.msg
[78.934s] -- Installing: /home/deepak/electronic_ws/install/rtabmap_msgs/share/rtabmap_msgs/msg/GPS.msg
[78.934s] -- Installing: /home/deepak/electronic_ws/install/rtabmap_msgs/share/rtabmap_msgs/msg/Path.msg
[78.934s] -- Installing: /home/deepak/electronic_ws/install/rtabmap_msgs/share/rtabmap_msgs/msg/EnvSensor.msg
[78.935s] -- Installing: /home/deepak/electronic_ws/install/rtabmap_msgs/share/rtabmap_msgs/msg/CameraModel.msg
[78.935s] -- Installing: /home/deepak/electronic_ws/install/rtabmap_msgs/share/rtabmap_msgs/msg/CameraModels.msg
[78.935s] -- Installing: /home/deepak/electronic_ws/install/rtabmap_msgs/share/rtabmap_msgs/srv/GetMap.srv
[78.935s] -- Installing: /home/deepak/electronic_ws/install/rtabmap_msgs/share/rtabmap_msgs/srv/GetMap_Request.msg
[78.935s] -- Installing: /home/deepak/electronic_ws/install/rtabmap_msgs/share/rtabmap_msgs/srv/GetMap_Response.msg
[78.935s] -- Installing: /home/deepak/electronic_ws/install/rtabmap_msgs/share/rtabmap_msgs/srv/GetMap2.srv
[78.935s] -- Installing: /home/deepak/electronic_ws/install/rtabmap_msgs/share/rtabmap_msgs/srv/GetMap2_Request.msg
[78.936s] -- Installing: /home/deepak/electronic_ws/install/rtabmap_msgs/share/rtabmap_msgs/srv/GetMap2_Response.msg
[78.936s] -- Installing: /home/deepak/electronic_ws/install/rtabmap_msgs/share/rtabmap_msgs/srv/ListLabels.srv
[78.936s] -- Installing: /home/deepak/electronic_ws/install/rtabmap_msgs/share/rtabmap_msgs/srv/ListLabels_Request.msg
[78.936s] -- Installing: /home/deepak/electronic_ws/install/rtabmap_msgs/share/rtabmap_msgs/srv/ListLabels_Response.msg
[78.936s] -- Installing: /home/deepak/electronic_ws/install/rtabmap_msgs/share/rtabmap_msgs/srv/PublishMap.srv
[78.936s] -- Installing: /home/deepak/electronic_ws/install/rtabmap_msgs/share/rtabmap_msgs/srv/PublishMap_Request.msg
[78.936s] -- Installing: /home/deepak/electronic_ws/install/rtabmap_msgs/share/rtabmap_msgs/srv/PublishMap_Response.msg
[78.936s] -- Installing: /home/deepak/electronic_ws/install/rtabmap_msgs/share/rtabmap_msgs/srv/ResetPose.srv
[78.937s] -- Installing: /home/deepak/electronic_ws/install/rtabmap_msgs/share/rtabmap_msgs/srv/ResetPose_Request.msg
[78.937s] -- Installing: /home/deepak/electronic_ws/install/rtabmap_msgs/share/rtabmap_msgs/srv/ResetPose_Response.msg
[78.937s] -- Installing: /home/deepak/electronic_ws/install/rtabmap_msgs/share/rtabmap_msgs/srv/SetGoal.srv
[78.937s] -- Installing: /home/deepak/electronic_ws/install/rtabmap_msgs/share/rtabmap_msgs/srv/SetGoal_Request.msg
[78.937s] -- Installing: /home/deepak/electronic_ws/install/rtabmap_msgs/share/rtabmap_msgs/srv/SetGoal_Response.msg
[78.937s] -- Installing: /home/deepak/electronic_ws/install/rtabmap_msgs/share/rtabmap_msgs/srv/SetLabel.srv
[78.937s] -- Installing: /home/deepak/electronic_ws/install/rtabmap_msgs/share/rtabmap_msgs/srv/SetLabel_Request.msg
[78.937s] -- Installing: /home/deepak/electronic_ws/install/rtabmap_msgs/share/rtabmap_msgs/srv/SetLabel_Response.msg
[78.938s] -- Installing: /home/deepak/electronic_ws/install/rtabmap_msgs/share/rtabmap_msgs/srv/RemoveLabel.srv
[78.938s] -- Installing: /home/deepak/electronic_ws/install/rtabmap_msgs/share/rtabmap_msgs/srv/RemoveLabel_Request.msg
[78.938s] -- Installing: /home/deepak/electronic_ws/install/rtabmap_msgs/share/rtabmap_msgs/srv/RemoveLabel_Response.msg
[78.938s] -- Installing: /home/deepak/electronic_ws/install/rtabmap_msgs/share/rtabmap_msgs/srv/GetPlan.srv
[78.938s] -- Installing: /home/deepak/electronic_ws/install/rtabmap_msgs/share/rtabmap_msgs/srv/GetPlan_Request.msg
[78.938s] -- Installing: /home/deepak/electronic_ws/install/rtabmap_msgs/share/rtabmap_msgs/srv/GetPlan_Response.msg
[78.938s] -- Installing: /home/deepak/electronic_ws/install/rtabmap_msgs/share/rtabmap_msgs/srv/AddLink.srv
[78.939s] -- Installing: /home/deepak/electronic_ws/install/rtabmap_msgs/share/rtabmap_msgs/srv/AddLink_Request.msg
[78.939s] -- Installing: /home/deepak/electronic_ws/install/rtabmap_msgs/share/rtabmap_msgs/srv/AddLink_Response.msg
[78.939s] -- Installing: /home/deepak/electronic_ws/install/rtabmap_msgs/share/rtabmap_msgs/srv/GetNodeData.srv
[78.939s] -- Installing: /home/deepak/electronic_ws/install/rtabmap_msgs/share/rtabmap_msgs/srv/GetNodeData_Request.msg
[78.939s] -- Installing: /home/deepak/electronic_ws/install/rtabmap_msgs/share/rtabmap_msgs/srv/GetNodeData_Response.msg
[78.939s] -- Installing: /home/deepak/electronic_ws/install/rtabmap_msgs/share/rtabmap_msgs/srv/GetNodesInRadius.srv
[78.939s] -- Installing: /home/deepak/electronic_ws/install/rtabmap_msgs/share/rtabmap_msgs/srv/GetNodesInRadius_Request.msg
[78.939s] -- Installing: /home/deepak/electronic_ws/install/rtabmap_msgs/share/rtabmap_msgs/srv/GetNodesInRadius_Response.msg
[78.940s] -- Installing: /home/deepak/electronic_ws/install/rtabmap_msgs/share/rtabmap_msgs/srv/LoadDatabase.srv
[78.940s] -- Installing: /home/deepak/electronic_ws/install/rtabmap_msgs/share/rtabmap_msgs/srv/LoadDatabase_Request.msg
[78.940s] -- Installing: /home/deepak/electronic_ws/install/rtabmap_msgs/share/rtabmap_msgs/srv/LoadDatabase_Response.msg
[78.940s] -- Installing: /home/deepak/electronic_ws/install/rtabmap_msgs/share/rtabmap_msgs/srv/DetectMoreLoopClosures.srv
[78.940s] -- Installing: /home/deepak/electronic_ws/install/rtabmap_msgs/share/rtabmap_msgs/srv/DetectMoreLoopClosures_Request.msg
[78.940s] -- Installing: /home/deepak/electronic_ws/install/rtabmap_msgs/share/rtabmap_msgs/srv/DetectMoreLoopClosures_Response.msg
[78.940s] -- Installing: /home/deepak/electronic_ws/install/rtabmap_msgs/share/rtabmap_msgs/srv/GlobalBundleAdjustment.srv
[78.941s] -- Installing: /home/deepak/electronic_ws/install/rtabmap_msgs/share/rtabmap_msgs/srv/GlobalBundleAdjustment_Request.msg
[78.941s] -- Installing: /home/deepak/electronic_ws/install/rtabmap_msgs/share/rtabmap_msgs/srv/GlobalBundleAdjustment_Response.msg
[78.941s] -- Installing: /home/deepak/electronic_ws/install/rtabmap_msgs/share/rtabmap_msgs/srv/CleanupLocalGrids.srv
[78.941s] -- Installing: /home/deepak/electronic_ws/install/rtabmap_msgs/share/rtabmap_msgs/srv/CleanupLocalGrids_Request.msg
[78.941s] -- Installing: /home/deepak/electronic_ws/install/rtabmap_msgs/share/rtabmap_msgs/srv/CleanupLocalGrids_Response.msg
[78.941s] -- Installing: /home/deepak/electronic_ws/install/rtabmap_msgs/share/ament_index/resource_index/package_run_dependencies/rtabmap_msgs
[78.941s] -- Installing: /home/deepak/electronic_ws/install/rtabmap_msgs/share/ament_index/resource_index/parent_prefix_path/rtabmap_msgs
[78.942s] -- Installing: /home/deepak/electronic_ws/install/rtabmap_msgs/share/rtabmap_msgs/environment/ament_prefix_path.sh
[78.942s] -- Installing: /home/deepak/electronic_ws/install/rtabmap_msgs/share/rtabmap_msgs/environment/ament_prefix_path.dsv
[78.942s] -- Installing: /home/deepak/electronic_ws/install/rtabmap_msgs/share/rtabmap_msgs/environment/path.sh
[78.942s] -- Installing: /home/deepak/electronic_ws/install/rtabmap_msgs/share/rtabmap_msgs/environment/path.dsv
[78.942s] -- Installing: /home/deepak/electronic_ws/install/rtabmap_msgs/share/rtabmap_msgs/local_setup.bash
[78.942s] -- Installing: /home/deepak/electronic_ws/install/rtabmap_msgs/share/rtabmap_msgs/local_setup.sh
[78.942s] -- Installing: /home/deepak/electronic_ws/install/rtabmap_msgs/share/rtabmap_msgs/local_setup.zsh
[78.943s] -- Installing: /home/deepak/electronic_ws/install/rtabmap_msgs/share/rtabmap_msgs/local_setup.dsv
[78.943s] -- Installing: /home/deepak/electronic_ws/install/rtabmap_msgs/share/rtabmap_msgs/package.dsv
[78.943s] -- Installing: /home/deepak/electronic_ws/install/rtabmap_msgs/share/ament_index/resource_index/packages/rtabmap_msgs
[78.943s] -- Installing: /home/deepak/electronic_ws/install/rtabmap_msgs/share/rtabmap_msgs/cmake/rtabmap_msgs__rosidl_generator_cExport.cmake
[78.943s] -- Installing: /home/deepak/electronic_ws/install/rtabmap_msgs/share/rtabmap_msgs/cmake/rtabmap_msgs__rosidl_generator_cExport-noconfig.cmake
[78.943s] -- Installing: /home/deepak/electronic_ws/install/rtabmap_msgs/share/rtabmap_msgs/cmake/rtabmap_msgs__rosidl_typesupport_introspection_cExport.cmake
[78.944s] -- Installing: /home/deepak/electronic_ws/install/rtabmap_msgs/share/rtabmap_msgs/cmake/rtabmap_msgs__rosidl_typesupport_introspection_cExport-noconfig.cmake
[78.944s] -- Installing: /home/deepak/electronic_ws/install/rtabmap_msgs/share/rtabmap_msgs/cmake/rtabmap_msgs__rosidl_typesupport_cExport.cmake
[78.944s] -- Installing: /home/deepak/electronic_ws/install/rtabmap_msgs/share/rtabmap_msgs/cmake/rtabmap_msgs__rosidl_typesupport_cExport-noconfig.cmake
[78.944s] -- Installing: /home/deepak/electronic_ws/install/rtabmap_msgs/share/rtabmap_msgs/cmake/rtabmap_msgs__rosidl_generator_cppExport.cmake
[78.944s] -- Installing: /home/deepak/electronic_ws/install/rtabmap_msgs/share/rtabmap_msgs/cmake/rtabmap_msgs__rosidl_typesupport_introspection_cppExport.cmake
[78.944s] -- Installing: /home/deepak/electronic_ws/install/rtabmap_msgs/share/rtabmap_msgs/cmake/rtabmap_msgs__rosidl_typesupport_introspection_cppExport-noconfig.cmake
[78.945s] -- Installing: /home/deepak/electronic_ws/install/rtabmap_msgs/share/rtabmap_msgs/cmake/rtabmap_msgs__rosidl_typesupport_cppExport.cmake
[78.945s] -- Installing: /home/deepak/electronic_ws/install/rtabmap_msgs/share/rtabmap_msgs/cmake/rtabmap_msgs__rosidl_typesupport_cppExport-noconfig.cmake
[78.945s] -- Installing: /home/deepak/electronic_ws/install/rtabmap_msgs/share/rtabmap_msgs/cmake/rosidl_cmake-extras.cmake
[78.945s] -- Installing: /home/deepak/electronic_ws/install/rtabmap_msgs/share/rtabmap_msgs/cmake/ament_cmake_export_dependencies-extras.cmake
[78.945s] -- Installing: /home/deepak/electronic_ws/install/rtabmap_msgs/share/rtabmap_msgs/cmake/ament_cmake_export_libraries-extras.cmake
[78.945s] -- Installing: /home/deepak/electronic_ws/install/rtabmap_msgs/share/rtabmap_msgs/cmake/ament_cmake_export_targets-extras.cmake
[78.945s] -- Installing: /home/deepak/electronic_ws/install/rtabmap_msgs/share/rtabmap_msgs/cmake/ament_cmake_export_include_directories-extras.cmake
[78.946s] -- Installing: /home/deepak/electronic_ws/install/rtabmap_msgs/share/rtabmap_msgs/cmake/rosidl_cmake_export_typesupport_libraries-extras.cmake
[78.946s] -- Installing: /home/deepak/electronic_ws/install/rtabmap_msgs/share/rtabmap_msgs/cmake/rosidl_cmake_export_typesupport_targets-extras.cmake
[78.946s] -- Installing: /home/deepak/electronic_ws/install/rtabmap_msgs/share/rtabmap_msgs/cmake/rtabmap_msgsConfig.cmake
[78.946s] -- Installing: /home/deepak/electronic_ws/install/rtabmap_msgs/share/rtabmap_msgs/cmake/rtabmap_msgsConfig-version.cmake
[78.946s] -- Installing: /home/deepak/electronic_ws/install/rtabmap_msgs/share/rtabmap_msgs/package.xml
[78.949s] Invoked command in '/home/deepak/electronic_ws/build/rtabmap_msgs' returned '0': /usr/bin/cmake --install /home/deepak/electronic_ws/build/rtabmap_msgs
