[0.043s] Invoking command in '/home/deepak/electronic_ws/build/rtabmap_msgs': /usr/bin/cmake /home/deepak/electronic_ws/src/rtabmap_ros/rtabmap_msgs -DCATKIN_INSTALL_INTO_PREFIX_ROOT=0 -DCMAKE_INSTALL_PREFIX=/home/deepak/electronic_ws/install/rtabmap_msgs
[0.298s] -- Found rosidl_default_generators: 1.0.1 (/opt/ros/foxy/share/rosidl_default_generators/cmake)
[0.298s] -- Found ament_cmake_core: 0.9.12 (/opt/ros/foxy/share/ament_cmake_core/cmake)
[0.298s] -- Using PYTHON_EXECUTABLE: /usr/bin/python3
[0.374s] -- Using all available rosidl_typesupport_c: rosidl_typesupport_fastrtps_c;rosidl_typesupport_introspection_c
[0.380s] -- Found rosidl_adapter: 1.3.1 (/opt/ros/foxy/share/rosidl_adapter/cmake)
[0.613s] -- Using all available rosidl_typesupport_cpp: rosidl_typesupport_fastrtps_cpp;rosidl_typesupport_introspection_cpp
[0.654s] -- Found geometry_msgs: 2.0.5 (/opt/ros/foxy/share/geometry_msgs/cmake)
[0.767s] -- Found sensor_msgs: 2.0.5 (/opt/ros/foxy/share/sensor_msgs/cmake)
[0.906s] -- Found std_srvs: 2.0.5 (/opt/ros/foxy/share/std_srvs/cmake)
[0.984s] -- Found PythonInterp: /usr/bin/python3 (found version "3.8.10") 
[1.504s] -- Found ament_cmake_ros: 0.9.2 (/opt/ros/foxy/share/ament_cmake_ros/cmake)
[1.857s] -- Using all available rosidl_typesupport_c: rosidl_typesupport_fastrtps_c;rosidl_typesupport_introspection_c
[2.009s] -- Using all available rosidl_typesupport_cpp: rosidl_typesupport_fastrtps_cpp;rosidl_typesupport_introspection_cpp
[2.037s] -- Found PythonInterp: /usr/bin/python3 (found suitable version "3.8.10", minimum required is "3.5") 
[2.038s] -- Found python_cmake_module: 0.8.1 (/opt/ros/foxy/share/python_cmake_module/cmake)
[2.063s] -- Using PYTHON_EXECUTABLE: /usr/bin/python3
[2.063s] -- Using PYTHON_INCLUDE_DIRS: /usr/include/python3.8
[2.064s] -- Using PYTHON_LIBRARIES: /usr/lib/x86_64-linux-gnu/libpython3.8.so
[2.161s] -- Configuring done
[2.332s] -- Generating done
[2.369s] -- Build files have been written to: /home/deepak/electronic_ws/build/rtabmap_msgs
[2.379s] Invoked command in '/home/deepak/electronic_ws/build/rtabmap_msgs' returned '0': /usr/bin/cmake /home/deepak/electronic_ws/src/rtabmap_ros/rtabmap_msgs -DCATKIN_INSTALL_INTO_PREFIX_ROOT=0 -DCMAKE_INSTALL_PREFIX=/home/deepak/electronic_ws/install/rtabmap_msgs
[2.381s] Invoking command in '/home/deepak/electronic_ws/build/rtabmap_msgs': /usr/bin/cmake --build /home/deepak/electronic_ws/build/rtabmap_msgs -- -j8 -l8
[2.456s] [  0%] Built target rtabmap_msgs__cpp
[2.473s] [ 12%] Built target rtabmap_msgs__rosidl_generator_c
[2.496s] [ 24%] Built target rtabmap_msgs__rosidl_typesupport_cpp
[2.503s] [ 37%] Built target rtabmap_msgs__rosidl_typesupport_introspection_cpp
[2.516s] [ 49%] Built target rtabmap_msgs__rosidl_typesupport_fastrtps_cpp
[2.521s] [ 61%] Built target rtabmap_msgs__rosidl_typesupport_c
[2.523s] [ 74%] Built target rtabmap_msgs__rosidl_typesupport_introspection_c
[2.572s] [ 87%] Built target rtabmap_msgs__rosidl_typesupport_fastrtps_c
[2.592s] [ 87%] Built target rtabmap_msgs
[2.615s] [ 87%] Built target rtabmap_msgs__py
[2.666s] [ 99%] Built target rtabmap_msgs__python
[2.698s] [ 99%] Built target rtabmap_msgs__rosidl_typesupport_introspection_c__pyext
[2.698s] [100%] Built target rtabmap_msgs__rosidl_typesupport_c__pyext
[2.698s] [ 99%] Built target rtabmap_msgs__rosidl_typesupport_fastrtps_c__pyext
[2.709s] Invoked command in '/home/deepak/electronic_ws/build/rtabmap_msgs' returned '0': /usr/bin/cmake --build /home/deepak/electronic_ws/build/rtabmap_msgs -- -j8 -l8
[2.713s] Invoking command in '/home/deepak/electronic_ws/build/rtabmap_msgs': /usr/bin/cmake --install /home/deepak/electronic_ws/build/rtabmap_msgs
[2.727s] -- Install configuration: ""
[2.727s] -- Up-to-date: /home/deepak/electronic_ws/install/rtabmap_msgs/share/ament_index/resource_index/rosidl_interfaces/rtabmap_msgs
[2.727s] -- Up-to-date: /home/deepak/electronic_ws/install/rtabmap_msgs/include/rtabmap_msgs
[2.727s] -- Up-to-date: /home/deepak/electronic_ws/install/rtabmap_msgs/include/rtabmap_msgs/msg
[2.728s] -- Up-to-date: /home/deepak/electronic_ws/install/rtabmap_msgs/include/rtabmap_msgs/msg/global_descriptor.h
[2.728s] -- Up-to-date: /home/deepak/electronic_ws/install/rtabmap_msgs/include/rtabmap_msgs/msg/gps.h
[2.728s] -- Up-to-date: /home/deepak/electronic_ws/install/rtabmap_msgs/include/rtabmap_msgs/msg/info.h
[2.728s] -- Up-to-date: /home/deepak/electronic_ws/install/rtabmap_msgs/include/rtabmap_msgs/msg/camera_model.h
[2.728s] -- Up-to-date: /home/deepak/electronic_ws/install/rtabmap_msgs/include/rtabmap_msgs/msg/scan_descriptor.h
[2.729s] -- Up-to-date: /home/deepak/electronic_ws/install/rtabmap_msgs/include/rtabmap_msgs/msg/camera_models.h
[2.729s] -- Up-to-date: /home/deepak/electronic_ws/install/rtabmap_msgs/include/rtabmap_msgs/msg/goal.h
[2.729s] -- Up-to-date: /home/deepak/electronic_ws/install/rtabmap_msgs/include/rtabmap_msgs/msg/env_sensor.h
[2.729s] -- Up-to-date: /home/deepak/electronic_ws/install/rtabmap_msgs/include/rtabmap_msgs/msg/rgbd_images.h
[2.729s] -- Up-to-date: /home/deepak/electronic_ws/install/rtabmap_msgs/include/rtabmap_msgs/msg/detail
[2.729s] -- Up-to-date: /home/deepak/electronic_ws/install/rtabmap_msgs/include/rtabmap_msgs/msg/detail/env_sensor__type_support.h
[2.729s] -- Up-to-date: /home/deepak/electronic_ws/install/rtabmap_msgs/include/rtabmap_msgs/msg/detail/user_data__struct.h
[2.729s] -- Up-to-date: /home/deepak/electronic_ws/install/rtabmap_msgs/include/rtabmap_msgs/msg/detail/path__type_support.h
[2.730s] -- Up-to-date: /home/deepak/electronic_ws/install/rtabmap_msgs/include/rtabmap_msgs/msg/detail/odom_info__functions.h
[2.730s] -- Up-to-date: /home/deepak/electronic_ws/install/rtabmap_msgs/include/rtabmap_msgs/msg/detail/point2f__functions.h
[2.730s] -- Up-to-date: /home/deepak/electronic_ws/install/rtabmap_msgs/include/rtabmap_msgs/msg/detail/camera_models__functions.h
[2.730s] -- Up-to-date: /home/deepak/electronic_ws/install/rtabmap_msgs/include/rtabmap_msgs/msg/detail/link__type_support.h
[2.730s] -- Up-to-date: /home/deepak/electronic_ws/install/rtabmap_msgs/include/rtabmap_msgs/msg/detail/scan_descriptor__functions.h
[2.730s] -- Up-to-date: /home/deepak/electronic_ws/install/rtabmap_msgs/include/rtabmap_msgs/msg/detail/map_data__type_support.h
[2.730s] -- Up-to-date: /home/deepak/electronic_ws/install/rtabmap_msgs/include/rtabmap_msgs/msg/detail/rgbd_image__functions.c
[2.731s] -- Up-to-date: /home/deepak/electronic_ws/install/rtabmap_msgs/include/rtabmap_msgs/msg/detail/global_descriptor__functions.h
[2.731s] -- Up-to-date: /home/deepak/electronic_ws/install/rtabmap_msgs/include/rtabmap_msgs/msg/detail/key_point__functions.h
[2.731s] -- Up-to-date: /home/deepak/electronic_ws/install/rtabmap_msgs/include/rtabmap_msgs/msg/detail/map_graph__struct.h
[2.731s] -- Up-to-date: /home/deepak/electronic_ws/install/rtabmap_msgs/include/rtabmap_msgs/msg/detail/rgbd_images__struct.h
[2.731s] -- Up-to-date: /home/deepak/electronic_ws/install/rtabmap_msgs/include/rtabmap_msgs/msg/detail/info__functions.c
[2.731s] -- Up-to-date: /home/deepak/electronic_ws/install/rtabmap_msgs/include/rtabmap_msgs/msg/detail/user_data__functions.c
[2.731s] -- Up-to-date: /home/deepak/electronic_ws/install/rtabmap_msgs/include/rtabmap_msgs/msg/detail/rgbd_image__functions.h
[2.731s] -- Up-to-date: /home/deepak/electronic_ws/install/rtabmap_msgs/include/rtabmap_msgs/msg/detail/scan_descriptor__struct.h
[2.732s] -- Up-to-date: /home/deepak/electronic_ws/install/rtabmap_msgs/include/rtabmap_msgs/msg/detail/point3f__struct.h
[2.732s] -- Up-to-date: /home/deepak/electronic_ws/install/rtabmap_msgs/include/rtabmap_msgs/msg/detail/map_data__struct.h
[2.732s] -- Up-to-date: /home/deepak/electronic_ws/install/rtabmap_msgs/include/rtabmap_msgs/msg/detail/map_data__functions.c
[2.732s] -- Up-to-date: /home/deepak/electronic_ws/install/rtabmap_msgs/include/rtabmap_msgs/msg/detail/map_graph__functions.c
[2.732s] -- Up-to-date: /home/deepak/electronic_ws/install/rtabmap_msgs/include/rtabmap_msgs/msg/detail/point2f__functions.c
[2.732s] -- Up-to-date: /home/deepak/electronic_ws/install/rtabmap_msgs/include/rtabmap_msgs/msg/detail/odom_info__struct.h
[2.732s] -- Up-to-date: /home/deepak/electronic_ws/install/rtabmap_msgs/include/rtabmap_msgs/msg/detail/key_point__functions.c
[2.733s] -- Up-to-date: /home/deepak/electronic_ws/install/rtabmap_msgs/include/rtabmap_msgs/msg/detail/env_sensor__functions.h
[2.733s] -- Up-to-date: /home/deepak/electronic_ws/install/rtabmap_msgs/include/rtabmap_msgs/msg/detail/gps__functions.c
[2.733s] -- Up-to-date: /home/deepak/electronic_ws/install/rtabmap_msgs/include/rtabmap_msgs/msg/detail/node_data__functions.c
[2.733s] -- Up-to-date: /home/deepak/electronic_ws/install/rtabmap_msgs/include/rtabmap_msgs/msg/detail/link__struct.h
[2.733s] -- Up-to-date: /home/deepak/electronic_ws/install/rtabmap_msgs/include/rtabmap_msgs/msg/detail/camera_model__struct.h
[2.733s] -- Up-to-date: /home/deepak/electronic_ws/install/rtabmap_msgs/include/rtabmap_msgs/msg/detail/info__type_support.h
[2.733s] -- Up-to-date: /home/deepak/electronic_ws/install/rtabmap_msgs/include/rtabmap_msgs/msg/detail/global_descriptor__struct.h
[2.733s] -- Up-to-date: /home/deepak/electronic_ws/install/rtabmap_msgs/include/rtabmap_msgs/msg/detail/camera_model__type_support.h
[2.733s] -- Up-to-date: /home/deepak/electronic_ws/install/rtabmap_msgs/include/rtabmap_msgs/msg/detail/gps__functions.h
[2.734s] -- Up-to-date: /home/deepak/electronic_ws/install/rtabmap_msgs/include/rtabmap_msgs/msg/detail/goal__functions.c
[2.734s] -- Up-to-date: /home/deepak/electronic_ws/install/rtabmap_msgs/include/rtabmap_msgs/msg/detail/path__struct.h
[2.734s] -- Up-to-date: /home/deepak/electronic_ws/install/rtabmap_msgs/include/rtabmap_msgs/msg/detail/goal__struct.h
[2.734s] -- Up-to-date: /home/deepak/electronic_ws/install/rtabmap_msgs/include/rtabmap_msgs/msg/detail/rgbd_image__struct.h
[2.734s] -- Up-to-date: /home/deepak/electronic_ws/install/rtabmap_msgs/include/rtabmap_msgs/msg/detail/map_graph__functions.h
[2.735s] -- Up-to-date: /home/deepak/electronic_ws/install/rtabmap_msgs/include/rtabmap_msgs/msg/detail/map_graph__type_support.h
[2.735s] -- Up-to-date: /home/deepak/electronic_ws/install/rtabmap_msgs/include/rtabmap_msgs/msg/detail/link__functions.h
[2.736s] -- Up-to-date: /home/deepak/electronic_ws/install/rtabmap_msgs/include/rtabmap_msgs/msg/detail/scan_descriptor__type_support.h
[2.736s] -- Up-to-date: /home/deepak/electronic_ws/install/rtabmap_msgs/include/rtabmap_msgs/msg/detail/scan_descriptor__functions.c
[2.736s] -- Up-to-date: /home/deepak/electronic_ws/install/rtabmap_msgs/include/rtabmap_msgs/msg/detail/info__functions.h
[2.736s] -- Up-to-date: /home/deepak/electronic_ws/install/rtabmap_msgs/include/rtabmap_msgs/msg/detail/point2f__type_support.h
[2.736s] -- Up-to-date: /home/deepak/electronic_ws/install/rtabmap_msgs/include/rtabmap_msgs/msg/detail/point3f__functions.c
[2.736s] -- Up-to-date: /home/deepak/electronic_ws/install/rtabmap_msgs/include/rtabmap_msgs/msg/detail/rgbd_images__functions.c
[2.736s] -- Up-to-date: /home/deepak/electronic_ws/install/rtabmap_msgs/include/rtabmap_msgs/msg/detail/camera_model__functions.c
[2.736s] -- Up-to-date: /home/deepak/electronic_ws/install/rtabmap_msgs/include/rtabmap_msgs/msg/detail/odom_info__functions.c
[2.736s] -- Up-to-date: /home/deepak/electronic_ws/install/rtabmap_msgs/include/rtabmap_msgs/msg/detail/point3f__functions.h
[2.736s] -- Up-to-date: /home/deepak/electronic_ws/install/rtabmap_msgs/include/rtabmap_msgs/msg/detail/key_point__struct.h
[2.736s] -- Up-to-date: /home/deepak/electronic_ws/install/rtabmap_msgs/include/rtabmap_msgs/msg/detail/rgbd_images__type_support.h
[2.736s] -- Up-to-date: /home/deepak/electronic_ws/install/rtabmap_msgs/include/rtabmap_msgs/msg/detail/odom_info__type_support.h
[2.737s] -- Up-to-date: /home/deepak/electronic_ws/install/rtabmap_msgs/include/rtabmap_msgs/msg/detail/point2f__struct.h
[2.737s] -- Up-to-date: /home/deepak/electronic_ws/install/rtabmap_msgs/include/rtabmap_msgs/msg/detail/info__struct.h
[2.737s] -- Up-to-date: /home/deepak/electronic_ws/install/rtabmap_msgs/include/rtabmap_msgs/msg/detail/global_descriptor__type_support.h
[2.737s] -- Up-to-date: /home/deepak/electronic_ws/install/rtabmap_msgs/include/rtabmap_msgs/msg/detail/map_data__functions.h
[2.737s] -- Up-to-date: /home/deepak/electronic_ws/install/rtabmap_msgs/include/rtabmap_msgs/msg/detail/camera_models__functions.c
[2.737s] -- Up-to-date: /home/deepak/electronic_ws/install/rtabmap_msgs/include/rtabmap_msgs/msg/detail/env_sensor__struct.h
[2.737s] -- Up-to-date: /home/deepak/electronic_ws/install/rtabmap_msgs/include/rtabmap_msgs/msg/detail/node_data__type_support.h
[2.737s] -- Up-to-date: /home/deepak/electronic_ws/install/rtabmap_msgs/include/rtabmap_msgs/msg/detail/rgbd_image__type_support.h
[2.737s] -- Up-to-date: /home/deepak/electronic_ws/install/rtabmap_msgs/include/rtabmap_msgs/msg/detail/goal__functions.h
[2.737s] -- Up-to-date: /home/deepak/electronic_ws/install/rtabmap_msgs/include/rtabmap_msgs/msg/detail/path__functions.h
[2.738s] -- Up-to-date: /home/deepak/electronic_ws/install/rtabmap_msgs/include/rtabmap_msgs/msg/detail/global_descriptor__functions.c
[2.738s] -- Up-to-date: /home/deepak/electronic_ws/install/rtabmap_msgs/include/rtabmap_msgs/msg/detail/camera_models__type_support.h
[2.738s] -- Up-to-date: /home/deepak/electronic_ws/install/rtabmap_msgs/include/rtabmap_msgs/msg/detail/camera_model__functions.h
[2.738s] -- Up-to-date: /home/deepak/electronic_ws/install/rtabmap_msgs/include/rtabmap_msgs/msg/detail/rgbd_images__functions.h
[2.738s] -- Up-to-date: /home/deepak/electronic_ws/install/rtabmap_msgs/include/rtabmap_msgs/msg/detail/gps__type_support.h
[2.738s] -- Up-to-date: /home/deepak/electronic_ws/install/rtabmap_msgs/include/rtabmap_msgs/msg/detail/node_data__struct.h
[2.738s] -- Up-to-date: /home/deepak/electronic_ws/install/rtabmap_msgs/include/rtabmap_msgs/msg/detail/user_data__functions.h
[2.738s] -- Up-to-date: /home/deepak/electronic_ws/install/rtabmap_msgs/include/rtabmap_msgs/msg/detail/key_point__type_support.h
[2.738s] -- Up-to-date: /home/deepak/electronic_ws/install/rtabmap_msgs/include/rtabmap_msgs/msg/detail/path__functions.c
[2.739s] -- Up-to-date: /home/deepak/electronic_ws/install/rtabmap_msgs/include/rtabmap_msgs/msg/detail/env_sensor__functions.c
[2.739s] -- Up-to-date: /home/deepak/electronic_ws/install/rtabmap_msgs/include/rtabmap_msgs/msg/detail/user_data__type_support.h
[2.739s] -- Up-to-date: /home/deepak/electronic_ws/install/rtabmap_msgs/include/rtabmap_msgs/msg/detail/node_data__functions.h
[2.739s] -- Up-to-date: /home/deepak/electronic_ws/install/rtabmap_msgs/include/rtabmap_msgs/msg/detail/camera_models__struct.h
[2.739s] -- Up-to-date: /home/deepak/electronic_ws/install/rtabmap_msgs/include/rtabmap_msgs/msg/detail/link__functions.c
[2.739s] -- Up-to-date: /home/deepak/electronic_ws/install/rtabmap_msgs/include/rtabmap_msgs/msg/detail/goal__type_support.h
[2.739s] -- Up-to-date: /home/deepak/electronic_ws/install/rtabmap_msgs/include/rtabmap_msgs/msg/detail/point3f__type_support.h
[2.739s] -- Up-to-date: /home/deepak/electronic_ws/install/rtabmap_msgs/include/rtabmap_msgs/msg/detail/gps__struct.h
[2.739s] -- Up-to-date: /home/deepak/electronic_ws/install/rtabmap_msgs/include/rtabmap_msgs/msg/node_data.h
[2.739s] -- Up-to-date: /home/deepak/electronic_ws/install/rtabmap_msgs/include/rtabmap_msgs/msg/link.h
[2.739s] -- Up-to-date: /home/deepak/electronic_ws/install/rtabmap_msgs/include/rtabmap_msgs/msg/map_graph.h
[2.740s] -- Up-to-date: /home/deepak/electronic_ws/install/rtabmap_msgs/include/rtabmap_msgs/msg/user_data.h
[2.740s] -- Up-to-date: /home/deepak/electronic_ws/install/rtabmap_msgs/include/rtabmap_msgs/msg/rosidl_generator_c__visibility_control.h
[2.740s] -- Up-to-date: /home/deepak/electronic_ws/install/rtabmap_msgs/include/rtabmap_msgs/msg/point2f.h
[2.740s] -- Up-to-date: /home/deepak/electronic_ws/install/rtabmap_msgs/include/rtabmap_msgs/msg/path.h
[2.740s] -- Up-to-date: /home/deepak/electronic_ws/install/rtabmap_msgs/include/rtabmap_msgs/msg/point3f.h
[2.740s] -- Up-to-date: /home/deepak/electronic_ws/install/rtabmap_msgs/include/rtabmap_msgs/msg/map_data.h
[2.740s] -- Up-to-date: /home/deepak/electronic_ws/install/rtabmap_msgs/include/rtabmap_msgs/msg/key_point.h
[2.740s] -- Up-to-date: /home/deepak/electronic_ws/install/rtabmap_msgs/include/rtabmap_msgs/msg/rgbd_image.h
[2.740s] -- Up-to-date: /home/deepak/electronic_ws/install/rtabmap_msgs/include/rtabmap_msgs/msg/odom_info.h
[2.740s] -- Up-to-date: /home/deepak/electronic_ws/install/rtabmap_msgs/include/rtabmap_msgs/srv
[2.740s] -- Up-to-date: /home/deepak/electronic_ws/install/rtabmap_msgs/include/rtabmap_msgs/srv/get_map2.h
[2.741s] -- Up-to-date: /home/deepak/electronic_ws/install/rtabmap_msgs/include/rtabmap_msgs/srv/add_link.h
[2.741s] -- Up-to-date: /home/deepak/electronic_ws/install/rtabmap_msgs/include/rtabmap_msgs/srv/get_nodes_in_radius.h
[2.741s] -- Up-to-date: /home/deepak/electronic_ws/install/rtabmap_msgs/include/rtabmap_msgs/srv/global_bundle_adjustment.h
[2.741s] -- Up-to-date: /home/deepak/electronic_ws/install/rtabmap_msgs/include/rtabmap_msgs/srv/get_plan.h
[2.741s] -- Up-to-date: /home/deepak/electronic_ws/install/rtabmap_msgs/include/rtabmap_msgs/srv/load_database.h
[2.741s] -- Up-to-date: /home/deepak/electronic_ws/install/rtabmap_msgs/include/rtabmap_msgs/srv/detect_more_loop_closures.h
[2.741s] -- Up-to-date: /home/deepak/electronic_ws/install/rtabmap_msgs/include/rtabmap_msgs/srv/get_node_data.h
[2.741s] -- Up-to-date: /home/deepak/electronic_ws/install/rtabmap_msgs/include/rtabmap_msgs/srv/detail
[2.741s] -- Up-to-date: /home/deepak/electronic_ws/install/rtabmap_msgs/include/rtabmap_msgs/srv/detail/get_map__functions.h
[2.741s] -- Up-to-date: /home/deepak/electronic_ws/install/rtabmap_msgs/include/rtabmap_msgs/srv/detail/get_map__struct.h
[2.742s] -- Up-to-date: /home/deepak/electronic_ws/install/rtabmap_msgs/include/rtabmap_msgs/srv/detail/set_label__struct.h
[2.742s] -- Up-to-date: /home/deepak/electronic_ws/install/rtabmap_msgs/include/rtabmap_msgs/srv/detail/cleanup_local_grids__struct.h
[2.742s] -- Up-to-date: /home/deepak/electronic_ws/install/rtabmap_msgs/include/rtabmap_msgs/srv/detail/set_goal__functions.h
[2.742s] -- Up-to-date: /home/deepak/electronic_ws/install/rtabmap_msgs/include/rtabmap_msgs/srv/detail/load_database__functions.h
[2.742s] -- Up-to-date: /home/deepak/electronic_ws/install/rtabmap_msgs/include/rtabmap_msgs/srv/detail/get_map2__type_support.h
[2.742s] -- Up-to-date: /home/deepak/electronic_ws/install/rtabmap_msgs/include/rtabmap_msgs/srv/detail/reset_pose__functions.h
[2.742s] -- Up-to-date: /home/deepak/electronic_ws/install/rtabmap_msgs/include/rtabmap_msgs/srv/detail/load_database__struct.h
[2.742s] -- Up-to-date: /home/deepak/electronic_ws/install/rtabmap_msgs/include/rtabmap_msgs/srv/detail/remove_label__functions.h
[2.742s] -- Up-to-date: /home/deepak/electronic_ws/install/rtabmap_msgs/include/rtabmap_msgs/srv/detail/set_label__type_support.h
[2.743s] -- Up-to-date: /home/deepak/electronic_ws/install/rtabmap_msgs/include/rtabmap_msgs/srv/detail/get_nodes_in_radius__type_support.h
[2.743s] -- Up-to-date: /home/deepak/electronic_ws/install/rtabmap_msgs/include/rtabmap_msgs/srv/detail/load_database__type_support.h
[2.743s] -- Up-to-date: /home/deepak/electronic_ws/install/rtabmap_msgs/include/rtabmap_msgs/srv/detail/get_node_data__functions.h
[2.743s] -- Up-to-date: /home/deepak/electronic_ws/install/rtabmap_msgs/include/rtabmap_msgs/srv/detail/publish_map__functions.h
[2.743s] -- Up-to-date: /home/deepak/electronic_ws/install/rtabmap_msgs/include/rtabmap_msgs/srv/detail/global_bundle_adjustment__type_support.h
[2.743s] -- Up-to-date: /home/deepak/electronic_ws/install/rtabmap_msgs/include/rtabmap_msgs/srv/detail/get_node_data__functions.c
[2.743s] -- Up-to-date: /home/deepak/electronic_ws/install/rtabmap_msgs/include/rtabmap_msgs/srv/detail/reset_pose__functions.c
[2.743s] -- Up-to-date: /home/deepak/electronic_ws/install/rtabmap_msgs/include/rtabmap_msgs/srv/detail/remove_label__type_support.h
[2.743s] -- Up-to-date: /home/deepak/electronic_ws/install/rtabmap_msgs/include/rtabmap_msgs/srv/detail/get_nodes_in_radius__struct.h
[2.744s] -- Up-to-date: /home/deepak/electronic_ws/install/rtabmap_msgs/include/rtabmap_msgs/srv/detail/global_bundle_adjustment__functions.h
[2.744s] -- Up-to-date: /home/deepak/electronic_ws/install/rtabmap_msgs/include/rtabmap_msgs/srv/detail/publish_map__functions.c
[2.744s] -- Up-to-date: /home/deepak/electronic_ws/install/rtabmap_msgs/include/rtabmap_msgs/srv/detail/set_goal__functions.c
[2.744s] -- Up-to-date: /home/deepak/electronic_ws/install/rtabmap_msgs/include/rtabmap_msgs/srv/detail/get_plan__struct.h
[2.744s] -- Up-to-date: /home/deepak/electronic_ws/install/rtabmap_msgs/include/rtabmap_msgs/srv/detail/list_labels__type_support.h
[2.744s] -- Up-to-date: /home/deepak/electronic_ws/install/rtabmap_msgs/include/rtabmap_msgs/srv/detail/publish_map__struct.h
[2.744s] -- Up-to-date: /home/deepak/electronic_ws/install/rtabmap_msgs/include/rtabmap_msgs/srv/detail/global_bundle_adjustment__functions.c
[2.744s] -- Up-to-date: /home/deepak/electronic_ws/install/rtabmap_msgs/include/rtabmap_msgs/srv/detail/get_map__type_support.h
[2.745s] -- Up-to-date: /home/deepak/electronic_ws/install/rtabmap_msgs/include/rtabmap_msgs/srv/detail/add_link__functions.h
[2.745s] -- Up-to-date: /home/deepak/electronic_ws/install/rtabmap_msgs/include/rtabmap_msgs/srv/detail/remove_label__struct.h
[2.745s] -- Up-to-date: /home/deepak/electronic_ws/install/rtabmap_msgs/include/rtabmap_msgs/srv/detail/get_nodes_in_radius__functions.c
[2.745s] -- Up-to-date: /home/deepak/electronic_ws/install/rtabmap_msgs/include/rtabmap_msgs/srv/detail/set_goal__type_support.h
[2.745s] -- Up-to-date: /home/deepak/electronic_ws/install/rtabmap_msgs/include/rtabmap_msgs/srv/detail/get_node_data__type_support.h
[2.745s] -- Up-to-date: /home/deepak/electronic_ws/install/rtabmap_msgs/include/rtabmap_msgs/srv/detail/reset_pose__type_support.h
[2.745s] -- Up-to-date: /home/deepak/electronic_ws/install/rtabmap_msgs/include/rtabmap_msgs/srv/detail/cleanup_local_grids__functions.c
[2.745s] -- Up-to-date: /home/deepak/electronic_ws/install/rtabmap_msgs/include/rtabmap_msgs/srv/detail/load_database__functions.c
[2.745s] -- Up-to-date: /home/deepak/electronic_ws/install/rtabmap_msgs/include/rtabmap_msgs/srv/detail/get_map2__functions.c
[2.746s] -- Up-to-date: /home/deepak/electronic_ws/install/rtabmap_msgs/include/rtabmap_msgs/srv/detail/detect_more_loop_closures__type_support.h
[2.746s] -- Up-to-date: /home/deepak/electronic_ws/install/rtabmap_msgs/include/rtabmap_msgs/srv/detail/set_label__functions.h
[2.746s] -- Up-to-date: /home/deepak/electronic_ws/install/rtabmap_msgs/include/rtabmap_msgs/srv/detail/detect_more_loop_closures__functions.c
[2.746s] -- Up-to-date: /home/deepak/electronic_ws/install/rtabmap_msgs/include/rtabmap_msgs/srv/detail/global_bundle_adjustment__struct.h
[2.746s] -- Up-to-date: /home/deepak/electronic_ws/install/rtabmap_msgs/include/rtabmap_msgs/srv/detail/reset_pose__struct.h
[2.746s] -- Up-to-date: /home/deepak/electronic_ws/install/rtabmap_msgs/include/rtabmap_msgs/srv/detail/publish_map__type_support.h
[2.746s] -- Up-to-date: /home/deepak/electronic_ws/install/rtabmap_msgs/include/rtabmap_msgs/srv/detail/get_map2__functions.h
[2.747s] -- Up-to-date: /home/deepak/electronic_ws/install/rtabmap_msgs/include/rtabmap_msgs/srv/detail/list_labels__struct.h
[2.747s] -- Up-to-date: /home/deepak/electronic_ws/install/rtabmap_msgs/include/rtabmap_msgs/srv/detail/get_node_data__struct.h
[2.747s] -- Up-to-date: /home/deepak/electronic_ws/install/rtabmap_msgs/include/rtabmap_msgs/srv/detail/get_plan__functions.c
[2.747s] -- Up-to-date: /home/deepak/electronic_ws/install/rtabmap_msgs/include/rtabmap_msgs/srv/detail/set_label__functions.c
[2.747s] -- Up-to-date: /home/deepak/electronic_ws/install/rtabmap_msgs/include/rtabmap_msgs/srv/detail/list_labels__functions.h
[2.747s] -- Up-to-date: /home/deepak/electronic_ws/install/rtabmap_msgs/include/rtabmap_msgs/srv/detail/cleanup_local_grids__functions.h
[2.747s] -- Up-to-date: /home/deepak/electronic_ws/install/rtabmap_msgs/include/rtabmap_msgs/srv/detail/cleanup_local_grids__type_support.h
[2.747s] -- Up-to-date: /home/deepak/electronic_ws/install/rtabmap_msgs/include/rtabmap_msgs/srv/detail/list_labels__functions.c
[2.747s] -- Up-to-date: /home/deepak/electronic_ws/install/rtabmap_msgs/include/rtabmap_msgs/srv/detail/remove_label__functions.c
[2.747s] -- Up-to-date: /home/deepak/electronic_ws/install/rtabmap_msgs/include/rtabmap_msgs/srv/detail/add_link__functions.c
[2.748s] -- Up-to-date: /home/deepak/electronic_ws/install/rtabmap_msgs/include/rtabmap_msgs/srv/detail/get_map2__struct.h
[2.748s] -- Up-to-date: /home/deepak/electronic_ws/install/rtabmap_msgs/include/rtabmap_msgs/srv/detail/add_link__struct.h
[2.748s] -- Up-to-date: /home/deepak/electronic_ws/install/rtabmap_msgs/include/rtabmap_msgs/srv/detail/detect_more_loop_closures__struct.h
[2.748s] -- Up-to-date: /home/deepak/electronic_ws/install/rtabmap_msgs/include/rtabmap_msgs/srv/detail/get_nodes_in_radius__functions.h
[2.748s] -- Up-to-date: /home/deepak/electronic_ws/install/rtabmap_msgs/include/rtabmap_msgs/srv/detail/get_map__functions.c
[2.748s] -- Up-to-date: /home/deepak/electronic_ws/install/rtabmap_msgs/include/rtabmap_msgs/srv/detail/get_plan__functions.h
[2.748s] -- Up-to-date: /home/deepak/electronic_ws/install/rtabmap_msgs/include/rtabmap_msgs/srv/detail/add_link__type_support.h
[2.748s] -- Up-to-date: /home/deepak/electronic_ws/install/rtabmap_msgs/include/rtabmap_msgs/srv/detail/get_plan__type_support.h
[2.748s] -- Up-to-date: /home/deepak/electronic_ws/install/rtabmap_msgs/include/rtabmap_msgs/srv/detail/set_goal__struct.h
[2.749s] -- Up-to-date: /home/deepak/electronic_ws/install/rtabmap_msgs/include/rtabmap_msgs/srv/detail/detect_more_loop_closures__functions.h
[2.749s] -- Up-to-date: /home/deepak/electronic_ws/install/rtabmap_msgs/include/rtabmap_msgs/srv/get_map.h
[2.749s] -- Up-to-date: /home/deepak/electronic_ws/install/rtabmap_msgs/include/rtabmap_msgs/srv/cleanup_local_grids.h
[2.749s] -- Up-to-date: /home/deepak/electronic_ws/install/rtabmap_msgs/include/rtabmap_msgs/srv/publish_map.h
[2.749s] -- Up-to-date: /home/deepak/electronic_ws/install/rtabmap_msgs/include/rtabmap_msgs/srv/remove_label.h
[2.749s] -- Up-to-date: /home/deepak/electronic_ws/install/rtabmap_msgs/include/rtabmap_msgs/srv/reset_pose.h
[2.749s] -- Up-to-date: /home/deepak/electronic_ws/install/rtabmap_msgs/include/rtabmap_msgs/srv/set_goal.h
[2.749s] -- Up-to-date: /home/deepak/electronic_ws/install/rtabmap_msgs/include/rtabmap_msgs/srv/set_label.h
[2.749s] -- Up-to-date: /home/deepak/electronic_ws/install/rtabmap_msgs/include/rtabmap_msgs/srv/list_labels.h
[2.750s] -- Up-to-date: /home/deepak/electronic_ws/install/rtabmap_msgs/share/rtabmap_msgs/environment/library_path.sh
[2.750s] -- Installing: /home/deepak/electronic_ws/install/rtabmap_msgs/share/rtabmap_msgs/environment/library_path.dsv
[2.750s] -- Up-to-date: /home/deepak/electronic_ws/install/rtabmap_msgs/lib/librtabmap_msgs__rosidl_generator_c.so
[2.750s] -- Up-to-date: /home/deepak/electronic_ws/install/rtabmap_msgs/include/rtabmap_msgs
[2.750s] -- Up-to-date: /home/deepak/electronic_ws/install/rtabmap_msgs/include/rtabmap_msgs/msg
[2.750s] -- Up-to-date: /home/deepak/electronic_ws/install/rtabmap_msgs/include/rtabmap_msgs/msg/detail
[2.750s] -- Up-to-date: /home/deepak/electronic_ws/install/rtabmap_msgs/include/rtabmap_msgs/msg/detail/link__rosidl_typesupport_fastrtps_c.h
[2.751s] -- Up-to-date: /home/deepak/electronic_ws/install/rtabmap_msgs/include/rtabmap_msgs/msg/detail/point2f__rosidl_typesupport_fastrtps_c.h
[2.751s] -- Up-to-date: /home/deepak/electronic_ws/install/rtabmap_msgs/include/rtabmap_msgs/msg/detail/point3f__rosidl_typesupport_fastrtps_c.h
[2.751s] -- Up-to-date: /home/deepak/electronic_ws/install/rtabmap_msgs/include/rtabmap_msgs/msg/detail/camera_model__rosidl_typesupport_fastrtps_c.h
[2.751s] -- Up-to-date: /home/deepak/electronic_ws/install/rtabmap_msgs/include/rtabmap_msgs/msg/detail/user_data__rosidl_typesupport_fastrtps_c.h
[2.751s] -- Up-to-date: /home/deepak/electronic_ws/install/rtabmap_msgs/include/rtabmap_msgs/msg/detail/scan_descriptor__rosidl_typesupport_fastrtps_c.h
[2.751s] -- Up-to-date: /home/deepak/electronic_ws/install/rtabmap_msgs/include/rtabmap_msgs/msg/detail/map_data__rosidl_typesupport_fastrtps_c.h
[2.751s] -- Up-to-date: /home/deepak/electronic_ws/install/rtabmap_msgs/include/rtabmap_msgs/msg/detail/global_descriptor__rosidl_typesupport_fastrtps_c.h
[2.752s] -- Up-to-date: /home/deepak/electronic_ws/install/rtabmap_msgs/include/rtabmap_msgs/msg/detail/key_point__rosidl_typesupport_fastrtps_c.h
[2.752s] -- Up-to-date: /home/deepak/electronic_ws/install/rtabmap_msgs/include/rtabmap_msgs/msg/detail/gps__rosidl_typesupport_fastrtps_c.h
[2.752s] -- Up-to-date: /home/deepak/electronic_ws/install/rtabmap_msgs/include/rtabmap_msgs/msg/detail/rgbd_images__rosidl_typesupport_fastrtps_c.h
[2.752s] -- Up-to-date: /home/deepak/electronic_ws/install/rtabmap_msgs/include/rtabmap_msgs/msg/detail/map_graph__rosidl_typesupport_fastrtps_c.h
[2.752s] -- Up-to-date: /home/deepak/electronic_ws/install/rtabmap_msgs/include/rtabmap_msgs/msg/detail/env_sensor__rosidl_typesupport_fastrtps_c.h
[2.752s] -- Up-to-date: /home/deepak/electronic_ws/install/rtabmap_msgs/include/rtabmap_msgs/msg/detail/path__rosidl_typesupport_fastrtps_c.h
[2.752s] -- Up-to-date: /home/deepak/electronic_ws/install/rtabmap_msgs/include/rtabmap_msgs/msg/detail/info__rosidl_typesupport_fastrtps_c.h
[2.752s] -- Up-to-date: /home/deepak/electronic_ws/install/rtabmap_msgs/include/rtabmap_msgs/msg/detail/node_data__rosidl_typesupport_fastrtps_c.h
[2.752s] -- Up-to-date: /home/deepak/electronic_ws/install/rtabmap_msgs/include/rtabmap_msgs/msg/detail/camera_models__rosidl_typesupport_fastrtps_c.h
[2.753s] -- Up-to-date: /home/deepak/electronic_ws/install/rtabmap_msgs/include/rtabmap_msgs/msg/detail/odom_info__rosidl_typesupport_fastrtps_c.h
[2.753s] -- Up-to-date: /home/deepak/electronic_ws/install/rtabmap_msgs/include/rtabmap_msgs/msg/detail/goal__rosidl_typesupport_fastrtps_c.h
[2.753s] -- Up-to-date: /home/deepak/electronic_ws/install/rtabmap_msgs/include/rtabmap_msgs/msg/detail/rgbd_image__rosidl_typesupport_fastrtps_c.h
[2.753s] -- Up-to-date: /home/deepak/electronic_ws/install/rtabmap_msgs/include/rtabmap_msgs/msg/rosidl_typesupport_fastrtps_c__visibility_control.h
[2.753s] -- Up-to-date: /home/deepak/electronic_ws/install/rtabmap_msgs/include/rtabmap_msgs/srv
[2.753s] -- Up-to-date: /home/deepak/electronic_ws/install/rtabmap_msgs/include/rtabmap_msgs/srv/detail
[2.753s] -- Up-to-date: /home/deepak/electronic_ws/install/rtabmap_msgs/include/rtabmap_msgs/srv/detail/cleanup_local_grids__rosidl_typesupport_fastrtps_c.h
[2.753s] -- Up-to-date: /home/deepak/electronic_ws/install/rtabmap_msgs/include/rtabmap_msgs/srv/detail/get_map__rosidl_typesupport_fastrtps_c.h
[2.753s] -- Up-to-date: /home/deepak/electronic_ws/install/rtabmap_msgs/include/rtabmap_msgs/srv/detail/add_link__rosidl_typesupport_fastrtps_c.h
[2.753s] -- Up-to-date: /home/deepak/electronic_ws/install/rtabmap_msgs/include/rtabmap_msgs/srv/detail/list_labels__rosidl_typesupport_fastrtps_c.h
[2.754s] -- Up-to-date: /home/deepak/electronic_ws/install/rtabmap_msgs/include/rtabmap_msgs/srv/detail/get_plan__rosidl_typesupport_fastrtps_c.h
[2.754s] -- Up-to-date: /home/deepak/electronic_ws/install/rtabmap_msgs/include/rtabmap_msgs/srv/detail/publish_map__rosidl_typesupport_fastrtps_c.h
[2.754s] -- Up-to-date: /home/deepak/electronic_ws/install/rtabmap_msgs/include/rtabmap_msgs/srv/detail/get_node_data__rosidl_typesupport_fastrtps_c.h
[2.754s] -- Up-to-date: /home/deepak/electronic_ws/install/rtabmap_msgs/include/rtabmap_msgs/srv/detail/set_goal__rosidl_typesupport_fastrtps_c.h
[2.754s] -- Up-to-date: /home/deepak/electronic_ws/install/rtabmap_msgs/include/rtabmap_msgs/srv/detail/remove_label__rosidl_typesupport_fastrtps_c.h
[2.754s] -- Up-to-date: /home/deepak/electronic_ws/install/rtabmap_msgs/include/rtabmap_msgs/srv/detail/get_map2__rosidl_typesupport_fastrtps_c.h
[2.755s] -- Up-to-date: /home/deepak/electronic_ws/install/rtabmap_msgs/include/rtabmap_msgs/srv/detail/set_label__rosidl_typesupport_fastrtps_c.h
[2.755s] -- Up-to-date: /home/deepak/electronic_ws/install/rtabmap_msgs/include/rtabmap_msgs/srv/detail/load_database__rosidl_typesupport_fastrtps_c.h
[2.755s] -- Up-to-date: /home/deepak/electronic_ws/install/rtabmap_msgs/include/rtabmap_msgs/srv/detail/detect_more_loop_closures__rosidl_typesupport_fastrtps_c.h
[2.755s] -- Up-to-date: /home/deepak/electronic_ws/install/rtabmap_msgs/include/rtabmap_msgs/srv/detail/get_nodes_in_radius__rosidl_typesupport_fastrtps_c.h
[2.755s] -- Up-to-date: /home/deepak/electronic_ws/install/rtabmap_msgs/include/rtabmap_msgs/srv/detail/global_bundle_adjustment__rosidl_typesupport_fastrtps_c.h
[2.755s] -- Up-to-date: /home/deepak/electronic_ws/install/rtabmap_msgs/include/rtabmap_msgs/srv/detail/reset_pose__rosidl_typesupport_fastrtps_c.h
[2.755s] -- Up-to-date: /home/deepak/electronic_ws/install/rtabmap_msgs/lib/librtabmap_msgs__rosidl_typesupport_fastrtps_c.so
[2.756s] -- Up-to-date: /home/deepak/electronic_ws/install/rtabmap_msgs/include/rtabmap_msgs
[2.756s] -- Up-to-date: /home/deepak/electronic_ws/install/rtabmap_msgs/include/rtabmap_msgs/msg
[2.756s] -- Up-to-date: /home/deepak/electronic_ws/install/rtabmap_msgs/include/rtabmap_msgs/msg/rosidl_typesupport_fastrtps_cpp__visibility_control.h
[2.756s] -- Up-to-date: /home/deepak/electronic_ws/install/rtabmap_msgs/include/rtabmap_msgs/msg/detail
[2.756s] -- Up-to-date: /home/deepak/electronic_ws/install/rtabmap_msgs/include/rtabmap_msgs/msg/detail/odom_info__rosidl_typesupport_fastrtps_cpp.hpp
[2.756s] -- Up-to-date: /home/deepak/electronic_ws/install/rtabmap_msgs/include/rtabmap_msgs/msg/detail/scan_descriptor__rosidl_typesupport_fastrtps_cpp.hpp
[2.756s] -- Up-to-date: /home/deepak/electronic_ws/install/rtabmap_msgs/include/rtabmap_msgs/msg/detail/node_data__rosidl_typesupport_fastrtps_cpp.hpp
[2.756s] -- Up-to-date: /home/deepak/electronic_ws/install/rtabmap_msgs/include/rtabmap_msgs/msg/detail/user_data__rosidl_typesupport_fastrtps_cpp.hpp
[2.756s] -- Up-to-date: /home/deepak/electronic_ws/install/rtabmap_msgs/include/rtabmap_msgs/msg/detail/goal__rosidl_typesupport_fastrtps_cpp.hpp
[2.756s] -- Up-to-date: /home/deepak/electronic_ws/install/rtabmap_msgs/include/rtabmap_msgs/msg/detail/env_sensor__rosidl_typesupport_fastrtps_cpp.hpp
[2.757s] -- Up-to-date: /home/deepak/electronic_ws/install/rtabmap_msgs/include/rtabmap_msgs/msg/detail/global_descriptor__rosidl_typesupport_fastrtps_cpp.hpp
[2.757s] -- Up-to-date: /home/deepak/electronic_ws/install/rtabmap_msgs/include/rtabmap_msgs/msg/detail/point3f__rosidl_typesupport_fastrtps_cpp.hpp
[2.757s] -- Up-to-date: /home/deepak/electronic_ws/install/rtabmap_msgs/include/rtabmap_msgs/msg/detail/point2f__rosidl_typesupport_fastrtps_cpp.hpp
[2.757s] -- Up-to-date: /home/deepak/electronic_ws/install/rtabmap_msgs/include/rtabmap_msgs/msg/detail/camera_models__rosidl_typesupport_fastrtps_cpp.hpp
[2.757s] -- Up-to-date: /home/deepak/electronic_ws/install/rtabmap_msgs/include/rtabmap_msgs/msg/detail/rgbd_image__rosidl_typesupport_fastrtps_cpp.hpp
[2.757s] -- Up-to-date: /home/deepak/electronic_ws/install/rtabmap_msgs/include/rtabmap_msgs/msg/detail/dds_fastrtps
[2.757s] -- Up-to-date: /home/deepak/electronic_ws/install/rtabmap_msgs/include/rtabmap_msgs/msg/detail/link__rosidl_typesupport_fastrtps_cpp.hpp
[2.757s] -- Up-to-date: /home/deepak/electronic_ws/install/rtabmap_msgs/include/rtabmap_msgs/msg/detail/info__rosidl_typesupport_fastrtps_cpp.hpp
[2.757s] -- Up-to-date: /home/deepak/electronic_ws/install/rtabmap_msgs/include/rtabmap_msgs/msg/detail/map_graph__rosidl_typesupport_fastrtps_cpp.hpp
[2.757s] -- Up-to-date: /home/deepak/electronic_ws/install/rtabmap_msgs/include/rtabmap_msgs/msg/detail/rgbd_images__rosidl_typesupport_fastrtps_cpp.hpp
[2.758s] -- Up-to-date: /home/deepak/electronic_ws/install/rtabmap_msgs/include/rtabmap_msgs/msg/detail/gps__rosidl_typesupport_fastrtps_cpp.hpp
[2.758s] -- Up-to-date: /home/deepak/electronic_ws/install/rtabmap_msgs/include/rtabmap_msgs/msg/detail/map_data__rosidl_typesupport_fastrtps_cpp.hpp
[2.758s] -- Up-to-date: /home/deepak/electronic_ws/install/rtabmap_msgs/include/rtabmap_msgs/msg/detail/key_point__rosidl_typesupport_fastrtps_cpp.hpp
[2.758s] -- Up-to-date: /home/deepak/electronic_ws/install/rtabmap_msgs/include/rtabmap_msgs/msg/detail/camera_model__rosidl_typesupport_fastrtps_cpp.hpp
[2.758s] -- Up-to-date: /home/deepak/electronic_ws/install/rtabmap_msgs/include/rtabmap_msgs/msg/detail/path__rosidl_typesupport_fastrtps_cpp.hpp
[2.758s] -- Up-to-date: /home/deepak/electronic_ws/install/rtabmap_msgs/include/rtabmap_msgs/srv
[2.758s] -- Up-to-date: /home/deepak/electronic_ws/install/rtabmap_msgs/include/rtabmap_msgs/srv/detail
[2.759s] -- Up-to-date: /home/deepak/electronic_ws/install/rtabmap_msgs/include/rtabmap_msgs/srv/detail/get_node_data__rosidl_typesupport_fastrtps_cpp.hpp
[2.759s] -- Up-to-date: /home/deepak/electronic_ws/install/rtabmap_msgs/include/rtabmap_msgs/srv/detail/list_labels__rosidl_typesupport_fastrtps_cpp.hpp
[2.759s] -- Up-to-date: /home/deepak/electronic_ws/install/rtabmap_msgs/include/rtabmap_msgs/srv/detail/get_map__rosidl_typesupport_fastrtps_cpp.hpp
[2.759s] -- Up-to-date: /home/deepak/electronic_ws/install/rtabmap_msgs/include/rtabmap_msgs/srv/detail/publish_map__rosidl_typesupport_fastrtps_cpp.hpp
[2.759s] -- Up-to-date: /home/deepak/electronic_ws/install/rtabmap_msgs/include/rtabmap_msgs/srv/detail/global_bundle_adjustment__rosidl_typesupport_fastrtps_cpp.hpp
[2.759s] -- Up-to-date: /home/deepak/electronic_ws/install/rtabmap_msgs/include/rtabmap_msgs/srv/detail/get_map2__rosidl_typesupport_fastrtps_cpp.hpp
[2.759s] -- Up-to-date: /home/deepak/electronic_ws/install/rtabmap_msgs/include/rtabmap_msgs/srv/detail/load_database__rosidl_typesupport_fastrtps_cpp.hpp
[2.759s] -- Up-to-date: /home/deepak/electronic_ws/install/rtabmap_msgs/include/rtabmap_msgs/srv/detail/dds_fastrtps
[2.759s] -- Up-to-date: /home/deepak/electronic_ws/install/rtabmap_msgs/include/rtabmap_msgs/srv/detail/set_goal__rosidl_typesupport_fastrtps_cpp.hpp
[2.759s] -- Up-to-date: /home/deepak/electronic_ws/install/rtabmap_msgs/include/rtabmap_msgs/srv/detail/set_label__rosidl_typesupport_fastrtps_cpp.hpp
[2.759s] -- Up-to-date: /home/deepak/electronic_ws/install/rtabmap_msgs/include/rtabmap_msgs/srv/detail/add_link__rosidl_typesupport_fastrtps_cpp.hpp
[2.760s] -- Up-to-date: /home/deepak/electronic_ws/install/rtabmap_msgs/include/rtabmap_msgs/srv/detail/detect_more_loop_closures__rosidl_typesupport_fastrtps_cpp.hpp
[2.760s] -- Up-to-date: /home/deepak/electronic_ws/install/rtabmap_msgs/include/rtabmap_msgs/srv/detail/get_nodes_in_radius__rosidl_typesupport_fastrtps_cpp.hpp
[2.760s] -- Up-to-date: /home/deepak/electronic_ws/install/rtabmap_msgs/include/rtabmap_msgs/srv/detail/get_plan__rosidl_typesupport_fastrtps_cpp.hpp
[2.760s] -- Up-to-date: /home/deepak/electronic_ws/install/rtabmap_msgs/include/rtabmap_msgs/srv/detail/cleanup_local_grids__rosidl_typesupport_fastrtps_cpp.hpp
[2.760s] -- Up-to-date: /home/deepak/electronic_ws/install/rtabmap_msgs/include/rtabmap_msgs/srv/detail/reset_pose__rosidl_typesupport_fastrtps_cpp.hpp
[2.760s] -- Up-to-date: /home/deepak/electronic_ws/install/rtabmap_msgs/include/rtabmap_msgs/srv/detail/remove_label__rosidl_typesupport_fastrtps_cpp.hpp
[2.760s] -- Up-to-date: /home/deepak/electronic_ws/install/rtabmap_msgs/lib/librtabmap_msgs__rosidl_typesupport_fastrtps_cpp.so
[2.760s] -- Up-to-date: /home/deepak/electronic_ws/install/rtabmap_msgs/include/rtabmap_msgs
[2.760s] -- Up-to-date: /home/deepak/electronic_ws/install/rtabmap_msgs/include/rtabmap_msgs/msg
[2.760s] -- Up-to-date: /home/deepak/electronic_ws/install/rtabmap_msgs/include/rtabmap_msgs/msg/detail
[2.761s] -- Up-to-date: /home/deepak/electronic_ws/install/rtabmap_msgs/include/rtabmap_msgs/msg/detail/rgbd_image__rosidl_typesupport_introspection_c.h
[2.761s] -- Up-to-date: /home/deepak/electronic_ws/install/rtabmap_msgs/include/rtabmap_msgs/msg/detail/global_descriptor__type_support.c
[2.761s] -- Up-to-date: /home/deepak/electronic_ws/install/rtabmap_msgs/include/rtabmap_msgs/msg/detail/goal__rosidl_typesupport_introspection_c.h
[2.761s] -- Up-to-date: /home/deepak/electronic_ws/install/rtabmap_msgs/include/rtabmap_msgs/msg/detail/map_data__type_support.c
[2.761s] -- Up-to-date: /home/deepak/electronic_ws/install/rtabmap_msgs/include/rtabmap_msgs/msg/detail/camera_model__type_support.c
[2.761s] -- Up-to-date: /home/deepak/electronic_ws/install/rtabmap_msgs/include/rtabmap_msgs/msg/detail/env_sensor__type_support.c
[2.761s] -- Up-to-date: /home/deepak/electronic_ws/install/rtabmap_msgs/include/rtabmap_msgs/msg/detail/path__type_support.c
[2.761s] -- Up-to-date: /home/deepak/electronic_ws/install/rtabmap_msgs/include/rtabmap_msgs/msg/detail/camera_models__rosidl_typesupport_introspection_c.h
[2.762s] -- Up-to-date: /home/deepak/electronic_ws/install/rtabmap_msgs/include/rtabmap_msgs/msg/detail/user_data__rosidl_typesupport_introspection_c.h
[2.762s] -- Up-to-date: /home/deepak/electronic_ws/install/rtabmap_msgs/include/rtabmap_msgs/msg/detail/point2f__type_support.c
[2.762s] -- Up-to-date: /home/deepak/electronic_ws/install/rtabmap_msgs/include/rtabmap_msgs/msg/detail/key_point__type_support.c
[2.762s] -- Up-to-date: /home/deepak/electronic_ws/install/rtabmap_msgs/include/rtabmap_msgs/msg/detail/gps__rosidl_typesupport_introspection_c.h
[2.762s] -- Up-to-date: /home/deepak/electronic_ws/install/rtabmap_msgs/include/rtabmap_msgs/msg/detail/env_sensor__rosidl_typesupport_introspection_c.h
[2.762s] -- Up-to-date: /home/deepak/electronic_ws/install/rtabmap_msgs/include/rtabmap_msgs/msg/detail/info__type_support.c
[2.762s] -- Up-to-date: /home/deepak/electronic_ws/install/rtabmap_msgs/include/rtabmap_msgs/msg/detail/node_data__type_support.c
[2.762s] -- Up-to-date: /home/deepak/electronic_ws/install/rtabmap_msgs/include/rtabmap_msgs/msg/detail/info__rosidl_typesupport_introspection_c.h
[2.762s] -- Up-to-date: /home/deepak/electronic_ws/install/rtabmap_msgs/include/rtabmap_msgs/msg/detail/path__rosidl_typesupport_introspection_c.h
[2.762s] -- Up-to-date: /home/deepak/electronic_ws/install/rtabmap_msgs/include/rtabmap_msgs/msg/detail/camera_models__type_support.c
[2.762s] -- Up-to-date: /home/deepak/electronic_ws/install/rtabmap_msgs/include/rtabmap_msgs/msg/detail/map_graph__type_support.c
[2.762s] -- Up-to-date: /home/deepak/electronic_ws/install/rtabmap_msgs/include/rtabmap_msgs/msg/detail/camera_model__rosidl_typesupport_introspection_c.h
[2.763s] -- Up-to-date: /home/deepak/electronic_ws/install/rtabmap_msgs/include/rtabmap_msgs/msg/detail/scan_descriptor__rosidl_typesupport_introspection_c.h
[2.763s] -- Up-to-date: /home/deepak/electronic_ws/install/rtabmap_msgs/include/rtabmap_msgs/msg/detail/rgbd_image__type_support.c
[2.763s] -- Up-to-date: /home/deepak/electronic_ws/install/rtabmap_msgs/include/rtabmap_msgs/msg/detail/link__rosidl_typesupport_introspection_c.h
[2.763s] -- Up-to-date: /home/deepak/electronic_ws/install/rtabmap_msgs/include/rtabmap_msgs/msg/detail/rgbd_images__type_support.c
[2.763s] -- Up-to-date: /home/deepak/electronic_ws/install/rtabmap_msgs/include/rtabmap_msgs/msg/detail/node_data__rosidl_typesupport_introspection_c.h
[2.763s] -- Up-to-date: /home/deepak/electronic_ws/install/rtabmap_msgs/include/rtabmap_msgs/msg/detail/scan_descriptor__type_support.c
[2.763s] -- Up-to-date: /home/deepak/electronic_ws/install/rtabmap_msgs/include/rtabmap_msgs/msg/detail/gps__type_support.c
[2.763s] -- Up-to-date: /home/deepak/electronic_ws/install/rtabmap_msgs/include/rtabmap_msgs/msg/detail/point3f__rosidl_typesupport_introspection_c.h
[2.763s] -- Up-to-date: /home/deepak/electronic_ws/install/rtabmap_msgs/include/rtabmap_msgs/msg/detail/goal__type_support.c
[2.763s] -- Up-to-date: /home/deepak/electronic_ws/install/rtabmap_msgs/include/rtabmap_msgs/msg/detail/key_point__rosidl_typesupport_introspection_c.h
[2.763s] -- Up-to-date: /home/deepak/electronic_ws/install/rtabmap_msgs/include/rtabmap_msgs/msg/detail/link__type_support.c
[2.764s] -- Up-to-date: /home/deepak/electronic_ws/install/rtabmap_msgs/include/rtabmap_msgs/msg/detail/rgbd_images__rosidl_typesupport_introspection_c.h
[2.764s] -- Up-to-date: /home/deepak/electronic_ws/install/rtabmap_msgs/include/rtabmap_msgs/msg/detail/map_data__rosidl_typesupport_introspection_c.h
[2.764s] -- Up-to-date: /home/deepak/electronic_ws/install/rtabmap_msgs/include/rtabmap_msgs/msg/detail/point2f__rosidl_typesupport_introspection_c.h
[2.764s] -- Up-to-date: /home/deepak/electronic_ws/install/rtabmap_msgs/include/rtabmap_msgs/msg/detail/odom_info__type_support.c
[2.764s] -- Up-to-date: /home/deepak/electronic_ws/install/rtabmap_msgs/include/rtabmap_msgs/msg/detail/odom_info__rosidl_typesupport_introspection_c.h
[2.764s] -- Up-to-date: /home/deepak/electronic_ws/install/rtabmap_msgs/include/rtabmap_msgs/msg/detail/map_graph__rosidl_typesupport_introspection_c.h
[2.764s] -- Up-to-date: /home/deepak/electronic_ws/install/rtabmap_msgs/include/rtabmap_msgs/msg/detail/global_descriptor__rosidl_typesupport_introspection_c.h
[2.764s] -- Up-to-date: /home/deepak/electronic_ws/install/rtabmap_msgs/include/rtabmap_msgs/msg/detail/point3f__type_support.c
[2.764s] -- Up-to-date: /home/deepak/electronic_ws/install/rtabmap_msgs/include/rtabmap_msgs/msg/detail/user_data__type_support.c
[2.764s] -- Up-to-date: /home/deepak/electronic_ws/install/rtabmap_msgs/include/rtabmap_msgs/msg/rosidl_typesupport_introspection_c__visibility_control.h
[2.764s] -- Up-to-date: /home/deepak/electronic_ws/install/rtabmap_msgs/include/rtabmap_msgs/srv
[2.764s] -- Up-to-date: /home/deepak/electronic_ws/install/rtabmap_msgs/include/rtabmap_msgs/srv/detail
[2.764s] -- Up-to-date: /home/deepak/electronic_ws/install/rtabmap_msgs/include/rtabmap_msgs/srv/detail/cleanup_local_grids__type_support.c
[2.765s] -- Up-to-date: /home/deepak/electronic_ws/install/rtabmap_msgs/include/rtabmap_msgs/srv/detail/detect_more_loop_closures__type_support.c
[2.765s] -- Up-to-date: /home/deepak/electronic_ws/install/rtabmap_msgs/include/rtabmap_msgs/srv/detail/get_nodes_in_radius__rosidl_typesupport_introspection_c.h
[2.765s] -- Up-to-date: /home/deepak/electronic_ws/install/rtabmap_msgs/include/rtabmap_msgs/srv/detail/load_database__type_support.c
[2.765s] -- Up-to-date: /home/deepak/electronic_ws/install/rtabmap_msgs/include/rtabmap_msgs/srv/detail/list_labels__rosidl_typesupport_introspection_c.h
[2.765s] -- Up-to-date: /home/deepak/electronic_ws/install/rtabmap_msgs/include/rtabmap_msgs/srv/detail/get_map2__rosidl_typesupport_introspection_c.h
[2.765s] -- Up-to-date: /home/deepak/electronic_ws/install/rtabmap_msgs/include/rtabmap_msgs/srv/detail/publish_map__rosidl_typesupport_introspection_c.h
[2.765s] -- Up-to-date: /home/deepak/electronic_ws/install/rtabmap_msgs/include/rtabmap_msgs/srv/detail/global_bundle_adjustment__type_support.c
[2.765s] -- Up-to-date: /home/deepak/electronic_ws/install/rtabmap_msgs/include/rtabmap_msgs/srv/detail/get_plan__type_support.c
[2.765s] -- Up-to-date: /home/deepak/electronic_ws/install/rtabmap_msgs/include/rtabmap_msgs/srv/detail/reset_pose__rosidl_typesupport_introspection_c.h
[2.765s] -- Up-to-date: /home/deepak/electronic_ws/install/rtabmap_msgs/include/rtabmap_msgs/srv/detail/get_map__rosidl_typesupport_introspection_c.h
[2.765s] -- Up-to-date: /home/deepak/electronic_ws/install/rtabmap_msgs/include/rtabmap_msgs/srv/detail/publish_map__type_support.c
[2.765s] -- Up-to-date: /home/deepak/electronic_ws/install/rtabmap_msgs/include/rtabmap_msgs/srv/detail/list_labels__type_support.c
[2.766s] -- Up-to-date: /home/deepak/electronic_ws/install/rtabmap_msgs/include/rtabmap_msgs/srv/detail/add_link__rosidl_typesupport_introspection_c.h
[2.766s] -- Up-to-date: /home/deepak/electronic_ws/install/rtabmap_msgs/include/rtabmap_msgs/srv/detail/reset_pose__type_support.c
[2.766s] -- Up-to-date: /home/deepak/electronic_ws/install/rtabmap_msgs/include/rtabmap_msgs/srv/detail/global_bundle_adjustment__rosidl_typesupport_introspection_c.h
[2.766s] -- Up-to-date: /home/deepak/electronic_ws/install/rtabmap_msgs/include/rtabmap_msgs/srv/detail/load_database__rosidl_typesupport_introspection_c.h
[2.766s] -- Up-to-date: /home/deepak/electronic_ws/install/rtabmap_msgs/include/rtabmap_msgs/srv/detail/get_plan__rosidl_typesupport_introspection_c.h
[2.766s] -- Up-to-date: /home/deepak/electronic_ws/install/rtabmap_msgs/include/rtabmap_msgs/srv/detail/get_node_data__type_support.c
[2.766s] -- Up-to-date: /home/deepak/electronic_ws/install/rtabmap_msgs/include/rtabmap_msgs/srv/detail/get_nodes_in_radius__type_support.c
[2.766s] -- Up-to-date: /home/deepak/electronic_ws/install/rtabmap_msgs/include/rtabmap_msgs/srv/detail/set_goal__type_support.c
[2.766s] -- Up-to-date: /home/deepak/electronic_ws/install/rtabmap_msgs/include/rtabmap_msgs/srv/detail/get_node_data__rosidl_typesupport_introspection_c.h
[2.766s] -- Up-to-date: /home/deepak/electronic_ws/install/rtabmap_msgs/include/rtabmap_msgs/srv/detail/get_map2__type_support.c
[2.766s] -- Up-to-date: /home/deepak/electronic_ws/install/rtabmap_msgs/include/rtabmap_msgs/srv/detail/remove_label__rosidl_typesupport_introspection_c.h
[2.766s] -- Up-to-date: /home/deepak/electronic_ws/install/rtabmap_msgs/include/rtabmap_msgs/srv/detail/set_label__rosidl_typesupport_introspection_c.h
[2.766s] -- Up-to-date: /home/deepak/electronic_ws/install/rtabmap_msgs/include/rtabmap_msgs/srv/detail/get_map__type_support.c
[2.767s] -- Up-to-date: /home/deepak/electronic_ws/install/rtabmap_msgs/include/rtabmap_msgs/srv/detail/cleanup_local_grids__rosidl_typesupport_introspection_c.h
[2.767s] -- Up-to-date: /home/deepak/electronic_ws/install/rtabmap_msgs/include/rtabmap_msgs/srv/detail/set_goal__rosidl_typesupport_introspection_c.h
[2.767s] -- Up-to-date: /home/deepak/electronic_ws/install/rtabmap_msgs/include/rtabmap_msgs/srv/detail/detect_more_loop_closures__rosidl_typesupport_introspection_c.h
[2.767s] -- Up-to-date: /home/deepak/electronic_ws/install/rtabmap_msgs/include/rtabmap_msgs/srv/detail/add_link__type_support.c
[2.767s] -- Up-to-date: /home/deepak/electronic_ws/install/rtabmap_msgs/include/rtabmap_msgs/srv/detail/set_label__type_support.c
[2.767s] -- Up-to-date: /home/deepak/electronic_ws/install/rtabmap_msgs/include/rtabmap_msgs/srv/detail/remove_label__type_support.c
[2.767s] -- Up-to-date: /home/deepak/electronic_ws/install/rtabmap_msgs/lib/librtabmap_msgs__rosidl_typesupport_introspection_c.so
[2.767s] -- Up-to-date: /home/deepak/electronic_ws/install/rtabmap_msgs/lib/librtabmap_msgs__rosidl_typesupport_c.so
[2.767s] -- Up-to-date: /home/deepak/electronic_ws/install/rtabmap_msgs/include/rtabmap_msgs
[2.767s] -- Up-to-date: /home/deepak/electronic_ws/install/rtabmap_msgs/include/rtabmap_msgs/msg
[2.767s] -- Up-to-date: /home/deepak/electronic_ws/install/rtabmap_msgs/include/rtabmap_msgs/msg/rosidl_generator_cpp__visibility_control.hpp
[2.768s] -- Up-to-date: /home/deepak/electronic_ws/install/rtabmap_msgs/include/rtabmap_msgs/msg/rgbd_image.hpp
[2.768s] -- Up-to-date: /home/deepak/electronic_ws/install/rtabmap_msgs/include/rtabmap_msgs/msg/key_point.hpp
[2.768s] -- Up-to-date: /home/deepak/electronic_ws/install/rtabmap_msgs/include/rtabmap_msgs/msg/goal.hpp
[2.768s] -- Up-to-date: /home/deepak/electronic_ws/install/rtabmap_msgs/include/rtabmap_msgs/msg/gps.hpp
[2.768s] -- Up-to-date: /home/deepak/electronic_ws/install/rtabmap_msgs/include/rtabmap_msgs/msg/point2f.hpp
[2.768s] -- Up-to-date: /home/deepak/electronic_ws/install/rtabmap_msgs/include/rtabmap_msgs/msg/camera_models.hpp
[2.768s] -- Up-to-date: /home/deepak/electronic_ws/install/rtabmap_msgs/include/rtabmap_msgs/msg/map_graph.hpp
[2.768s] -- Up-to-date: /home/deepak/electronic_ws/install/rtabmap_msgs/include/rtabmap_msgs/msg/detail
[2.768s] -- Up-to-date: /home/deepak/electronic_ws/install/rtabmap_msgs/include/rtabmap_msgs/msg/detail/rgbd_image__traits.hpp
[2.768s] -- Up-to-date: /home/deepak/electronic_ws/install/rtabmap_msgs/include/rtabmap_msgs/msg/detail/key_point__type_support.hpp
[2.768s] -- Up-to-date: /home/deepak/electronic_ws/install/rtabmap_msgs/include/rtabmap_msgs/msg/detail/camera_models__builder.hpp
[2.768s] -- Up-to-date: /home/deepak/electronic_ws/install/rtabmap_msgs/include/rtabmap_msgs/msg/detail/point2f__traits.hpp
[2.769s] -- Up-to-date: /home/deepak/electronic_ws/install/rtabmap_msgs/include/rtabmap_msgs/msg/detail/path__builder.hpp
[2.769s] -- Up-to-date: /home/deepak/electronic_ws/install/rtabmap_msgs/include/rtabmap_msgs/msg/detail/user_data__struct.hpp
[2.769s] -- Up-to-date: /home/deepak/electronic_ws/install/rtabmap_msgs/include/rtabmap_msgs/msg/detail/info__struct.hpp
[2.769s] -- Up-to-date: /home/deepak/electronic_ws/install/rtabmap_msgs/include/rtabmap_msgs/msg/detail/user_data__traits.hpp
[2.769s] -- Up-to-date: /home/deepak/electronic_ws/install/rtabmap_msgs/include/rtabmap_msgs/msg/detail/global_descriptor__traits.hpp
[2.769s] -- Up-to-date: /home/deepak/electronic_ws/install/rtabmap_msgs/include/rtabmap_msgs/msg/detail/global_descriptor__struct.hpp
[2.769s] -- Up-to-date: /home/deepak/electronic_ws/install/rtabmap_msgs/include/rtabmap_msgs/msg/detail/key_point__struct.hpp
[2.769s] -- Up-to-date: /home/deepak/electronic_ws/install/rtabmap_msgs/include/rtabmap_msgs/msg/detail/global_descriptor__type_support.hpp
[2.769s] -- Up-to-date: /home/deepak/electronic_ws/install/rtabmap_msgs/include/rtabmap_msgs/msg/detail/map_data__struct.hpp
[2.769s] -- Up-to-date: /home/deepak/electronic_ws/install/rtabmap_msgs/include/rtabmap_msgs/msg/detail/point2f__builder.hpp
[2.769s] -- Up-to-date: /home/deepak/electronic_ws/install/rtabmap_msgs/include/rtabmap_msgs/msg/detail/scan_descriptor__struct.hpp
[2.769s] -- Up-to-date: /home/deepak/electronic_ws/install/rtabmap_msgs/include/rtabmap_msgs/msg/detail/rgbd_image__type_support.hpp
[2.769s] -- Up-to-date: /home/deepak/electronic_ws/install/rtabmap_msgs/include/rtabmap_msgs/msg/detail/gps__builder.hpp
[2.769s] -- Up-to-date: /home/deepak/electronic_ws/install/rtabmap_msgs/include/rtabmap_msgs/msg/detail/camera_model__builder.hpp
[2.770s] -- Up-to-date: /home/deepak/electronic_ws/install/rtabmap_msgs/include/rtabmap_msgs/msg/detail/odom_info__builder.hpp
[2.770s] -- Up-to-date: /home/deepak/electronic_ws/install/rtabmap_msgs/include/rtabmap_msgs/msg/detail/key_point__traits.hpp
[2.770s] -- Up-to-date: /home/deepak/electronic_ws/install/rtabmap_msgs/include/rtabmap_msgs/msg/detail/user_data__type_support.hpp
[2.770s] -- Up-to-date: /home/deepak/electronic_ws/install/rtabmap_msgs/include/rtabmap_msgs/msg/detail/odom_info__struct.hpp
[2.770s] -- Up-to-date: /home/deepak/electronic_ws/install/rtabmap_msgs/include/rtabmap_msgs/msg/detail/rgbd_images__struct.hpp
[2.770s] -- Up-to-date: /home/deepak/electronic_ws/install/rtabmap_msgs/include/rtabmap_msgs/msg/detail/env_sensor__builder.hpp
[2.770s] -- Up-to-date: /home/deepak/electronic_ws/install/rtabmap_msgs/include/rtabmap_msgs/msg/detail/gps__type_support.hpp
[2.770s] -- Up-to-date: /home/deepak/electronic_ws/install/rtabmap_msgs/include/rtabmap_msgs/msg/detail/point3f__traits.hpp
[2.770s] -- Up-to-date: /home/deepak/electronic_ws/install/rtabmap_msgs/include/rtabmap_msgs/msg/detail/link__type_support.hpp
[2.770s] -- Up-to-date: /home/deepak/electronic_ws/install/rtabmap_msgs/include/rtabmap_msgs/msg/detail/node_data__struct.hpp
[2.770s] -- Up-to-date: /home/deepak/electronic_ws/install/rtabmap_msgs/include/rtabmap_msgs/msg/detail/odom_info__traits.hpp
[2.770s] -- Up-to-date: /home/deepak/electronic_ws/install/rtabmap_msgs/include/rtabmap_msgs/msg/detail/scan_descriptor__type_support.hpp
[2.770s] -- Up-to-date: /home/deepak/electronic_ws/install/rtabmap_msgs/include/rtabmap_msgs/msg/detail/scan_descriptor__builder.hpp
[2.770s] -- Up-to-date: /home/deepak/electronic_ws/install/rtabmap_msgs/include/rtabmap_msgs/msg/detail/point2f__struct.hpp
[2.771s] -- Up-to-date: /home/deepak/electronic_ws/install/rtabmap_msgs/include/rtabmap_msgs/msg/detail/rgbd_image__builder.hpp
[2.771s] -- Up-to-date: /home/deepak/electronic_ws/install/rtabmap_msgs/include/rtabmap_msgs/msg/detail/gps__traits.hpp
[2.771s] -- Up-to-date: /home/deepak/electronic_ws/install/rtabmap_msgs/include/rtabmap_msgs/msg/detail/node_data__type_support.hpp
[2.771s] -- Up-to-date: /home/deepak/electronic_ws/install/rtabmap_msgs/include/rtabmap_msgs/msg/detail/map_data__builder.hpp
[2.771s] -- Up-to-date: /home/deepak/electronic_ws/install/rtabmap_msgs/include/rtabmap_msgs/msg/detail/link__builder.hpp
[2.771s] -- Up-to-date: /home/deepak/electronic_ws/install/rtabmap_msgs/include/rtabmap_msgs/msg/detail/user_data__builder.hpp
[2.771s] -- Up-to-date: /home/deepak/electronic_ws/install/rtabmap_msgs/include/rtabmap_msgs/msg/detail/info__builder.hpp
[2.771s] -- Up-to-date: /home/deepak/electronic_ws/install/rtabmap_msgs/include/rtabmap_msgs/msg/detail/rgbd_images__traits.hpp
[2.771s] -- Up-to-date: /home/deepak/electronic_ws/install/rtabmap_msgs/include/rtabmap_msgs/msg/detail/point3f__type_support.hpp
[2.771s] -- Up-to-date: /home/deepak/electronic_ws/install/rtabmap_msgs/include/rtabmap_msgs/msg/detail/map_graph__builder.hpp
[2.771s] -- Up-to-date: /home/deepak/electronic_ws/install/rtabmap_msgs/include/rtabmap_msgs/msg/detail/node_data__traits.hpp
[2.771s] -- Up-to-date: /home/deepak/electronic_ws/install/rtabmap_msgs/include/rtabmap_msgs/msg/detail/map_graph__struct.hpp
[2.771s] -- Up-to-date: /home/deepak/electronic_ws/install/rtabmap_msgs/include/rtabmap_msgs/msg/detail/camera_model__struct.hpp
[2.771s] -- Up-to-date: /home/deepak/electronic_ws/install/rtabmap_msgs/include/rtabmap_msgs/msg/detail/node_data__builder.hpp
[2.772s] -- Up-to-date: /home/deepak/electronic_ws/install/rtabmap_msgs/include/rtabmap_msgs/msg/detail/camera_models__traits.hpp
[2.772s] -- Up-to-date: /home/deepak/electronic_ws/install/rtabmap_msgs/include/rtabmap_msgs/msg/detail/camera_models__struct.hpp
[2.772s] -- Up-to-date: /home/deepak/electronic_ws/install/rtabmap_msgs/include/rtabmap_msgs/msg/detail/point2f__type_support.hpp
[2.772s] -- Up-to-date: /home/deepak/electronic_ws/install/rtabmap_msgs/include/rtabmap_msgs/msg/detail/info__traits.hpp
[2.772s] -- Up-to-date: /home/deepak/electronic_ws/install/rtabmap_msgs/include/rtabmap_msgs/msg/detail/camera_model__traits.hpp
[2.772s] -- Up-to-date: /home/deepak/electronic_ws/install/rtabmap_msgs/include/rtabmap_msgs/msg/detail/map_data__type_support.hpp
[2.772s] -- Up-to-date: /home/deepak/electronic_ws/install/rtabmap_msgs/include/rtabmap_msgs/msg/detail/path__traits.hpp
[2.772s] -- Up-to-date: /home/deepak/electronic_ws/install/rtabmap_msgs/include/rtabmap_msgs/msg/detail/goal__type_support.hpp
[2.772s] -- Up-to-date: /home/deepak/electronic_ws/install/rtabmap_msgs/include/rtabmap_msgs/msg/detail/env_sensor__type_support.hpp
[2.772s] -- Up-to-date: /home/deepak/electronic_ws/install/rtabmap_msgs/include/rtabmap_msgs/msg/detail/map_data__traits.hpp
[2.772s] -- Up-to-date: /home/deepak/electronic_ws/install/rtabmap_msgs/include/rtabmap_msgs/msg/detail/path__struct.hpp
[2.772s] -- Up-to-date: /home/deepak/electronic_ws/install/rtabmap_msgs/include/rtabmap_msgs/msg/detail/link__struct.hpp
[2.772s] -- Up-to-date: /home/deepak/electronic_ws/install/rtabmap_msgs/include/rtabmap_msgs/msg/detail/link__traits.hpp
[2.772s] -- Up-to-date: /home/deepak/electronic_ws/install/rtabmap_msgs/include/rtabmap_msgs/msg/detail/odom_info__type_support.hpp
[2.773s] -- Up-to-date: /home/deepak/electronic_ws/install/rtabmap_msgs/include/rtabmap_msgs/msg/detail/goal__struct.hpp
[2.773s] -- Up-to-date: /home/deepak/electronic_ws/install/rtabmap_msgs/include/rtabmap_msgs/msg/detail/camera_models__type_support.hpp
[2.773s] -- Up-to-date: /home/deepak/electronic_ws/install/rtabmap_msgs/include/rtabmap_msgs/msg/detail/point3f__struct.hpp
[2.773s] -- Up-to-date: /home/deepak/electronic_ws/install/rtabmap_msgs/include/rtabmap_msgs/msg/detail/path__type_support.hpp
[2.773s] -- Up-to-date: /home/deepak/electronic_ws/install/rtabmap_msgs/include/rtabmap_msgs/msg/detail/key_point__builder.hpp
[2.773s] -- Up-to-date: /home/deepak/electronic_ws/install/rtabmap_msgs/include/rtabmap_msgs/msg/detail/env_sensor__traits.hpp
[2.773s] -- Up-to-date: /home/deepak/electronic_ws/install/rtabmap_msgs/include/rtabmap_msgs/msg/detail/global_descriptor__builder.hpp
[2.773s] -- Up-to-date: /home/deepak/electronic_ws/install/rtabmap_msgs/include/rtabmap_msgs/msg/detail/rgbd_images__type_support.hpp
[2.773s] -- Up-to-date: /home/deepak/electronic_ws/install/rtabmap_msgs/include/rtabmap_msgs/msg/detail/rgbd_image__struct.hpp
[2.773s] -- Up-to-date: /home/deepak/electronic_ws/install/rtabmap_msgs/include/rtabmap_msgs/msg/detail/map_graph__traits.hpp
[2.773s] -- Up-to-date: /home/deepak/electronic_ws/install/rtabmap_msgs/include/rtabmap_msgs/msg/detail/scan_descriptor__traits.hpp
[2.773s] -- Up-to-date: /home/deepak/electronic_ws/install/rtabmap_msgs/include/rtabmap_msgs/msg/detail/goal__builder.hpp
[2.773s] -- Up-to-date: /home/deepak/electronic_ws/install/rtabmap_msgs/include/rtabmap_msgs/msg/detail/info__type_support.hpp
[2.773s] -- Up-to-date: /home/deepak/electronic_ws/install/rtabmap_msgs/include/rtabmap_msgs/msg/detail/point3f__builder.hpp
[2.774s] -- Up-to-date: /home/deepak/electronic_ws/install/rtabmap_msgs/include/rtabmap_msgs/msg/detail/map_graph__type_support.hpp
[2.774s] -- Up-to-date: /home/deepak/electronic_ws/install/rtabmap_msgs/include/rtabmap_msgs/msg/detail/goal__traits.hpp
[2.774s] -- Up-to-date: /home/deepak/electronic_ws/install/rtabmap_msgs/include/rtabmap_msgs/msg/detail/gps__struct.hpp
[2.774s] -- Up-to-date: /home/deepak/electronic_ws/install/rtabmap_msgs/include/rtabmap_msgs/msg/detail/rgbd_images__builder.hpp
[2.774s] -- Up-to-date: /home/deepak/electronic_ws/install/rtabmap_msgs/include/rtabmap_msgs/msg/detail/camera_model__type_support.hpp
[2.774s] -- Up-to-date: /home/deepak/electronic_ws/install/rtabmap_msgs/include/rtabmap_msgs/msg/detail/env_sensor__struct.hpp
[2.774s] -- Up-to-date: /home/deepak/electronic_ws/install/rtabmap_msgs/include/rtabmap_msgs/msg/point3f.hpp
[2.774s] -- Up-to-date: /home/deepak/electronic_ws/install/rtabmap_msgs/include/rtabmap_msgs/msg/scan_descriptor.hpp
[2.774s] -- Up-to-date: /home/deepak/electronic_ws/install/rtabmap_msgs/include/rtabmap_msgs/msg/user_data.hpp
[2.774s] -- Up-to-date: /home/deepak/electronic_ws/install/rtabmap_msgs/include/rtabmap_msgs/msg/camera_model.hpp
[2.774s] -- Up-to-date: /home/deepak/electronic_ws/install/rtabmap_msgs/include/rtabmap_msgs/msg/path.hpp
[2.774s] -- Up-to-date: /home/deepak/electronic_ws/install/rtabmap_msgs/include/rtabmap_msgs/msg/rgbd_images.hpp
[2.774s] -- Up-to-date: /home/deepak/electronic_ws/install/rtabmap_msgs/include/rtabmap_msgs/msg/node_data.hpp
[2.775s] -- Up-to-date: /home/deepak/electronic_ws/install/rtabmap_msgs/include/rtabmap_msgs/msg/odom_info.hpp
[2.775s] -- Up-to-date: /home/deepak/electronic_ws/install/rtabmap_msgs/include/rtabmap_msgs/msg/map_data.hpp
[2.775s] -- Up-to-date: /home/deepak/electronic_ws/install/rtabmap_msgs/include/rtabmap_msgs/msg/env_sensor.hpp
[2.775s] -- Up-to-date: /home/deepak/electronic_ws/install/rtabmap_msgs/include/rtabmap_msgs/msg/link.hpp
[2.775s] -- Up-to-date: /home/deepak/electronic_ws/install/rtabmap_msgs/include/rtabmap_msgs/msg/info.hpp
[2.775s] -- Up-to-date: /home/deepak/electronic_ws/install/rtabmap_msgs/include/rtabmap_msgs/msg/global_descriptor.hpp
[2.775s] -- Up-to-date: /home/deepak/electronic_ws/install/rtabmap_msgs/include/rtabmap_msgs/srv
[2.775s] -- Up-to-date: /home/deepak/electronic_ws/install/rtabmap_msgs/include/rtabmap_msgs/srv/global_bundle_adjustment.hpp
[2.775s] -- Up-to-date: /home/deepak/electronic_ws/install/rtabmap_msgs/include/rtabmap_msgs/srv/list_labels.hpp
[2.775s] -- Up-to-date: /home/deepak/electronic_ws/install/rtabmap_msgs/include/rtabmap_msgs/srv/get_node_data.hpp
[2.775s] -- Up-to-date: /home/deepak/electronic_ws/install/rtabmap_msgs/include/rtabmap_msgs/srv/detail
[2.775s] -- Up-to-date: /home/deepak/electronic_ws/install/rtabmap_msgs/include/rtabmap_msgs/srv/detail/get_map2__type_support.hpp
[2.775s] -- Up-to-date: /home/deepak/electronic_ws/install/rtabmap_msgs/include/rtabmap_msgs/srv/detail/get_node_data__traits.hpp
[2.775s] -- Up-to-date: /home/deepak/electronic_ws/install/rtabmap_msgs/include/rtabmap_msgs/srv/detail/add_link__builder.hpp
[2.775s] -- Up-to-date: /home/deepak/electronic_ws/install/rtabmap_msgs/include/rtabmap_msgs/srv/detail/list_labels__traits.hpp
[2.776s] -- Up-to-date: /home/deepak/electronic_ws/install/rtabmap_msgs/include/rtabmap_msgs/srv/detail/add_link__traits.hpp
[2.776s] -- Up-to-date: /home/deepak/electronic_ws/install/rtabmap_msgs/include/rtabmap_msgs/srv/detail/get_nodes_in_radius__traits.hpp
[2.776s] -- Up-to-date: /home/deepak/electronic_ws/install/rtabmap_msgs/include/rtabmap_msgs/srv/detail/list_labels__struct.hpp
[2.776s] -- Up-to-date: /home/deepak/electronic_ws/install/rtabmap_msgs/include/rtabmap_msgs/srv/detail/load_database__traits.hpp
[2.776s] -- Up-to-date: /home/deepak/electronic_ws/install/rtabmap_msgs/include/rtabmap_msgs/srv/detail/cleanup_local_grids__traits.hpp
[2.776s] -- Up-to-date: /home/deepak/electronic_ws/install/rtabmap_msgs/include/rtabmap_msgs/srv/detail/add_link__type_support.hpp
[2.776s] -- Up-to-date: /home/deepak/electronic_ws/install/rtabmap_msgs/include/rtabmap_msgs/srv/detail/set_label__struct.hpp
[2.776s] -- Up-to-date: /home/deepak/electronic_ws/install/rtabmap_msgs/include/rtabmap_msgs/srv/detail/list_labels__type_support.hpp
[2.776s] -- Up-to-date: /home/deepak/electronic_ws/install/rtabmap_msgs/include/rtabmap_msgs/srv/detail/remove_label__struct.hpp
[2.776s] -- Up-to-date: /home/deepak/electronic_ws/install/rtabmap_msgs/include/rtabmap_msgs/srv/detail/get_map__type_support.hpp
[2.776s] -- Up-to-date: /home/deepak/electronic_ws/install/rtabmap_msgs/include/rtabmap_msgs/srv/detail/get_plan__type_support.hpp
[2.776s] -- Up-to-date: /home/deepak/electronic_ws/install/rtabmap_msgs/include/rtabmap_msgs/srv/detail/get_plan__traits.hpp
[2.776s] -- Up-to-date: /home/deepak/electronic_ws/install/rtabmap_msgs/include/rtabmap_msgs/srv/detail/add_link__struct.hpp
[2.776s] -- Up-to-date: /home/deepak/electronic_ws/install/rtabmap_msgs/include/rtabmap_msgs/srv/detail/cleanup_local_grids__builder.hpp
[2.776s] -- Up-to-date: /home/deepak/electronic_ws/install/rtabmap_msgs/include/rtabmap_msgs/srv/detail/remove_label__traits.hpp
[2.777s] -- Up-to-date: /home/deepak/electronic_ws/install/rtabmap_msgs/include/rtabmap_msgs/srv/detail/get_node_data__builder.hpp
[2.777s] -- Up-to-date: /home/deepak/electronic_ws/install/rtabmap_msgs/include/rtabmap_msgs/srv/detail/global_bundle_adjustment__type_support.hpp
[2.777s] -- Up-to-date: /home/deepak/electronic_ws/install/rtabmap_msgs/include/rtabmap_msgs/srv/detail/get_map__traits.hpp
[2.777s] -- Up-to-date: /home/deepak/electronic_ws/install/rtabmap_msgs/include/rtabmap_msgs/srv/detail/cleanup_local_grids__type_support.hpp
[2.777s] -- Up-to-date: /home/deepak/electronic_ws/install/rtabmap_msgs/include/rtabmap_msgs/srv/detail/get_plan__builder.hpp
[2.777s] -- Up-to-date: /home/deepak/electronic_ws/install/rtabmap_msgs/include/rtabmap_msgs/srv/detail/reset_pose__struct.hpp
[2.777s] -- Up-to-date: /home/deepak/electronic_ws/install/rtabmap_msgs/include/rtabmap_msgs/srv/detail/global_bundle_adjustment__traits.hpp
[2.777s] -- Up-to-date: /home/deepak/electronic_ws/install/rtabmap_msgs/include/rtabmap_msgs/srv/detail/reset_pose__builder.hpp
[2.777s] -- Up-to-date: /home/deepak/electronic_ws/install/rtabmap_msgs/include/rtabmap_msgs/srv/detail/reset_pose__type_support.hpp
[2.777s] -- Up-to-date: /home/deepak/electronic_ws/install/rtabmap_msgs/include/rtabmap_msgs/srv/detail/set_label__type_support.hpp
[2.777s] -- Up-to-date: /home/deepak/electronic_ws/install/rtabmap_msgs/include/rtabmap_msgs/srv/detail/get_map2__traits.hpp
[2.777s] -- Up-to-date: /home/deepak/electronic_ws/install/rtabmap_msgs/include/rtabmap_msgs/srv/detail/load_database__builder.hpp
[2.777s] -- Up-to-date: /home/deepak/electronic_ws/install/rtabmap_msgs/include/rtabmap_msgs/srv/detail/remove_label__builder.hpp
[2.777s] -- Up-to-date: /home/deepak/electronic_ws/install/rtabmap_msgs/include/rtabmap_msgs/srv/detail/set_goal__type_support.hpp
[2.777s] -- Up-to-date: /home/deepak/electronic_ws/install/rtabmap_msgs/include/rtabmap_msgs/srv/detail/detect_more_loop_closures__struct.hpp
[2.777s] -- Up-to-date: /home/deepak/electronic_ws/install/rtabmap_msgs/include/rtabmap_msgs/srv/detail/get_nodes_in_radius__type_support.hpp
[2.778s] -- Up-to-date: /home/deepak/electronic_ws/install/rtabmap_msgs/include/rtabmap_msgs/srv/detail/publish_map__struct.hpp
[2.778s] -- Up-to-date: /home/deepak/electronic_ws/install/rtabmap_msgs/include/rtabmap_msgs/srv/detail/list_labels__builder.hpp
[2.778s] -- Up-to-date: /home/deepak/electronic_ws/install/rtabmap_msgs/include/rtabmap_msgs/srv/detail/reset_pose__traits.hpp
[2.778s] -- Up-to-date: /home/deepak/electronic_ws/install/rtabmap_msgs/include/rtabmap_msgs/srv/detail/get_node_data__struct.hpp
[2.778s] -- Up-to-date: /home/deepak/electronic_ws/install/rtabmap_msgs/include/rtabmap_msgs/srv/detail/detect_more_loop_closures__type_support.hpp
[2.778s] -- Up-to-date: /home/deepak/electronic_ws/install/rtabmap_msgs/include/rtabmap_msgs/srv/detail/global_bundle_adjustment__builder.hpp
[2.778s] -- Up-to-date: /home/deepak/electronic_ws/install/rtabmap_msgs/include/rtabmap_msgs/srv/detail/get_map__builder.hpp
[2.778s] -- Up-to-date: /home/deepak/electronic_ws/install/rtabmap_msgs/include/rtabmap_msgs/srv/detail/get_nodes_in_radius__builder.hpp
[2.778s] -- Up-to-date: /home/deepak/electronic_ws/install/rtabmap_msgs/include/rtabmap_msgs/srv/detail/set_goal__traits.hpp
[2.778s] -- Up-to-date: /home/deepak/electronic_ws/install/rtabmap_msgs/include/rtabmap_msgs/srv/detail/set_goal__struct.hpp
[2.778s] -- Up-to-date: /home/deepak/electronic_ws/install/rtabmap_msgs/include/rtabmap_msgs/srv/detail/set_goal__builder.hpp
[2.778s] -- Up-to-date: /home/deepak/electronic_ws/install/rtabmap_msgs/include/rtabmap_msgs/srv/detail/get_map2__struct.hpp
[2.778s] -- Up-to-date: /home/deepak/electronic_ws/install/rtabmap_msgs/include/rtabmap_msgs/srv/detail/load_database__type_support.hpp
[2.778s] -- Up-to-date: /home/deepak/electronic_ws/install/rtabmap_msgs/include/rtabmap_msgs/srv/detail/set_label__builder.hpp
[2.778s] -- Up-to-date: /home/deepak/electronic_ws/install/rtabmap_msgs/include/rtabmap_msgs/srv/detail/detect_more_loop_closures__builder.hpp
[2.778s] -- Up-to-date: /home/deepak/electronic_ws/install/rtabmap_msgs/include/rtabmap_msgs/srv/detail/load_database__struct.hpp
[2.779s] -- Up-to-date: /home/deepak/electronic_ws/install/rtabmap_msgs/include/rtabmap_msgs/srv/detail/get_map2__builder.hpp
[2.779s] -- Up-to-date: /home/deepak/electronic_ws/install/rtabmap_msgs/include/rtabmap_msgs/srv/detail/detect_more_loop_closures__traits.hpp
[2.779s] -- Up-to-date: /home/deepak/electronic_ws/install/rtabmap_msgs/include/rtabmap_msgs/srv/detail/get_map__struct.hpp
[2.779s] -- Up-to-date: /home/deepak/electronic_ws/install/rtabmap_msgs/include/rtabmap_msgs/srv/detail/publish_map__traits.hpp
[2.779s] -- Up-to-date: /home/deepak/electronic_ws/install/rtabmap_msgs/include/rtabmap_msgs/srv/detail/cleanup_local_grids__struct.hpp
[2.779s] -- Up-to-date: /home/deepak/electronic_ws/install/rtabmap_msgs/include/rtabmap_msgs/srv/detail/publish_map__type_support.hpp
[2.779s] -- Up-to-date: /home/deepak/electronic_ws/install/rtabmap_msgs/include/rtabmap_msgs/srv/detail/get_nodes_in_radius__struct.hpp
[2.779s] -- Up-to-date: /home/deepak/electronic_ws/install/rtabmap_msgs/include/rtabmap_msgs/srv/detail/remove_label__type_support.hpp
[2.779s] -- Up-to-date: /home/deepak/electronic_ws/install/rtabmap_msgs/include/rtabmap_msgs/srv/detail/set_label__traits.hpp
[2.779s] -- Up-to-date: /home/deepak/electronic_ws/install/rtabmap_msgs/include/rtabmap_msgs/srv/detail/get_plan__struct.hpp
[2.779s] -- Up-to-date: /home/deepak/electronic_ws/install/rtabmap_msgs/include/rtabmap_msgs/srv/detail/get_node_data__type_support.hpp
[2.779s] -- Up-to-date: /home/deepak/electronic_ws/install/rtabmap_msgs/include/rtabmap_msgs/srv/detail/global_bundle_adjustment__struct.hpp
[2.779s] -- Up-to-date: /home/deepak/electronic_ws/install/rtabmap_msgs/include/rtabmap_msgs/srv/detail/publish_map__builder.hpp
[2.779s] -- Up-to-date: /home/deepak/electronic_ws/install/rtabmap_msgs/include/rtabmap_msgs/srv/cleanup_local_grids.hpp
[2.779s] -- Up-to-date: /home/deepak/electronic_ws/install/rtabmap_msgs/include/rtabmap_msgs/srv/load_database.hpp
[2.779s] -- Up-to-date: /home/deepak/electronic_ws/install/rtabmap_msgs/include/rtabmap_msgs/srv/reset_pose.hpp
[2.780s] -- Up-to-date: /home/deepak/electronic_ws/install/rtabmap_msgs/include/rtabmap_msgs/srv/detect_more_loop_closures.hpp
[2.780s] -- Up-to-date: /home/deepak/electronic_ws/install/rtabmap_msgs/include/rtabmap_msgs/srv/get_plan.hpp
[2.780s] -- Up-to-date: /home/deepak/electronic_ws/install/rtabmap_msgs/include/rtabmap_msgs/srv/set_label.hpp
[2.780s] -- Up-to-date: /home/deepak/electronic_ws/install/rtabmap_msgs/include/rtabmap_msgs/srv/add_link.hpp
[2.780s] -- Up-to-date: /home/deepak/electronic_ws/install/rtabmap_msgs/include/rtabmap_msgs/srv/get_map2.hpp
[2.780s] -- Up-to-date: /home/deepak/electronic_ws/install/rtabmap_msgs/include/rtabmap_msgs/srv/get_nodes_in_radius.hpp
[2.780s] -- Up-to-date: /home/deepak/electronic_ws/install/rtabmap_msgs/include/rtabmap_msgs/srv/remove_label.hpp
[2.780s] -- Up-to-date: /home/deepak/electronic_ws/install/rtabmap_msgs/include/rtabmap_msgs/srv/get_map.hpp
[2.780s] -- Up-to-date: /home/deepak/electronic_ws/install/rtabmap_msgs/include/rtabmap_msgs/srv/publish_map.hpp
[2.780s] -- Up-to-date: /home/deepak/electronic_ws/install/rtabmap_msgs/include/rtabmap_msgs/srv/set_goal.hpp
[2.780s] -- Up-to-date: /home/deepak/electronic_ws/install/rtabmap_msgs/include/rtabmap_msgs
[2.780s] -- Up-to-date: /home/deepak/electronic_ws/install/rtabmap_msgs/include/rtabmap_msgs/msg
[2.780s] -- Up-to-date: /home/deepak/electronic_ws/install/rtabmap_msgs/include/rtabmap_msgs/msg/detail
[2.780s] -- Up-to-date: /home/deepak/electronic_ws/install/rtabmap_msgs/include/rtabmap_msgs/msg/detail/gps__rosidl_typesupport_introspection_cpp.hpp
[2.780s] -- Up-to-date: /home/deepak/electronic_ws/install/rtabmap_msgs/include/rtabmap_msgs/msg/detail/point3f__type_support.cpp
[2.780s] -- Up-to-date: /home/deepak/electronic_ws/install/rtabmap_msgs/include/rtabmap_msgs/msg/detail/camera_models__type_support.cpp
[2.781s] -- Up-to-date: /home/deepak/electronic_ws/install/rtabmap_msgs/include/rtabmap_msgs/msg/detail/node_data__rosidl_typesupport_introspection_cpp.hpp
[2.781s] -- Up-to-date: /home/deepak/electronic_ws/install/rtabmap_msgs/include/rtabmap_msgs/msg/detail/env_sensor__type_support.cpp
[2.781s] -- Up-to-date: /home/deepak/electronic_ws/install/rtabmap_msgs/include/rtabmap_msgs/msg/detail/map_graph__rosidl_typesupport_introspection_cpp.hpp
[2.781s] -- Up-to-date: /home/deepak/electronic_ws/install/rtabmap_msgs/include/rtabmap_msgs/msg/detail/point3f__rosidl_typesupport_introspection_cpp.hpp
[2.781s] -- Up-to-date: /home/deepak/electronic_ws/install/rtabmap_msgs/include/rtabmap_msgs/msg/detail/camera_model__rosidl_typesupport_introspection_cpp.hpp
[2.781s] -- Up-to-date: /home/deepak/electronic_ws/install/rtabmap_msgs/include/rtabmap_msgs/msg/detail/info__type_support.cpp
[2.781s] -- Up-to-date: /home/deepak/electronic_ws/install/rtabmap_msgs/include/rtabmap_msgs/msg/detail/scan_descriptor__rosidl_typesupport_introspection_cpp.hpp
[2.781s] -- Up-to-date: /home/deepak/electronic_ws/install/rtabmap_msgs/include/rtabmap_msgs/msg/detail/node_data__type_support.cpp
[2.781s] -- Up-to-date: /home/deepak/electronic_ws/install/rtabmap_msgs/include/rtabmap_msgs/msg/detail/rgbd_images__type_support.cpp
[2.781s] -- Up-to-date: /home/deepak/electronic_ws/install/rtabmap_msgs/include/rtabmap_msgs/msg/detail/scan_descriptor__type_support.cpp
[2.781s] -- Up-to-date: /home/deepak/electronic_ws/install/rtabmap_msgs/include/rtabmap_msgs/msg/detail/link__type_support.cpp
[2.781s] -- Up-to-date: /home/deepak/electronic_ws/install/rtabmap_msgs/include/rtabmap_msgs/msg/detail/odom_info__rosidl_typesupport_introspection_cpp.hpp
[2.781s] -- Up-to-date: /home/deepak/electronic_ws/install/rtabmap_msgs/include/rtabmap_msgs/msg/detail/path__rosidl_typesupport_introspection_cpp.hpp
[2.781s] -- Up-to-date: /home/deepak/electronic_ws/install/rtabmap_msgs/include/rtabmap_msgs/msg/detail/goal__type_support.cpp
[2.781s] -- Up-to-date: /home/deepak/electronic_ws/install/rtabmap_msgs/include/rtabmap_msgs/msg/detail/goal__rosidl_typesupport_introspection_cpp.hpp
[2.781s] -- Up-to-date: /home/deepak/electronic_ws/install/rtabmap_msgs/include/rtabmap_msgs/msg/detail/point2f__type_support.cpp
[2.782s] -- Up-to-date: /home/deepak/electronic_ws/install/rtabmap_msgs/include/rtabmap_msgs/msg/detail/map_data__rosidl_typesupport_introspection_cpp.hpp
[2.782s] -- Up-to-date: /home/deepak/electronic_ws/install/rtabmap_msgs/include/rtabmap_msgs/msg/detail/rgbd_image__type_support.cpp
[2.782s] -- Up-to-date: /home/deepak/electronic_ws/install/rtabmap_msgs/include/rtabmap_msgs/msg/detail/global_descriptor__type_support.cpp
[2.782s] -- Up-to-date: /home/deepak/electronic_ws/install/rtabmap_msgs/include/rtabmap_msgs/msg/detail/camera_models__rosidl_typesupport_introspection_cpp.hpp
[2.782s] -- Up-to-date: /home/deepak/electronic_ws/install/rtabmap_msgs/include/rtabmap_msgs/msg/detail/map_data__type_support.cpp
[2.782s] -- Up-to-date: /home/deepak/electronic_ws/install/rtabmap_msgs/include/rtabmap_msgs/msg/detail/key_point__type_support.cpp
[2.782s] -- Up-to-date: /home/deepak/electronic_ws/install/rtabmap_msgs/include/rtabmap_msgs/msg/detail/info__rosidl_typesupport_introspection_cpp.hpp
[2.782s] -- Up-to-date: /home/deepak/electronic_ws/install/rtabmap_msgs/include/rtabmap_msgs/msg/detail/env_sensor__rosidl_typesupport_introspection_cpp.hpp
[2.782s] -- Up-to-date: /home/deepak/electronic_ws/install/rtabmap_msgs/include/rtabmap_msgs/msg/detail/rgbd_images__rosidl_typesupport_introspection_cpp.hpp
[2.782s] -- Up-to-date: /home/deepak/electronic_ws/install/rtabmap_msgs/include/rtabmap_msgs/msg/detail/user_data__type_support.cpp
[2.782s] -- Up-to-date: /home/deepak/electronic_ws/install/rtabmap_msgs/include/rtabmap_msgs/msg/detail/global_descriptor__rosidl_typesupport_introspection_cpp.hpp
[2.782s] -- Up-to-date: /home/deepak/electronic_ws/install/rtabmap_msgs/include/rtabmap_msgs/msg/detail/point2f__rosidl_typesupport_introspection_cpp.hpp
[2.782s] -- Up-to-date: /home/deepak/electronic_ws/install/rtabmap_msgs/include/rtabmap_msgs/msg/detail/rgbd_image__rosidl_typesupport_introspection_cpp.hpp
[2.782s] -- Up-to-date: /home/deepak/electronic_ws/install/rtabmap_msgs/include/rtabmap_msgs/msg/detail/map_graph__type_support.cpp
[2.782s] -- Up-to-date: /home/deepak/electronic_ws/install/rtabmap_msgs/include/rtabmap_msgs/msg/detail/user_data__rosidl_typesupport_introspection_cpp.hpp
[2.782s] -- Up-to-date: /home/deepak/electronic_ws/install/rtabmap_msgs/include/rtabmap_msgs/msg/detail/camera_model__type_support.cpp
[2.783s] -- Up-to-date: /home/deepak/electronic_ws/install/rtabmap_msgs/include/rtabmap_msgs/msg/detail/odom_info__type_support.cpp
[2.783s] -- Up-to-date: /home/deepak/electronic_ws/install/rtabmap_msgs/include/rtabmap_msgs/msg/detail/link__rosidl_typesupport_introspection_cpp.hpp
[2.783s] -- Up-to-date: /home/deepak/electronic_ws/install/rtabmap_msgs/include/rtabmap_msgs/msg/detail/key_point__rosidl_typesupport_introspection_cpp.hpp
[2.783s] -- Up-to-date: /home/deepak/electronic_ws/install/rtabmap_msgs/include/rtabmap_msgs/msg/detail/path__type_support.cpp
[2.783s] -- Up-to-date: /home/deepak/electronic_ws/install/rtabmap_msgs/include/rtabmap_msgs/msg/detail/gps__type_support.cpp
[2.783s] -- Up-to-date: /home/deepak/electronic_ws/install/rtabmap_msgs/include/rtabmap_msgs/srv
[2.783s] -- Up-to-date: /home/deepak/electronic_ws/install/rtabmap_msgs/include/rtabmap_msgs/srv/detail
[2.783s] -- Up-to-date: /home/deepak/electronic_ws/install/rtabmap_msgs/include/rtabmap_msgs/srv/detail/reset_pose__rosidl_typesupport_introspection_cpp.hpp
[2.783s] -- Up-to-date: /home/deepak/electronic_ws/install/rtabmap_msgs/include/rtabmap_msgs/srv/detail/get_map2__type_support.cpp
[2.783s] -- Up-to-date: /home/deepak/electronic_ws/install/rtabmap_msgs/include/rtabmap_msgs/srv/detail/get_plan__rosidl_typesupport_introspection_cpp.hpp
[2.783s] -- Up-to-date: /home/deepak/electronic_ws/install/rtabmap_msgs/include/rtabmap_msgs/srv/detail/list_labels__rosidl_typesupport_introspection_cpp.hpp
[2.783s] -- Up-to-date: /home/deepak/electronic_ws/install/rtabmap_msgs/include/rtabmap_msgs/srv/detail/detect_more_loop_closures__type_support.cpp
[2.783s] -- Up-to-date: /home/deepak/electronic_ws/install/rtabmap_msgs/include/rtabmap_msgs/srv/detail/cleanup_local_grids__type_support.cpp
[2.783s] -- Up-to-date: /home/deepak/electronic_ws/install/rtabmap_msgs/include/rtabmap_msgs/srv/detail/get_node_data__rosidl_typesupport_introspection_cpp.hpp
[2.783s] -- Up-to-date: /home/deepak/electronic_ws/install/rtabmap_msgs/include/rtabmap_msgs/srv/detail/cleanup_local_grids__rosidl_typesupport_introspection_cpp.hpp
[2.783s] -- Up-to-date: /home/deepak/electronic_ws/install/rtabmap_msgs/include/rtabmap_msgs/srv/detail/get_node_data__type_support.cpp
[2.783s] -- Up-to-date: /home/deepak/electronic_ws/install/rtabmap_msgs/include/rtabmap_msgs/srv/detail/get_nodes_in_radius__type_support.cpp
[2.783s] -- Up-to-date: /home/deepak/electronic_ws/install/rtabmap_msgs/include/rtabmap_msgs/srv/detail/reset_pose__type_support.cpp
[2.783s] -- Up-to-date: /home/deepak/electronic_ws/install/rtabmap_msgs/include/rtabmap_msgs/srv/detail/load_database__rosidl_typesupport_introspection_cpp.hpp
[2.784s] -- Up-to-date: /home/deepak/electronic_ws/install/rtabmap_msgs/include/rtabmap_msgs/srv/detail/add_link__rosidl_typesupport_introspection_cpp.hpp
[2.784s] -- Up-to-date: /home/deepak/electronic_ws/install/rtabmap_msgs/include/rtabmap_msgs/srv/detail/global_bundle_adjustment__type_support.cpp
[2.784s] -- Up-to-date: /home/deepak/electronic_ws/install/rtabmap_msgs/include/rtabmap_msgs/srv/detail/get_map__rosidl_typesupport_introspection_cpp.hpp
[2.784s] -- Up-to-date: /home/deepak/electronic_ws/install/rtabmap_msgs/include/rtabmap_msgs/srv/detail/set_goal__type_support.cpp
[2.784s] -- Up-to-date: /home/deepak/electronic_ws/install/rtabmap_msgs/include/rtabmap_msgs/srv/detail/global_bundle_adjustment__rosidl_typesupport_introspection_cpp.hpp
[2.784s] -- Up-to-date: /home/deepak/electronic_ws/install/rtabmap_msgs/include/rtabmap_msgs/srv/detail/set_goal__rosidl_typesupport_introspection_cpp.hpp
[2.784s] -- Up-to-date: /home/deepak/electronic_ws/install/rtabmap_msgs/include/rtabmap_msgs/srv/detail/set_label__type_support.cpp
[2.784s] -- Up-to-date: /home/deepak/electronic_ws/install/rtabmap_msgs/include/rtabmap_msgs/srv/detail/list_labels__type_support.cpp
[2.784s] -- Up-to-date: /home/deepak/electronic_ws/install/rtabmap_msgs/include/rtabmap_msgs/srv/detail/remove_label__type_support.cpp
[2.784s] -- Up-to-date: /home/deepak/electronic_ws/install/rtabmap_msgs/include/rtabmap_msgs/srv/detail/set_label__rosidl_typesupport_introspection_cpp.hpp
[2.784s] -- Up-to-date: /home/deepak/electronic_ws/install/rtabmap_msgs/include/rtabmap_msgs/srv/detail/remove_label__rosidl_typesupport_introspection_cpp.hpp
[2.784s] -- Up-to-date: /home/deepak/electronic_ws/install/rtabmap_msgs/include/rtabmap_msgs/srv/detail/detect_more_loop_closures__rosidl_typesupport_introspection_cpp.hpp
[2.784s] -- Up-to-date: /home/deepak/electronic_ws/install/rtabmap_msgs/include/rtabmap_msgs/srv/detail/add_link__type_support.cpp
[2.784s] -- Up-to-date: /home/deepak/electronic_ws/install/rtabmap_msgs/include/rtabmap_msgs/srv/detail/get_nodes_in_radius__rosidl_typesupport_introspection_cpp.hpp
[2.784s] -- Up-to-date: /home/deepak/electronic_ws/install/rtabmap_msgs/include/rtabmap_msgs/srv/detail/load_database__type_support.cpp
[2.784s] -- Up-to-date: /home/deepak/electronic_ws/install/rtabmap_msgs/include/rtabmap_msgs/srv/detail/get_map__type_support.cpp
[2.784s] -- Up-to-date: /home/deepak/electronic_ws/install/rtabmap_msgs/include/rtabmap_msgs/srv/detail/get_map2__rosidl_typesupport_introspection_cpp.hpp
[2.784s] -- Up-to-date: /home/deepak/electronic_ws/install/rtabmap_msgs/include/rtabmap_msgs/srv/detail/publish_map__rosidl_typesupport_introspection_cpp.hpp
[2.784s] -- Up-to-date: /home/deepak/electronic_ws/install/rtabmap_msgs/include/rtabmap_msgs/srv/detail/publish_map__type_support.cpp
[2.785s] -- Up-to-date: /home/deepak/electronic_ws/install/rtabmap_msgs/include/rtabmap_msgs/srv/detail/get_plan__type_support.cpp
[2.785s] -- Up-to-date: /home/deepak/electronic_ws/install/rtabmap_msgs/lib/librtabmap_msgs__rosidl_typesupport_introspection_cpp.so
[2.785s] -- Up-to-date: /home/deepak/electronic_ws/install/rtabmap_msgs/lib/librtabmap_msgs__rosidl_typesupport_cpp.so
[2.785s] -- Up-to-date: /home/deepak/electronic_ws/install/rtabmap_msgs/share/rtabmap_msgs/environment/pythonpath.sh
[2.785s] -- Installing: /home/deepak/electronic_ws/install/rtabmap_msgs/share/rtabmap_msgs/environment/pythonpath.dsv
[2.785s] -- Installing: /home/deepak/electronic_ws/install/rtabmap_msgs/lib/python3.8/site-packages/rtabmap_msgs/__init__.py
[2.796s] Compiling '/home/deepak/electronic_ws/install/rtabmap_msgs/lib/python3.8/site-packages/rtabmap_msgs/__init__.py'...
[2.800s] -- Up-to-date: /home/deepak/electronic_ws/install/rtabmap_msgs/lib/python3.8/site-packages/rtabmap_msgs/msg
[2.801s] -- Up-to-date: /home/deepak/electronic_ws/install/rtabmap_msgs/lib/python3.8/site-packages/rtabmap_msgs/msg/_user_data.py
[2.801s] -- Up-to-date: /home/deepak/electronic_ws/install/rtabmap_msgs/lib/python3.8/site-packages/rtabmap_msgs/msg/_link.py
[2.801s] -- Up-to-date: /home/deepak/electronic_ws/install/rtabmap_msgs/lib/python3.8/site-packages/rtabmap_msgs/msg/_key_point_s.c
[2.801s] -- Up-to-date: /home/deepak/electronic_ws/install/rtabmap_msgs/lib/python3.8/site-packages/rtabmap_msgs/msg/_camera_model_s.c
[2.801s] -- Up-to-date: /home/deepak/electronic_ws/install/rtabmap_msgs/lib/python3.8/site-packages/rtabmap_msgs/msg/_goal.py
[2.801s] -- Up-to-date: /home/deepak/electronic_ws/install/rtabmap_msgs/lib/python3.8/site-packages/rtabmap_msgs/msg/_rgbd_image.py
[2.801s] -- Up-to-date: /home/deepak/electronic_ws/install/rtabmap_msgs/lib/python3.8/site-packages/rtabmap_msgs/msg/_path_s.c
[2.801s] -- Up-to-date: /home/deepak/electronic_ws/install/rtabmap_msgs/lib/python3.8/site-packages/rtabmap_msgs/msg/_node_data_s.c
[2.801s] -- Up-to-date: /home/deepak/electronic_ws/install/rtabmap_msgs/lib/python3.8/site-packages/rtabmap_msgs/msg/_odom_info_s.c
[2.801s] -- Up-to-date: /home/deepak/electronic_ws/install/rtabmap_msgs/lib/python3.8/site-packages/rtabmap_msgs/msg/_map_graph_s.c
[2.801s] -- Up-to-date: /home/deepak/electronic_ws/install/rtabmap_msgs/lib/python3.8/site-packages/rtabmap_msgs/msg/_node_data.py
[2.801s] -- Up-to-date: /home/deepak/electronic_ws/install/rtabmap_msgs/lib/python3.8/site-packages/rtabmap_msgs/msg/_user_data_s.c
[2.801s] -- Up-to-date: /home/deepak/electronic_ws/install/rtabmap_msgs/lib/python3.8/site-packages/rtabmap_msgs/msg/_path.py
[2.801s] -- Up-to-date: /home/deepak/electronic_ws/install/rtabmap_msgs/lib/python3.8/site-packages/rtabmap_msgs/msg/_global_descriptor_s.c
[2.801s] -- Up-to-date: /home/deepak/electronic_ws/install/rtabmap_msgs/lib/python3.8/site-packages/rtabmap_msgs/msg/_camera_models_s.c
[2.802s] -- Up-to-date: /home/deepak/electronic_ws/install/rtabmap_msgs/lib/python3.8/site-packages/rtabmap_msgs/msg/_point2f_s.c
[2.802s] -- Up-to-date: /home/deepak/electronic_ws/install/rtabmap_msgs/lib/python3.8/site-packages/rtabmap_msgs/msg/_link_s.c
[2.802s] -- Up-to-date: /home/deepak/electronic_ws/install/rtabmap_msgs/lib/python3.8/site-packages/rtabmap_msgs/msg/_rgbd_images.py
[2.802s] -- Up-to-date: /home/deepak/electronic_ws/install/rtabmap_msgs/lib/python3.8/site-packages/rtabmap_msgs/msg/__init__.py
[2.802s] -- Up-to-date: /home/deepak/electronic_ws/install/rtabmap_msgs/lib/python3.8/site-packages/rtabmap_msgs/msg/_gps_s.c
[2.802s] -- Up-to-date: /home/deepak/electronic_ws/install/rtabmap_msgs/lib/python3.8/site-packages/rtabmap_msgs/msg/_point3f_s.c
[2.802s] -- Up-to-date: /home/deepak/electronic_ws/install/rtabmap_msgs/lib/python3.8/site-packages/rtabmap_msgs/msg/_camera_models.py
[2.802s] -- Up-to-date: /home/deepak/electronic_ws/install/rtabmap_msgs/lib/python3.8/site-packages/rtabmap_msgs/msg/_env_sensor_s.c
[2.802s] -- Up-to-date: /home/deepak/electronic_ws/install/rtabmap_msgs/lib/python3.8/site-packages/rtabmap_msgs/msg/_info.py
[2.802s] -- Up-to-date: /home/deepak/electronic_ws/install/rtabmap_msgs/lib/python3.8/site-packages/rtabmap_msgs/msg/_camera_model.py
[2.802s] -- Up-to-date: /home/deepak/electronic_ws/install/rtabmap_msgs/lib/python3.8/site-packages/rtabmap_msgs/msg/_global_descriptor.py
[2.802s] -- Up-to-date: /home/deepak/electronic_ws/install/rtabmap_msgs/lib/python3.8/site-packages/rtabmap_msgs/msg/_point3f.py
[2.802s] -- Up-to-date: /home/deepak/electronic_ws/install/rtabmap_msgs/lib/python3.8/site-packages/rtabmap_msgs/msg/_info_s.c
[2.802s] -- Up-to-date: /home/deepak/electronic_ws/install/rtabmap_msgs/lib/python3.8/site-packages/rtabmap_msgs/msg/_rgbd_image_s.c
[2.802s] -- Up-to-date: /home/deepak/electronic_ws/install/rtabmap_msgs/lib/python3.8/site-packages/rtabmap_msgs/msg/_map_graph.py
[2.802s] -- Up-to-date: /home/deepak/electronic_ws/install/rtabmap_msgs/lib/python3.8/site-packages/rtabmap_msgs/msg/_goal_s.c
[2.803s] -- Up-to-date: /home/deepak/electronic_ws/install/rtabmap_msgs/lib/python3.8/site-packages/rtabmap_msgs/msg/_map_data.py
[2.803s] -- Up-to-date: /home/deepak/electronic_ws/install/rtabmap_msgs/lib/python3.8/site-packages/rtabmap_msgs/msg/_env_sensor.py
[2.803s] -- Up-to-date: /home/deepak/electronic_ws/install/rtabmap_msgs/lib/python3.8/site-packages/rtabmap_msgs/msg/_point2f.py
[2.803s] -- Up-to-date: /home/deepak/electronic_ws/install/rtabmap_msgs/lib/python3.8/site-packages/rtabmap_msgs/msg/_scan_descriptor.py
[2.803s] -- Up-to-date: /home/deepak/electronic_ws/install/rtabmap_msgs/lib/python3.8/site-packages/rtabmap_msgs/msg/_gps.py
[2.803s] -- Up-to-date: /home/deepak/electronic_ws/install/rtabmap_msgs/lib/python3.8/site-packages/rtabmap_msgs/msg/_odom_info.py
[2.803s] -- Up-to-date: /home/deepak/electronic_ws/install/rtabmap_msgs/lib/python3.8/site-packages/rtabmap_msgs/msg/_scan_descriptor_s.c
[2.803s] -- Up-to-date: /home/deepak/electronic_ws/install/rtabmap_msgs/lib/python3.8/site-packages/rtabmap_msgs/msg/_rgbd_images_s.c
[2.803s] -- Up-to-date: /home/deepak/electronic_ws/install/rtabmap_msgs/lib/python3.8/site-packages/rtabmap_msgs/msg/_key_point.py
[2.803s] -- Up-to-date: /home/deepak/electronic_ws/install/rtabmap_msgs/lib/python3.8/site-packages/rtabmap_msgs/msg/_map_data_s.c
[2.803s] -- Up-to-date: /home/deepak/electronic_ws/install/rtabmap_msgs/lib/python3.8/site-packages/rtabmap_msgs/srv
[2.803s] -- Up-to-date: /home/deepak/electronic_ws/install/rtabmap_msgs/lib/python3.8/site-packages/rtabmap_msgs/srv/_get_plan.py
[2.803s] -- Up-to-date: /home/deepak/electronic_ws/install/rtabmap_msgs/lib/python3.8/site-packages/rtabmap_msgs/srv/_remove_label_s.c
[2.803s] -- Up-to-date: /home/deepak/electronic_ws/install/rtabmap_msgs/lib/python3.8/site-packages/rtabmap_msgs/srv/_global_bundle_adjustment.py
[2.803s] -- Up-to-date: /home/deepak/electronic_ws/install/rtabmap_msgs/lib/python3.8/site-packages/rtabmap_msgs/srv/_add_link.py
[2.803s] -- Up-to-date: /home/deepak/electronic_ws/install/rtabmap_msgs/lib/python3.8/site-packages/rtabmap_msgs/srv/_get_plan_s.c
[2.803s] -- Up-to-date: /home/deepak/electronic_ws/install/rtabmap_msgs/lib/python3.8/site-packages/rtabmap_msgs/srv/_set_label_s.c
[2.803s] -- Up-to-date: /home/deepak/electronic_ws/install/rtabmap_msgs/lib/python3.8/site-packages/rtabmap_msgs/srv/_remove_label.py
[2.803s] -- Up-to-date: /home/deepak/electronic_ws/install/rtabmap_msgs/lib/python3.8/site-packages/rtabmap_msgs/srv/_get_map2.py
[2.803s] -- Up-to-date: /home/deepak/electronic_ws/install/rtabmap_msgs/lib/python3.8/site-packages/rtabmap_msgs/srv/_get_map.py
[2.804s] -- Up-to-date: /home/deepak/electronic_ws/install/rtabmap_msgs/lib/python3.8/site-packages/rtabmap_msgs/srv/_get_nodes_in_radius_s.c
[2.804s] -- Up-to-date: /home/deepak/electronic_ws/install/rtabmap_msgs/lib/python3.8/site-packages/rtabmap_msgs/srv/_cleanup_local_grids.py
[2.804s] -- Up-to-date: /home/deepak/electronic_ws/install/rtabmap_msgs/lib/python3.8/site-packages/rtabmap_msgs/srv/_publish_map.py
[2.804s] -- Up-to-date: /home/deepak/electronic_ws/install/rtabmap_msgs/lib/python3.8/site-packages/rtabmap_msgs/srv/_reset_pose_s.c
[2.804s] -- Up-to-date: /home/deepak/electronic_ws/install/rtabmap_msgs/lib/python3.8/site-packages/rtabmap_msgs/srv/_get_node_data_s.c
[2.804s] -- Up-to-date: /home/deepak/electronic_ws/install/rtabmap_msgs/lib/python3.8/site-packages/rtabmap_msgs/srv/_get_map2_s.c
[2.804s] -- Up-to-date: /home/deepak/electronic_ws/install/rtabmap_msgs/lib/python3.8/site-packages/rtabmap_msgs/srv/_get_map_s.c
[2.804s] -- Up-to-date: /home/deepak/electronic_ws/install/rtabmap_msgs/lib/python3.8/site-packages/rtabmap_msgs/srv/__init__.py
[2.804s] -- Up-to-date: /home/deepak/electronic_ws/install/rtabmap_msgs/lib/python3.8/site-packages/rtabmap_msgs/srv/_list_labels.py
[2.804s] -- Up-to-date: /home/deepak/electronic_ws/install/rtabmap_msgs/lib/python3.8/site-packages/rtabmap_msgs/srv/_get_nodes_in_radius.py
[2.804s] -- Up-to-date: /home/deepak/electronic_ws/install/rtabmap_msgs/lib/python3.8/site-packages/rtabmap_msgs/srv/_global_bundle_adjustment_s.c
[2.804s] -- Up-to-date: /home/deepak/electronic_ws/install/rtabmap_msgs/lib/python3.8/site-packages/rtabmap_msgs/srv/_set_goal.py
[2.804s] -- Up-to-date: /home/deepak/electronic_ws/install/rtabmap_msgs/lib/python3.8/site-packages/rtabmap_msgs/srv/_detect_more_loop_closures.py
[2.804s] -- Up-to-date: /home/deepak/electronic_ws/install/rtabmap_msgs/lib/python3.8/site-packages/rtabmap_msgs/srv/_cleanup_local_grids_s.c
[2.804s] -- Up-to-date: /home/deepak/electronic_ws/install/rtabmap_msgs/lib/python3.8/site-packages/rtabmap_msgs/srv/_add_link_s.c
[2.804s] -- Up-to-date: /home/deepak/electronic_ws/install/rtabmap_msgs/lib/python3.8/site-packages/rtabmap_msgs/srv/_publish_map_s.c
[2.804s] -- Up-to-date: /home/deepak/electronic_ws/install/rtabmap_msgs/lib/python3.8/site-packages/rtabmap_msgs/srv/_set_label.py
[2.804s] -- Up-to-date: /home/deepak/electronic_ws/install/rtabmap_msgs/lib/python3.8/site-packages/rtabmap_msgs/srv/_list_labels_s.c
[2.804s] -- Up-to-date: /home/deepak/electronic_ws/install/rtabmap_msgs/lib/python3.8/site-packages/rtabmap_msgs/srv/_set_goal_s.c
[2.804s] -- Up-to-date: /home/deepak/electronic_ws/install/rtabmap_msgs/lib/python3.8/site-packages/rtabmap_msgs/srv/_load_database.py
[2.804s] -- Up-to-date: /home/deepak/electronic_ws/install/rtabmap_msgs/lib/python3.8/site-packages/rtabmap_msgs/srv/_get_node_data.py
[2.805s] -- Up-to-date: /home/deepak/electronic_ws/install/rtabmap_msgs/lib/python3.8/site-packages/rtabmap_msgs/srv/_reset_pose.py
[2.805s] -- Up-to-date: /home/deepak/electronic_ws/install/rtabmap_msgs/lib/python3.8/site-packages/rtabmap_msgs/srv/_detect_more_loop_closures_s.c
[2.805s] -- Up-to-date: /home/deepak/electronic_ws/install/rtabmap_msgs/lib/python3.8/site-packages/rtabmap_msgs/srv/_load_database_s.c
[2.805s] -- Up-to-date: /home/deepak/electronic_ws/install/rtabmap_msgs/lib/python3.8/site-packages/rtabmap_msgs/rtabmap_msgs_s__rosidl_typesupport_fastrtps_c.cpython-38-x86_64-linux-gnu.so
[2.805s] -- Up-to-date: /home/deepak/electronic_ws/install/rtabmap_msgs/lib/python3.8/site-packages/rtabmap_msgs/rtabmap_msgs_s__rosidl_typesupport_introspection_c.cpython-38-x86_64-linux-gnu.so
[2.805s] -- Up-to-date: /home/deepak/electronic_ws/install/rtabmap_msgs/lib/python3.8/site-packages/rtabmap_msgs/rtabmap_msgs_s__rosidl_typesupport_c.cpython-38-x86_64-linux-gnu.so
[2.806s] -- Up-to-date: /home/deepak/electronic_ws/install/rtabmap_msgs/lib/librtabmap_msgs__python.so
[2.807s] -- Up-to-date: /home/deepak/electronic_ws/install/rtabmap_msgs/share/rtabmap_msgs/msg/Info.idl
[2.807s] -- Up-to-date: /home/deepak/electronic_ws/install/rtabmap_msgs/share/rtabmap_msgs/msg/KeyPoint.idl
[2.807s] -- Up-to-date: /home/deepak/electronic_ws/install/rtabmap_msgs/share/rtabmap_msgs/msg/GlobalDescriptor.idl
[2.807s] -- Up-to-date: /home/deepak/electronic_ws/install/rtabmap_msgs/share/rtabmap_msgs/msg/ScanDescriptor.idl
[2.807s] -- Up-to-date: /home/deepak/electronic_ws/install/rtabmap_msgs/share/rtabmap_msgs/msg/MapData.idl
[2.807s] -- Up-to-date: /home/deepak/electronic_ws/install/rtabmap_msgs/share/rtabmap_msgs/msg/MapGraph.idl
[2.807s] -- Up-to-date: /home/deepak/electronic_ws/install/rtabmap_msgs/share/rtabmap_msgs/msg/NodeData.idl
[2.807s] -- Up-to-date: /home/deepak/electronic_ws/install/rtabmap_msgs/share/rtabmap_msgs/msg/Link.idl
[2.807s] -- Up-to-date: /home/deepak/electronic_ws/install/rtabmap_msgs/share/rtabmap_msgs/msg/OdomInfo.idl
[2.807s] -- Up-to-date: /home/deepak/electronic_ws/install/rtabmap_msgs/share/rtabmap_msgs/msg/Point2f.idl
[2.807s] -- Up-to-date: /home/deepak/electronic_ws/install/rtabmap_msgs/share/rtabmap_msgs/msg/Point3f.idl
[2.807s] -- Up-to-date: /home/deepak/electronic_ws/install/rtabmap_msgs/share/rtabmap_msgs/msg/Goal.idl
[2.808s] -- Up-to-date: /home/deepak/electronic_ws/install/rtabmap_msgs/share/rtabmap_msgs/msg/RGBDImage.idl
[2.808s] -- Up-to-date: /home/deepak/electronic_ws/install/rtabmap_msgs/share/rtabmap_msgs/msg/RGBDImages.idl
[2.808s] -- Up-to-date: /home/deepak/electronic_ws/install/rtabmap_msgs/share/rtabmap_msgs/msg/UserData.idl
[2.808s] -- Up-to-date: /home/deepak/electronic_ws/install/rtabmap_msgs/share/rtabmap_msgs/msg/GPS.idl
[2.808s] -- Up-to-date: /home/deepak/electronic_ws/install/rtabmap_msgs/share/rtabmap_msgs/msg/Path.idl
[2.808s] -- Up-to-date: /home/deepak/electronic_ws/install/rtabmap_msgs/share/rtabmap_msgs/msg/EnvSensor.idl
[2.808s] -- Up-to-date: /home/deepak/electronic_ws/install/rtabmap_msgs/share/rtabmap_msgs/msg/CameraModel.idl
[2.808s] -- Up-to-date: /home/deepak/electronic_ws/install/rtabmap_msgs/share/rtabmap_msgs/msg/CameraModels.idl
[2.810s] -- Up-to-date: /home/deepak/electronic_ws/install/rtabmap_msgs/share/rtabmap_msgs/srv/GetMap.idl
[2.810s] -- Up-to-date: /home/deepak/electronic_ws/install/rtabmap_msgs/share/rtabmap_msgs/srv/GetMap2.idl
[2.810s] -- Up-to-date: /home/deepak/electronic_ws/install/rtabmap_msgs/share/rtabmap_msgs/srv/ListLabels.idl
[2.810s] -- Up-to-date: /home/deepak/electronic_ws/install/rtabmap_msgs/share/rtabmap_msgs/srv/PublishMap.idl
[2.810s] -- Up-to-date: /home/deepak/electronic_ws/install/rtabmap_msgs/share/rtabmap_msgs/srv/ResetPose.idl
[2.810s] -- Up-to-date: /home/deepak/electronic_ws/install/rtabmap_msgs/share/rtabmap_msgs/srv/SetGoal.idl
[2.810s] -- Up-to-date: /home/deepak/electronic_ws/install/rtabmap_msgs/share/rtabmap_msgs/srv/SetLabel.idl
[2.810s] -- Up-to-date: /home/deepak/electronic_ws/install/rtabmap_msgs/share/rtabmap_msgs/srv/RemoveLabel.idl
[2.810s] -- Up-to-date: /home/deepak/electronic_ws/install/rtabmap_msgs/share/rtabmap_msgs/srv/GetPlan.idl
[2.810s] -- Up-to-date: /home/deepak/electronic_ws/install/rtabmap_msgs/share/rtabmap_msgs/srv/AddLink.idl
[2.810s] -- Up-to-date: /home/deepak/electronic_ws/install/rtabmap_msgs/share/rtabmap_msgs/srv/GetNodeData.idl
[2.811s] -- Up-to-date: /home/deepak/electronic_ws/install/rtabmap_msgs/share/rtabmap_msgs/srv/GetNodesInRadius.idl
[2.811s] -- Up-to-date: /home/deepak/electronic_ws/install/rtabmap_msgs/share/rtabmap_msgs/srv/LoadDatabase.idl
[2.811s] -- Up-to-date: /home/deepak/electronic_ws/install/rtabmap_msgs/share/rtabmap_msgs/srv/DetectMoreLoopClosures.idl
[2.811s] -- Up-to-date: /home/deepak/electronic_ws/install/rtabmap_msgs/share/rtabmap_msgs/srv/GlobalBundleAdjustment.idl
[2.811s] -- Up-to-date: /home/deepak/electronic_ws/install/rtabmap_msgs/share/rtabmap_msgs/srv/CleanupLocalGrids.idl
[2.811s] -- Up-to-date: /home/deepak/electronic_ws/install/rtabmap_msgs/share/rtabmap_msgs/msg/Info.msg
[2.811s] -- Up-to-date: /home/deepak/electronic_ws/install/rtabmap_msgs/share/rtabmap_msgs/msg/KeyPoint.msg
[2.811s] -- Up-to-date: /home/deepak/electronic_ws/install/rtabmap_msgs/share/rtabmap_msgs/msg/GlobalDescriptor.msg
[2.811s] -- Up-to-date: /home/deepak/electronic_ws/install/rtabmap_msgs/share/rtabmap_msgs/msg/ScanDescriptor.msg
[2.811s] -- Up-to-date: /home/deepak/electronic_ws/install/rtabmap_msgs/share/rtabmap_msgs/msg/MapData.msg
[2.811s] -- Up-to-date: /home/deepak/electronic_ws/install/rtabmap_msgs/share/rtabmap_msgs/msg/MapGraph.msg
[2.811s] -- Up-to-date: /home/deepak/electronic_ws/install/rtabmap_msgs/share/rtabmap_msgs/msg/NodeData.msg
[2.811s] -- Up-to-date: /home/deepak/electronic_ws/install/rtabmap_msgs/share/rtabmap_msgs/msg/Link.msg
[2.811s] -- Up-to-date: /home/deepak/electronic_ws/install/rtabmap_msgs/share/rtabmap_msgs/msg/OdomInfo.msg
[2.812s] -- Up-to-date: /home/deepak/electronic_ws/install/rtabmap_msgs/share/rtabmap_msgs/msg/Point2f.msg
[2.812s] -- Up-to-date: /home/deepak/electronic_ws/install/rtabmap_msgs/share/rtabmap_msgs/msg/Point3f.msg
[2.812s] -- Up-to-date: /home/deepak/electronic_ws/install/rtabmap_msgs/share/rtabmap_msgs/msg/Goal.msg
[2.812s] -- Up-to-date: /home/deepak/electronic_ws/install/rtabmap_msgs/share/rtabmap_msgs/msg/RGBDImage.msg
[2.812s] -- Up-to-date: /home/deepak/electronic_ws/install/rtabmap_msgs/share/rtabmap_msgs/msg/RGBDImages.msg
[2.812s] -- Up-to-date: /home/deepak/electronic_ws/install/rtabmap_msgs/share/rtabmap_msgs/msg/UserData.msg
[2.812s] -- Up-to-date: /home/deepak/electronic_ws/install/rtabmap_msgs/share/rtabmap_msgs/msg/GPS.msg
[2.812s] -- Up-to-date: /home/deepak/electronic_ws/install/rtabmap_msgs/share/rtabmap_msgs/msg/Path.msg
[2.812s] -- Up-to-date: /home/deepak/electronic_ws/install/rtabmap_msgs/share/rtabmap_msgs/msg/EnvSensor.msg
[2.812s] -- Up-to-date: /home/deepak/electronic_ws/install/rtabmap_msgs/share/rtabmap_msgs/msg/CameraModel.msg
[2.812s] -- Up-to-date: /home/deepak/electronic_ws/install/rtabmap_msgs/share/rtabmap_msgs/msg/CameraModels.msg
[2.812s] -- Up-to-date: /home/deepak/electronic_ws/install/rtabmap_msgs/share/rtabmap_msgs/srv/GetMap.srv
[2.812s] -- Up-to-date: /home/deepak/electronic_ws/install/rtabmap_msgs/share/rtabmap_msgs/srv/GetMap_Request.msg
[2.813s] -- Up-to-date: /home/deepak/electronic_ws/install/rtabmap_msgs/share/rtabmap_msgs/srv/GetMap_Response.msg
[2.813s] -- Up-to-date: /home/deepak/electronic_ws/install/rtabmap_msgs/share/rtabmap_msgs/srv/GetMap2.srv
[2.813s] -- Up-to-date: /home/deepak/electronic_ws/install/rtabmap_msgs/share/rtabmap_msgs/srv/GetMap2_Request.msg
[2.813s] -- Up-to-date: /home/deepak/electronic_ws/install/rtabmap_msgs/share/rtabmap_msgs/srv/GetMap2_Response.msg
[2.813s] -- Up-to-date: /home/deepak/electronic_ws/install/rtabmap_msgs/share/rtabmap_msgs/srv/ListLabels.srv
[2.813s] -- Up-to-date: /home/deepak/electronic_ws/install/rtabmap_msgs/share/rtabmap_msgs/srv/ListLabels_Request.msg
[2.813s] -- Up-to-date: /home/deepak/electronic_ws/install/rtabmap_msgs/share/rtabmap_msgs/srv/ListLabels_Response.msg
[2.813s] -- Up-to-date: /home/deepak/electronic_ws/install/rtabmap_msgs/share/rtabmap_msgs/srv/PublishMap.srv
[2.813s] -- Up-to-date: /home/deepak/electronic_ws/install/rtabmap_msgs/share/rtabmap_msgs/srv/PublishMap_Request.msg
[2.813s] -- Up-to-date: /home/deepak/electronic_ws/install/rtabmap_msgs/share/rtabmap_msgs/srv/PublishMap_Response.msg
[2.813s] -- Up-to-date: /home/deepak/electronic_ws/install/rtabmap_msgs/share/rtabmap_msgs/srv/ResetPose.srv
[2.813s] -- Up-to-date: /home/deepak/electronic_ws/install/rtabmap_msgs/share/rtabmap_msgs/srv/ResetPose_Request.msg
[2.814s] -- Up-to-date: /home/deepak/electronic_ws/install/rtabmap_msgs/share/rtabmap_msgs/srv/ResetPose_Response.msg
[2.814s] -- Up-to-date: /home/deepak/electronic_ws/install/rtabmap_msgs/share/rtabmap_msgs/srv/SetGoal.srv
[2.814s] -- Up-to-date: /home/deepak/electronic_ws/install/rtabmap_msgs/share/rtabmap_msgs/srv/SetGoal_Request.msg
[2.814s] -- Up-to-date: /home/deepak/electronic_ws/install/rtabmap_msgs/share/rtabmap_msgs/srv/SetGoal_Response.msg
[2.814s] -- Up-to-date: /home/deepak/electronic_ws/install/rtabmap_msgs/share/rtabmap_msgs/srv/SetLabel.srv
[2.814s] -- Up-to-date: /home/deepak/electronic_ws/install/rtabmap_msgs/share/rtabmap_msgs/srv/SetLabel_Request.msg
[2.814s] -- Up-to-date: /home/deepak/electronic_ws/install/rtabmap_msgs/share/rtabmap_msgs/srv/SetLabel_Response.msg
[2.814s] -- Up-to-date: /home/deepak/electronic_ws/install/rtabmap_msgs/share/rtabmap_msgs/srv/RemoveLabel.srv
[2.814s] -- Up-to-date: /home/deepak/electronic_ws/install/rtabmap_msgs/share/rtabmap_msgs/srv/RemoveLabel_Request.msg
[2.814s] -- Up-to-date: /home/deepak/electronic_ws/install/rtabmap_msgs/share/rtabmap_msgs/srv/RemoveLabel_Response.msg
[2.814s] -- Up-to-date: /home/deepak/electronic_ws/install/rtabmap_msgs/share/rtabmap_msgs/srv/GetPlan.srv
[2.814s] -- Up-to-date: /home/deepak/electronic_ws/install/rtabmap_msgs/share/rtabmap_msgs/srv/GetPlan_Request.msg
[2.815s] -- Up-to-date: /home/deepak/electronic_ws/install/rtabmap_msgs/share/rtabmap_msgs/srv/GetPlan_Response.msg
[2.815s] -- Up-to-date: /home/deepak/electronic_ws/install/rtabmap_msgs/share/rtabmap_msgs/srv/AddLink.srv
[2.815s] -- Up-to-date: /home/deepak/electronic_ws/install/rtabmap_msgs/share/rtabmap_msgs/srv/AddLink_Request.msg
[2.815s] -- Up-to-date: /home/deepak/electronic_ws/install/rtabmap_msgs/share/rtabmap_msgs/srv/AddLink_Response.msg
[2.815s] -- Up-to-date: /home/deepak/electronic_ws/install/rtabmap_msgs/share/rtabmap_msgs/srv/GetNodeData.srv
[2.815s] -- Up-to-date: /home/deepak/electronic_ws/install/rtabmap_msgs/share/rtabmap_msgs/srv/GetNodeData_Request.msg
[2.815s] -- Up-to-date: /home/deepak/electronic_ws/install/rtabmap_msgs/share/rtabmap_msgs/srv/GetNodeData_Response.msg
[2.815s] -- Up-to-date: /home/deepak/electronic_ws/install/rtabmap_msgs/share/rtabmap_msgs/srv/GetNodesInRadius.srv
[2.815s] -- Up-to-date: /home/deepak/electronic_ws/install/rtabmap_msgs/share/rtabmap_msgs/srv/GetNodesInRadius_Request.msg
[2.815s] -- Up-to-date: /home/deepak/electronic_ws/install/rtabmap_msgs/share/rtabmap_msgs/srv/GetNodesInRadius_Response.msg
[2.815s] -- Up-to-date: /home/deepak/electronic_ws/install/rtabmap_msgs/share/rtabmap_msgs/srv/LoadDatabase.srv
[2.815s] -- Up-to-date: /home/deepak/electronic_ws/install/rtabmap_msgs/share/rtabmap_msgs/srv/LoadDatabase_Request.msg
[2.816s] -- Up-to-date: /home/deepak/electronic_ws/install/rtabmap_msgs/share/rtabmap_msgs/srv/LoadDatabase_Response.msg
[2.816s] -- Up-to-date: /home/deepak/electronic_ws/install/rtabmap_msgs/share/rtabmap_msgs/srv/DetectMoreLoopClosures.srv
[2.816s] -- Up-to-date: /home/deepak/electronic_ws/install/rtabmap_msgs/share/rtabmap_msgs/srv/DetectMoreLoopClosures_Request.msg
[2.816s] -- Up-to-date: /home/deepak/electronic_ws/install/rtabmap_msgs/share/rtabmap_msgs/srv/DetectMoreLoopClosures_Response.msg
[2.816s] -- Up-to-date: /home/deepak/electronic_ws/install/rtabmap_msgs/share/rtabmap_msgs/srv/GlobalBundleAdjustment.srv
[2.816s] -- Up-to-date: /home/deepak/electronic_ws/install/rtabmap_msgs/share/rtabmap_msgs/srv/GlobalBundleAdjustment_Request.msg
[2.816s] -- Up-to-date: /home/deepak/electronic_ws/install/rtabmap_msgs/share/rtabmap_msgs/srv/GlobalBundleAdjustment_Response.msg
[2.816s] -- Up-to-date: /home/deepak/electronic_ws/install/rtabmap_msgs/share/rtabmap_msgs/srv/CleanupLocalGrids.srv
[2.816s] -- Up-to-date: /home/deepak/electronic_ws/install/rtabmap_msgs/share/rtabmap_msgs/srv/CleanupLocalGrids_Request.msg
[2.816s] -- Up-to-date: /home/deepak/electronic_ws/install/rtabmap_msgs/share/rtabmap_msgs/srv/CleanupLocalGrids_Response.msg
[2.816s] -- Up-to-date: /home/deepak/electronic_ws/install/rtabmap_msgs/share/ament_index/resource_index/package_run_dependencies/rtabmap_msgs
[2.816s] -- Up-to-date: /home/deepak/electronic_ws/install/rtabmap_msgs/share/ament_index/resource_index/parent_prefix_path/rtabmap_msgs
[2.817s] -- Up-to-date: /home/deepak/electronic_ws/install/rtabmap_msgs/share/rtabmap_msgs/environment/ament_prefix_path.sh
[2.817s] -- Installing: /home/deepak/electronic_ws/install/rtabmap_msgs/share/rtabmap_msgs/environment/ament_prefix_path.dsv
[2.817s] -- Up-to-date: /home/deepak/electronic_ws/install/rtabmap_msgs/share/rtabmap_msgs/environment/path.sh
[2.817s] -- Installing: /home/deepak/electronic_ws/install/rtabmap_msgs/share/rtabmap_msgs/environment/path.dsv
[2.817s] -- Up-to-date: /home/deepak/electronic_ws/install/rtabmap_msgs/share/rtabmap_msgs/local_setup.bash
[2.817s] -- Up-to-date: /home/deepak/electronic_ws/install/rtabmap_msgs/share/rtabmap_msgs/local_setup.sh
[2.817s] -- Up-to-date: /home/deepak/electronic_ws/install/rtabmap_msgs/share/rtabmap_msgs/local_setup.zsh
[2.817s] -- Installing: /home/deepak/electronic_ws/install/rtabmap_msgs/share/rtabmap_msgs/local_setup.dsv
[2.817s] -- Installing: /home/deepak/electronic_ws/install/rtabmap_msgs/share/rtabmap_msgs/package.dsv
[2.818s] -- Up-to-date: /home/deepak/electronic_ws/install/rtabmap_msgs/share/ament_index/resource_index/packages/rtabmap_msgs
[2.818s] -- Up-to-date: /home/deepak/electronic_ws/install/rtabmap_msgs/share/rtabmap_msgs/cmake/rtabmap_msgs__rosidl_generator_cExport.cmake
[2.818s] -- Installing: /home/deepak/electronic_ws/install/rtabmap_msgs/share/rtabmap_msgs/cmake/rtabmap_msgs__rosidl_generator_cExport-noconfig.cmake
[2.819s] -- Up-to-date: /home/deepak/electronic_ws/install/rtabmap_msgs/share/rtabmap_msgs/cmake/rtabmap_msgs__rosidl_typesupport_introspection_cExport.cmake
[2.819s] -- Installing: /home/deepak/electronic_ws/install/rtabmap_msgs/share/rtabmap_msgs/cmake/rtabmap_msgs__rosidl_typesupport_introspection_cExport-noconfig.cmake
[2.819s] -- Up-to-date: /home/deepak/electronic_ws/install/rtabmap_msgs/share/rtabmap_msgs/cmake/rtabmap_msgs__rosidl_typesupport_cExport.cmake
[2.820s] -- Installing: /home/deepak/electronic_ws/install/rtabmap_msgs/share/rtabmap_msgs/cmake/rtabmap_msgs__rosidl_typesupport_cExport-noconfig.cmake
[2.820s] -- Up-to-date: /home/deepak/electronic_ws/install/rtabmap_msgs/share/rtabmap_msgs/cmake/rtabmap_msgs__rosidl_generator_cppExport.cmake
[2.821s] -- Up-to-date: /home/deepak/electronic_ws/install/rtabmap_msgs/share/rtabmap_msgs/cmake/rtabmap_msgs__rosidl_typesupport_introspection_cppExport.cmake
[2.821s] -- Installing: /home/deepak/electronic_ws/install/rtabmap_msgs/share/rtabmap_msgs/cmake/rtabmap_msgs__rosidl_typesupport_introspection_cppExport-noconfig.cmake
[2.821s] -- Up-to-date: /home/deepak/electronic_ws/install/rtabmap_msgs/share/rtabmap_msgs/cmake/rtabmap_msgs__rosidl_typesupport_cppExport.cmake
[2.821s] -- Installing: /home/deepak/electronic_ws/install/rtabmap_msgs/share/rtabmap_msgs/cmake/rtabmap_msgs__rosidl_typesupport_cppExport-noconfig.cmake
[2.821s] -- Up-to-date: /home/deepak/electronic_ws/install/rtabmap_msgs/share/rtabmap_msgs/cmake/rosidl_cmake-extras.cmake
[2.822s] -- Up-to-date: /home/deepak/electronic_ws/install/rtabmap_msgs/share/rtabmap_msgs/cmake/ament_cmake_export_dependencies-extras.cmake
[2.822s] -- Up-to-date: /home/deepak/electronic_ws/install/rtabmap_msgs/share/rtabmap_msgs/cmake/ament_cmake_export_libraries-extras.cmake
[2.822s] -- Up-to-date: /home/deepak/electronic_ws/install/rtabmap_msgs/share/rtabmap_msgs/cmake/ament_cmake_export_targets-extras.cmake
[2.822s] -- Up-to-date: /home/deepak/electronic_ws/install/rtabmap_msgs/share/rtabmap_msgs/cmake/ament_cmake_export_include_directories-extras.cmake
[2.822s] -- Up-to-date: /home/deepak/electronic_ws/install/rtabmap_msgs/share/rtabmap_msgs/cmake/rosidl_cmake_export_typesupport_libraries-extras.cmake
[2.822s] -- Up-to-date: /home/deepak/electronic_ws/install/rtabmap_msgs/share/rtabmap_msgs/cmake/rosidl_cmake_export_typesupport_targets-extras.cmake
[2.822s] -- Up-to-date: /home/deepak/electronic_ws/install/rtabmap_msgs/share/rtabmap_msgs/cmake/rtabmap_msgsConfig.cmake
[2.822s] -- Up-to-date: /home/deepak/electronic_ws/install/rtabmap_msgs/share/rtabmap_msgs/cmake/rtabmap_msgsConfig-version.cmake
[2.822s] -- Up-to-date: /home/deepak/electronic_ws/install/rtabmap_msgs/share/rtabmap_msgs/package.xml
[2.826s] Invoked command in '/home/deepak/electronic_ws/build/rtabmap_msgs' returned '0': /usr/bin/cmake --install /home/deepak/electronic_ws/build/rtabmap_msgs
